aw_deep_link,product_name,aw_product_id,merchant_product_id,merchant_image_url,description,merchant_category,search_price,merchant_name,merchant_id,category_name,category_id,aw_image_url,currency,store_price,delivery_cost,merchant_deep_link,language,last_updated,display_price,data_feed_id,brand_name,in_stock,large_image,alternate_image,alternate_image_two,alternate_image_four,alternate_image_three,gender_added,category_added
https://www.awin1.com/pclick.php?p=42524831483&a=2771700&m=24726,Goddiva denim Mid Wash Straight Leg Denim Jeans - Blue,42524831483,TR393-BLUE-XS,https://cdn.shopify.com/s/files/1/0487/8834/0899/files/T261_BLACK_TR393_BLUE_15123_front_1758533693.jpg,"Goddess vibes meet everyday luxury with Goddiva Mid Wash Straight Leg Denim Jeans in a stunning blue hue. Designed with a flattering straight leg silhouette and stretch denim for effortless comfort, these jeans hug the figure while allowing easy movement for nights out, chic brunches, or special occasions. The versatile mid blue wash adds a touch of sophistication, while practical side pockets, back pockets, and belt loops complete the look with functional elegance. Perfectly pairing with tailored blazers, luxe knitwear, or statement heels, these alluring jeans transition seamlessly from day to night. Limited Edition and irresistibly feminine, they are a must-have for a polished, on-trend wardrobe.",Clothing,76,Goddiva (US),24726,Women's Trousers,201,https://images2.productserve.com/?w=200&h=200&bg=white&trim=5&t=letterbox&url=ssl%3Acdn.shopify.com%2Fs%2Ffiles%2F1%2F0487%2F8834%2F0899%2Ffiles%2FT261_BLACK_TR393_BLUE_15123_front_1758533693.jpg&feedId=62769&k=7ea8e15bd9a53b24f5022117691963e0ce0c9050,USD,,"Over $120 - Free Delivery, Less than $120 - $12",https://goddiva.us/products/mid-wash-straight-leg-denim-jeans-blue-by-goddiva-denim,,,USD90,62769,Goddiva denim,1,,,,,,Womens,Jeans
https://www.awin1.com/pclick.php?p=42524831487&a=2771700&m=24726,Goddiva denim Mid Wash Straight Leg Denim Jeans - Blue,42524831487,TR393-BLUE-XL,https://cdn.shopify.com/s/files/1/0487/8834/0899/files/T261_BLACK_TR393_BLUE_15123_front_1758533693.jpg,"Goddess vibes meet everyday luxury with Goddiva Mid Wash Straight Leg Denim Jeans in a stunning blue hue. Designed with a flattering straight leg silhouette and stretch denim for effortless comfort, these jeans hug the figure while allowing easy movement for nights out, chic brunches, or special occasions. The versatile mid blue wash adds a touch of sophistication, while practical side pockets, back pockets, and belt loops complete the look with functional elegance. Perfectly pairing with tailored blazers, luxe knitwear, or statement heels, these alluring jeans transition seamlessly from day to night. Limited Edition and irresistibly feminine, they are a must-have for a polished, on-trend wardrobe.",Clothing,76,Goddiva (US),24726,Women's Trousers,201,https://images2.productserve.com/?w=200&h=200&bg=white&trim=5&t=letterbox&url=ssl%3Acdn.shopify.com%2Fs%2Ffiles%2F1%2F0487%2F8834%2F0899%2Ffiles%2FT261_BLACK_TR393_BLUE_15123_front_1758533693.jpg&feedId=62769&k=7ea8e15bd9a53b24f5022117691963e0ce0c9050,USD,,"Over $120 - Free Delivery, Less than $120 - $12",https://goddiva.us/products/mid-wash-straight-leg-denim-jeans-blue-by-goddiva-denim,,,USD90,62769,Goddiva denim,1,,,,,,Womens,Jeans
https://www.awin1.com/pclick.php?p=42524831484&a=2771700&m=24726,Goddiva denim Mid Wash Straight Leg Denim Jeans - Blue,42524831484,TR393-BLUE-S,https://cdn.shopify.com/s/files/1/0487/8834/0899/files/T261_BLACK_TR393_BLUE_15123_front_1758533693.jpg,"Goddess vibes meet everyday luxury with Goddiva Mid Wash Straight Leg Denim Jeans in a stunning blue hue. Designed with a flattering straight leg silhouette and stretch denim for effortless comfort, these jeans hug the figure while allowing easy movement for nights out, chic brunches, or special occasions. The versatile mid blue wash adds a touch of sophistication, while practical side pockets, back pockets, and belt loops complete the look with functional elegance. Perfectly pairing with tailored blazers, luxe knitwear, or statement heels, these alluring jeans transition seamlessly from day to night. Limited Edition and irresistibly feminine, they are a must-have for a polished, on-trend wardrobe.",Clothing,76,Goddiva (US),24726,Women's Trousers,201,https://images2.productserve.com/?w=200&h=200&bg=white&trim=5&t=letterbox&url=ssl%3Acdn.shopify.com%2Fs%2Ffiles%2F1%2F0487%2F8834%2F0899%2Ffiles%2FT261_BLACK_TR393_BLUE_15123_front_1758533693.jpg&feedId=62769&k=7ea8e15bd9a53b24f5022117691963e0ce0c9050,USD,,"Over $120 - Free Delivery, Less than $120 - $12",https://goddiva.us/products/mid-wash-straight-leg-denim-jeans-blue-by-goddiva-denim,,,USD90,62769,Goddiva denim,1,,,,,,Womens,Jeans
https://www.awin1.com/pclick.php?p=42524831486&a=2771700&m=24726,Goddiva denim Mid Wash Straight Leg Denim Jeans - Blue,42524831486,TR393-BLUE-L,https://cdn.shopify.com/s/files/1/0487/8834/0899/files/T261_BLACK_TR393_BLUE_15123_front_1758533693.jpg,"Goddess vibes meet everyday luxury with Goddiva Mid Wash Straight Leg Denim Jeans in a stunning blue hue. Designed with a flattering straight leg silhouette and stretch denim for effortless comfort, these jeans hug the figure while allowing easy movement for nights out, chic brunches, or special occasions. The versatile mid blue wash adds a touch of sophistication, while practical side pockets, back pockets, and belt loops complete the look with functional elegance. Perfectly pairing with tailored blazers, luxe knitwear, or statement heels, these alluring jeans transition seamlessly from day to night. Limited Edition and irresistibly feminine, they are a must-have for a polished, on-trend wardrobe.",Clothing,76,Goddiva (US),24726,Women's Trousers,201,https://images2.productserve.com/?w=200&h=200&bg=white&trim=5&t=letterbox&url=ssl%3Acdn.shopify.com%2Fs%2Ffiles%2F1%2F0487%2F8834%2F0899%2Ffiles%2FT261_BLACK_TR393_BLUE_15123_front_1758533693.jpg&feedId=62769&k=7ea8e15bd9a53b24f5022117691963e0ce0c9050,USD,,"Over $120 - Free Delivery, Less than $120 - $12",https://goddiva.us/products/mid-wash-straight-leg-denim-jeans-blue-by-goddiva-denim,,,USD90,62769,Goddiva denim,1,,,,,,Womens,Jeans
https://www.awin1.com/pclick.php?p=42524831485&a=2771700&m=24726,Goddiva denim Mid Wash Straight Leg Denim Jeans - Blue,42524831485,TR393-BLUE-M,https://cdn.shopify.com/s/files/1/0487/8834/0899/files/T261_BLACK_TR393_BLUE_15123_front_1758533693.jpg,"Goddess vibes meet everyday luxury with Goddiva Mid Wash Straight Leg Denim Jeans in a stunning blue hue. Designed with a flattering straight leg silhouette and stretch denim for effortless comfort, these jeans hug the figure while allowing easy movement for nights out, chic brunches, or special occasions. The versatile mid blue wash adds a touch of sophistication, while practical side pockets, back pockets, and belt loops complete the look with functional elegance. Perfectly pairing with tailored blazers, luxe knitwear, or statement heels, these alluring jeans transition seamlessly from day to night. Limited Edition and irresistibly feminine, they are a must-have for a polished, on-trend wardrobe.",Clothing,76,Goddiva (US),24726,Women's Trousers,201,https://images2.productserve.com/?w=200&h=200&bg=white&trim=5&t=letterbox&url=ssl%3Acdn.shopify.com%2Fs%2Ffiles%2F1%2F0487%2F8834%2F0899%2Ffiles%2FT261_BLACK_TR393_BLUE_15123_front_1758533693.jpg&feedId=62769&k=7ea8e15bd9a53b24f5022117691963e0ce0c9050,USD,,"Over $120 - Free Delivery, Less than $120 - $12",https://goddiva.us/products/mid-wash-straight-leg-denim-jeans-blue-by-goddiva-denim,,,USD90,62769,Goddiva denim,1,,,,,,Womens,Jeans
https://www.awin1.com/pclick.php?p=42524831498&a=2771700&m=24726,Goddiva denim Straight Leg Stretch Denim Jeans - Blue,42524831498,TR390-BLUE-XS,https://cdn.shopify.com/s/files/1/0487/8834/0899/files/T254_CREAM_TR390_BLUE_15162_1758532118.jpg,"A sleek blend of timeless tailoring and modern allure, Goddivas Straight Leg Stretch Denim Jeans in blue redefine denim for the woman who wants it all. Designed in a rich deep blue with a flawless straight cut, these jeans contour the body with subtle stretch for a flattering, feminine fit that feels as good as it looks. Featuring chic side and back pockets with polished belt loops, the style captures effortless sophistication while keeping every detail considered. Perfect for dinner dates, cocktails with friends or glamorous nights out, they are the jeans you will reach for again and again. The versatile blue wash gives them a luxurious edge, making them easy to recycle for other occasions where a chic, expensive look is a must. Limited Edition and irresistibly stylish, these stretch denim jeans combine comfort and confidence in equal measure. Pair with heels and a fitted top for evening allure or style with a blazer for an effortlessly polished finish.",Clothing,76,Goddiva (US),24726,Women's Trousers,201,https://images2.productserve.com/?w=200&h=200&bg=white&trim=5&t=letterbox&url=ssl%3Acdn.shopify.com%2Fs%2Ffiles%2F1%2F0487%2F8834%2F0899%2Ffiles%2FT254_CREAM_TR390_BLUE_15162_1758532118.jpg&feedId=62769&k=b40b59b90c4c6f423e92007f5ba52def2b82df24,USD,,"Over $120 - Free Delivery, Less than $120 - $12",https://goddiva.us/products/straight-leg-stretch-denim-jeans-blue-by-goddiva-denim,,,USD90,62769,Goddiva denim,1,,,,,,Womens,Jeans
https://www.awin1.com/pclick.php?p=42524831500&a=2771700&m=24726,Goddiva denim Straight Leg Stretch Denim Jeans - Blue,42524831500,TR390-BLUE-M,https://cdn.shopify.com/s/files/1/0487/8834/0899/files/T254_CREAM_TR390_BLUE_15162_1758532118.jpg,"A sleek blend of timeless tailoring and modern allure, Goddivas Straight Leg Stretch Denim Jeans in blue redefine denim for the woman who wants it all. Designed in a rich deep blue with a flawless straight cut, these jeans contour the body with subtle stretch for a flattering, feminine fit that feels as good as it looks. Featuring chic side and back pockets with polished belt loops, the style captures effortless sophistication while keeping every detail considered. Perfect for dinner dates, cocktails with friends or glamorous nights out, they are the jeans you will reach for again and again. The versatile blue wash gives them a luxurious edge, making them easy to recycle for other occasions where a chic, expensive look is a must. Limited Edition and irresistibly stylish, these stretch denim jeans combine comfort and confidence in equal measure. Pair with heels and a fitted top for evening allure or style with a blazer for an effortlessly polished finish.",Clothing,76,Goddiva (US),24726,Women's Trousers,201,https://images2.productserve.com/?w=200&h=200&bg=white&trim=5&t=letterbox&url=ssl%3Acdn.shopify.com%2Fs%2Ffiles%2F1%2F0487%2F8834%2F0899%2Ffiles%2FT254_CREAM_TR390_BLUE_15162_1758532118.jpg&feedId=62769&k=b40b59b90c4c6f423e92007f5ba52def2b82df24,USD,,"Over $120 - Free Delivery, Less than $120 - $12",https://goddiva.us/products/straight-leg-stretch-denim-jeans-blue-by-goddiva-denim,,,USD90,62769,Goddiva denim,1,,,,,,Womens,Jeans
https://www.awin1.com/pclick.php?p=42524831501&a=2771700&m=24726,Goddiva denim Straight Leg Stretch Denim Jeans - Blue,42524831501,TR390-BLUE-L,https://cdn.shopify.com/s/files/1/0487/8834/0899/files/T254_CREAM_TR390_BLUE_15162_1758532118.jpg,"A sleek blend of timeless tailoring and modern allure, Goddivas Straight Leg Stretch Denim Jeans in blue redefine denim for the woman who wants it all. Designed in a rich deep blue with a flawless straight cut, these jeans contour the body with subtle stretch for a flattering, feminine fit that feels as good as it looks. Featuring chic side and back pockets with polished belt loops, the style captures effortless sophistication while keeping every detail considered. Perfect for dinner dates, cocktails with friends or glamorous nights out, they are the jeans you will reach for again and again. The versatile blue wash gives them a luxurious edge, making them easy to recycle for other occasions where a chic, expensive look is a must. Limited Edition and irresistibly stylish, these stretch denim jeans combine comfort and confidence in equal measure. Pair with heels and a fitted top for evening allure or style with a blazer for an effortlessly polished finish.",Clothing,76,Goddiva (US),24726,Women's Trousers,201,https://images2.productserve.com/?w=200&h=200&bg=white&trim=5&t=letterbox&url=ssl%3Acdn.shopify.com%2Fs%2Ffiles%2F1%2F0487%2F8834%2F0899%2Ffiles%2FT254_CREAM_TR390_BLUE_15162_1758532118.jpg&feedId=62769&k=b40b59b90c4c6f423e92007f5ba52def2b82df24,USD,,"Over $120 - Free Delivery, Less than $120 - $12",https://goddiva.us/products/straight-leg-stretch-denim-jeans-blue-by-goddiva-denim,,,USD90,62769,Goddiva denim,1,,,,,,Womens,Jeans
https://www.awin1.com/pclick.php?p=42524831502&a=2771700&m=24726,Goddiva denim Straight Leg Stretch Denim Jeans - Blue,42524831502,TR390-BLUE-XL,https://cdn.shopify.com/s/files/1/0487/8834/0899/files/T254_CREAM_TR390_BLUE_15162_1758532118.jpg,"A sleek blend of timeless tailoring and modern allure, Goddivas Straight Leg Stretch Denim Jeans in blue redefine denim for the woman who wants it all. Designed in a rich deep blue with a flawless straight cut, these jeans contour the body with subtle stretch for a flattering, feminine fit that feels as good as it looks. Featuring chic side and back pockets with polished belt loops, the style captures effortless sophistication while keeping every detail considered. Perfect for dinner dates, cocktails with friends or glamorous nights out, they are the jeans you will reach for again and again. The versatile blue wash gives them a luxurious edge, making them easy to recycle for other occasions where a chic, expensive look is a must. Limited Edition and irresistibly stylish, these stretch denim jeans combine comfort and confidence in equal measure. Pair with heels and a fitted top for evening allure or style with a blazer for an effortlessly polished finish.",Clothing,76,Goddiva (US),24726,Women's Trousers,201,https://images2.productserve.com/?w=200&h=200&bg=white&trim=5&t=letterbox&url=ssl%3Acdn.shopify.com%2Fs%2Ffiles%2F1%2F0487%2F8834%2F0899%2Ffiles%2FT254_CREAM_TR390_BLUE_15162_1758532118.jpg&feedId=62769&k=b40b59b90c4c6f423e92007f5ba52def2b82df24,USD,,"Over $120 - Free Delivery, Less than $120 - $12",https://goddiva.us/products/straight-leg-stretch-denim-jeans-blue-by-goddiva-denim,,,USD90,62769,Goddiva denim,1,,,,,,Womens,Jeans
https://www.awin1.com/pclick.php?p=42524831499&a=2771700&m=24726,Goddiva denim Straight Leg Stretch Denim Jeans - Blue,42524831499,TR390-BLUE-S,https://cdn.shopify.com/s/files/1/0487/8834/0899/files/T254_CREAM_TR390_BLUE_15162_1758532118.jpg,"A sleek blend of timeless tailoring and modern allure, Goddivas Straight Leg Stretch Denim Jeans in blue redefine denim for the woman who wants it all. Designed in a rich deep blue with a flawless straight cut, these jeans contour the body with subtle stretch for a flattering, feminine fit that feels as good as it looks. Featuring chic side and back pockets with polished belt loops, the style captures effortless sophistication while keeping every detail considered. Perfect for dinner dates, cocktails with friends or glamorous nights out, they are the jeans you will reach for again and again. The versatile blue wash gives them a luxurious edge, making them easy to recycle for other occasions where a chic, expensive look is a must. Limited Edition and irresistibly stylish, these stretch denim jeans combine comfort and confidence in equal measure. Pair with heels and a fitted top for evening allure or style with a blazer for an effortlessly polished finish.",Clothing,76,Goddiva (US),24726,Women's Trousers,201,https://images2.productserve.com/?w=200&h=200&bg=white&trim=5&t=letterbox&url=ssl%3Acdn.shopify.com%2Fs%2Ffiles%2F1%2F0487%2F8834%2F0899%2Ffiles%2FT254_CREAM_TR390_BLUE_15162_1758532118.jpg&feedId=62769&k=b40b59b90c4c6f423e92007f5ba52def2b82df24,USD,,"Over $120 - Free Delivery, Less than $120 - $12",https://goddiva.us/products/straight-leg-stretch-denim-jeans-blue-by-goddiva-denim,,,USD90,62769,Goddiva denim,1,,,,,,Womens,Jeans
https://www.awin1.com/pclick.php?p=34347058449&a=2771700&m=24726,Goddiva Cut Out Satin Romper - Navy,34347058449,TR309-NAVY-8,https://cdn.shopify.com/s/files/1/0487/8834/0899/files/TR309_NAVY_1209_front_1761723771.jpg,"So let this little navy number be your perfect, go-to outfit for all occasions. This design is made from high quality satin and features a deep v-neckline, long sleeves, wide leg, side pockets and fitted waistline.  This soft satin number is perfect for date night, birthday, night out, christmas party, celebrations, drinks or anything you can think of! It's cute, sexy and comfortable. This dark blue romper can be paired with a blazer or leather jacket to make it more formal or you can keep it casual with a pair of cool sneakers. You can wear this satin romper in many ways so don't miss out! Style it with a pair of statement heels and accessories for the ultimate look!Product Details",Clothing,76,Goddiva (US),24726,Women's Trousers,201,https://images2.productserve.com/?w=200&h=200&bg=white&trim=5&t=letterbox&url=ssl%3Acdn.shopify.com%2Fs%2Ffiles%2F1%2F0487%2F8834%2F0899%2Ffiles%2FTR309_NAVY_1209_front_1761723771.jpg&feedId=62769&k=d45e8ddccb0ee13a592d2b03912d4b4ca069a3c4,USD,,"Over $120 - Free Delivery, Less than $120 - $12",https://goddiva.us/products/goddiva-cut-out-satin-jumpsuit-navy,,,USD76,62769,Goddiva,1,,,,,,Womens,Playsuits & Jumpsuits
https://www.awin1.com/pclick.php?p=34347058453&a=2771700&m=24726,Goddiva Cut Out Satin Romper - Navy,34347058453,TR309-NAVY-12,https://cdn.shopify.com/s/files/1/0487/8834/0899/files/TR309_NAVY_1209_front_1761723771.jpg,"So let this little navy number be your perfect, go-to outfit for all occasions. This design is made from high quality satin and features a deep v-neckline, long sleeves, wide leg, side pockets and fitted waistline.  This soft satin number is perfect for date night, birthday, night out, christmas party, celebrations, drinks or anything you can think of! It's cute, sexy and comfortable. This dark blue romper can be paired with a blazer or leather jacket to make it more formal or you can keep it casual with a pair of cool sneakers. You can wear this satin romper in many ways so don't miss out! Style it with a pair of statement heels and accessories for the ultimate look!Product Details",Clothing,76,Goddiva (US),24726,Women's Trousers,201,https://images2.productserve.com/?w=200&h=200&bg=white&trim=5&t=letterbox&url=ssl%3Acdn.shopify.com%2Fs%2Ffiles%2F1%2F0487%2F8834%2F0899%2Ffiles%2FTR309_NAVY_1209_front_1761723771.jpg&feedId=62769&k=d45e8ddccb0ee13a592d2b03912d4b4ca069a3c4,USD,,"Over $120 - Free Delivery, Less than $120 - $12",https://goddiva.us/products/goddiva-cut-out-satin-jumpsuit-navy,,,USD76,62769,Goddiva,1,,,,,,Womens,Playsuits & Jumpsuits
https://www.awin1.com/pclick.php?p=34347058451&a=2771700&m=24726,Goddiva Cut Out Satin Romper - Navy,34347058451,TR309-NAVY-10,https://cdn.shopify.com/s/files/1/0487/8834/0899/files/TR309_NAVY_1209_front_1761723771.jpg,"So let this little navy number be your perfect, go-to outfit for all occasions. This design is made from high quality satin and features a deep v-neckline, long sleeves, wide leg, side pockets and fitted waistline.  This soft satin number is perfect for date night, birthday, night out, christmas party, celebrations, drinks or anything you can think of! It's cute, sexy and comfortable. This dark blue romper can be paired with a blazer or leather jacket to make it more formal or you can keep it casual with a pair of cool sneakers. You can wear this satin romper in many ways so don't miss out! Style it with a pair of statement heels and accessories for the ultimate look!Product Details",Clothing,76,Goddiva (US),24726,Women's Trousers,201,https://images2.productserve.com/?w=200&h=200&bg=white&trim=5&t=letterbox&url=ssl%3Acdn.shopify.com%2Fs%2Ffiles%2F1%2F0487%2F8834%2F0899%2Ffiles%2FTR309_NAVY_1209_front_1761723771.jpg&feedId=62769&k=d45e8ddccb0ee13a592d2b03912d4b4ca069a3c4,USD,,"Over $120 - Free Delivery, Less than $120 - $12",https://goddiva.us/products/goddiva-cut-out-satin-jumpsuit-navy,,,USD76,62769,Goddiva,1,,,,,,Womens,Playsuits & Jumpsuits
https://www.awin1.com/pclick.php?p=34416146135&a=2771700&m=24726,Goddiva One Shoulder Scuba Romper - Black,34416146135,TR375-BLACK-8,https://cdn.shopify.com/s/files/1/0487/8834/0899/files/TR375_Black_17739_front_1773415280.jpg,"This is a classy, yet sexyjumpsuit with just the right amount of glamour. The side pocket detailing gives the look an edgy appeal while keeping it simple and classic enough to not clash with your accessories. This gorgeous black/purple/royal blue all in one can be worn for any special occasion (wedding guest, date night, dinner, cocktails), or even as a day-to-night outfit for casual wear. The exquisite details and elegant style will make you stand out from the crowd, while the soft fabric and design give you a comfortable fit. Pair this timeless black catsuit with some open toe heels and you're ready for your next event!",Clothing,56,Goddiva (US),24726,Women's Trousers,201,https://images2.productserve.com/?w=200&h=200&bg=white&trim=5&t=letterbox&url=ssl%3Acdn.shopify.com%2Fs%2Ffiles%2F1%2F0487%2F8834%2F0899%2Ffiles%2FTR375_Black_17739_front_1773415280.jpg&feedId=62769&k=9f30c6763d9171e3ce6ad4aac3d32ab3fc8b2e02,USD,,"Over $120 - Free Delivery, Less than $120 - $12",https://goddiva.us/products/goddiva-one-shoulder-scuba-jumpsuit-black,,,USD130,62769,Goddiva,1,,,,,,Womens,Playsuits & Jumpsuits
https://www.awin1.com/pclick.php?p=34416146149&a=2771700&m=24726,Goddiva One Shoulder Scuba Romper - Purple,34416146149,TR375-PURPLE-12,https://cdn.shopify.com/s/files/1/0487/8834/0899/files/TR375_PURPLE_17708_front_1773415215.jpg,"This is a classy, yet sexy romper with just the right amount of glamour. The side pocket detailing gives the look an edgy appeal while keeping it simple and classic enough to not clash with your accessories. This gorgeous purple all in one can be worn for any special occasion (wedding guest, date night, dinner, cocktails), or even as a day-to-night outfit for casual wear. The exquisite details and elegant style will make you stand out from the crowd, while the soft fabric and design give you a comfortable fit. Pair this timeless aubergine catsuit with some open-toe heels and you're ready for your next event!",Clothing,56,Goddiva (US),24726,Women's Trousers,201,https://images2.productserve.com/?w=200&h=200&bg=white&trim=5&t=letterbox&url=ssl%3Acdn.shopify.com%2Fs%2Ffiles%2F1%2F0487%2F8834%2F0899%2Ffiles%2FTR375_PURPLE_17708_front_1773415215.jpg&feedId=62769&k=b45ac0450b5cf8d46f88a47cf7d431a3a10ffe1c,USD,,"Over $120 - Free Delivery, Less than $120 - $12",https://goddiva.us/products/goddiva-one-shoulder-scuba-jumpsuit-purple,,,USD130,62769,Goddiva,1,,,,,,Womens,Playsuits & Jumpsuits
https://www.awin1.com/pclick.php?p=34416146139&a=2771700&m=24726,Goddiva One Shoulder Scuba Romper - Black,34416146139,TR375-BLACK-12,https://cdn.shopify.com/s/files/1/0487/8834/0899/files/TR375_Black_17739_front_1773415280.jpg,"This is a classy, yet sexyjumpsuit with just the right amount of glamour. The side pocket detailing gives the look an edgy appeal while keeping it simple and classic enough to not clash with your accessories. This gorgeous black/purple/royal blue all in one can be worn for any special occasion (wedding guest, date night, dinner, cocktails), or even as a day-to-night outfit for casual wear. The exquisite details and elegant style will make you stand out from the crowd, while the soft fabric and design give you a comfortable fit. Pair this timeless black catsuit with some open toe heels and you're ready for your next event!",Clothing,56,Goddiva (US),24726,Women's Trousers,201,https://images2.productserve.com/?w=200&h=200&bg=white&trim=5&t=letterbox&url=ssl%3Acdn.shopify.com%2Fs%2Ffiles%2F1%2F0487%2F8834%2F0899%2Ffiles%2FTR375_Black_17739_front_1773415280.jpg&feedId=62769&k=9f30c6763d9171e3ce6ad4aac3d32ab3fc8b2e02,USD,,"Over $120 - Free Delivery, Less than $120 - $12",https://goddiva.us/products/goddiva-one-shoulder-scuba-jumpsuit-black,,,USD130,62769,Goddiva,1,,,,,,Womens,Playsuits & Jumpsuits
https://www.awin1.com/pclick.php?p=34416146147&a=2771700&m=24726,Goddiva One Shoulder Scuba Romper - Purple,34416146147,TR375-PURPLE-10,https://cdn.shopify.com/s/files/1/0487/8834/0899/files/TR375_PURPLE_17708_front_1773415215.jpg,"This is a classy, yet sexy romper with just the right amount of glamour. The side pocket detailing gives the look an edgy appeal while keeping it simple and classic enough to not clash with your accessories. This gorgeous purple all in one can be worn for any special occasion (wedding guest, date night, dinner, cocktails), or even as a day-to-night outfit for casual wear. The exquisite details and elegant style will make you stand out from the crowd, while the soft fabric and design give you a comfortable fit. Pair this timeless aubergine catsuit with some open-toe heels and you're ready for your next event!",Clothing,56,Goddiva (US),24726,Women's Trousers,201,https://images2.productserve.com/?w=200&h=200&bg=white&trim=5&t=letterbox&url=ssl%3Acdn.shopify.com%2Fs%2Ffiles%2F1%2F0487%2F8834%2F0899%2Ffiles%2FTR375_PURPLE_17708_front_1773415215.jpg&feedId=62769&k=b45ac0450b5cf8d46f88a47cf7d431a3a10ffe1c,USD,,"Over $120 - Free Delivery, Less than $120 - $12",https://goddiva.us/products/goddiva-one-shoulder-scuba-jumpsuit-purple,,,USD130,62769,Goddiva,1,,,,,,Womens,Playsuits & Jumpsuits
https://www.awin1.com/pclick.php?p=34416146137&a=2771700&m=24726,Goddiva One Shoulder Scuba Romper - Black,34416146137,TR375-BLACK-10,https://cdn.shopify.com/s/files/1/0487/8834/0899/files/TR375_Black_17739_front_1773415280.jpg,"This is a classy, yet sexyjumpsuit with just the right amount of glamour. The side pocket detailing gives the look an edgy appeal while keeping it simple and classic enough to not clash with your accessories. This gorgeous black/purple/royal blue all in one can be worn for any special occasion (wedding guest, date night, dinner, cocktails), or even as a day-to-night outfit for casual wear. The exquisite details and elegant style will make you stand out from the crowd, while the soft fabric and design give you a comfortable fit. Pair this timeless black catsuit with some open toe heels and you're ready for your next event!",Clothing,56,Goddiva (US),24726,Women's Trousers,201,https://images2.productserve.com/?w=200&h=200&bg=white&trim=5&t=letterbox&url=ssl%3Acdn.shopify.com%2Fs%2Ffiles%2F1%2F0487%2F8834%2F0899%2Ffiles%2FTR375_Black_17739_front_1773415280.jpg&feedId=62769&k=9f30c6763d9171e3ce6ad4aac3d32ab3fc8b2e02,USD,,"Over $120 - Free Delivery, Less than $120 - $12",https://goddiva.us/products/goddiva-one-shoulder-scuba-jumpsuit-black,,,USD130,62769,Goddiva,1,,,,,,Womens,Playsuits & Jumpsuits
https://www.awin1.com/pclick.php?p=34416146145&a=2771700&m=24726,Goddiva One Shoulder Scuba Romper - Purple,34416146145,TR375-PURPLE-8,https://cdn.shopify.com/s/files/1/0487/8834/0899/files/TR375_PURPLE_17708_front_1773415215.jpg,"This is a classy, yet sexy romper with just the right amount of glamour. The side pocket detailing gives the look an edgy appeal while keeping it simple and classic enough to not clash with your accessories. This gorgeous purple all in one can be worn for any special occasion (wedding guest, date night, dinner, cocktails), or even as a day-to-night outfit for casual wear. The exquisite details and elegant style will make you stand out from the crowd, while the soft fabric and design give you a comfortable fit. Pair this timeless aubergine catsuit with some open-toe heels and you're ready for your next event!",Clothing,56,Goddiva (US),24726,Women's Trousers,201,https://images2.productserve.com/?w=200&h=200&bg=white&trim=5&t=letterbox&url=ssl%3Acdn.shopify.com%2Fs%2Ffiles%2F1%2F0487%2F8834%2F0899%2Ffiles%2FTR375_PURPLE_17708_front_1773415215.jpg&feedId=62769&k=b45ac0450b5cf8d46f88a47cf7d431a3a10ffe1c,USD,,"Over $120 - Free Delivery, Less than $120 - $12",https://goddiva.us/products/goddiva-one-shoulder-scuba-jumpsuit-purple,,,USD130,62769,Goddiva,1,,,,,,Womens,Playsuits & Jumpsuits
https://www.awin1.com/pclick.php?p=35018967369&a=2771700&m=24726,Goddiva Sequin Cuffed Ankle Pant - Wine,35018967369,TR360-WINE-12,https://cdn.shopify.com/s/files/1/0487/8834/0899/files/TR390_WINE_1916_front_1763483081.jpg,"Festive party season is here and what's a better way to be in the spirit of it than adding an eye-catching sequin piece to your wardrobe. These wine ankle pants are a serious must have addition to your closet. They have a flattering high rise and feature cuffed ankles for the perfect fit. This gorgeous burgundy cuffed ankle pant from Goddiva is sure to turn heads wherever you go. It features a subtle black color which will look good with any top and give you that sassy touch. Wear them with heels and a black top  for a night out with friends, or team them with a work blazer and pumps when you're meeting the girls for drinks or opt for sneakers and a white tee for a casual look",Clothing,90,Goddiva (US),24726,Women's Trousers,201,https://images2.productserve.com/?w=200&h=200&bg=white&trim=5&t=letterbox&url=ssl%3Acdn.shopify.com%2Fs%2Ffiles%2F1%2F0487%2F8834%2F0899%2Ffiles%2FTR390_WINE_1916_front_1763483081.jpg&feedId=62769&k=0b8c55fcd70d9e5a429f17a365ca3b86292e23cd,USD,,"Over $120 - Free Delivery, Less than $120 - $12",https://goddiva.us/products/goddiva-sequin-cuffed-ankle-trouser-wine,,,USD90,62769,Goddiva,1,,,,,,Womens,Trousers & Legwear
https://www.awin1.com/pclick.php?p=35018967361&a=2771700&m=24726,Goddiva Sequin Cuffed Ankle Pant - Navy,35018967361,TR360-NAVY-14,https://cdn.shopify.com/s/files/1/0487/8834/0899/files/TR390_NAVY_1865_front_1763483135.jpg,"Festive party season is here and what's a better way to be in the spirit of it than adding an eye-catching sequin piece to your wardrobe. These navy ankle pants are a serious must have addition to your closet. They have a flattering high rise and feature cuffed ankles for the perfect fit. This gorgeous blue cuffed ankle pant from Goddiva is sure to turn heads wherever you go. It features a subtle black color which will look good with any top and give you that sassy touch. Wear them with heels and a black top  for a night out with friends, or team them with a work blazer and pumps when you're meeting the girls for drinks or opt for sneakers and a white tee for a casual look",Clothing,90,Goddiva (US),24726,Women's Trousers,201,https://images2.productserve.com/?w=200&h=200&bg=white&trim=5&t=letterbox&url=ssl%3Acdn.shopify.com%2Fs%2Ffiles%2F1%2F0487%2F8834%2F0899%2Ffiles%2FTR390_NAVY_1865_front_1763483135.jpg&feedId=62769&k=9e7a879893d3851df8fe6b1af83a2a03dd7b37ff,USD,,"Over $120 - Free Delivery, Less than $120 - $12",https://goddiva.us/products/goddiva-sequin-cuffed-ankle-trouser-navy,,,USD90,62769,Goddiva,1,,,,,,Womens,Trousers & Legwear
https://www.awin1.com/pclick.php?p=35018967355&a=2771700&m=24726,Goddiva Sequin Cuffed Ankle Pant - Navy,35018967355,TR360-NAVY-8,https://cdn.shopify.com/s/files/1/0487/8834/0899/files/TR390_NAVY_1865_front_1763483135.jpg,"Festive party season is here and what's a better way to be in the spirit of it than adding an eye-catching sequin piece to your wardrobe. These navy ankle pants are a serious must have addition to your closet. They have a flattering high rise and feature cuffed ankles for the perfect fit. This gorgeous blue cuffed ankle pant from Goddiva is sure to turn heads wherever you go. It features a subtle black color which will look good with any top and give you that sassy touch. Wear them with heels and a black top  for a night out with friends, or team them with a work blazer and pumps when you're meeting the girls for drinks or opt for sneakers and a white tee for a casual look",Clothing,90,Goddiva (US),24726,Women's Trousers,201,https://images2.productserve.com/?w=200&h=200&bg=white&trim=5&t=letterbox&url=ssl%3Acdn.shopify.com%2Fs%2Ffiles%2F1%2F0487%2F8834%2F0899%2Ffiles%2FTR390_NAVY_1865_front_1763483135.jpg&feedId=62769&k=9e7a879893d3851df8fe6b1af83a2a03dd7b37ff,USD,,"Over $120 - Free Delivery, Less than $120 - $12",https://goddiva.us/products/goddiva-sequin-cuffed-ankle-trouser-navy,,,USD90,62769,Goddiva,1,,,,,,Womens,Trousers & Legwear
https://www.awin1.com/pclick.php?p=35018967333&a=2771700&m=24726,Goddiva Sequin Cuffed Ankle Pant - Emerald,35018967333,TR360-EMERALD-10,https://cdn.shopify.com/s/files/1/0487/8834/0899/files/TR390_EMERALD_1799_front_1763482960.jpg,"Festive party season is here and what's a better way to be in the spirit of it than adding an eye-catching sequin piece to your wardrobe. These emerald ankle pants are a serious must have addition to your closet. They have a flattering high rise and feature cuffed ankles for the perfect fit. This gorgeous green cuffed ankle pant from Goddiva is sure to turn heads wherever you go. It features a subtle black color which will look good with any top and give you that sassy touch. Wear them with heels and a black top  for a night out with friends, or team them with a work blazer and pumps when you're meeting the girls for drinks or opt for sneakers and a white tee for a casual look",Clothing,90,Goddiva (US),24726,Women's Trousers,201,https://images2.productserve.com/?w=200&h=200&bg=white&trim=5&t=letterbox&url=ssl%3Acdn.shopify.com%2Fs%2Ffiles%2F1%2F0487%2F8834%2F0899%2Ffiles%2FTR390_EMERALD_1799_front_1763482960.jpg&feedId=62769&k=9b1d9135e2b3c5b8972b374cde045bec155754fd,USD,,"Over $120 - Free Delivery, Less than $120 - $12",https://goddiva.us/products/goddiva-sequin-cuffed-ankle-trouser-emerald,,,USD90,62769,Goddiva,1,,,,,,Womens,Trousers & Legwear
https://www.awin1.com/pclick.php?p=35018967335&a=2771700&m=24726,Goddiva Sequin Cuffed Ankle Pant - Emerald,35018967335,TR360-EMERALD-12,https://cdn.shopify.com/s/files/1/0487/8834/0899/files/TR390_EMERALD_1799_front_1763482960.jpg,"Festive party season is here and what's a better way to be in the spirit of it than adding an eye-catching sequin piece to your wardrobe. These emerald ankle pants are a serious must have addition to your closet. They have a flattering high rise and feature cuffed ankles for the perfect fit. This gorgeous green cuffed ankle pant from Goddiva is sure to turn heads wherever you go. It features a subtle black color which will look good with any top and give you that sassy touch. Wear them with heels and a black top  for a night out with friends, or team them with a work blazer and pumps when you're meeting the girls for drinks or opt for sneakers and a white tee for a casual look",Clothing,90,Goddiva (US),24726,Women's Trousers,201,https://images2.productserve.com/?w=200&h=200&bg=white&trim=5&t=letterbox&url=ssl%3Acdn.shopify.com%2Fs%2Ffiles%2F1%2F0487%2F8834%2F0899%2Ffiles%2FTR390_EMERALD_1799_front_1763482960.jpg&feedId=62769&k=9b1d9135e2b3c5b8972b374cde045bec155754fd,USD,,"Over $120 - Free Delivery, Less than $120 - $12",https://goddiva.us/products/goddiva-sequin-cuffed-ankle-trouser-emerald,,,USD90,62769,Goddiva,1,,,,,,Womens,Trousers & Legwear
https://www.awin1.com/pclick.php?p=35018967365&a=2771700&m=24726,Goddiva Sequin Cuffed Ankle Pant - Wine,35018967365,TR360-WINE-8,https://cdn.shopify.com/s/files/1/0487/8834/0899/files/TR390_WINE_1916_front_1763483081.jpg,"Festive party season is here and what's a better way to be in the spirit of it than adding an eye-catching sequin piece to your wardrobe. These wine ankle pants are a serious must have addition to your closet. They have a flattering high rise and feature cuffed ankles for the perfect fit. This gorgeous burgundy cuffed ankle pant from Goddiva is sure to turn heads wherever you go. It features a subtle black color which will look good with any top and give you that sassy touch. Wear them with heels and a black top  for a night out with friends, or team them with a work blazer and pumps when you're meeting the girls for drinks or opt for sneakers and a white tee for a casual look",Clothing,90,Goddiva (US),24726,Women's Trousers,201,https://images2.productserve.com/?w=200&h=200&bg=white&trim=5&t=letterbox&url=ssl%3Acdn.shopify.com%2Fs%2Ffiles%2F1%2F0487%2F8834%2F0899%2Ffiles%2FTR390_WINE_1916_front_1763483081.jpg&feedId=62769&k=0b8c55fcd70d9e5a429f17a365ca3b86292e23cd,USD,,"Over $120 - Free Delivery, Less than $120 - $12",https://goddiva.us/products/goddiva-sequin-cuffed-ankle-trouser-wine,,,USD90,62769,Goddiva,1,,,,,,Womens,Trousers & Legwear
https://www.awin1.com/pclick.php?p=35018967337&a=2771700&m=24726,Goddiva Sequin Cuffed Ankle Pant - Emerald,35018967337,TR360-EMERALD-14,https://cdn.shopify.com/s/files/1/0487/8834/0899/files/TR390_EMERALD_1799_front_1763482960.jpg,"Festive party season is here and what's a better way to be in the spirit of it than adding an eye-catching sequin piece to your wardrobe. These emerald ankle pants are a serious must have addition to your closet. They have a flattering high rise and feature cuffed ankles for the perfect fit. This gorgeous green cuffed ankle pant from Goddiva is sure to turn heads wherever you go. It features a subtle black color which will look good with any top and give you that sassy touch. Wear them with heels and a black top  for a night out with friends, or team them with a work blazer and pumps when you're meeting the girls for drinks or opt for sneakers and a white tee for a casual look",Clothing,90,Goddiva (US),24726,Women's Trousers,201,https://images2.productserve.com/?w=200&h=200&bg=white&trim=5&t=letterbox&url=ssl%3Acdn.shopify.com%2Fs%2Ffiles%2F1%2F0487%2F8834%2F0899%2Ffiles%2FTR390_EMERALD_1799_front_1763482960.jpg&feedId=62769&k=9b1d9135e2b3c5b8972b374cde045bec155754fd,USD,,"Over $120 - Free Delivery, Less than $120 - $12",https://goddiva.us/products/goddiva-sequin-cuffed-ankle-trouser-emerald,,,USD90,62769,Goddiva,1,,,,,,Womens,Trousers & Legwear
https://www.awin1.com/pclick.php?p=35018967359&a=2771700&m=24726,Goddiva Sequin Cuffed Ankle Pant - Navy,35018967359,TR360-NAVY-12,https://cdn.shopify.com/s/files/1/0487/8834/0899/files/TR390_NAVY_1865_front_1763483135.jpg,"Festive party season is here and what's a better way to be in the spirit of it than adding an eye-catching sequin piece to your wardrobe. These navy ankle pants are a serious must have addition to your closet. They have a flattering high rise and feature cuffed ankles for the perfect fit. This gorgeous blue cuffed ankle pant from Goddiva is sure to turn heads wherever you go. It features a subtle black color which will look good with any top and give you that sassy touch. Wear them with heels and a black top  for a night out with friends, or team them with a work blazer and pumps when you're meeting the girls for drinks or opt for sneakers and a white tee for a casual look",Clothing,90,Goddiva (US),24726,Women's Trousers,201,https://images2.productserve.com/?w=200&h=200&bg=white&trim=5&t=letterbox&url=ssl%3Acdn.shopify.com%2Fs%2Ffiles%2F1%2F0487%2F8834%2F0899%2Ffiles%2FTR390_NAVY_1865_front_1763483135.jpg&feedId=62769&k=9e7a879893d3851df8fe6b1af83a2a03dd7b37ff,USD,,"Over $120 - Free Delivery, Less than $120 - $12",https://goddiva.us/products/goddiva-sequin-cuffed-ankle-trouser-navy,,,USD90,62769,Goddiva,1,,,,,,Womens,Trousers & Legwear
https://www.awin1.com/pclick.php?p=35018967357&a=2771700&m=24726,Goddiva Sequin Cuffed Ankle Pant - Navy,35018967357,TR360-NAVY-10,https://cdn.shopify.com/s/files/1/0487/8834/0899/files/TR390_NAVY_1865_front_1763483135.jpg,"Festive party season is here and what's a better way to be in the spirit of it than adding an eye-catching sequin piece to your wardrobe. These navy ankle pants are a serious must have addition to your closet. They have a flattering high rise and feature cuffed ankles for the perfect fit. This gorgeous blue cuffed ankle pant from Goddiva is sure to turn heads wherever you go. It features a subtle black color which will look good with any top and give you that sassy touch. Wear them with heels and a black top  for a night out with friends, or team them with a work blazer and pumps when you're meeting the girls for drinks or opt for sneakers and a white tee for a casual look",Clothing,90,Goddiva (US),24726,Women's Trousers,201,https://images2.productserve.com/?w=200&h=200&bg=white&trim=5&t=letterbox&url=ssl%3Acdn.shopify.com%2Fs%2Ffiles%2F1%2F0487%2F8834%2F0899%2Ffiles%2FTR390_NAVY_1865_front_1763483135.jpg&feedId=62769&k=9e7a879893d3851df8fe6b1af83a2a03dd7b37ff,USD,,"Over $120 - Free Delivery, Less than $120 - $12",https://goddiva.us/products/goddiva-sequin-cuffed-ankle-trouser-navy,,,USD90,62769,Goddiva,1,,,,,,Womens,Trousers & Legwear
https://www.awin1.com/pclick.php?p=35018967367&a=2771700&m=24726,Goddiva Sequin Cuffed Ankle Pant - Wine,35018967367,TR360-WINE-10,https://cdn.shopify.com/s/files/1/0487/8834/0899/files/TR390_WINE_1916_front_1763483081.jpg,"Festive party season is here and what's a better way to be in the spirit of it than adding an eye-catching sequin piece to your wardrobe. These wine ankle pants are a serious must have addition to your closet. They have a flattering high rise and feature cuffed ankles for the perfect fit. This gorgeous burgundy cuffed ankle pant from Goddiva is sure to turn heads wherever you go. It features a subtle black color which will look good with any top and give you that sassy touch. Wear them with heels and a black top  for a night out with friends, or team them with a work blazer and pumps when you're meeting the girls for drinks or opt for sneakers and a white tee for a casual look",Clothing,90,Goddiva (US),24726,Women's Trousers,201,https://images2.productserve.com/?w=200&h=200&bg=white&trim=5&t=letterbox&url=ssl%3Acdn.shopify.com%2Fs%2Ffiles%2F1%2F0487%2F8834%2F0899%2Ffiles%2FTR390_WINE_1916_front_1763483081.jpg&feedId=62769&k=0b8c55fcd70d9e5a429f17a365ca3b86292e23cd,USD,,"Over $120 - Free Delivery, Less than $120 - $12",https://goddiva.us/products/goddiva-sequin-cuffed-ankle-trouser-wine,,,USD90,62769,Goddiva,1,,,,,,Womens,Trousers & Legwear
https://www.awin1.com/pclick.php?p=35018967371&a=2771700&m=24726,Goddiva Sequin Cuffed Ankle Pant - Wine,35018967371,TR360-WINE-14,https://cdn.shopify.com/s/files/1/0487/8834/0899/files/TR390_WINE_1916_front_1763483081.jpg,"Festive party season is here and what's a better way to be in the spirit of it than adding an eye-catching sequin piece to your wardrobe. These wine ankle pants are a serious must have addition to your closet. They have a flattering high rise and feature cuffed ankles for the perfect fit. This gorgeous burgundy cuffed ankle pant from Goddiva is sure to turn heads wherever you go. It features a subtle black color which will look good with any top and give you that sassy touch. Wear them with heels and a black top  for a night out with friends, or team them with a work blazer and pumps when you're meeting the girls for drinks or opt for sneakers and a white tee for a casual look",Clothing,90,Goddiva (US),24726,Women's Trousers,201,https://images2.productserve.com/?w=200&h=200&bg=white&trim=5&t=letterbox&url=ssl%3Acdn.shopify.com%2Fs%2Ffiles%2F1%2F0487%2F8834%2F0899%2Ffiles%2FTR390_WINE_1916_front_1763483081.jpg&feedId=62769&k=0b8c55fcd70d9e5a429f17a365ca3b86292e23cd,USD,,"Over $120 - Free Delivery, Less than $120 - $12",https://goddiva.us/products/goddiva-sequin-cuffed-ankle-trouser-wine,,,USD90,62769,Goddiva,1,,,,,,Womens,Trousers & Legwear
https://www.awin1.com/pclick.php?p=35018967331&a=2771700&m=24726,Goddiva Sequin Cuffed Ankle Pant - Emerald,35018967331,TR360-EMERALD-8,https://cdn.shopify.com/s/files/1/0487/8834/0899/files/TR390_EMERALD_1799_front_1763482960.jpg,"Festive party season is here and what's a better way to be in the spirit of it than adding an eye-catching sequin piece to your wardrobe. These emerald ankle pants are a serious must have addition to your closet. They have a flattering high rise and feature cuffed ankles for the perfect fit. This gorgeous green cuffed ankle pant from Goddiva is sure to turn heads wherever you go. It features a subtle black color which will look good with any top and give you that sassy touch. Wear them with heels and a black top  for a night out with friends, or team them with a work blazer and pumps when you're meeting the girls for drinks or opt for sneakers and a white tee for a casual look",Clothing,90,Goddiva (US),24726,Women's Trousers,201,https://images2.productserve.com/?w=200&h=200&bg=white&trim=5&t=letterbox&url=ssl%3Acdn.shopify.com%2Fs%2Ffiles%2F1%2F0487%2F8834%2F0899%2Ffiles%2FTR390_EMERALD_1799_front_1763482960.jpg&feedId=62769&k=9b1d9135e2b3c5b8972b374cde045bec155754fd,USD,,"Over $120 - Free Delivery, Less than $120 - $12",https://goddiva.us/products/goddiva-sequin-cuffed-ankle-trouser-emerald,,,USD90,62769,Goddiva,1,,,,,,Womens,Trousers & Legwear
https://www.awin1.com/pclick.php?p=36552074264&a=2771700&m=24726,Goddiva Sequin Velvet Sweater - Magenta,36552074264,T199-MAGENTA-8,https://cdn.shopify.com/s/files/1/0487/8834/0899/files/T199_MAGENTA_2283_dt_1758720006.jpg,"Bring some glam to your casual wear with this sparkling sequin velvet sweater from Goddiva. Whoever said sequins were just for formal occasions were lying! This sparkling navy top adds a little dash of glamour to your daily fashion statement. Made from a velvet material, decorated with gorgeous sequins that gives it a rich and durable feel. This purple sweater is a rare combination of comfort and elegance all rolled into one. Team this sequin sweater with leggings or jeggings and a classic pair of ankle boots for an everyday look with added style.",Clothing,90,Goddiva (US),24726,Women's Trousers,201,https://images2.productserve.com/?w=200&h=200&bg=white&trim=5&t=letterbox&url=ssl%3Acdn.shopify.com%2Fs%2Ffiles%2F1%2F0487%2F8834%2F0899%2Ffiles%2FT199_MAGENTA_2283_dt_1758720006.jpg&feedId=62769&k=0f079a65fcb1878363588c549dd9c36b532569a0,USD,,"Over $120 - Free Delivery, Less than $120 - $12",https://goddiva.us/products/goddiva-sequin-velvet-jumper-purple,,,USD90,62769,Goddiva,1,,,,,,Womens,Jumpers & Knits
https://www.awin1.com/pclick.php?p=36552074266&a=2771700&m=24726,Goddiva Sequin Velvet Sweater - Magenta,36552074266,T199-MAGENTA-12,https://cdn.shopify.com/s/files/1/0487/8834/0899/files/T199_MAGENTA_2283_dt_1758720006.jpg,"Bring some glam to your casual wear with this sparkling sequin velvet sweater from Goddiva. Whoever said sequins were just for formal occasions were lying! This sparkling navy top adds a little dash of glamour to your daily fashion statement. Made from a velvet material, decorated with gorgeous sequins that gives it a rich and durable feel. This purple sweater is a rare combination of comfort and elegance all rolled into one. Team this sequin sweater with leggings or jeggings and a classic pair of ankle boots for an everyday look with added style.",Clothing,90,Goddiva (US),24726,Women's Trousers,201,https://images2.productserve.com/?w=200&h=200&bg=white&trim=5&t=letterbox&url=ssl%3Acdn.shopify.com%2Fs%2Ffiles%2F1%2F0487%2F8834%2F0899%2Ffiles%2FT199_MAGENTA_2283_dt_1758720006.jpg&feedId=62769&k=0f079a65fcb1878363588c549dd9c36b532569a0,USD,,"Over $120 - Free Delivery, Less than $120 - $12",https://goddiva.us/products/goddiva-sequin-velvet-jumper-purple,,,USD90,62769,Goddiva,1,,,,,,Womens,Jumpers & Knits
https://www.awin1.com/pclick.php?p=36552074265&a=2771700&m=24726,Goddiva Sequin Velvet Sweater - Magenta,36552074265,T199-MAGENTA-10,https://cdn.shopify.com/s/files/1/0487/8834/0899/files/T199_MAGENTA_2283_dt_1758720006.jpg,"Bring some glam to your casual wear with this sparkling sequin velvet sweater from Goddiva. Whoever said sequins were just for formal occasions were lying! This sparkling navy top adds a little dash of glamour to your daily fashion statement. Made from a velvet material, decorated with gorgeous sequins that gives it a rich and durable feel. This purple sweater is a rare combination of comfort and elegance all rolled into one. Team this sequin sweater with leggings or jeggings and a classic pair of ankle boots for an everyday look with added style.",Clothing,90,Goddiva (US),24726,Women's Trousers,201,https://images2.productserve.com/?w=200&h=200&bg=white&trim=5&t=letterbox&url=ssl%3Acdn.shopify.com%2Fs%2Ffiles%2F1%2F0487%2F8834%2F0899%2Ffiles%2FT199_MAGENTA_2283_dt_1758720006.jpg&feedId=62769&k=0f079a65fcb1878363588c549dd9c36b532569a0,USD,,"Over $120 - Free Delivery, Less than $120 - $12",https://goddiva.us/products/goddiva-sequin-velvet-jumper-purple,,,USD90,62769,Goddiva,1,,,,,,Womens,Jumpers & Knits
https://www.awin1.com/pclick.php?p=34152407631&a=2771700&m=24726,Goddiva Sequin Velvet Sweater - Navy,34152407631,T199-NAVY-8,https://cdn.shopify.com/s/files/1/0487/8834/0899/files/T199_NAVY_2209_front_top_1758719911.jpg,"Bring some glam to your casual wear with this sparkling sequin velvet sweater from Goddiva. Whoever said sequins were just for formal occasions were lying! This sparkling navy top adds a little dash of glamour to your daily fashion statement. Made from a velvet material, decorated with gorgeous sequins that gives it a rich and durable feel. This blue sweater is a rare combination of comfort and elegance all rolled into one. Team this sequin sweater with leggings or jeggings and a classic pair of ankle boots for an everyday look with added style.",Clothing,90,Goddiva (US),24726,Women's Trousers,201,https://images2.productserve.com/?w=200&h=200&bg=white&trim=5&t=letterbox&url=ssl%3Acdn.shopify.com%2Fs%2Ffiles%2F1%2F0487%2F8834%2F0899%2Ffiles%2FT199_NAVY_2209_front_top_1758719911.jpg&feedId=62769&k=ea6d48167f19e50aa405d2105b50ff27717f5c85,USD,,"Over $120 - Free Delivery, Less than $120 - $12",https://goddiva.us/products/goddiva-sequin-velvet-jumper-navy,,,USD90,62769,Goddiva,1,,,,,,Womens,Jumpers & Knits
https://www.awin1.com/pclick.php?p=34152407635&a=2771700&m=24726,Goddiva Sequin Velvet Sweater - Navy,34152407635,T199-NAVY-12,https://cdn.shopify.com/s/files/1/0487/8834/0899/files/T199_NAVY_2209_front_top_1758719911.jpg,"Bring some glam to your casual wear with this sparkling sequin velvet sweater from Goddiva. Whoever said sequins were just for formal occasions were lying! This sparkling navy top adds a little dash of glamour to your daily fashion statement. Made from a velvet material, decorated with gorgeous sequins that gives it a rich and durable feel. This blue sweater is a rare combination of comfort and elegance all rolled into one. Team this sequin sweater with leggings or jeggings and a classic pair of ankle boots for an everyday look with added style.",Clothing,90,Goddiva (US),24726,Women's Trousers,201,https://images2.productserve.com/?w=200&h=200&bg=white&trim=5&t=letterbox&url=ssl%3Acdn.shopify.com%2Fs%2Ffiles%2F1%2F0487%2F8834%2F0899%2Ffiles%2FT199_NAVY_2209_front_top_1758719911.jpg&feedId=62769&k=ea6d48167f19e50aa405d2105b50ff27717f5c85,USD,,"Over $120 - Free Delivery, Less than $120 - $12",https://goddiva.us/products/goddiva-sequin-velvet-jumper-navy,,,USD90,62769,Goddiva,1,,,,,,Womens,Jumpers & Knits
https://www.awin1.com/pclick.php?p=34152407633&a=2771700&m=24726,Goddiva Sequin Velvet Sweater - Navy,34152407633,T199-NAVY-10,https://cdn.shopify.com/s/files/1/0487/8834/0899/files/T199_NAVY_2209_front_top_1758719911.jpg,"Bring some glam to your casual wear with this sparkling sequin velvet sweater from Goddiva. Whoever said sequins were just for formal occasions were lying! This sparkling navy top adds a little dash of glamour to your daily fashion statement. Made from a velvet material, decorated with gorgeous sequins that gives it a rich and durable feel. This blue sweater is a rare combination of comfort and elegance all rolled into one. Team this sequin sweater with leggings or jeggings and a classic pair of ankle boots for an everyday look with added style.",Clothing,90,Goddiva (US),24726,Women's Trousers,201,https://images2.productserve.com/?w=200&h=200&bg=white&trim=5&t=letterbox&url=ssl%3Acdn.shopify.com%2Fs%2Ffiles%2F1%2F0487%2F8834%2F0899%2Ffiles%2FT199_NAVY_2209_front_top_1758719911.jpg&feedId=62769&k=ea6d48167f19e50aa405d2105b50ff27717f5c85,USD,,"Over $120 - Free Delivery, Less than $120 - $12",https://goddiva.us/products/goddiva-sequin-velvet-jumper-navy,,,USD90,62769,Goddiva,1,,,,,,Womens,Jumpers & Knits
https://www.awin1.com/pclick.php?p=35018967167&a=2771700&m=24726,Goddiva Lurex Cowl Neck Romper - Navy,35018967167,TR374-NAVY-12,https://cdn.shopify.com/s/files/1/0487/8834/0899/files/TR374_NAVY_2659_front_1763483207.jpg,"The Goddiva Lurex Cowl Neck Romper is the perfect party piece. Featuring a cowl neck, this romper provides the perfect all over body fit. This alluring cowl neck romper in its flattering navy color makes it a winning piece for any occasion in any season! A sophisticated romper with a cowl neckline to flatter your collarbone and shoulders. This dark blue shimmering style is tapered at the leg for a luxurious feminine silhouette. Team with heels and accessories to complete the look for any special occasion or all in one style for an evening out with your girls or date night.",Clothing,56,Goddiva (US),24726,Women's Trousers,201,https://images2.productserve.com/?w=200&h=200&bg=white&trim=5&t=letterbox&url=ssl%3Acdn.shopify.com%2Fs%2Ffiles%2F1%2F0487%2F8834%2F0899%2Ffiles%2FTR374_NAVY_2659_front_1763483207.jpg&feedId=62769&k=f9805580b74b112cb7b35ee14b2158da64072a22,USD,,"Over $120 - Free Delivery, Less than $120 - $12",https://goddiva.us/products/goddiva-lurex-cowl-neck-jumpsuit-navy,,,USD76,62769,Goddiva,1,,,,,,Womens,Playsuits & Jumpsuits
https://www.awin1.com/pclick.php?p=35018967165&a=2771700&m=24726,Goddiva Lurex Cowl Neck Romper - Navy,35018967165,TR374-NAVY-10,https://cdn.shopify.com/s/files/1/0487/8834/0899/files/TR374_NAVY_2659_front_1763483207.jpg,"The Goddiva Lurex Cowl Neck Romper is the perfect party piece. Featuring a cowl neck, this romper provides the perfect all over body fit. This alluring cowl neck romper in its flattering navy color makes it a winning piece for any occasion in any season! A sophisticated romper with a cowl neckline to flatter your collarbone and shoulders. This dark blue shimmering style is tapered at the leg for a luxurious feminine silhouette. Team with heels and accessories to complete the look for any special occasion or all in one style for an evening out with your girls or date night.",Clothing,56,Goddiva (US),24726,Women's Trousers,201,https://images2.productserve.com/?w=200&h=200&bg=white&trim=5&t=letterbox&url=ssl%3Acdn.shopify.com%2Fs%2Ffiles%2F1%2F0487%2F8834%2F0899%2Ffiles%2FTR374_NAVY_2659_front_1763483207.jpg&feedId=62769&k=f9805580b74b112cb7b35ee14b2158da64072a22,USD,,"Over $120 - Free Delivery, Less than $120 - $12",https://goddiva.us/products/goddiva-lurex-cowl-neck-jumpsuit-navy,,,USD76,62769,Goddiva,1,,,,,,Womens,Playsuits & Jumpsuits
https://www.awin1.com/pclick.php?p=35018967163&a=2771700&m=24726,Goddiva Lurex Cowl Neck Romper - Navy,35018967163,TR374-NAVY-8,https://cdn.shopify.com/s/files/1/0487/8834/0899/files/TR374_NAVY_2659_front_1763483207.jpg,"The Goddiva Lurex Cowl Neck Romper is the perfect party piece. Featuring a cowl neck, this romper provides the perfect all over body fit. This alluring cowl neck romper in its flattering navy color makes it a winning piece for any occasion in any season! A sophisticated romper with a cowl neckline to flatter your collarbone and shoulders. This dark blue shimmering style is tapered at the leg for a luxurious feminine silhouette. Team with heels and accessories to complete the look for any special occasion or all in one style for an evening out with your girls or date night.",Clothing,56,Goddiva (US),24726,Women's Trousers,201,https://images2.productserve.com/?w=200&h=200&bg=white&trim=5&t=letterbox&url=ssl%3Acdn.shopify.com%2Fs%2Ffiles%2F1%2F0487%2F8834%2F0899%2Ffiles%2FTR374_NAVY_2659_front_1763483207.jpg&feedId=62769&k=f9805580b74b112cb7b35ee14b2158da64072a22,USD,,"Over $120 - Free Delivery, Less than $120 - $12",https://goddiva.us/products/goddiva-lurex-cowl-neck-jumpsuit-navy,,,USD76,62769,Goddiva,1,,,,,,Womens,Playsuits & Jumpsuits
https://www.awin1.com/pclick.php?p=40928423571&a=2771700&m=24726,Goddiva Scuba Boobtube Peplum Hem Corset,40928423571,T233-BLACK-12,https://cdn.shopify.com/s/files/1/0487/8834/0899/files/T233_Red_SK31Cream_00509_front_1748522300.jpg,"Sleek, bold, and effortlessly chic, the Goddiva Scuba Boobtube Peplum Hem Corset in classic black, fresh white & ravishing red is a must-have for your wardrobe. Featuring a flattering peplum hem and structured boobtube style, it enhances your curves for a polished, yet sexy look. The zip fastener ensures a seamless fit, while the scuba foam fabric adds comfort and support. Versatile enough to mix and match with other pieces from The Look Lab collection, this classic black, fresh white & ravishing red corset offers a luxurious feel at an affordable price tag. Perfect for creating that high-fashion look with ease.",Clothing,70,Goddiva (US),24726,Women's Trousers,201,https://images2.productserve.com/?w=200&h=200&bg=white&trim=5&t=letterbox&url=ssl%3Acdn.shopify.com%2Fs%2Ffiles%2F1%2F0487%2F8834%2F0899%2Ffiles%2FT233_Red_SK31Cream_00509_front_1748522300.jpg&feedId=62769&k=4ac89023f0861ba62f357725b1a488673a1c0556,USD,,"Over $120 - Free Delivery, Less than $120 - $12",https://goddiva.us/products/goddiva-scuba-boobtube-peplum-hem-corset,,,USD84,62769,Goddiva,1,,,,,,Womens,Tops & T-Shirts
https://www.awin1.com/pclick.php?p=40928423576&a=2771700&m=24726,Goddiva Scuba Boobtube Peplum Hem Corset,40928423576,T233-CREAM-12,https://cdn.shopify.com/s/files/1/0487/8834/0899/files/T233_Red_SK31Cream_00509_front_1748522300.jpg,"Sleek, bold, and effortlessly chic, the Goddiva Scuba Boobtube Peplum Hem Corset in classic black, fresh white & ravishing red is a must-have for your wardrobe. Featuring a flattering peplum hem and structured boobtube style, it enhances your curves for a polished, yet sexy look. The zip fastener ensures a seamless fit, while the scuba foam fabric adds comfort and support. Versatile enough to mix and match with other pieces from The Look Lab collection, this classic black, fresh white & ravishing red corset offers a luxurious feel at an affordable price tag. Perfect for creating that high-fashion look with ease.",Clothing,70,Goddiva (US),24726,Women's Trousers,201,https://images2.productserve.com/?w=200&h=200&bg=white&trim=5&t=letterbox&url=ssl%3Acdn.shopify.com%2Fs%2Ffiles%2F1%2F0487%2F8834%2F0899%2Ffiles%2FT233_Red_SK31Cream_00509_front_1748522300.jpg&feedId=62769&k=4ac89023f0861ba62f357725b1a488673a1c0556,USD,,"Over $120 - Free Delivery, Less than $120 - $12",https://goddiva.us/products/goddiva-scuba-boobtube-peplum-hem-corset,,,USD84,62769,Goddiva,1,,,,,,Womens,Tops & T-Shirts
https://www.awin1.com/pclick.php?p=40928423574&a=2771700&m=24726,Goddiva Scuba Boobtube Peplum Hem Corset,40928423574,T233-CREAM-8,https://cdn.shopify.com/s/files/1/0487/8834/0899/files/T233_Red_SK31Cream_00509_front_1748522300.jpg,"Sleek, bold, and effortlessly chic, the Goddiva Scuba Boobtube Peplum Hem Corset in classic black, fresh white & ravishing red is a must-have for your wardrobe. Featuring a flattering peplum hem and structured boobtube style, it enhances your curves for a polished, yet sexy look. The zip fastener ensures a seamless fit, while the scuba foam fabric adds comfort and support. Versatile enough to mix and match with other pieces from The Look Lab collection, this classic black, fresh white & ravishing red corset offers a luxurious feel at an affordable price tag. Perfect for creating that high-fashion look with ease.",Clothing,70,Goddiva (US),24726,Women's Trousers,201,https://images2.productserve.com/?w=200&h=200&bg=white&trim=5&t=letterbox&url=ssl%3Acdn.shopify.com%2Fs%2Ffiles%2F1%2F0487%2F8834%2F0899%2Ffiles%2FT233_Red_SK31Cream_00509_front_1748522300.jpg&feedId=62769&k=4ac89023f0861ba62f357725b1a488673a1c0556,USD,,"Over $120 - Free Delivery, Less than $120 - $12",https://goddiva.us/products/goddiva-scuba-boobtube-peplum-hem-corset,,,USD84,62769,Goddiva,1,,,,,,Womens,Tops & T-Shirts
https://www.awin1.com/pclick.php?p=40928423575&a=2771700&m=24726,Goddiva Scuba Boobtube Peplum Hem Corset,40928423575,T233-CREAM-10,https://cdn.shopify.com/s/files/1/0487/8834/0899/files/T233_Red_SK31Cream_00509_front_1748522300.jpg,"Sleek, bold, and effortlessly chic, the Goddiva Scuba Boobtube Peplum Hem Corset in classic black, fresh white & ravishing red is a must-have for your wardrobe. Featuring a flattering peplum hem and structured boobtube style, it enhances your curves for a polished, yet sexy look. The zip fastener ensures a seamless fit, while the scuba foam fabric adds comfort and support. Versatile enough to mix and match with other pieces from The Look Lab collection, this classic black, fresh white & ravishing red corset offers a luxurious feel at an affordable price tag. Perfect for creating that high-fashion look with ease.",Clothing,70,Goddiva (US),24726,Women's Trousers,201,https://images2.productserve.com/?w=200&h=200&bg=white&trim=5&t=letterbox&url=ssl%3Acdn.shopify.com%2Fs%2Ffiles%2F1%2F0487%2F8834%2F0899%2Ffiles%2FT233_Red_SK31Cream_00509_front_1748522300.jpg&feedId=62769&k=4ac89023f0861ba62f357725b1a488673a1c0556,USD,,"Over $120 - Free Delivery, Less than $120 - $12",https://goddiva.us/products/goddiva-scuba-boobtube-peplum-hem-corset,,,USD84,62769,Goddiva,1,,,,,,Womens,Tops & T-Shirts
https://www.awin1.com/pclick.php?p=40928423579&a=2771700&m=24726,Goddiva Scuba Boobtube Peplum Hem Corset,40928423579,T233-RED-8,https://cdn.shopify.com/s/files/1/0487/8834/0899/files/T233_Red_SK31Cream_00509_front_1748522300.jpg,"Sleek, bold, and effortlessly chic, the Goddiva Scuba Boobtube Peplum Hem Corset in classic black, fresh white & ravishing red is a must-have for your wardrobe. Featuring a flattering peplum hem and structured boobtube style, it enhances your curves for a polished, yet sexy look. The zip fastener ensures a seamless fit, while the scuba foam fabric adds comfort and support. Versatile enough to mix and match with other pieces from The Look Lab collection, this classic black, fresh white & ravishing red corset offers a luxurious feel at an affordable price tag. Perfect for creating that high-fashion look with ease.",Clothing,70,Goddiva (US),24726,Women's Trousers,201,https://images2.productserve.com/?w=200&h=200&bg=white&trim=5&t=letterbox&url=ssl%3Acdn.shopify.com%2Fs%2Ffiles%2F1%2F0487%2F8834%2F0899%2Ffiles%2FT233_Red_SK31Cream_00509_front_1748522300.jpg&feedId=62769&k=4ac89023f0861ba62f357725b1a488673a1c0556,USD,,"Over $120 - Free Delivery, Less than $120 - $12",https://goddiva.us/products/goddiva-scuba-boobtube-peplum-hem-corset,,,USD84,62769,Goddiva,1,,,,,,Womens,Tops & T-Shirts
https://www.awin1.com/pclick.php?p=40928423580&a=2771700&m=24726,Goddiva Scuba Boobtube Peplum Hem Corset,40928423580,T233-RED-10,https://cdn.shopify.com/s/files/1/0487/8834/0899/files/T233_Red_SK31Cream_00509_front_1748522300.jpg,"Sleek, bold, and effortlessly chic, the Goddiva Scuba Boobtube Peplum Hem Corset in classic black, fresh white & ravishing red is a must-have for your wardrobe. Featuring a flattering peplum hem and structured boobtube style, it enhances your curves for a polished, yet sexy look. The zip fastener ensures a seamless fit, while the scuba foam fabric adds comfort and support. Versatile enough to mix and match with other pieces from The Look Lab collection, this classic black, fresh white & ravishing red corset offers a luxurious feel at an affordable price tag. Perfect for creating that high-fashion look with ease.",Clothing,70,Goddiva (US),24726,Women's Trousers,201,https://images2.productserve.com/?w=200&h=200&bg=white&trim=5&t=letterbox&url=ssl%3Acdn.shopify.com%2Fs%2Ffiles%2F1%2F0487%2F8834%2F0899%2Ffiles%2FT233_Red_SK31Cream_00509_front_1748522300.jpg&feedId=62769&k=4ac89023f0861ba62f357725b1a488673a1c0556,USD,,"Over $120 - Free Delivery, Less than $120 - $12",https://goddiva.us/products/goddiva-scuba-boobtube-peplum-hem-corset,,,USD84,62769,Goddiva,1,,,,,,Womens,Tops & T-Shirts
https://www.awin1.com/pclick.php?p=40928423569&a=2771700&m=24726,Goddiva Scuba Boobtube Peplum Hem Corset,40928423569,T233-BLACK-8,https://cdn.shopify.com/s/files/1/0487/8834/0899/files/T233_Red_SK31Cream_00509_front_1748522300.jpg,"Sleek, bold, and effortlessly chic, the Goddiva Scuba Boobtube Peplum Hem Corset in classic black, fresh white & ravishing red is a must-have for your wardrobe. Featuring a flattering peplum hem and structured boobtube style, it enhances your curves for a polished, yet sexy look. The zip fastener ensures a seamless fit, while the scuba foam fabric adds comfort and support. Versatile enough to mix and match with other pieces from The Look Lab collection, this classic black, fresh white & ravishing red corset offers a luxurious feel at an affordable price tag. Perfect for creating that high-fashion look with ease.",Clothing,70,Goddiva (US),24726,Women's Trousers,201,https://images2.productserve.com/?w=200&h=200&bg=white&trim=5&t=letterbox&url=ssl%3Acdn.shopify.com%2Fs%2Ffiles%2F1%2F0487%2F8834%2F0899%2Ffiles%2FT233_Red_SK31Cream_00509_front_1748522300.jpg&feedId=62769&k=4ac89023f0861ba62f357725b1a488673a1c0556,USD,,"Over $120 - Free Delivery, Less than $120 - $12",https://goddiva.us/products/goddiva-scuba-boobtube-peplum-hem-corset,,,USD84,62769,Goddiva,1,,,,,,Womens,Tops & T-Shirts
https://www.awin1.com/pclick.php?p=40928423570&a=2771700&m=24726,Goddiva Scuba Boobtube Peplum Hem Corset,40928423570,T233-BLACK-10,https://cdn.shopify.com/s/files/1/0487/8834/0899/files/T233_Red_SK31Cream_00509_front_1748522300.jpg,"Sleek, bold, and effortlessly chic, the Goddiva Scuba Boobtube Peplum Hem Corset in classic black, fresh white & ravishing red is a must-have for your wardrobe. Featuring a flattering peplum hem and structured boobtube style, it enhances your curves for a polished, yet sexy look. The zip fastener ensures a seamless fit, while the scuba foam fabric adds comfort and support. Versatile enough to mix and match with other pieces from The Look Lab collection, this classic black, fresh white & ravishing red corset offers a luxurious feel at an affordable price tag. Perfect for creating that high-fashion look with ease.",Clothing,70,Goddiva (US),24726,Women's Trousers,201,https://images2.productserve.com/?w=200&h=200&bg=white&trim=5&t=letterbox&url=ssl%3Acdn.shopify.com%2Fs%2Ffiles%2F1%2F0487%2F8834%2F0899%2Ffiles%2FT233_Red_SK31Cream_00509_front_1748522300.jpg&feedId=62769&k=4ac89023f0861ba62f357725b1a488673a1c0556,USD,,"Over $120 - Free Delivery, Less than $120 - $12",https://goddiva.us/products/goddiva-scuba-boobtube-peplum-hem-corset,,,USD84,62769,Goddiva,1,,,,,,Womens,Tops & T-Shirts
https://www.awin1.com/pclick.php?p=40928423581&a=2771700&m=24726,Goddiva Scuba Boobtube Peplum Hem Corset,40928423581,T233-RED-12,https://cdn.shopify.com/s/files/1/0487/8834/0899/files/T233_Red_SK31Cream_00509_front_1748522300.jpg,"Sleek, bold, and effortlessly chic, the Goddiva Scuba Boobtube Peplum Hem Corset in classic black, fresh white & ravishing red is a must-have for your wardrobe. Featuring a flattering peplum hem and structured boobtube style, it enhances your curves for a polished, yet sexy look. The zip fastener ensures a seamless fit, while the scuba foam fabric adds comfort and support. Versatile enough to mix and match with other pieces from The Look Lab collection, this classic black, fresh white & ravishing red corset offers a luxurious feel at an affordable price tag. Perfect for creating that high-fashion look with ease.",Clothing,70,Goddiva (US),24726,Women's Trousers,201,https://images2.productserve.com/?w=200&h=200&bg=white&trim=5&t=letterbox&url=ssl%3Acdn.shopify.com%2Fs%2Ffiles%2F1%2F0487%2F8834%2F0899%2Ffiles%2FT233_Red_SK31Cream_00509_front_1748522300.jpg&feedId=62769&k=4ac89023f0861ba62f357725b1a488673a1c0556,USD,,"Over $120 - Free Delivery, Less than $120 - $12",https://goddiva.us/products/goddiva-scuba-boobtube-peplum-hem-corset,,,USD84,62769,Goddiva,1,,,,,,Womens,Tops & T-Shirts
https://www.awin1.com/pclick.php?p=40938324973&a=2771700&m=24726,Goddiva Front Pleated Wrap Off The Shoulder Corset,40938324973,T241-BLACK-10,https://cdn.shopify.com/s/files/1/0487/8834/0899/files/T241_BLACK_front_1_1744193284.jpg,"A wardrobe essential for effortless glamour, the Goddiva Front Pleated Wrap Off The Shoulder Corset in Blush Pink, Black & Cream exudes a chic, feminine vibe. With a flattering wrap style and front pleated detail, it beautifully accentuates the silhouette. The off-the-shoulder design and cinched waist create an elegant, romantic look, while the dip hem adds a modern twist. This piece offers an expensive look without the hefty price tag. Perfect for mixing and matching within The Look Lab collection, its the ultimate versatile choice for any occasion.",Clothing,56,Goddiva (US),24726,Women's Trousers,201,https://images2.productserve.com/?w=200&h=200&bg=white&trim=5&t=letterbox&url=ssl%3Acdn.shopify.com%2Fs%2Ffiles%2F1%2F0487%2F8834%2F0899%2Ffiles%2FT241_BLACK_front_1_1744193284.jpg&feedId=62769&k=c7336b058fc0b0115ac3112cf20f0ee9f1e47ba6,USD,,"Over $120 - Free Delivery, Less than $120 - $12",https://goddiva.us/products/goddiva-front-pleated-wrap-off-the-shoulder-corset,,,USD76,62769,Goddiva,1,,,,,,Womens,Tops & T-Shirts
https://www.awin1.com/pclick.php?p=40938324982&a=2771700&m=24726,Goddiva Front Pleated Wrap Off The Shoulder Corset,40938324982,T241-BLUSHPINK-8,https://cdn.shopify.com/s/files/1/0487/8834/0899/files/T241_BLACK_front_1_1744193284.jpg,"A wardrobe essential for effortless glamour, the Goddiva Front Pleated Wrap Off The Shoulder Corset in Blush Pink, Black & Cream exudes a chic, feminine vibe. With a flattering wrap style and front pleated detail, it beautifully accentuates the silhouette. The off-the-shoulder design and cinched waist create an elegant, romantic look, while the dip hem adds a modern twist. This piece offers an expensive look without the hefty price tag. Perfect for mixing and matching within The Look Lab collection, its the ultimate versatile choice for any occasion.",Clothing,56,Goddiva (US),24726,Women's Trousers,201,https://images2.productserve.com/?w=200&h=200&bg=white&trim=5&t=letterbox&url=ssl%3Acdn.shopify.com%2Fs%2Ffiles%2F1%2F0487%2F8834%2F0899%2Ffiles%2FT241_BLACK_front_1_1744193284.jpg&feedId=62769&k=c7336b058fc0b0115ac3112cf20f0ee9f1e47ba6,USD,,"Over $120 - Free Delivery, Less than $120 - $12",https://goddiva.us/products/goddiva-front-pleated-wrap-off-the-shoulder-corset,,,USD76,62769,Goddiva,1,,,,,,Womens,Tops & T-Shirts
https://www.awin1.com/pclick.php?p=40938324979&a=2771700&m=24726,Goddiva Front Pleated Wrap Off The Shoulder Corset,40938324979,T241-CREAM-12,https://cdn.shopify.com/s/files/1/0487/8834/0899/files/T241_BLACK_front_1_1744193284.jpg,"A wardrobe essential for effortless glamour, the Goddiva Front Pleated Wrap Off The Shoulder Corset in Blush Pink, Black & Cream exudes a chic, feminine vibe. With a flattering wrap style and front pleated detail, it beautifully accentuates the silhouette. The off-the-shoulder design and cinched waist create an elegant, romantic look, while the dip hem adds a modern twist. This piece offers an expensive look without the hefty price tag. Perfect for mixing and matching within The Look Lab collection, its the ultimate versatile choice for any occasion.",Clothing,56,Goddiva (US),24726,Women's Trousers,201,https://images2.productserve.com/?w=200&h=200&bg=white&trim=5&t=letterbox&url=ssl%3Acdn.shopify.com%2Fs%2Ffiles%2F1%2F0487%2F8834%2F0899%2Ffiles%2FT241_BLACK_front_1_1744193284.jpg&feedId=62769&k=c7336b058fc0b0115ac3112cf20f0ee9f1e47ba6,USD,,"Over $120 - Free Delivery, Less than $120 - $12",https://goddiva.us/products/goddiva-front-pleated-wrap-off-the-shoulder-corset,,,USD76,62769,Goddiva,1,,,,,,Womens,Tops & T-Shirts
https://www.awin1.com/pclick.php?p=40938324972&a=2771700&m=24726,Goddiva Front Pleated Wrap Off The Shoulder Corset,40938324972,T241-BLACK-8,https://cdn.shopify.com/s/files/1/0487/8834/0899/files/T241_BLACK_front_1_1744193284.jpg,"A wardrobe essential for effortless glamour, the Goddiva Front Pleated Wrap Off The Shoulder Corset in Blush Pink, Black & Cream exudes a chic, feminine vibe. With a flattering wrap style and front pleated detail, it beautifully accentuates the silhouette. The off-the-shoulder design and cinched waist create an elegant, romantic look, while the dip hem adds a modern twist. This piece offers an expensive look without the hefty price tag. Perfect for mixing and matching within The Look Lab collection, its the ultimate versatile choice for any occasion.",Clothing,56,Goddiva (US),24726,Women's Trousers,201,https://images2.productserve.com/?w=200&h=200&bg=white&trim=5&t=letterbox&url=ssl%3Acdn.shopify.com%2Fs%2Ffiles%2F1%2F0487%2F8834%2F0899%2Ffiles%2FT241_BLACK_front_1_1744193284.jpg&feedId=62769&k=c7336b058fc0b0115ac3112cf20f0ee9f1e47ba6,USD,,"Over $120 - Free Delivery, Less than $120 - $12",https://goddiva.us/products/goddiva-front-pleated-wrap-off-the-shoulder-corset,,,USD76,62769,Goddiva,1,,,,,,Womens,Tops & T-Shirts
https://www.awin1.com/pclick.php?p=40938324977&a=2771700&m=24726,Goddiva Front Pleated Wrap Off The Shoulder Corset,40938324977,T241-CREAM-8,https://cdn.shopify.com/s/files/1/0487/8834/0899/files/T241_BLACK_front_1_1744193284.jpg,"A wardrobe essential for effortless glamour, the Goddiva Front Pleated Wrap Off The Shoulder Corset in Blush Pink, Black & Cream exudes a chic, feminine vibe. With a flattering wrap style and front pleated detail, it beautifully accentuates the silhouette. The off-the-shoulder design and cinched waist create an elegant, romantic look, while the dip hem adds a modern twist. This piece offers an expensive look without the hefty price tag. Perfect for mixing and matching within The Look Lab collection, its the ultimate versatile choice for any occasion.",Clothing,56,Goddiva (US),24726,Women's Trousers,201,https://images2.productserve.com/?w=200&h=200&bg=white&trim=5&t=letterbox&url=ssl%3Acdn.shopify.com%2Fs%2Ffiles%2F1%2F0487%2F8834%2F0899%2Ffiles%2FT241_BLACK_front_1_1744193284.jpg&feedId=62769&k=c7336b058fc0b0115ac3112cf20f0ee9f1e47ba6,USD,,"Over $120 - Free Delivery, Less than $120 - $12",https://goddiva.us/products/goddiva-front-pleated-wrap-off-the-shoulder-corset,,,USD76,62769,Goddiva,1,,,,,,Womens,Tops & T-Shirts
https://www.awin1.com/pclick.php?p=40938324983&a=2771700&m=24726,Goddiva Front Pleated Wrap Off The Shoulder Corset,40938324983,T241-BLUSHPINK-10,https://cdn.shopify.com/s/files/1/0487/8834/0899/files/T241_BLACK_front_1_1744193284.jpg,"A wardrobe essential for effortless glamour, the Goddiva Front Pleated Wrap Off The Shoulder Corset in Blush Pink, Black & Cream exudes a chic, feminine vibe. With a flattering wrap style and front pleated detail, it beautifully accentuates the silhouette. The off-the-shoulder design and cinched waist create an elegant, romantic look, while the dip hem adds a modern twist. This piece offers an expensive look without the hefty price tag. Perfect for mixing and matching within The Look Lab collection, its the ultimate versatile choice for any occasion.",Clothing,56,Goddiva (US),24726,Women's Trousers,201,https://images2.productserve.com/?w=200&h=200&bg=white&trim=5&t=letterbox&url=ssl%3Acdn.shopify.com%2Fs%2Ffiles%2F1%2F0487%2F8834%2F0899%2Ffiles%2FT241_BLACK_front_1_1744193284.jpg&feedId=62769&k=c7336b058fc0b0115ac3112cf20f0ee9f1e47ba6,USD,,"Over $120 - Free Delivery, Less than $120 - $12",https://goddiva.us/products/goddiva-front-pleated-wrap-off-the-shoulder-corset,,,USD76,62769,Goddiva,1,,,,,,Womens,Tops & T-Shirts
https://www.awin1.com/pclick.php?p=40938324974&a=2771700&m=24726,Goddiva Front Pleated Wrap Off The Shoulder Corset,40938324974,T241-BLACK-12,https://cdn.shopify.com/s/files/1/0487/8834/0899/files/T241_BLACK_front_1_1744193284.jpg,"A wardrobe essential for effortless glamour, the Goddiva Front Pleated Wrap Off The Shoulder Corset in Blush Pink, Black & Cream exudes a chic, feminine vibe. With a flattering wrap style and front pleated detail, it beautifully accentuates the silhouette. The off-the-shoulder design and cinched waist create an elegant, romantic look, while the dip hem adds a modern twist. This piece offers an expensive look without the hefty price tag. Perfect for mixing and matching within The Look Lab collection, its the ultimate versatile choice for any occasion.",Clothing,56,Goddiva (US),24726,Women's Trousers,201,https://images2.productserve.com/?w=200&h=200&bg=white&trim=5&t=letterbox&url=ssl%3Acdn.shopify.com%2Fs%2Ffiles%2F1%2F0487%2F8834%2F0899%2Ffiles%2FT241_BLACK_front_1_1744193284.jpg&feedId=62769&k=c7336b058fc0b0115ac3112cf20f0ee9f1e47ba6,USD,,"Over $120 - Free Delivery, Less than $120 - $12",https://goddiva.us/products/goddiva-front-pleated-wrap-off-the-shoulder-corset,,,USD76,62769,Goddiva,1,,,,,,Womens,Tops & T-Shirts
https://www.awin1.com/pclick.php?p=40938324984&a=2771700&m=24726,Goddiva Front Pleated Wrap Off The Shoulder Corset,40938324984,T241-BLUSHPINK-12,https://cdn.shopify.com/s/files/1/0487/8834/0899/files/T241_BLACK_front_1_1744193284.jpg,"A wardrobe essential for effortless glamour, the Goddiva Front Pleated Wrap Off The Shoulder Corset in Blush Pink, Black & Cream exudes a chic, feminine vibe. With a flattering wrap style and front pleated detail, it beautifully accentuates the silhouette. The off-the-shoulder design and cinched waist create an elegant, romantic look, while the dip hem adds a modern twist. This piece offers an expensive look without the hefty price tag. Perfect for mixing and matching within The Look Lab collection, its the ultimate versatile choice for any occasion.",Clothing,56,Goddiva (US),24726,Women's Trousers,201,https://images2.productserve.com/?w=200&h=200&bg=white&trim=5&t=letterbox&url=ssl%3Acdn.shopify.com%2Fs%2Ffiles%2F1%2F0487%2F8834%2F0899%2Ffiles%2FT241_BLACK_front_1_1744193284.jpg&feedId=62769&k=c7336b058fc0b0115ac3112cf20f0ee9f1e47ba6,USD,,"Over $120 - Free Delivery, Less than $120 - $12",https://goddiva.us/products/goddiva-front-pleated-wrap-off-the-shoulder-corset,,,USD76,62769,Goddiva,1,,,,,,Womens,Tops & T-Shirts
https://www.awin1.com/pclick.php?p=40938324978&a=2771700&m=24726,Goddiva Front Pleated Wrap Off The Shoulder Corset,40938324978,T241-CREAM-10,https://cdn.shopify.com/s/files/1/0487/8834/0899/files/T241_BLACK_front_1_1744193284.jpg,"A wardrobe essential for effortless glamour, the Goddiva Front Pleated Wrap Off The Shoulder Corset in Blush Pink, Black & Cream exudes a chic, feminine vibe. With a flattering wrap style and front pleated detail, it beautifully accentuates the silhouette. The off-the-shoulder design and cinched waist create an elegant, romantic look, while the dip hem adds a modern twist. This piece offers an expensive look without the hefty price tag. Perfect for mixing and matching within The Look Lab collection, its the ultimate versatile choice for any occasion.",Clothing,56,Goddiva (US),24726,Women's Trousers,201,https://images2.productserve.com/?w=200&h=200&bg=white&trim=5&t=letterbox&url=ssl%3Acdn.shopify.com%2Fs%2Ffiles%2F1%2F0487%2F8834%2F0899%2Ffiles%2FT241_BLACK_front_1_1744193284.jpg&feedId=62769&k=c7336b058fc0b0115ac3112cf20f0ee9f1e47ba6,USD,,"Over $120 - Free Delivery, Less than $120 - $12",https://goddiva.us/products/goddiva-front-pleated-wrap-off-the-shoulder-corset,,,USD76,62769,Goddiva,1,,,,,,Womens,Tops & T-Shirts
https://www.awin1.com/pclick.php?p=40938327514&a=2771700&m=24726,Goddiva Sheer Panel Mesh Corset,40938327514,T247-BLACK-M,https://cdn.shopify.com/s/files/1/0487/8834/0899/files/T247_BLACK_front_01_1744191362.jpg,"Sculpt your silhouette with the Goddiva Sheer Panel Mesh Corset in Black, a sultry addition to any wardrobe. Featuring sheer panels for a daring touch, this corset is designed with adjustable straps, removable straps, and a lace-up back for a custom fit. Padded cups provide support and shape, while the black color ensures versatility for any occasion. Perfect for mixing and matching within The Look Lab collection, it combines luxurious style with an affordable price tag, offering an effortlessly chic and seductive look.",Clothing,77,Goddiva (US),24726,Women's Trousers,201,https://images2.productserve.com/?w=200&h=200&bg=white&trim=5&t=letterbox&url=ssl%3Acdn.shopify.com%2Fs%2Ffiles%2F1%2F0487%2F8834%2F0899%2Ffiles%2FT247_BLACK_front_01_1744191362.jpg&feedId=62769&k=bd9126c5d155ef54f0e2d329650b4f30cda4b716,USD,,"Over $120 - Free Delivery, Less than $120 - $12",https://goddiva.us/products/goddiva-sheer-panel-mesh-corset,,,USD96,62769,Goddiva,1,,,,,,Womens,Tops & T-Shirts
https://www.awin1.com/pclick.php?p=40938327515&a=2771700&m=24726,Goddiva Sheer Panel Mesh Corset,40938327515,T247-BLACK-L,https://cdn.shopify.com/s/files/1/0487/8834/0899/files/T247_BLACK_front_01_1744191362.jpg,"Sculpt your silhouette with the Goddiva Sheer Panel Mesh Corset in Black, a sultry addition to any wardrobe. Featuring sheer panels for a daring touch, this corset is designed with adjustable straps, removable straps, and a lace-up back for a custom fit. Padded cups provide support and shape, while the black color ensures versatility for any occasion. Perfect for mixing and matching within The Look Lab collection, it combines luxurious style with an affordable price tag, offering an effortlessly chic and seductive look.",Clothing,77,Goddiva (US),24726,Women's Trousers,201,https://images2.productserve.com/?w=200&h=200&bg=white&trim=5&t=letterbox&url=ssl%3Acdn.shopify.com%2Fs%2Ffiles%2F1%2F0487%2F8834%2F0899%2Ffiles%2FT247_BLACK_front_01_1744191362.jpg&feedId=62769&k=bd9126c5d155ef54f0e2d329650b4f30cda4b716,USD,,"Over $120 - Free Delivery, Less than $120 - $12",https://goddiva.us/products/goddiva-sheer-panel-mesh-corset,,,USD96,62769,Goddiva,1,,,,,,Womens,Tops & T-Shirts
https://www.awin1.com/pclick.php?p=40938327513&a=2771700&m=24726,Goddiva Sheer Panel Mesh Corset,40938327513,T247-BLACK-S,https://cdn.shopify.com/s/files/1/0487/8834/0899/files/T247_BLACK_front_01_1744191362.jpg,"Sculpt your silhouette with the Goddiva Sheer Panel Mesh Corset in Black, a sultry addition to any wardrobe. Featuring sheer panels for a daring touch, this corset is designed with adjustable straps, removable straps, and a lace-up back for a custom fit. Padded cups provide support and shape, while the black color ensures versatility for any occasion. Perfect for mixing and matching within The Look Lab collection, it combines luxurious style with an affordable price tag, offering an effortlessly chic and seductive look.",Clothing,77,Goddiva (US),24726,Women's Trousers,201,https://images2.productserve.com/?w=200&h=200&bg=white&trim=5&t=letterbox&url=ssl%3Acdn.shopify.com%2Fs%2Ffiles%2F1%2F0487%2F8834%2F0899%2Ffiles%2FT247_BLACK_front_01_1744191362.jpg&feedId=62769&k=bd9126c5d155ef54f0e2d329650b4f30cda4b716,USD,,"Over $120 - Free Delivery, Less than $120 - $12",https://goddiva.us/products/goddiva-sheer-panel-mesh-corset,,,USD96,62769,Goddiva,1,,,,,,Womens,Tops & T-Shirts
https://www.awin1.com/pclick.php?p=40953764901&a=2771700&m=24726,Goddiva Compact Crepe Lace Up Corset,40953764901,T227-BEIGE-S,https://cdn.shopify.com/s/files/1/0487/8834/0899/files/T227_BEIGE_front_1744297951.jpg,"Sleek, sculpted, and seriously on-trend, the Goddiva Compact Crepe Lace Up Corset is a wardrobe essential from The Look Lab collection. Designed in luxe compact crepe, it features a lace-up back and structured boning for that snatched silhouette. The classic shades black & beige bring a polished, high-end feelperfect for styling up or down. Mix & match with tailored pants, satin skirts or denim for endless outfit options. Luxury vibes, without the luxury price tag.",Clothing,76,Goddiva (US),24726,Women's Trousers,201,https://images2.productserve.com/?w=200&h=200&bg=white&trim=5&t=letterbox&url=ssl%3Acdn.shopify.com%2Fs%2Ffiles%2F1%2F0487%2F8834%2F0899%2Ffiles%2FT227_BEIGE_front_1744297951.jpg&feedId=62769&k=5b76581f1a42e7b424428c7009edd40d3b3aae88,USD,,"Over $120 - Free Delivery, Less than $120 - $12",https://goddiva.us/products/goddiva-compact-crepe-lace-up-corset,,,USD76,62769,Goddiva,1,,,,,,Womens,Tops & T-Shirts
https://www.awin1.com/pclick.php?p=40953764898&a=2771700&m=24726,Goddiva Compact Crepe Lace Up Corset,40953764898,T227-BLACK-S,https://cdn.shopify.com/s/files/1/0487/8834/0899/files/T227_BEIGE_front_1744297951.jpg,"Sleek, sculpted, and seriously on-trend, the Goddiva Compact Crepe Lace Up Corset is a wardrobe essential from The Look Lab collection. Designed in luxe compact crepe, it features a lace-up back and structured boning for that snatched silhouette. The classic shades black & beige bring a polished, high-end feelperfect for styling up or down. Mix & match with tailored pants, satin skirts or denim for endless outfit options. Luxury vibes, without the luxury price tag.",Clothing,76,Goddiva (US),24726,Women's Trousers,201,https://images2.productserve.com/?w=200&h=200&bg=white&trim=5&t=letterbox&url=ssl%3Acdn.shopify.com%2Fs%2Ffiles%2F1%2F0487%2F8834%2F0899%2Ffiles%2FT227_BEIGE_front_1744297951.jpg&feedId=62769&k=5b76581f1a42e7b424428c7009edd40d3b3aae88,USD,,"Over $120 - Free Delivery, Less than $120 - $12",https://goddiva.us/products/goddiva-compact-crepe-lace-up-corset,,,USD76,62769,Goddiva,1,,,,,,Womens,Tops & T-Shirts
https://www.awin1.com/pclick.php?p=40953764900&a=2771700&m=24726,Goddiva Compact Crepe Lace Up Corset,40953764900,T227-BLACK-L,https://cdn.shopify.com/s/files/1/0487/8834/0899/files/T227_BEIGE_front_1744297951.jpg,"Sleek, sculpted, and seriously on-trend, the Goddiva Compact Crepe Lace Up Corset is a wardrobe essential from The Look Lab collection. Designed in luxe compact crepe, it features a lace-up back and structured boning for that snatched silhouette. The classic shades black & beige bring a polished, high-end feelperfect for styling up or down. Mix & match with tailored pants, satin skirts or denim for endless outfit options. Luxury vibes, without the luxury price tag.",Clothing,76,Goddiva (US),24726,Women's Trousers,201,https://images2.productserve.com/?w=200&h=200&bg=white&trim=5&t=letterbox&url=ssl%3Acdn.shopify.com%2Fs%2Ffiles%2F1%2F0487%2F8834%2F0899%2Ffiles%2FT227_BEIGE_front_1744297951.jpg&feedId=62769&k=5b76581f1a42e7b424428c7009edd40d3b3aae88,USD,,"Over $120 - Free Delivery, Less than $120 - $12",https://goddiva.us/products/goddiva-compact-crepe-lace-up-corset,,,USD76,62769,Goddiva,1,,,,,,Womens,Tops & T-Shirts
https://www.awin1.com/pclick.php?p=40953764899&a=2771700&m=24726,Goddiva Compact Crepe Lace Up Corset,40953764899,T227-BLACK-M,https://cdn.shopify.com/s/files/1/0487/8834/0899/files/T227_BEIGE_front_1744297951.jpg,"Sleek, sculpted, and seriously on-trend, the Goddiva Compact Crepe Lace Up Corset is a wardrobe essential from The Look Lab collection. Designed in luxe compact crepe, it features a lace-up back and structured boning for that snatched silhouette. The classic shades black & beige bring a polished, high-end feelperfect for styling up or down. Mix & match with tailored pants, satin skirts or denim for endless outfit options. Luxury vibes, without the luxury price tag.",Clothing,76,Goddiva (US),24726,Women's Trousers,201,https://images2.productserve.com/?w=200&h=200&bg=white&trim=5&t=letterbox&url=ssl%3Acdn.shopify.com%2Fs%2Ffiles%2F1%2F0487%2F8834%2F0899%2Ffiles%2FT227_BEIGE_front_1744297951.jpg&feedId=62769&k=5b76581f1a42e7b424428c7009edd40d3b3aae88,USD,,"Over $120 - Free Delivery, Less than $120 - $12",https://goddiva.us/products/goddiva-compact-crepe-lace-up-corset,,,USD76,62769,Goddiva,1,,,,,,Womens,Tops & T-Shirts
https://www.awin1.com/pclick.php?p=40953764902&a=2771700&m=24726,Goddiva Compact Crepe Lace Up Corset,40953764902,T227-BEIGE-M,https://cdn.shopify.com/s/files/1/0487/8834/0899/files/T227_BEIGE_front_1744297951.jpg,"Sleek, sculpted, and seriously on-trend, the Goddiva Compact Crepe Lace Up Corset is a wardrobe essential from The Look Lab collection. Designed in luxe compact crepe, it features a lace-up back and structured boning for that snatched silhouette. The classic shades black & beige bring a polished, high-end feelperfect for styling up or down. Mix & match with tailored pants, satin skirts or denim for endless outfit options. Luxury vibes, without the luxury price tag.",Clothing,76,Goddiva (US),24726,Women's Trousers,201,https://images2.productserve.com/?w=200&h=200&bg=white&trim=5&t=letterbox&url=ssl%3Acdn.shopify.com%2Fs%2Ffiles%2F1%2F0487%2F8834%2F0899%2Ffiles%2FT227_BEIGE_front_1744297951.jpg&feedId=62769&k=5b76581f1a42e7b424428c7009edd40d3b3aae88,USD,,"Over $120 - Free Delivery, Less than $120 - $12",https://goddiva.us/products/goddiva-compact-crepe-lace-up-corset,,,USD76,62769,Goddiva,1,,,,,,Womens,Tops & T-Shirts
https://www.awin1.com/pclick.php?p=40953764903&a=2771700&m=24726,Goddiva Compact Crepe Lace Up Corset,40953764903,T227-BEIGE-L,https://cdn.shopify.com/s/files/1/0487/8834/0899/files/T227_BEIGE_front_1744297951.jpg,"Sleek, sculpted, and seriously on-trend, the Goddiva Compact Crepe Lace Up Corset is a wardrobe essential from The Look Lab collection. Designed in luxe compact crepe, it features a lace-up back and structured boning for that snatched silhouette. The classic shades black & beige bring a polished, high-end feelperfect for styling up or down. Mix & match with tailored pants, satin skirts or denim for endless outfit options. Luxury vibes, without the luxury price tag.",Clothing,76,Goddiva (US),24726,Women's Trousers,201,https://images2.productserve.com/?w=200&h=200&bg=white&trim=5&t=letterbox&url=ssl%3Acdn.shopify.com%2Fs%2Ffiles%2F1%2F0487%2F8834%2F0899%2Ffiles%2FT227_BEIGE_front_1744297951.jpg&feedId=62769&k=5b76581f1a42e7b424428c7009edd40d3b3aae88,USD,,"Over $120 - Free Delivery, Less than $120 - $12",https://goddiva.us/products/goddiva-compact-crepe-lace-up-corset,,,USD76,62769,Goddiva,1,,,,,,Womens,Tops & T-Shirts
https://www.awin1.com/pclick.php?p=41032699107&a=2771700&m=24726,Goddiva Front Fastened Milk Maid Corset,41032699107,T260-BLACK-S,https://cdn.shopify.com/s/files/1/0487/8834/0899/files/T260_20_BLACK_front_1744373922.jpg,"Unleash a sultry, luxe vibe with the Goddiva Front Fastened Milk Maid Corset in Black, part of The Look Lab collection. Designed with adjustable straps and padded cups for a custom fit, it features a frilled bust edge for a feminine touch. The balcony bra style, combined with boning for a structured silhouette, offers support while enhancing your curves. Finished with a sleek front hook and eye fastener, this black corset is perfect for mixing and matching to create your desired look. Luxurious in feel, yet affordable, its the ultimate piece for a bold, confident wardrobe.",Clothing,90,Goddiva (US),24726,Women's Trousers,201,https://images2.productserve.com/?w=200&h=200&bg=white&trim=5&t=letterbox&url=ssl%3Acdn.shopify.com%2Fs%2Ffiles%2F1%2F0487%2F8834%2F0899%2Ffiles%2FT260_20_BLACK_front_1744373922.jpg&feedId=62769&k=988626daa24e1de253a9d22f8ba61ae22b8de506,USD,,"Over $120 - Free Delivery, Less than $120 - $12",https://goddiva.us/products/goddiva-front-fastened-milk-maid-corset,,,USD90,62769,Goddiva,1,,,,,,Womens,Tops & T-Shirts
https://www.awin1.com/pclick.php?p=41032699108&a=2771700&m=24726,Goddiva Front Fastened Milk Maid Corset,41032699108,T260-BLACK-M,https://cdn.shopify.com/s/files/1/0487/8834/0899/files/T260_20_BLACK_front_1744373922.jpg,"Unleash a sultry, luxe vibe with the Goddiva Front Fastened Milk Maid Corset in Black, part of The Look Lab collection. Designed with adjustable straps and padded cups for a custom fit, it features a frilled bust edge for a feminine touch. The balcony bra style, combined with boning for a structured silhouette, offers support while enhancing your curves. Finished with a sleek front hook and eye fastener, this black corset is perfect for mixing and matching to create your desired look. Luxurious in feel, yet affordable, its the ultimate piece for a bold, confident wardrobe.",Clothing,90,Goddiva (US),24726,Women's Trousers,201,https://images2.productserve.com/?w=200&h=200&bg=white&trim=5&t=letterbox&url=ssl%3Acdn.shopify.com%2Fs%2Ffiles%2F1%2F0487%2F8834%2F0899%2Ffiles%2FT260_20_BLACK_front_1744373922.jpg&feedId=62769&k=988626daa24e1de253a9d22f8ba61ae22b8de506,USD,,"Over $120 - Free Delivery, Less than $120 - $12",https://goddiva.us/products/goddiva-front-fastened-milk-maid-corset,,,USD90,62769,Goddiva,1,,,,,,Womens,Tops & T-Shirts
https://www.awin1.com/pclick.php?p=41032699109&a=2771700&m=24726,Goddiva Front Fastened Milk Maid Corset,41032699109,T260-BLACK-L,https://cdn.shopify.com/s/files/1/0487/8834/0899/files/T260_20_BLACK_front_1744373922.jpg,"Unleash a sultry, luxe vibe with the Goddiva Front Fastened Milk Maid Corset in Black, part of The Look Lab collection. Designed with adjustable straps and padded cups for a custom fit, it features a frilled bust edge for a feminine touch. The balcony bra style, combined with boning for a structured silhouette, offers support while enhancing your curves. Finished with a sleek front hook and eye fastener, this black corset is perfect for mixing and matching to create your desired look. Luxurious in feel, yet affordable, its the ultimate piece for a bold, confident wardrobe.",Clothing,90,Goddiva (US),24726,Women's Trousers,201,https://images2.productserve.com/?w=200&h=200&bg=white&trim=5&t=letterbox&url=ssl%3Acdn.shopify.com%2Fs%2Ffiles%2F1%2F0487%2F8834%2F0899%2Ffiles%2FT260_20_BLACK_front_1744373922.jpg&feedId=62769&k=988626daa24e1de253a9d22f8ba61ae22b8de506,USD,,"Over $120 - Free Delivery, Less than $120 - $12",https://goddiva.us/products/goddiva-front-fastened-milk-maid-corset,,,USD90,62769,Goddiva,1,,,,,,Womens,Tops & T-Shirts
https://www.awin1.com/pclick.php?p=41079143990&a=2771700&m=24726,Goddiva Textured Floral Mesh Corset,41079143990,T254-BLACK-L,https://cdn.shopify.com/s/files/1/0487/8834/0899/files/T254Cream_SK41Sage_00058_dt_top_1745240650.jpg,"A sultry, luxury look thats both edgy and elegant, the Goddiva Textured Floral Mesh Corset in Black & Blush Pink is a must-have for fashion-forward wardrobes. Featuring adjustable straps and padded cups for a comfortable fit, its panelled design and cinched waist create a flawless hourglass shape. The dipped hem adds a unique twist, while the hook & eye fastener ensures a secure fit. In classic black & soft blush pink, this corset is versatile enough to mix and match, offering endless styling options. From The Look Lab collection, it's the perfect blend of sophistication and affordability for a bold, contemporary statement.",Clothing,56,Goddiva (US),24726,Women's Trousers,201,https://images2.productserve.com/?w=200&h=200&bg=white&trim=5&t=letterbox&url=ssl%3Acdn.shopify.com%2Fs%2Ffiles%2F1%2F0487%2F8834%2F0899%2Ffiles%2FT254Cream_SK41Sage_00058_dt_top_1745240650.jpg&feedId=62769&k=14ebb95a5c259f79883189dff3aa0c1266bac44f,USD,,"Over $120 - Free Delivery, Less than $120 - $12",https://goddiva.us/products/goddiva-textured-floral-mesh-corset,,,USD70,62769,Goddiva,1,,,,,,Womens,Tops & T-Shirts
https://www.awin1.com/pclick.php?p=41079143988&a=2771700&m=24726,Goddiva Textured Floral Mesh Corset,41079143988,T254-BLACK-S,https://cdn.shopify.com/s/files/1/0487/8834/0899/files/T254Cream_SK41Sage_00058_dt_top_1745240650.jpg,"A sultry, luxury look thats both edgy and elegant, the Goddiva Textured Floral Mesh Corset in Black & Blush Pink is a must-have for fashion-forward wardrobes. Featuring adjustable straps and padded cups for a comfortable fit, its panelled design and cinched waist create a flawless hourglass shape. The dipped hem adds a unique twist, while the hook & eye fastener ensures a secure fit. In classic black & soft blush pink, this corset is versatile enough to mix and match, offering endless styling options. From The Look Lab collection, it's the perfect blend of sophistication and affordability for a bold, contemporary statement.",Clothing,56,Goddiva (US),24726,Women's Trousers,201,https://images2.productserve.com/?w=200&h=200&bg=white&trim=5&t=letterbox&url=ssl%3Acdn.shopify.com%2Fs%2Ffiles%2F1%2F0487%2F8834%2F0899%2Ffiles%2FT254Cream_SK41Sage_00058_dt_top_1745240650.jpg&feedId=62769&k=14ebb95a5c259f79883189dff3aa0c1266bac44f,USD,,"Over $120 - Free Delivery, Less than $120 - $12",https://goddiva.us/products/goddiva-textured-floral-mesh-corset,,,USD70,62769,Goddiva,1,,,,,,Womens,Tops & T-Shirts
https://www.awin1.com/pclick.php?p=41079143991&a=2771700&m=24726,Goddiva Textured Floral Mesh Corset,41079143991,T254-CREAM-S,https://cdn.shopify.com/s/files/1/0487/8834/0899/files/T254Cream_SK41Sage_00058_dt_top_1745240650.jpg,"A sultry, luxury look thats both edgy and elegant, the Goddiva Textured Floral Mesh Corset in Black & Blush Pink is a must-have for fashion-forward wardrobes. Featuring adjustable straps and padded cups for a comfortable fit, its panelled design and cinched waist create a flawless hourglass shape. The dipped hem adds a unique twist, while the hook & eye fastener ensures a secure fit. In classic black & soft blush pink, this corset is versatile enough to mix and match, offering endless styling options. From The Look Lab collection, it's the perfect blend of sophistication and affordability for a bold, contemporary statement.",Clothing,56,Goddiva (US),24726,Women's Trousers,201,https://images2.productserve.com/?w=200&h=200&bg=white&trim=5&t=letterbox&url=ssl%3Acdn.shopify.com%2Fs%2Ffiles%2F1%2F0487%2F8834%2F0899%2Ffiles%2FT254Cream_SK41Sage_00058_dt_top_1745240650.jpg&feedId=62769&k=14ebb95a5c259f79883189dff3aa0c1266bac44f,USD,,"Over $120 - Free Delivery, Less than $120 - $12",https://goddiva.us/products/goddiva-textured-floral-mesh-corset,,,USD70,62769,Goddiva,1,,,,,,Womens,Tops & T-Shirts
https://www.awin1.com/pclick.php?p=41079143989&a=2771700&m=24726,Goddiva Textured Floral Mesh Corset,41079143989,T254-BLACK-M,https://cdn.shopify.com/s/files/1/0487/8834/0899/files/T254Cream_SK41Sage_00058_dt_top_1745240650.jpg,"A sultry, luxury look thats both edgy and elegant, the Goddiva Textured Floral Mesh Corset in Black & Blush Pink is a must-have for fashion-forward wardrobes. Featuring adjustable straps and padded cups for a comfortable fit, its panelled design and cinched waist create a flawless hourglass shape. The dipped hem adds a unique twist, while the hook & eye fastener ensures a secure fit. In classic black & soft blush pink, this corset is versatile enough to mix and match, offering endless styling options. From The Look Lab collection, it's the perfect blend of sophistication and affordability for a bold, contemporary statement.",Clothing,56,Goddiva (US),24726,Women's Trousers,201,https://images2.productserve.com/?w=200&h=200&bg=white&trim=5&t=letterbox&url=ssl%3Acdn.shopify.com%2Fs%2Ffiles%2F1%2F0487%2F8834%2F0899%2Ffiles%2FT254Cream_SK41Sage_00058_dt_top_1745240650.jpg&feedId=62769&k=14ebb95a5c259f79883189dff3aa0c1266bac44f,USD,,"Over $120 - Free Delivery, Less than $120 - $12",https://goddiva.us/products/goddiva-textured-floral-mesh-corset,,,USD70,62769,Goddiva,1,,,,,,Womens,Tops & T-Shirts
https://www.awin1.com/pclick.php?p=41079143995&a=2771700&m=24726,Goddiva Textured Floral Mesh Corset,41079143995,T254-BLUSHPINK-M,https://cdn.shopify.com/s/files/1/0487/8834/0899/files/T254Cream_SK41Sage_00058_dt_top_1745240650.jpg,"A sultry, luxury look thats both edgy and elegant, the Goddiva Textured Floral Mesh Corset in Black & Blush Pink is a must-have for fashion-forward wardrobes. Featuring adjustable straps and padded cups for a comfortable fit, its panelled design and cinched waist create a flawless hourglass shape. The dipped hem adds a unique twist, while the hook & eye fastener ensures a secure fit. In classic black & soft blush pink, this corset is versatile enough to mix and match, offering endless styling options. From The Look Lab collection, it's the perfect blend of sophistication and affordability for a bold, contemporary statement.",Clothing,56,Goddiva (US),24726,Women's Trousers,201,https://images2.productserve.com/?w=200&h=200&bg=white&trim=5&t=letterbox&url=ssl%3Acdn.shopify.com%2Fs%2Ffiles%2F1%2F0487%2F8834%2F0899%2Ffiles%2FT254Cream_SK41Sage_00058_dt_top_1745240650.jpg&feedId=62769&k=14ebb95a5c259f79883189dff3aa0c1266bac44f,USD,,"Over $120 - Free Delivery, Less than $120 - $12",https://goddiva.us/products/goddiva-textured-floral-mesh-corset,,,USD70,62769,Goddiva,1,,,,,,Womens,Tops & T-Shirts
https://www.awin1.com/pclick.php?p=41079143994&a=2771700&m=24726,Goddiva Textured Floral Mesh Corset,41079143994,T254-BLUSHPINK-S,https://cdn.shopify.com/s/files/1/0487/8834/0899/files/T254Cream_SK41Sage_00058_dt_top_1745240650.jpg,"A sultry, luxury look thats both edgy and elegant, the Goddiva Textured Floral Mesh Corset in Black & Blush Pink is a must-have for fashion-forward wardrobes. Featuring adjustable straps and padded cups for a comfortable fit, its panelled design and cinched waist create a flawless hourglass shape. The dipped hem adds a unique twist, while the hook & eye fastener ensures a secure fit. In classic black & soft blush pink, this corset is versatile enough to mix and match, offering endless styling options. From The Look Lab collection, it's the perfect blend of sophistication and affordability for a bold, contemporary statement.",Clothing,56,Goddiva (US),24726,Women's Trousers,201,https://images2.productserve.com/?w=200&h=200&bg=white&trim=5&t=letterbox&url=ssl%3Acdn.shopify.com%2Fs%2Ffiles%2F1%2F0487%2F8834%2F0899%2Ffiles%2FT254Cream_SK41Sage_00058_dt_top_1745240650.jpg&feedId=62769&k=14ebb95a5c259f79883189dff3aa0c1266bac44f,USD,,"Over $120 - Free Delivery, Less than $120 - $12",https://goddiva.us/products/goddiva-textured-floral-mesh-corset,,,USD70,62769,Goddiva,1,,,,,,Womens,Tops & T-Shirts
https://www.awin1.com/pclick.php?p=41079143996&a=2771700&m=24726,Goddiva Textured Floral Mesh Corset,41079143996,T254-BLUSHPINK-L,https://cdn.shopify.com/s/files/1/0487/8834/0899/files/T254Cream_SK41Sage_00058_dt_top_1745240650.jpg,"A sultry, luxury look thats both edgy and elegant, the Goddiva Textured Floral Mesh Corset in Black & Blush Pink is a must-have for fashion-forward wardrobes. Featuring adjustable straps and padded cups for a comfortable fit, its panelled design and cinched waist create a flawless hourglass shape. The dipped hem adds a unique twist, while the hook & eye fastener ensures a secure fit. In classic black & soft blush pink, this corset is versatile enough to mix and match, offering endless styling options. From The Look Lab collection, it's the perfect blend of sophistication and affordability for a bold, contemporary statement.",Clothing,56,Goddiva (US),24726,Women's Trousers,201,https://images2.productserve.com/?w=200&h=200&bg=white&trim=5&t=letterbox&url=ssl%3Acdn.shopify.com%2Fs%2Ffiles%2F1%2F0487%2F8834%2F0899%2Ffiles%2FT254Cream_SK41Sage_00058_dt_top_1745240650.jpg&feedId=62769&k=14ebb95a5c259f79883189dff3aa0c1266bac44f,USD,,"Over $120 - Free Delivery, Less than $120 - $12",https://goddiva.us/products/goddiva-textured-floral-mesh-corset,,,USD70,62769,Goddiva,1,,,,,,Womens,Tops & T-Shirts
https://www.awin1.com/pclick.php?p=41079143993&a=2771700&m=24726,Goddiva Textured Floral Mesh Corset,41079143993,T254-CREAM-L,https://cdn.shopify.com/s/files/1/0487/8834/0899/files/T254Cream_SK41Sage_00058_dt_top_1745240650.jpg,"A sultry, luxury look thats both edgy and elegant, the Goddiva Textured Floral Mesh Corset in Black & Blush Pink is a must-have for fashion-forward wardrobes. Featuring adjustable straps and padded cups for a comfortable fit, its panelled design and cinched waist create a flawless hourglass shape. The dipped hem adds a unique twist, while the hook & eye fastener ensures a secure fit. In classic black & soft blush pink, this corset is versatile enough to mix and match, offering endless styling options. From The Look Lab collection, it's the perfect blend of sophistication and affordability for a bold, contemporary statement.",Clothing,56,Goddiva (US),24726,Women's Trousers,201,https://images2.productserve.com/?w=200&h=200&bg=white&trim=5&t=letterbox&url=ssl%3Acdn.shopify.com%2Fs%2Ffiles%2F1%2F0487%2F8834%2F0899%2Ffiles%2FT254Cream_SK41Sage_00058_dt_top_1745240650.jpg&feedId=62769&k=14ebb95a5c259f79883189dff3aa0c1266bac44f,USD,,"Over $120 - Free Delivery, Less than $120 - $12",https://goddiva.us/products/goddiva-textured-floral-mesh-corset,,,USD70,62769,Goddiva,1,,,,,,Womens,Tops & T-Shirts
https://www.awin1.com/pclick.php?p=41079143992&a=2771700&m=24726,Goddiva Textured Floral Mesh Corset,41079143992,T254-CREAM-M,https://cdn.shopify.com/s/files/1/0487/8834/0899/files/T254Cream_SK41Sage_00058_dt_top_1745240650.jpg,"A sultry, luxury look thats both edgy and elegant, the Goddiva Textured Floral Mesh Corset in Black & Blush Pink is a must-have for fashion-forward wardrobes. Featuring adjustable straps and padded cups for a comfortable fit, its panelled design and cinched waist create a flawless hourglass shape. The dipped hem adds a unique twist, while the hook & eye fastener ensures a secure fit. In classic black & soft blush pink, this corset is versatile enough to mix and match, offering endless styling options. From The Look Lab collection, it's the perfect blend of sophistication and affordability for a bold, contemporary statement.",Clothing,56,Goddiva (US),24726,Women's Trousers,201,https://images2.productserve.com/?w=200&h=200&bg=white&trim=5&t=letterbox&url=ssl%3Acdn.shopify.com%2Fs%2Ffiles%2F1%2F0487%2F8834%2F0899%2Ffiles%2FT254Cream_SK41Sage_00058_dt_top_1745240650.jpg&feedId=62769&k=14ebb95a5c259f79883189dff3aa0c1266bac44f,USD,,"Over $120 - Free Delivery, Less than $120 - $12",https://goddiva.us/products/goddiva-textured-floral-mesh-corset,,,USD70,62769,Goddiva,1,,,,,,Womens,Tops & T-Shirts
https://www.awin1.com/pclick.php?p=41867827508&a=2771700&m=24726,Goddiva Off Shoulder Back Satin Bow Scuba Corset - Black,41867827508,T225-BLACK-6,https://cdn.shopify.com/s/files/1/0487/8834/0899/files/T225_BLACK_TR388_BLACK_2670_back1_1752836472.jpg,"Black is the moment, and the Goddiva Off Shoulder Back Satin Bow Scuba Corset is your go-to for that ultra-chic, luxe-girl aesthetic. With a sculpting scuba bodice and structured boning for a snatched silhouette, its all about drama meets elegance. The strapless neckline is framed by satin wing sleeves that sit just off the shoulderfeminine, flirty, and totally trending. A bold satin bow detail at the back adds an unexpected touch of glamour, perfect for special occasions, summer soires, or that unforgettable date night. In timeless black with a high-fashion edge, its designed to look expensive, without the luxury price tag. Style on repeat for nights out, weddings, or anywhere you want to feel like the best-dressed in the room. Limited edition  once its gone, its gone.",Clothing,93,Goddiva (US),24726,Women's Trousers,201,https://images2.productserve.com/?w=200&h=200&bg=white&trim=5&t=letterbox&url=ssl%3Acdn.shopify.com%2Fs%2Ffiles%2F1%2F0487%2F8834%2F0899%2Ffiles%2FT225_BLACK_TR388_BLACK_2670_back1_1752836472.jpg&feedId=62769&k=e068443218b6634e270caab4218d8e5a6632580f,USD,,"Over $120 - Free Delivery, Less than $120 - $12",https://goddiva.us/products/off-shoulder-back-satin-bow-scuba-corset-black-by-goddiva,,,USD116,62769,Goddiva,1,,,,,,Womens,Tops & T-Shirts
https://www.awin1.com/pclick.php?p=41867827509&a=2771700&m=24726,Goddiva Off Shoulder Back Satin Bow Scuba Corset - Black,41867827509,T225-BLACK-8,https://cdn.shopify.com/s/files/1/0487/8834/0899/files/T225_BLACK_TR388_BLACK_2670_back1_1752836472.jpg,"Black is the moment, and the Goddiva Off Shoulder Back Satin Bow Scuba Corset is your go-to for that ultra-chic, luxe-girl aesthetic. With a sculpting scuba bodice and structured boning for a snatched silhouette, its all about drama meets elegance. The strapless neckline is framed by satin wing sleeves that sit just off the shoulderfeminine, flirty, and totally trending. A bold satin bow detail at the back adds an unexpected touch of glamour, perfect for special occasions, summer soires, or that unforgettable date night. In timeless black with a high-fashion edge, its designed to look expensive, without the luxury price tag. Style on repeat for nights out, weddings, or anywhere you want to feel like the best-dressed in the room. Limited edition  once its gone, its gone.",Clothing,93,Goddiva (US),24726,Women's Trousers,201,https://images2.productserve.com/?w=200&h=200&bg=white&trim=5&t=letterbox&url=ssl%3Acdn.shopify.com%2Fs%2Ffiles%2F1%2F0487%2F8834%2F0899%2Ffiles%2FT225_BLACK_TR388_BLACK_2670_back1_1752836472.jpg&feedId=62769&k=e068443218b6634e270caab4218d8e5a6632580f,USD,,"Over $120 - Free Delivery, Less than $120 - $12",https://goddiva.us/products/off-shoulder-back-satin-bow-scuba-corset-black-by-goddiva,,,USD116,62769,Goddiva,1,,,,,,Womens,Tops & T-Shirts
https://www.awin1.com/pclick.php?p=41867827511&a=2771700&m=24726,Goddiva Off Shoulder Back Satin Bow Scuba Corset - Black,41867827511,T225-BLACK-12,https://cdn.shopify.com/s/files/1/0487/8834/0899/files/T225_BLACK_TR388_BLACK_2670_back1_1752836472.jpg,"Black is the moment, and the Goddiva Off Shoulder Back Satin Bow Scuba Corset is your go-to for that ultra-chic, luxe-girl aesthetic. With a sculpting scuba bodice and structured boning for a snatched silhouette, its all about drama meets elegance. The strapless neckline is framed by satin wing sleeves that sit just off the shoulderfeminine, flirty, and totally trending. A bold satin bow detail at the back adds an unexpected touch of glamour, perfect for special occasions, summer soires, or that unforgettable date night. In timeless black with a high-fashion edge, its designed to look expensive, without the luxury price tag. Style on repeat for nights out, weddings, or anywhere you want to feel like the best-dressed in the room. Limited edition  once its gone, its gone.",Clothing,93,Goddiva (US),24726,Women's Trousers,201,https://images2.productserve.com/?w=200&h=200&bg=white&trim=5&t=letterbox&url=ssl%3Acdn.shopify.com%2Fs%2Ffiles%2F1%2F0487%2F8834%2F0899%2Ffiles%2FT225_BLACK_TR388_BLACK_2670_back1_1752836472.jpg&feedId=62769&k=e068443218b6634e270caab4218d8e5a6632580f,USD,,"Over $120 - Free Delivery, Less than $120 - $12",https://goddiva.us/products/off-shoulder-back-satin-bow-scuba-corset-black-by-goddiva,,,USD116,62769,Goddiva,1,,,,,,Womens,Tops & T-Shirts
https://www.awin1.com/pclick.php?p=41867827515&a=2771700&m=24726,Goddiva Off Shoulder Back Satin Bow Scuba Corset - Light Blue,41867827515,T225-LIGHTBLUE-8,https://cdn.shopify.com/s/files/1/0487/8834/0899/files/T225_Lightblue_SK31_Cream_2460_back_1752838674.jpg,"Light blue just got luxe. This Limited Edition Goddiva Off Shoulder Back Satin Bow Scuba Corset is the ultimate mix of romantic and refined. With a sculpted scuba bodice featuring structured boning for a snatched silhouette, and soft satin wing sleeves that sit delicately off the shoulder, it's pure modern femininity. The satin bow detail at the back adds a playful twist to its elegant form, making it perfect for weddings, summer soires, or that dreamy date night look. Ice blue, powder blue, whatever you call itthis shade is the color of the season. Designed to be worn again and again, its the affordable luxury piece your wardrobe deserves.",Clothing,96,Goddiva (US),24726,Women's Trousers,201,https://images2.productserve.com/?w=200&h=200&bg=white&trim=5&t=letterbox&url=ssl%3Acdn.shopify.com%2Fs%2Ffiles%2F1%2F0487%2F8834%2F0899%2Ffiles%2FT225_Lightblue_SK31_Cream_2460_back_1752838674.jpg&feedId=62769&k=19054707e8762a7db52d96d193ab8eab233220de,USD,,"Over $120 - Free Delivery, Less than $120 - $12",https://goddiva.us/products/off-shoulder-back-satin-bow-scuba-corset-light-blue-by-goddiva,,,USD96,62769,Goddiva,1,,,,,,Womens,Tops & T-Shirts
https://www.awin1.com/pclick.php?p=41867827510&a=2771700&m=24726,Goddiva Off Shoulder Back Satin Bow Scuba Corset - Black,41867827510,T225-BLACK-10,https://cdn.shopify.com/s/files/1/0487/8834/0899/files/T225_BLACK_TR388_BLACK_2670_back1_1752836472.jpg,"Black is the moment, and the Goddiva Off Shoulder Back Satin Bow Scuba Corset is your go-to for that ultra-chic, luxe-girl aesthetic. With a sculpting scuba bodice and structured boning for a snatched silhouette, its all about drama meets elegance. The strapless neckline is framed by satin wing sleeves that sit just off the shoulderfeminine, flirty, and totally trending. A bold satin bow detail at the back adds an unexpected touch of glamour, perfect for special occasions, summer soires, or that unforgettable date night. In timeless black with a high-fashion edge, its designed to look expensive, without the luxury price tag. Style on repeat for nights out, weddings, or anywhere you want to feel like the best-dressed in the room. Limited edition  once its gone, its gone.",Clothing,93,Goddiva (US),24726,Women's Trousers,201,https://images2.productserve.com/?w=200&h=200&bg=white&trim=5&t=letterbox&url=ssl%3Acdn.shopify.com%2Fs%2Ffiles%2F1%2F0487%2F8834%2F0899%2Ffiles%2FT225_BLACK_TR388_BLACK_2670_back1_1752836472.jpg&feedId=62769&k=e068443218b6634e270caab4218d8e5a6632580f,USD,,"Over $120 - Free Delivery, Less than $120 - $12",https://goddiva.us/products/off-shoulder-back-satin-bow-scuba-corset-black-by-goddiva,,,USD116,62769,Goddiva,1,,,,,,Womens,Tops & T-Shirts
https://www.awin1.com/pclick.php?p=41867827517&a=2771700&m=24726,Goddiva Off Shoulder Back Satin Bow Scuba Corset - Light Blue,41867827517,T225-LIGHTBLUE-12,https://cdn.shopify.com/s/files/1/0487/8834/0899/files/T225_Lightblue_SK31_Cream_2460_back_1752838674.jpg,"Light blue just got luxe. This Limited Edition Goddiva Off Shoulder Back Satin Bow Scuba Corset is the ultimate mix of romantic and refined. With a sculpted scuba bodice featuring structured boning for a snatched silhouette, and soft satin wing sleeves that sit delicately off the shoulder, it's pure modern femininity. The satin bow detail at the back adds a playful twist to its elegant form, making it perfect for weddings, summer soires, or that dreamy date night look. Ice blue, powder blue, whatever you call itthis shade is the color of the season. Designed to be worn again and again, its the affordable luxury piece your wardrobe deserves.",Clothing,96,Goddiva (US),24726,Women's Trousers,201,https://images2.productserve.com/?w=200&h=200&bg=white&trim=5&t=letterbox&url=ssl%3Acdn.shopify.com%2Fs%2Ffiles%2F1%2F0487%2F8834%2F0899%2Ffiles%2FT225_Lightblue_SK31_Cream_2460_back_1752838674.jpg&feedId=62769&k=19054707e8762a7db52d96d193ab8eab233220de,USD,,"Over $120 - Free Delivery, Less than $120 - $12",https://goddiva.us/products/off-shoulder-back-satin-bow-scuba-corset-light-blue-by-goddiva,,,USD96,62769,Goddiva,1,,,,,,Womens,Tops & T-Shirts
https://www.awin1.com/pclick.php?p=41867827516&a=2771700&m=24726,Goddiva Off Shoulder Back Satin Bow Scuba Corset - Light Blue,41867827516,T225-LIGHTBLUE-10,https://cdn.shopify.com/s/files/1/0487/8834/0899/files/T225_Lightblue_SK31_Cream_2460_back_1752838674.jpg,"Light blue just got luxe. This Limited Edition Goddiva Off Shoulder Back Satin Bow Scuba Corset is the ultimate mix of romantic and refined. With a sculpted scuba bodice featuring structured boning for a snatched silhouette, and soft satin wing sleeves that sit delicately off the shoulder, it's pure modern femininity. The satin bow detail at the back adds a playful twist to its elegant form, making it perfect for weddings, summer soires, or that dreamy date night look. Ice blue, powder blue, whatever you call itthis shade is the color of the season. Designed to be worn again and again, its the affordable luxury piece your wardrobe deserves.",Clothing,96,Goddiva (US),24726,Women's Trousers,201,https://images2.productserve.com/?w=200&h=200&bg=white&trim=5&t=letterbox&url=ssl%3Acdn.shopify.com%2Fs%2Ffiles%2F1%2F0487%2F8834%2F0899%2Ffiles%2FT225_Lightblue_SK31_Cream_2460_back_1752838674.jpg&feedId=62769&k=19054707e8762a7db52d96d193ab8eab233220de,USD,,"Over $120 - Free Delivery, Less than $120 - $12",https://goddiva.us/products/off-shoulder-back-satin-bow-scuba-corset-light-blue-by-goddiva,,,USD96,62769,Goddiva,1,,,,,,Womens,Tops & T-Shirts
https://www.awin1.com/pclick.php?p=41867827514&a=2771700&m=24726,Goddiva Off Shoulder Back Satin Bow Scuba Corset - Light Blue,41867827514,T225-LIGHTBLUE-6,https://cdn.shopify.com/s/files/1/0487/8834/0899/files/T225_Lightblue_SK31_Cream_2460_back_1752838674.jpg,"Light blue just got luxe. This Limited Edition Goddiva Off Shoulder Back Satin Bow Scuba Corset is the ultimate mix of romantic and refined. With a sculpted scuba bodice featuring structured boning for a snatched silhouette, and soft satin wing sleeves that sit delicately off the shoulder, it's pure modern femininity. The satin bow detail at the back adds a playful twist to its elegant form, making it perfect for weddings, summer soires, or that dreamy date night look. Ice blue, powder blue, whatever you call itthis shade is the color of the season. Designed to be worn again and again, its the affordable luxury piece your wardrobe deserves.",Clothing,96,Goddiva (US),24726,Women's Trousers,201,https://images2.productserve.com/?w=200&h=200&bg=white&trim=5&t=letterbox&url=ssl%3Acdn.shopify.com%2Fs%2Ffiles%2F1%2F0487%2F8834%2F0899%2Ffiles%2FT225_Lightblue_SK31_Cream_2460_back_1752838674.jpg&feedId=62769&k=19054707e8762a7db52d96d193ab8eab233220de,USD,,"Over $120 - Free Delivery, Less than $120 - $12",https://goddiva.us/products/off-shoulder-back-satin-bow-scuba-corset-light-blue-by-goddiva,,,USD96,62769,Goddiva,1,,,,,,Womens,Tops & T-Shirts
https://www.awin1.com/pclick.php?p=41909861079&a=2771700&m=24726,Goddiva Bootcut Scalloped Lace Pant - Black,41909861079,TR389-BLACK-S,https://cdn.shopify.com/s/files/1/0487/8834/0899/files/T242_Cream_TR389_black__2538_front_1756897788.jpg,"Straight from Goddivas Look Lab, black has never looked so effortlessly chic. The Bootcut Scalloped Lace Pant in classic noir brings a modern twist to timeless femininity, blending luxe lace detail with a trending bootcut silhouette. Designed with a flattering wide leg, pull-on style, and elasticated waistband, it offers both comfort and sophistication. The scalloped hem adds an alluring edgeperfect for date nights, rooftop cocktails, or styled up for summer soires. With its expensive look and affordable price tag, this limited-edition piece is made to be worn on repeat. Black lace never felt so fresh.",Clothing,76,Goddiva (US),24726,Women's Trousers,201,https://images2.productserve.com/?w=200&h=200&bg=white&trim=5&t=letterbox&url=ssl%3Acdn.shopify.com%2Fs%2Ffiles%2F1%2F0487%2F8834%2F0899%2Ffiles%2FT242_Cream_TR389_black__2538_front_1756897788.jpg&feedId=62769&k=120d966205ff3dcff025dfacaff130e4c374d759,USD,,"Over $120 - Free Delivery, Less than $120 - $12",https://goddiva.us/products/barrel-leg-scalloped-hem-trousers-black-by-goddiva,,,USD98,62769,Goddiva,1,,,,,,Womens,Trousers & Legwear
https://www.awin1.com/pclick.php?p=41909861081&a=2771700&m=24726,Goddiva Bootcut Scalloped Lace Pant - Black,41909861081,TR389-BLACK-L,https://cdn.shopify.com/s/files/1/0487/8834/0899/files/T242_Cream_TR389_black__2538_front_1756897788.jpg,"Straight from Goddivas Look Lab, black has never looked so effortlessly chic. The Bootcut Scalloped Lace Pant in classic noir brings a modern twist to timeless femininity, blending luxe lace detail with a trending bootcut silhouette. Designed with a flattering wide leg, pull-on style, and elasticated waistband, it offers both comfort and sophistication. The scalloped hem adds an alluring edgeperfect for date nights, rooftop cocktails, or styled up for summer soires. With its expensive look and affordable price tag, this limited-edition piece is made to be worn on repeat. Black lace never felt so fresh.",Clothing,76,Goddiva (US),24726,Women's Trousers,201,https://images2.productserve.com/?w=200&h=200&bg=white&trim=5&t=letterbox&url=ssl%3Acdn.shopify.com%2Fs%2Ffiles%2F1%2F0487%2F8834%2F0899%2Ffiles%2FT242_Cream_TR389_black__2538_front_1756897788.jpg&feedId=62769&k=120d966205ff3dcff025dfacaff130e4c374d759,USD,,"Over $120 - Free Delivery, Less than $120 - $12",https://goddiva.us/products/barrel-leg-scalloped-hem-trousers-black-by-goddiva,,,USD98,62769,Goddiva,1,,,,,,Womens,Trousers & Legwear
https://www.awin1.com/pclick.php?p=41909861080&a=2771700&m=24726,Goddiva Bootcut Scalloped Lace Pant - Black,41909861080,TR389-BLACK-M,https://cdn.shopify.com/s/files/1/0487/8834/0899/files/T242_Cream_TR389_black__2538_front_1756897788.jpg,"Straight from Goddivas Look Lab, black has never looked so effortlessly chic. The Bootcut Scalloped Lace Pant in classic noir brings a modern twist to timeless femininity, blending luxe lace detail with a trending bootcut silhouette. Designed with a flattering wide leg, pull-on style, and elasticated waistband, it offers both comfort and sophistication. The scalloped hem adds an alluring edgeperfect for date nights, rooftop cocktails, or styled up for summer soires. With its expensive look and affordable price tag, this limited-edition piece is made to be worn on repeat. Black lace never felt so fresh.",Clothing,76,Goddiva (US),24726,Women's Trousers,201,https://images2.productserve.com/?w=200&h=200&bg=white&trim=5&t=letterbox&url=ssl%3Acdn.shopify.com%2Fs%2Ffiles%2F1%2F0487%2F8834%2F0899%2Ffiles%2FT242_Cream_TR389_black__2538_front_1756897788.jpg&feedId=62769&k=120d966205ff3dcff025dfacaff130e4c374d759,USD,,"Over $120 - Free Delivery, Less than $120 - $12",https://goddiva.us/products/barrel-leg-scalloped-hem-trousers-black-by-goddiva,,,USD98,62769,Goddiva,1,,,,,,Womens,Trousers & Legwear
https://www.awin1.com/pclick.php?p=42321597128&a=2771700&m=24726,Goddiva Bardot Corset Top - Cream,42321597128,T242-CREAM-6,https://cdn.shopify.com/s/files/1/0487/8834/0899/files/T242_CREAM_SK60_BROWN_EK8A2408_20_284_29_websize_1756898273.jpg,"Serving soft girl glamour with a bold edge, the Goddiva Bardot Corset Top in Cream is the ultimate luxe piece your wardrobe didnt know it needed. Featuring a sweetheart neckline and short wing sleeves that sit effortlessly off the shoulder, its giving romance with a sultry twist. The structured bodice includes elegant boning for a cinched, sculpted silhouette, finished with a statement metal V trim at the bust for that high-fashion feel. Designed in a dreamy cream hue that flatters every skin tone, this limited edition top pairs perfectly with tailored pants, satin skirts or denim for a look that goes from date night to cocktail hour with ease. The soft cream shade adds timeless elegance while staying fresh and feminine for summer and beyond.",Clothing,77,Goddiva (US),24726,Women's Trousers,201,https://images2.productserve.com/?w=200&h=200&bg=white&trim=5&t=letterbox&url=ssl%3Acdn.shopify.com%2Fs%2Ffiles%2F1%2F0487%2F8834%2F0899%2Ffiles%2FT242_CREAM_SK60_BROWN_EK8A2408_20_284_29_websize_1756898273.jpg&feedId=62769&k=7084b7aa2c4ad655d5aa1d9e38ac2309e6d7eac5,USD,,"Over $120 - Free Delivery, Less than $120 - $12",https://goddiva.us/products/bardot-corset-top-cream-by-goddiva,,,USD110,62769,Goddiva,1,,,,,,Womens,Tops & T-Shirts
https://www.awin1.com/pclick.php?p=42321597129&a=2771700&m=24726,Goddiva Bardot Corset Top - Cream,42321597129,T242-CREAM-8,https://cdn.shopify.com/s/files/1/0487/8834/0899/files/T242_CREAM_SK60_BROWN_EK8A2408_20_284_29_websize_1756898273.jpg,"Serving soft girl glamour with a bold edge, the Goddiva Bardot Corset Top in Cream is the ultimate luxe piece your wardrobe didnt know it needed. Featuring a sweetheart neckline and short wing sleeves that sit effortlessly off the shoulder, its giving romance with a sultry twist. The structured bodice includes elegant boning for a cinched, sculpted silhouette, finished with a statement metal V trim at the bust for that high-fashion feel. Designed in a dreamy cream hue that flatters every skin tone, this limited edition top pairs perfectly with tailored pants, satin skirts or denim for a look that goes from date night to cocktail hour with ease. The soft cream shade adds timeless elegance while staying fresh and feminine for summer and beyond.",Clothing,77,Goddiva (US),24726,Women's Trousers,201,https://images2.productserve.com/?w=200&h=200&bg=white&trim=5&t=letterbox&url=ssl%3Acdn.shopify.com%2Fs%2Ffiles%2F1%2F0487%2F8834%2F0899%2Ffiles%2FT242_CREAM_SK60_BROWN_EK8A2408_20_284_29_websize_1756898273.jpg&feedId=62769&k=7084b7aa2c4ad655d5aa1d9e38ac2309e6d7eac5,USD,,"Over $120 - Free Delivery, Less than $120 - $12",https://goddiva.us/products/bardot-corset-top-cream-by-goddiva,,,USD110,62769,Goddiva,1,,,,,,Womens,Tops & T-Shirts
https://www.awin1.com/pclick.php?p=42321597130&a=2771700&m=24726,Goddiva Bardot Corset Top - Cream,42321597130,T242-CREAM-10,https://cdn.shopify.com/s/files/1/0487/8834/0899/files/T242_CREAM_SK60_BROWN_EK8A2408_20_284_29_websize_1756898273.jpg,"Serving soft girl glamour with a bold edge, the Goddiva Bardot Corset Top in Cream is the ultimate luxe piece your wardrobe didnt know it needed. Featuring a sweetheart neckline and short wing sleeves that sit effortlessly off the shoulder, its giving romance with a sultry twist. The structured bodice includes elegant boning for a cinched, sculpted silhouette, finished with a statement metal V trim at the bust for that high-fashion feel. Designed in a dreamy cream hue that flatters every skin tone, this limited edition top pairs perfectly with tailored pants, satin skirts or denim for a look that goes from date night to cocktail hour with ease. The soft cream shade adds timeless elegance while staying fresh and feminine for summer and beyond.",Clothing,77,Goddiva (US),24726,Women's Trousers,201,https://images2.productserve.com/?w=200&h=200&bg=white&trim=5&t=letterbox&url=ssl%3Acdn.shopify.com%2Fs%2Ffiles%2F1%2F0487%2F8834%2F0899%2Ffiles%2FT242_CREAM_SK60_BROWN_EK8A2408_20_284_29_websize_1756898273.jpg&feedId=62769&k=7084b7aa2c4ad655d5aa1d9e38ac2309e6d7eac5,USD,,"Over $120 - Free Delivery, Less than $120 - $12",https://goddiva.us/products/bardot-corset-top-cream-by-goddiva,,,USD110,62769,Goddiva,1,,,,,,Womens,Tops & T-Shirts
https://www.awin1.com/pclick.php?p=42321597131&a=2771700&m=24726,Goddiva Bardot Corset Top - Cream,42321597131,T242-CREAM-12,https://cdn.shopify.com/s/files/1/0487/8834/0899/files/T242_CREAM_SK60_BROWN_EK8A2408_20_284_29_websize_1756898273.jpg,"Serving soft girl glamour with a bold edge, the Goddiva Bardot Corset Top in Cream is the ultimate luxe piece your wardrobe didnt know it needed. Featuring a sweetheart neckline and short wing sleeves that sit effortlessly off the shoulder, its giving romance with a sultry twist. The structured bodice includes elegant boning for a cinched, sculpted silhouette, finished with a statement metal V trim at the bust for that high-fashion feel. Designed in a dreamy cream hue that flatters every skin tone, this limited edition top pairs perfectly with tailored pants, satin skirts or denim for a look that goes from date night to cocktail hour with ease. The soft cream shade adds timeless elegance while staying fresh and feminine for summer and beyond.",Clothing,77,Goddiva (US),24726,Women's Trousers,201,https://images2.productserve.com/?w=200&h=200&bg=white&trim=5&t=letterbox&url=ssl%3Acdn.shopify.com%2Fs%2Ffiles%2F1%2F0487%2F8834%2F0899%2Ffiles%2FT242_CREAM_SK60_BROWN_EK8A2408_20_284_29_websize_1756898273.jpg&feedId=62769&k=7084b7aa2c4ad655d5aa1d9e38ac2309e6d7eac5,USD,,"Over $120 - Free Delivery, Less than $120 - $12",https://goddiva.us/products/bardot-corset-top-cream-by-goddiva,,,USD110,62769,Goddiva,1,,,,,,Womens,Tops & T-Shirts