aw_deep_link,product_name,aw_product_id,merchant_product_id,merchant_image_url,description,merchant_category,search_price,merchant_name,merchant_id,category_name,category_id,aw_image_url,currency,store_price,delivery_cost,merchant_deep_link,language,last_updated,display_price,data_feed_id,brand_name,in_stock,large_image,alternate_image,alternate_image_two,alternate_image_four,alternate_image_three,gender_added,category_added
https://www.awin1.com/pclick.php?p=37670171198&a=2771700&m=24726,City Goddess Wrap Front Maxi Slip Dress With Waist Tie-Up - Cloudy Blue,37670171198,DR2250C-BLUE-6,https://cdn.shopify.com/s/files/1/0487/8834/0899/files/DR2250_BLUE_18030_front_1773416146.jpg,"Introducing the epitome of ethereal beauty: the Wrap Front Maxi Slip Dress With Waist Tie-Up in Cloudy Blue from Goddiva. This enchanting dress exudes a sense of timeless grace and sophistication, perfect for any special occasion. Crafted with meticulous attention to detail, this dress features a flattering wrap front design that delicately accentuates your curves while offering a comfortable and adjustable fit. The dreamy cloudy blue hue evokes the serenity of a summer sky, infusing your look with a sense of tranquility and elegance. The maxi length adds a touch of drama and elegance, while the waist tie-up detail allows you to cinch in your waist for a flattering silhouette. Whether you're attending a wedding, a cocktail party, or a romantic dinner, this dress is sure to make a lasting impression. Elevate your look with the Wrap Front Maxi Slip Dress With Waist Tie-Up in Cloudy Blue from Goddiva, and embrace the beauty of timeless elegance with every step you take.",Dresses,76,Goddiva,24726,Women's Dresses & Skirts,198,https://images2.productserve.com/?w=200&h=200&bg=white&trim=5&t=letterbox&url=ssl%3Acdn.shopify.com%2Fs%2Ffiles%2F1%2F0487%2F8834%2F0899%2Ffiles%2FDR2250_BLUE_18030_front_1773416146.jpg&feedId=62769&k=0a1dc0b68bafc2fa62795036953d0926bb877294,USD,,"Over $120 - Free Delivery, Less than $120 - $12",https://goddiva.us/products/city-goddess-wrap-front-maxi-slip-dress-with-waist-tie-up-cloudy-blue,,,USD110,62769,City Goddess,1,,,,,,Womens,Dresses
https://www.awin1.com/pclick.php?p=37670171199&a=2771700&m=24726,City Goddess Wrap Front Maxi Slip Dress With Waist Tie-Up - Cloudy Blue,37670171199,DR2250C-BLUE-8,https://cdn.shopify.com/s/files/1/0487/8834/0899/files/DR2250_BLUE_18030_front_1773416146.jpg,"Introducing the epitome of ethereal beauty: the Wrap Front Maxi Slip Dress With Waist Tie-Up in Cloudy Blue from Goddiva. This enchanting dress exudes a sense of timeless grace and sophistication, perfect for any special occasion. Crafted with meticulous attention to detail, this dress features a flattering wrap front design that delicately accentuates your curves while offering a comfortable and adjustable fit. The dreamy cloudy blue hue evokes the serenity of a summer sky, infusing your look with a sense of tranquility and elegance. The maxi length adds a touch of drama and elegance, while the waist tie-up detail allows you to cinch in your waist for a flattering silhouette. Whether you're attending a wedding, a cocktail party, or a romantic dinner, this dress is sure to make a lasting impression. Elevate your look with the Wrap Front Maxi Slip Dress With Waist Tie-Up in Cloudy Blue from Goddiva, and embrace the beauty of timeless elegance with every step you take.",Dresses,76,Goddiva,24726,Women's Dresses & Skirts,198,https://images2.productserve.com/?w=200&h=200&bg=white&trim=5&t=letterbox&url=ssl%3Acdn.shopify.com%2Fs%2Ffiles%2F1%2F0487%2F8834%2F0899%2Ffiles%2FDR2250_BLUE_18030_front_1773416146.jpg&feedId=62769&k=0a1dc0b68bafc2fa62795036953d0926bb877294,USD,,"Over $120 - Free Delivery, Less than $120 - $12",https://goddiva.us/products/city-goddess-wrap-front-maxi-slip-dress-with-waist-tie-up-cloudy-blue,,,USD110,62769,City Goddess,1,,,,,,Womens,Dresses
https://www.awin1.com/pclick.php?p=37670171201&a=2771700&m=24726,City Goddess Wrap Front Maxi Slip Dress With Waist Tie-Up - Cloudy Blue,37670171201,DR2250C-BLUE-12,https://cdn.shopify.com/s/files/1/0487/8834/0899/files/DR2250_BLUE_18030_front_1773416146.jpg,"Introducing the epitome of ethereal beauty: the Wrap Front Maxi Slip Dress With Waist Tie-Up in Cloudy Blue from Goddiva. This enchanting dress exudes a sense of timeless grace and sophistication, perfect for any special occasion. Crafted with meticulous attention to detail, this dress features a flattering wrap front design that delicately accentuates your curves while offering a comfortable and adjustable fit. The dreamy cloudy blue hue evokes the serenity of a summer sky, infusing your look with a sense of tranquility and elegance. The maxi length adds a touch of drama and elegance, while the waist tie-up detail allows you to cinch in your waist for a flattering silhouette. Whether you're attending a wedding, a cocktail party, or a romantic dinner, this dress is sure to make a lasting impression. Elevate your look with the Wrap Front Maxi Slip Dress With Waist Tie-Up in Cloudy Blue from Goddiva, and embrace the beauty of timeless elegance with every step you take.",Dresses,76,Goddiva,24726,Women's Dresses & Skirts,198,https://images2.productserve.com/?w=200&h=200&bg=white&trim=5&t=letterbox&url=ssl%3Acdn.shopify.com%2Fs%2Ffiles%2F1%2F0487%2F8834%2F0899%2Ffiles%2FDR2250_BLUE_18030_front_1773416146.jpg&feedId=62769&k=0a1dc0b68bafc2fa62795036953d0926bb877294,USD,,"Over $120 - Free Delivery, Less than $120 - $12",https://goddiva.us/products/city-goddess-wrap-front-maxi-slip-dress-with-waist-tie-up-cloudy-blue,,,USD110,62769,City Goddess,1,,,,,,Womens,Dresses
https://www.awin1.com/pclick.php?p=37670171200&a=2771700&m=24726,City Goddess Wrap Front Maxi Slip Dress With Waist Tie-Up - Cloudy Blue,37670171200,DR2250C-BLUE-10,https://cdn.shopify.com/s/files/1/0487/8834/0899/files/DR2250_BLUE_18030_front_1773416146.jpg,"Introducing the epitome of ethereal beauty: the Wrap Front Maxi Slip Dress With Waist Tie-Up in Cloudy Blue from Goddiva. This enchanting dress exudes a sense of timeless grace and sophistication, perfect for any special occasion. Crafted with meticulous attention to detail, this dress features a flattering wrap front design that delicately accentuates your curves while offering a comfortable and adjustable fit. The dreamy cloudy blue hue evokes the serenity of a summer sky, infusing your look with a sense of tranquility and elegance. The maxi length adds a touch of drama and elegance, while the waist tie-up detail allows you to cinch in your waist for a flattering silhouette. Whether you're attending a wedding, a cocktail party, or a romantic dinner, this dress is sure to make a lasting impression. Elevate your look with the Wrap Front Maxi Slip Dress With Waist Tie-Up in Cloudy Blue from Goddiva, and embrace the beauty of timeless elegance with every step you take.",Dresses,76,Goddiva,24726,Women's Dresses & Skirts,198,https://images2.productserve.com/?w=200&h=200&bg=white&trim=5&t=letterbox&url=ssl%3Acdn.shopify.com%2Fs%2Ffiles%2F1%2F0487%2F8834%2F0899%2Ffiles%2FDR2250_BLUE_18030_front_1773416146.jpg&feedId=62769&k=0a1dc0b68bafc2fa62795036953d0926bb877294,USD,,"Over $120 - Free Delivery, Less than $120 - $12",https://goddiva.us/products/city-goddess-wrap-front-maxi-slip-dress-with-waist-tie-up-cloudy-blue,,,USD110,62769,City Goddess,1,,,,,,Womens,Dresses
https://www.awin1.com/pclick.php?p=42524838297&a=2771700&m=24726,City Goddess Wrap Front Maxi Slip Dress With Waist Tie-Up - Cloudy Blue,42524838297,DR2250C-BLUE-2,https://cdn.shopify.com/s/files/1/0487/8834/0899/files/DR2250_BLUE_18030_front_1773416146.jpg,"Introducing the epitome of ethereal beauty: the Wrap Front Maxi Slip Dress With Waist Tie-Up in Cloudy Blue from Goddiva. This enchanting dress exudes a sense of timeless grace and sophistication, perfect for any special occasion. Crafted with meticulous attention to detail, this dress features a flattering wrap front design that delicately accentuates your curves while offering a comfortable and adjustable fit. The dreamy cloudy blue hue evokes the serenity of a summer sky, infusing your look with a sense of tranquility and elegance. The maxi length adds a touch of drama and elegance, while the waist tie-up detail allows you to cinch in your waist for a flattering silhouette. Whether you're attending a wedding, a cocktail party, or a romantic dinner, this dress is sure to make a lasting impression. Elevate your look with the Wrap Front Maxi Slip Dress With Waist Tie-Up in Cloudy Blue from Goddiva, and embrace the beauty of timeless elegance with every step you take.",Dresses,76,Goddiva,24726,Women's Dresses & Skirts,198,https://images2.productserve.com/?w=200&h=200&bg=white&trim=5&t=letterbox&url=ssl%3Acdn.shopify.com%2Fs%2Ffiles%2F1%2F0487%2F8834%2F0899%2Ffiles%2FDR2250_BLUE_18030_front_1773416146.jpg&feedId=62769&k=0a1dc0b68bafc2fa62795036953d0926bb877294,USD,,"Over $120 - Free Delivery, Less than $120 - $12",https://goddiva.us/products/city-goddess-wrap-front-maxi-slip-dress-with-waist-tie-up-cloudy-blue,,,USD110,62769,City Goddess,1,,,,,,Womens,Dresses
https://www.awin1.com/pclick.php?p=42524838298&a=2771700&m=24726,City Goddess Wrap Front Maxi Slip Dress With Waist Tie-Up - Cloudy Blue,42524838298,DR2250C-BLUE-4,https://cdn.shopify.com/s/files/1/0487/8834/0899/files/DR2250_BLUE_18030_front_1773416146.jpg,"Introducing the epitome of ethereal beauty: the Wrap Front Maxi Slip Dress With Waist Tie-Up in Cloudy Blue from Goddiva. This enchanting dress exudes a sense of timeless grace and sophistication, perfect for any special occasion. Crafted with meticulous attention to detail, this dress features a flattering wrap front design that delicately accentuates your curves while offering a comfortable and adjustable fit. The dreamy cloudy blue hue evokes the serenity of a summer sky, infusing your look with a sense of tranquility and elegance. The maxi length adds a touch of drama and elegance, while the waist tie-up detail allows you to cinch in your waist for a flattering silhouette. Whether you're attending a wedding, a cocktail party, or a romantic dinner, this dress is sure to make a lasting impression. Elevate your look with the Wrap Front Maxi Slip Dress With Waist Tie-Up in Cloudy Blue from Goddiva, and embrace the beauty of timeless elegance with every step you take.",Dresses,76,Goddiva,24726,Women's Dresses & Skirts,198,https://images2.productserve.com/?w=200&h=200&bg=white&trim=5&t=letterbox&url=ssl%3Acdn.shopify.com%2Fs%2Ffiles%2F1%2F0487%2F8834%2F0899%2Ffiles%2FDR2250_BLUE_18030_front_1773416146.jpg&feedId=62769&k=0a1dc0b68bafc2fa62795036953d0926bb877294,USD,,"Over $120 - Free Delivery, Less than $120 - $12",https://goddiva.us/products/city-goddess-wrap-front-maxi-slip-dress-with-waist-tie-up-cloudy-blue,,,USD110,62769,City Goddess,1,,,,,,Womens,Dresses
https://www.awin1.com/pclick.php?p=33215767141&a=2771700&m=24726,Goddiva Mesh & Lace Maxi With Scalloped Hem - Black,33215767141,DR3253-BLACK-14,https://cdn.shopify.com/s/files/1/0487/8834/0899/products/VQQPcwB5-11085.jpg,"This pretty embroidered mesh & lace maxi dress is perfect for your summer occasions. This is a beautiful lace maxi dress with a keyhole detail on the back and scalloped hem. It is perfect for a wedding or other special occasion, especially as a mother of the bride dress or bridesmaid gown. This evening dress can also be worn to any celebration that calls for something glamorous. Featuring an all-over embroidery pattern in deep hues of black and teamed with a scalloped hemline. With its figure flattering style, embroidered detailing and stunning black color this long evening dress is ticking all the boxes for all of your upcoming events. Whether it's for an unusual bridesmaids look, wedding guest or for the mother of the bride (or Groom) this dress will accompany you well. Teamed with the right accessories and shoes, this dress will serve you from day to night, season to season.",Dresses,89,Goddiva,24726,Women's Dresses & Skirts,198,https://images2.productserve.com/?w=200&h=200&bg=white&trim=5&t=letterbox&url=ssl%3Acdn.shopify.com%2Fs%2Ffiles%2F1%2F0487%2F8834%2F0899%2Fproducts%2FVQQPcwB5-11085.jpg&feedId=62769&k=a3e0e1d93c1945a05cd4180d955c44c397fed946,USD,,"Over $120 - Free Delivery, Less than $120 - $12",https://goddiva.us/products/goddiva-mesh-lace-maxi-with-scalloped-hem-black,,,USD178,62769,Goddiva,1,,,,,,Womens,Dresses
https://www.awin1.com/pclick.php?p=33215767135&a=2771700&m=24726,Goddiva Mesh & Lace Maxi With Scalloped Hem - Black,33215767135,DR3253-BLACK-8,https://cdn.shopify.com/s/files/1/0487/8834/0899/products/VQQPcwB5-11085.jpg,"This pretty embroidered mesh & lace maxi dress is perfect for your summer occasions. This is a beautiful lace maxi dress with a keyhole detail on the back and scalloped hem. It is perfect for a wedding or other special occasion, especially as a mother of the bride dress or bridesmaid gown. This evening dress can also be worn to any celebration that calls for something glamorous. Featuring an all-over embroidery pattern in deep hues of black and teamed with a scalloped hemline. With its figure flattering style, embroidered detailing and stunning black color this long evening dress is ticking all the boxes for all of your upcoming events. Whether it's for an unusual bridesmaids look, wedding guest or for the mother of the bride (or Groom) this dress will accompany you well. Teamed with the right accessories and shoes, this dress will serve you from day to night, season to season.",Dresses,89,Goddiva,24726,Women's Dresses & Skirts,198,https://images2.productserve.com/?w=200&h=200&bg=white&trim=5&t=letterbox&url=ssl%3Acdn.shopify.com%2Fs%2Ffiles%2F1%2F0487%2F8834%2F0899%2Fproducts%2FVQQPcwB5-11085.jpg&feedId=62769&k=a3e0e1d93c1945a05cd4180d955c44c397fed946,USD,,"Over $120 - Free Delivery, Less than $120 - $12",https://goddiva.us/products/goddiva-mesh-lace-maxi-with-scalloped-hem-black,,,USD178,62769,Goddiva,1,,,,,,Womens,Dresses
https://www.awin1.com/pclick.php?p=33215767139&a=2771700&m=24726,Goddiva Mesh & Lace Maxi With Scalloped Hem - Black,33215767139,DR3253-BLACK-12,https://cdn.shopify.com/s/files/1/0487/8834/0899/products/VQQPcwB5-11085.jpg,"This pretty embroidered mesh & lace maxi dress is perfect for your summer occasions. This is a beautiful lace maxi dress with a keyhole detail on the back and scalloped hem. It is perfect for a wedding or other special occasion, especially as a mother of the bride dress or bridesmaid gown. This evening dress can also be worn to any celebration that calls for something glamorous. Featuring an all-over embroidery pattern in deep hues of black and teamed with a scalloped hemline. With its figure flattering style, embroidered detailing and stunning black color this long evening dress is ticking all the boxes for all of your upcoming events. Whether it's for an unusual bridesmaids look, wedding guest or for the mother of the bride (or Groom) this dress will accompany you well. Teamed with the right accessories and shoes, this dress will serve you from day to night, season to season.",Dresses,89,Goddiva,24726,Women's Dresses & Skirts,198,https://images2.productserve.com/?w=200&h=200&bg=white&trim=5&t=letterbox&url=ssl%3Acdn.shopify.com%2Fs%2Ffiles%2F1%2F0487%2F8834%2F0899%2Fproducts%2FVQQPcwB5-11085.jpg&feedId=62769&k=a3e0e1d93c1945a05cd4180d955c44c397fed946,USD,,"Over $120 - Free Delivery, Less than $120 - $12",https://goddiva.us/products/goddiva-mesh-lace-maxi-with-scalloped-hem-black,,,USD178,62769,Goddiva,1,,,,,,Womens,Dresses
https://www.awin1.com/pclick.php?p=33215767137&a=2771700&m=24726,Goddiva Mesh & Lace Maxi With Scalloped Hem - Black,33215767137,DR3253-BLACK-10,https://cdn.shopify.com/s/files/1/0487/8834/0899/products/VQQPcwB5-11085.jpg,"This pretty embroidered mesh & lace maxi dress is perfect for your summer occasions. This is a beautiful lace maxi dress with a keyhole detail on the back and scalloped hem. It is perfect for a wedding or other special occasion, especially as a mother of the bride dress or bridesmaid gown. This evening dress can also be worn to any celebration that calls for something glamorous. Featuring an all-over embroidery pattern in deep hues of black and teamed with a scalloped hemline. With its figure flattering style, embroidered detailing and stunning black color this long evening dress is ticking all the boxes for all of your upcoming events. Whether it's for an unusual bridesmaids look, wedding guest or for the mother of the bride (or Groom) this dress will accompany you well. Teamed with the right accessories and shoes, this dress will serve you from day to night, season to season.",Dresses,89,Goddiva,24726,Women's Dresses & Skirts,198,https://images2.productserve.com/?w=200&h=200&bg=white&trim=5&t=letterbox&url=ssl%3Acdn.shopify.com%2Fs%2Ffiles%2F1%2F0487%2F8834%2F0899%2Fproducts%2FVQQPcwB5-11085.jpg&feedId=62769&k=a3e0e1d93c1945a05cd4180d955c44c397fed946,USD,,"Over $120 - Free Delivery, Less than $120 - $12",https://goddiva.us/products/goddiva-mesh-lace-maxi-with-scalloped-hem-black,,,USD178,62769,Goddiva,1,,,,,,Womens,Dresses
https://www.awin1.com/pclick.php?p=33948208881&a=2771700&m=24726,Goddiva Flutter Sleeve Printed Midi Dress - Leopard Print,33948208881,DR3462-LEOPARDPRINT-8,https://cdn.shopify.com/s/files/1/0487/8834/0899/files/DR3462_LeopardPrint_33142_front_1767705765.jpg,"Spring is right around the corner, so why not start getting in the mood for the season. This fresh new leopard print design from Goddiva is definitely one of the top picks for this upcoming season. This black wrap style flutter sleeve printed midi dress is the perfect choice for the season's occasions, be it for wedding guests, brunches, dinners, date nights or any semi-formal occasion, this multi color midi dress is for you. With its classically faultless leopard color, this floaty summer dress is also a perfect pick for holidays. Its all-over print brings a vibrant touch to this already elegant dress, not to mention its darling flutter sleeves which add a softer finish to this design. A wrap-style dress is most likely the most flattering of styles for a woman as it helps to show off that incredible figure, with the belt on the waist giving you the opportunity to indulge in showcasing your darling silhouette. Teamed with the right shoes and accessories, this printed dress will be your favourite thing in the whole wide world, so bring some life back to your wardrobe.",Dresses,56,Goddiva,24726,Women's Dresses & Skirts,198,https://images2.productserve.com/?w=200&h=200&bg=white&trim=5&t=letterbox&url=ssl%3Acdn.shopify.com%2Fs%2Ffiles%2F1%2F0487%2F8834%2F0899%2Ffiles%2FDR3462_LeopardPrint_33142_front_1767705765.jpg&feedId=62769&k=04303ef7fc34a6bbd18a179fab86f93f9fc4238e,USD,,"Over $120 - Free Delivery, Less than $120 - $12",https://goddiva.us/products/goddiva-flutter-sleeve-printed-midi-dress-leopard-print,,,USD56,62769,Goddiva,1,,,,,,Womens,Dresses
https://www.awin1.com/pclick.php?p=33948208885&a=2771700&m=24726,Goddiva Flutter Sleeve Printed Midi Dress - Leopard Print,33948208885,DR3462-LEOPARDPRINT-12,https://cdn.shopify.com/s/files/1/0487/8834/0899/files/DR3462_LeopardPrint_33142_front_1767705765.jpg,"Spring is right around the corner, so why not start getting in the mood for the season. This fresh new leopard print design from Goddiva is definitely one of the top picks for this upcoming season. This black wrap style flutter sleeve printed midi dress is the perfect choice for the season's occasions, be it for wedding guests, brunches, dinners, date nights or any semi-formal occasion, this multi color midi dress is for you. With its classically faultless leopard color, this floaty summer dress is also a perfect pick for holidays. Its all-over print brings a vibrant touch to this already elegant dress, not to mention its darling flutter sleeves which add a softer finish to this design. A wrap-style dress is most likely the most flattering of styles for a woman as it helps to show off that incredible figure, with the belt on the waist giving you the opportunity to indulge in showcasing your darling silhouette. Teamed with the right shoes and accessories, this printed dress will be your favourite thing in the whole wide world, so bring some life back to your wardrobe.",Dresses,56,Goddiva,24726,Women's Dresses & Skirts,198,https://images2.productserve.com/?w=200&h=200&bg=white&trim=5&t=letterbox&url=ssl%3Acdn.shopify.com%2Fs%2Ffiles%2F1%2F0487%2F8834%2F0899%2Ffiles%2FDR3462_LeopardPrint_33142_front_1767705765.jpg&feedId=62769&k=04303ef7fc34a6bbd18a179fab86f93f9fc4238e,USD,,"Over $120 - Free Delivery, Less than $120 - $12",https://goddiva.us/products/goddiva-flutter-sleeve-printed-midi-dress-leopard-print,,,USD56,62769,Goddiva,1,,,,,,Womens,Dresses
https://www.awin1.com/pclick.php?p=33948208883&a=2771700&m=24726,Goddiva Flutter Sleeve Printed Midi Dress - Leopard Print,33948208883,DR3462-LEOPARDPRINT-10,https://cdn.shopify.com/s/files/1/0487/8834/0899/files/DR3462_LeopardPrint_33142_front_1767705765.jpg,"Spring is right around the corner, so why not start getting in the mood for the season. This fresh new leopard print design from Goddiva is definitely one of the top picks for this upcoming season. This black wrap style flutter sleeve printed midi dress is the perfect choice for the season's occasions, be it for wedding guests, brunches, dinners, date nights or any semi-formal occasion, this multi color midi dress is for you. With its classically faultless leopard color, this floaty summer dress is also a perfect pick for holidays. Its all-over print brings a vibrant touch to this already elegant dress, not to mention its darling flutter sleeves which add a softer finish to this design. A wrap-style dress is most likely the most flattering of styles for a woman as it helps to show off that incredible figure, with the belt on the waist giving you the opportunity to indulge in showcasing your darling silhouette. Teamed with the right shoes and accessories, this printed dress will be your favourite thing in the whole wide world, so bring some life back to your wardrobe.",Dresses,56,Goddiva,24726,Women's Dresses & Skirts,198,https://images2.productserve.com/?w=200&h=200&bg=white&trim=5&t=letterbox&url=ssl%3Acdn.shopify.com%2Fs%2Ffiles%2F1%2F0487%2F8834%2F0899%2Ffiles%2FDR3462_LeopardPrint_33142_front_1767705765.jpg&feedId=62769&k=04303ef7fc34a6bbd18a179fab86f93f9fc4238e,USD,,"Over $120 - Free Delivery, Less than $120 - $12",https://goddiva.us/products/goddiva-flutter-sleeve-printed-midi-dress-leopard-print,,,USD56,62769,Goddiva,1,,,,,,Womens,Dresses
https://www.awin1.com/pclick.php?p=34075255379&a=2771700&m=24726,Goddiva Lurex Halterneck Pleated Maxi Dress - Purple,34075255379,DR3429-PURPLE-10,https://cdn.shopify.com/s/files/1/0487/8834/0899/files/DR3429-PURPLE_FRONT1_1712153033.jpg,"This gorgeous evening dress is the most stunning way to shine from day to night. Featuring a halter neck design, plunging neckline, pleated maxi skirt and sparkling fabric this purple will make you feel like a modern princess. This sparkling Lurex Halterneck Pleated Maxi dress is perfect for bridesmaids, prom and black tie events. The gorgeous design will get you so many compliments from the moment you slip it on; and since the color of this maxi is ravishing, you can wear it to any event, in any season. This dress is the perfect combination of comfort and elegance, designed with a figure-flattering silhouette to make you look your best. Wear this aubergine beauty to the next party or event and make heads turn!",Dresses,65,Goddiva,24726,Women's Dresses & Skirts,198,https://images2.productserve.com/?w=200&h=200&bg=white&trim=5&t=letterbox&url=ssl%3Acdn.shopify.com%2Fs%2Ffiles%2F1%2F0487%2F8834%2F0899%2Ffiles%2FDR3429-PURPLE_FRONT1_1712153033.jpg&feedId=62769&k=bdd3d3172e373dd88d2406ae9d25a866a440a3a2,USD,,"Over $120 - Free Delivery, Less than $120 - $12",https://goddiva.us/products/goddiva-lurex-halterneck-pleated-maxi-dress-purple,,,USD130,62769,Goddiva,1,,,,,,Womens,Dresses
https://www.awin1.com/pclick.php?p=34075255381&a=2771700&m=24726,Goddiva Lurex Halterneck Pleated Maxi Dress - Purple,34075255381,DR3429-PURPLE-12,https://cdn.shopify.com/s/files/1/0487/8834/0899/files/DR3429-PURPLE_FRONT1_1712153033.jpg,"This gorgeous evening dress is the most stunning way to shine from day to night. Featuring a halter neck design, plunging neckline, pleated maxi skirt and sparkling fabric this purple will make you feel like a modern princess. This sparkling Lurex Halterneck Pleated Maxi dress is perfect for bridesmaids, prom and black tie events. The gorgeous design will get you so many compliments from the moment you slip it on; and since the color of this maxi is ravishing, you can wear it to any event, in any season. This dress is the perfect combination of comfort and elegance, designed with a figure-flattering silhouette to make you look your best. Wear this aubergine beauty to the next party or event and make heads turn!",Dresses,65,Goddiva,24726,Women's Dresses & Skirts,198,https://images2.productserve.com/?w=200&h=200&bg=white&trim=5&t=letterbox&url=ssl%3Acdn.shopify.com%2Fs%2Ffiles%2F1%2F0487%2F8834%2F0899%2Ffiles%2FDR3429-PURPLE_FRONT1_1712153033.jpg&feedId=62769&k=bdd3d3172e373dd88d2406ae9d25a866a440a3a2,USD,,"Over $120 - Free Delivery, Less than $120 - $12",https://goddiva.us/products/goddiva-lurex-halterneck-pleated-maxi-dress-purple,,,USD130,62769,Goddiva,1,,,,,,Womens,Dresses
https://www.awin1.com/pclick.php?p=34075255377&a=2771700&m=24726,Goddiva Lurex Halterneck Pleated Maxi Dress - Purple,34075255377,DR3429-PURPLE-8,https://cdn.shopify.com/s/files/1/0487/8834/0899/files/DR3429-PURPLE_FRONT1_1712153033.jpg,"This gorgeous evening dress is the most stunning way to shine from day to night. Featuring a halter neck design, plunging neckline, pleated maxi skirt and sparkling fabric this purple will make you feel like a modern princess. This sparkling Lurex Halterneck Pleated Maxi dress is perfect for bridesmaids, prom and black tie events. The gorgeous design will get you so many compliments from the moment you slip it on; and since the color of this maxi is ravishing, you can wear it to any event, in any season. This dress is the perfect combination of comfort and elegance, designed with a figure-flattering silhouette to make you look your best. Wear this aubergine beauty to the next party or event and make heads turn!",Dresses,65,Goddiva,24726,Women's Dresses & Skirts,198,https://images2.productserve.com/?w=200&h=200&bg=white&trim=5&t=letterbox&url=ssl%3Acdn.shopify.com%2Fs%2Ffiles%2F1%2F0487%2F8834%2F0899%2Ffiles%2FDR3429-PURPLE_FRONT1_1712153033.jpg&feedId=62769&k=bdd3d3172e373dd88d2406ae9d25a866a440a3a2,USD,,"Over $120 - Free Delivery, Less than $120 - $12",https://goddiva.us/products/goddiva-lurex-halterneck-pleated-maxi-dress-purple,,,USD130,62769,Goddiva,1,,,,,,Womens,Dresses
https://www.awin1.com/pclick.php?p=34129854647&a=2771700&m=24726,Goddiva Contrast Sequin Long Sleeve Midi Dress - Purple,34129854647,DR3607-PURPLE-8,https://cdn.shopify.com/s/files/1/0487/8834/0899/files/DR3607_PURPLE_1602_front_1763479530.jpg,"This contrast sequin long sleeve midi dress looks like a million bucks. It fits your shape and is super flattering. The sequins sparkle and add the perfect amount of sparkle to any evening or party occasion. This purple sparkling number is perfect for a night on the town, a night out with your girls, or a special get together. This dress features a sequin embellished bodice and long sleeve midi length. The only thing missing is your dancing shoes! A glitzy sequin long sleeve midi dress to shine the night away. Flaunt a gorgeous evening look with this special occasion dress featuring a sequin-embellished neckline, and an allover sequin pattern that glistens with silver sparkle. The bodycon silhouette enhances your curves. Pair this aubergine sexy number with sky high heels and a clutch bag for an elegant look.",Dresses,85,Goddiva,24726,Women's Dresses & Skirts,198,https://images2.productserve.com/?w=200&h=200&bg=white&trim=5&t=letterbox&url=ssl%3Acdn.shopify.com%2Fs%2Ffiles%2F1%2F0487%2F8834%2F0899%2Ffiles%2FDR3607_PURPLE_1602_front_1763479530.jpg&feedId=62769&k=9bf523cd884f32a62d47dc49e72da8ddc5547319,USD,,"Over $120 - Free Delivery, Less than $120 - $12",https://goddiva.us/products/goddiva-contrast-sequin-long-sleeve-midi-dress-purple,,,USD170,62769,Goddiva,1,,,,,,Womens,Dresses
https://www.awin1.com/pclick.php?p=34129854651&a=2771700&m=24726,Goddiva Contrast Sequin Long Sleeve Midi Dress - Purple,34129854651,DR3607-PURPLE-12,https://cdn.shopify.com/s/files/1/0487/8834/0899/files/DR3607_PURPLE_1602_front_1763479530.jpg,"This contrast sequin long sleeve midi dress looks like a million bucks. It fits your shape and is super flattering. The sequins sparkle and add the perfect amount of sparkle to any evening or party occasion. This purple sparkling number is perfect for a night on the town, a night out with your girls, or a special get together. This dress features a sequin embellished bodice and long sleeve midi length. The only thing missing is your dancing shoes! A glitzy sequin long sleeve midi dress to shine the night away. Flaunt a gorgeous evening look with this special occasion dress featuring a sequin-embellished neckline, and an allover sequin pattern that glistens with silver sparkle. The bodycon silhouette enhances your curves. Pair this aubergine sexy number with sky high heels and a clutch bag for an elegant look.",Dresses,85,Goddiva,24726,Women's Dresses & Skirts,198,https://images2.productserve.com/?w=200&h=200&bg=white&trim=5&t=letterbox&url=ssl%3Acdn.shopify.com%2Fs%2Ffiles%2F1%2F0487%2F8834%2F0899%2Ffiles%2FDR3607_PURPLE_1602_front_1763479530.jpg&feedId=62769&k=9bf523cd884f32a62d47dc49e72da8ddc5547319,USD,,"Over $120 - Free Delivery, Less than $120 - $12",https://goddiva.us/products/goddiva-contrast-sequin-long-sleeve-midi-dress-purple,,,USD170,62769,Goddiva,1,,,,,,Womens,Dresses
https://www.awin1.com/pclick.php?p=34129854649&a=2771700&m=24726,Goddiva Contrast Sequin Long Sleeve Midi Dress - Purple,34129854649,DR3607-PURPLE-10,https://cdn.shopify.com/s/files/1/0487/8834/0899/files/DR3607_PURPLE_1602_front_1763479530.jpg,"This contrast sequin long sleeve midi dress looks like a million bucks. It fits your shape and is super flattering. The sequins sparkle and add the perfect amount of sparkle to any evening or party occasion. This purple sparkling number is perfect for a night on the town, a night out with your girls, or a special get together. This dress features a sequin embellished bodice and long sleeve midi length. The only thing missing is your dancing shoes! A glitzy sequin long sleeve midi dress to shine the night away. Flaunt a gorgeous evening look with this special occasion dress featuring a sequin-embellished neckline, and an allover sequin pattern that glistens with silver sparkle. The bodycon silhouette enhances your curves. Pair this aubergine sexy number with sky high heels and a clutch bag for an elegant look.",Dresses,85,Goddiva,24726,Women's Dresses & Skirts,198,https://images2.productserve.com/?w=200&h=200&bg=white&trim=5&t=letterbox&url=ssl%3Acdn.shopify.com%2Fs%2Ffiles%2F1%2F0487%2F8834%2F0899%2Ffiles%2FDR3607_PURPLE_1602_front_1763479530.jpg&feedId=62769&k=9bf523cd884f32a62d47dc49e72da8ddc5547319,USD,,"Over $120 - Free Delivery, Less than $120 - $12",https://goddiva.us/products/goddiva-contrast-sequin-long-sleeve-midi-dress-purple,,,USD170,62769,Goddiva,1,,,,,,Womens,Dresses
https://www.awin1.com/pclick.php?p=34152407429&a=2771700&m=24726,Goddiva Bandeau Sequin & Velvet Midi Dress - Navy,34152407429,DR3718-NAVY-12,https://cdn.shopify.com/s/files/1/0487/8834/0899/files/DR3718_NAVY_5902_front_1752053839.jpg,"This versatile midi dress is perfect for the party season! The shiny navy sequin and velvet fabric is so elegant and stylish, it's the ultimate party dress to turn heads anywhere you go. This sparkly blue number is a perfect go-to party dress for many occasions. Whether it is date night or a party, you will be the centre of attention. Pair with your favourite heels, hair up or down - this dress can be styled in a multitude of ways.",Dresses,56,Goddiva,24726,Women's Dresses & Skirts,198,https://images2.productserve.com/?w=200&h=200&bg=white&trim=5&t=letterbox&url=ssl%3Acdn.shopify.com%2Fs%2Ffiles%2F1%2F0487%2F8834%2F0899%2Ffiles%2FDR3718_NAVY_5902_front_1752053839.jpg&feedId=62769&k=48e84b7d2109991b9b46aa85149d1a027864a275,USD,,"Over $120 - Free Delivery, Less than $120 - $12",https://goddiva.us/products/goddiva-bandeau-sequin-velvet-midi-dress-navy,,,USD96,62769,Goddiva,1,,,,,,Womens,Dresses
https://www.awin1.com/pclick.php?p=34152407425&a=2771700&m=24726,Goddiva Bandeau Sequin & Velvet Midi Dress - Navy,34152407425,DR3718-NAVY-8,https://cdn.shopify.com/s/files/1/0487/8834/0899/files/DR3718_NAVY_5902_front_1752053839.jpg,"This versatile midi dress is perfect for the party season! The shiny navy sequin and velvet fabric is so elegant and stylish, it's the ultimate party dress to turn heads anywhere you go. This sparkly blue number is a perfect go-to party dress for many occasions. Whether it is date night or a party, you will be the centre of attention. Pair with your favourite heels, hair up or down - this dress can be styled in a multitude of ways.",Dresses,56,Goddiva,24726,Women's Dresses & Skirts,198,https://images2.productserve.com/?w=200&h=200&bg=white&trim=5&t=letterbox&url=ssl%3Acdn.shopify.com%2Fs%2Ffiles%2F1%2F0487%2F8834%2F0899%2Ffiles%2FDR3718_NAVY_5902_front_1752053839.jpg&feedId=62769&k=48e84b7d2109991b9b46aa85149d1a027864a275,USD,,"Over $120 - Free Delivery, Less than $120 - $12",https://goddiva.us/products/goddiva-bandeau-sequin-velvet-midi-dress-navy,,,USD96,62769,Goddiva,1,,,,,,Womens,Dresses
https://www.awin1.com/pclick.php?p=34152407427&a=2771700&m=24726,Goddiva Bandeau Sequin & Velvet Midi Dress - Navy,34152407427,DR3718-NAVY-10,https://cdn.shopify.com/s/files/1/0487/8834/0899/files/DR3718_NAVY_5902_front_1752053839.jpg,"This versatile midi dress is perfect for the party season! The shiny navy sequin and velvet fabric is so elegant and stylish, it's the ultimate party dress to turn heads anywhere you go. This sparkly blue number is a perfect go-to party dress for many occasions. Whether it is date night or a party, you will be the centre of attention. Pair with your favourite heels, hair up or down - this dress can be styled in a multitude of ways.",Dresses,56,Goddiva,24726,Women's Dresses & Skirts,198,https://images2.productserve.com/?w=200&h=200&bg=white&trim=5&t=letterbox&url=ssl%3Acdn.shopify.com%2Fs%2Ffiles%2F1%2F0487%2F8834%2F0899%2Ffiles%2FDR3718_NAVY_5902_front_1752053839.jpg&feedId=62769&k=48e84b7d2109991b9b46aa85149d1a027864a275,USD,,"Over $120 - Free Delivery, Less than $120 - $12",https://goddiva.us/products/goddiva-bandeau-sequin-velvet-midi-dress-navy,,,USD96,62769,Goddiva,1,,,,,,Womens,Dresses
https://www.awin1.com/pclick.php?p=34248095927&a=2771700&m=24726,Goddiva Long Sleeve Sequin Flame Midi Dress - Navy,34248095927,DR3605-NAVY-8,https://cdn.shopify.com/s/files/1/0487/8834/0899/files/39158_1726675137.jpg,"This show-stopping, sequin-embellished party dress has a flattering, feminine fit. The long sleeves and round neckline look great with or without a jacket for winter. This blue long sleeve sequin flame midi dress is a gorgeous dress that can be worn to parties and special occasions. As a party, wedding guest, date night, birthday party, this sparkling dress will look stunning and shine in all the right places. If you want to feel confident and comfortable at any event then this sequin midi party dress is for you! This navy with emerald detailing sequin design is bold yet flirty and will be the talk of any party. Wear it with heels for a night out on the town.",Dresses,75,Goddiva,24726,Women's Dresses & Skirts,198,https://images2.productserve.com/?w=200&h=200&bg=white&trim=5&t=letterbox&url=ssl%3Acdn.shopify.com%2Fs%2Ffiles%2F1%2F0487%2F8834%2F0899%2Ffiles%2F39158_1726675137.jpg&feedId=62769&k=d047b0623946f06e70ed5eb408495bf37dc24ab2,USD,,"Over $120 - Free Delivery, Less than $120 - $12",https://goddiva.us/products/goddiva-long-sleeve-sequin-flame-midi-dress-navy,,,USD150,62769,Goddiva,1,,,,,,Womens,Dresses
https://www.awin1.com/pclick.php?p=34248095917&a=2771700&m=24726,Goddiva Long Sleeve Sequin Flame Midi Dress - Black,34248095917,DR3605-BLACK-10,https://cdn.shopify.com/s/files/1/0487/8834/0899/files/39156_1726674939.jpg,"This show-stopping, sequin-embellished party dress has a flattering, feminine fit. The long sleeves and round neckline look great with or without a jacket for winter. This black long sleeve sequin flame midi dress is a gorgeous dress that can be worn to parties and special occasions. As a party, wedding guest, date night, birthday party, this sparkling dress will look stunning and shine in all the right places. If you want to feel confident and comfortable at any event then this sequin midi party dress is for you! This black with gold detailing sequin design is bold yet flirty and will be the talk of any party. Wear it with heels for a night out on the town.",Dresses,75,Goddiva,24726,Women's Dresses & Skirts,198,https://images2.productserve.com/?w=200&h=200&bg=white&trim=5&t=letterbox&url=ssl%3Acdn.shopify.com%2Fs%2Ffiles%2F1%2F0487%2F8834%2F0899%2Ffiles%2F39156_1726674939.jpg&feedId=62769&k=ab68064fd15b5684787f8292e682bc73a7060905,USD,,"Over $120 - Free Delivery, Less than $120 - $12",https://goddiva.us/products/goddiva-long-sleeve-sequin-flame-midi-dress-black,,,USD150,62769,Goddiva,1,,,,,,Womens,Dresses
https://www.awin1.com/pclick.php?p=34248095929&a=2771700&m=24726,Goddiva Long Sleeve Sequin Flame Midi Dress - Navy,34248095929,DR3605-NAVY-10,https://cdn.shopify.com/s/files/1/0487/8834/0899/files/39158_1726675137.jpg,"This show-stopping, sequin-embellished party dress has a flattering, feminine fit. The long sleeves and round neckline look great with or without a jacket for winter. This blue long sleeve sequin flame midi dress is a gorgeous dress that can be worn to parties and special occasions. As a party, wedding guest, date night, birthday party, this sparkling dress will look stunning and shine in all the right places. If you want to feel confident and comfortable at any event then this sequin midi party dress is for you! This navy with emerald detailing sequin design is bold yet flirty and will be the talk of any party. Wear it with heels for a night out on the town.",Dresses,75,Goddiva,24726,Women's Dresses & Skirts,198,https://images2.productserve.com/?w=200&h=200&bg=white&trim=5&t=letterbox&url=ssl%3Acdn.shopify.com%2Fs%2Ffiles%2F1%2F0487%2F8834%2F0899%2Ffiles%2F39158_1726675137.jpg&feedId=62769&k=d047b0623946f06e70ed5eb408495bf37dc24ab2,USD,,"Over $120 - Free Delivery, Less than $120 - $12",https://goddiva.us/products/goddiva-long-sleeve-sequin-flame-midi-dress-navy,,,USD150,62769,Goddiva,1,,,,,,Womens,Dresses
https://www.awin1.com/pclick.php?p=34248095933&a=2771700&m=24726,Goddiva Long Sleeve Sequin Flame Midi Dress - Navy,34248095933,DR3605-NAVY-14,https://cdn.shopify.com/s/files/1/0487/8834/0899/files/39158_1726675137.jpg,"This show-stopping, sequin-embellished party dress has a flattering, feminine fit. The long sleeves and round neckline look great with or without a jacket for winter. This blue long sleeve sequin flame midi dress is a gorgeous dress that can be worn to parties and special occasions. As a party, wedding guest, date night, birthday party, this sparkling dress will look stunning and shine in all the right places. If you want to feel confident and comfortable at any event then this sequin midi party dress is for you! This navy with emerald detailing sequin design is bold yet flirty and will be the talk of any party. Wear it with heels for a night out on the town.",Dresses,75,Goddiva,24726,Women's Dresses & Skirts,198,https://images2.productserve.com/?w=200&h=200&bg=white&trim=5&t=letterbox&url=ssl%3Acdn.shopify.com%2Fs%2Ffiles%2F1%2F0487%2F8834%2F0899%2Ffiles%2F39158_1726675137.jpg&feedId=62769&k=d047b0623946f06e70ed5eb408495bf37dc24ab2,USD,,"Over $120 - Free Delivery, Less than $120 - $12",https://goddiva.us/products/goddiva-long-sleeve-sequin-flame-midi-dress-navy,,,USD150,62769,Goddiva,1,,,,,,Womens,Dresses
https://www.awin1.com/pclick.php?p=34248095915&a=2771700&m=24726,Goddiva Long Sleeve Sequin Flame Midi Dress - Black,34248095915,DR3605-BLACK-8,https://cdn.shopify.com/s/files/1/0487/8834/0899/files/39156_1726674939.jpg,"This show-stopping, sequin-embellished party dress has a flattering, feminine fit. The long sleeves and round neckline look great with or without a jacket for winter. This black long sleeve sequin flame midi dress is a gorgeous dress that can be worn to parties and special occasions. As a party, wedding guest, date night, birthday party, this sparkling dress will look stunning and shine in all the right places. If you want to feel confident and comfortable at any event then this sequin midi party dress is for you! This black with gold detailing sequin design is bold yet flirty and will be the talk of any party. Wear it with heels for a night out on the town.",Dresses,75,Goddiva,24726,Women's Dresses & Skirts,198,https://images2.productserve.com/?w=200&h=200&bg=white&trim=5&t=letterbox&url=ssl%3Acdn.shopify.com%2Fs%2Ffiles%2F1%2F0487%2F8834%2F0899%2Ffiles%2F39156_1726674939.jpg&feedId=62769&k=ab68064fd15b5684787f8292e682bc73a7060905,USD,,"Over $120 - Free Delivery, Less than $120 - $12",https://goddiva.us/products/goddiva-long-sleeve-sequin-flame-midi-dress-black,,,USD150,62769,Goddiva,1,,,,,,Womens,Dresses
https://www.awin1.com/pclick.php?p=34248095919&a=2771700&m=24726,Goddiva Long Sleeve Sequin Flame Midi Dress - Black,34248095919,DR3605-BLACK-12,https://cdn.shopify.com/s/files/1/0487/8834/0899/files/39156_1726674939.jpg,"This show-stopping, sequin-embellished party dress has a flattering, feminine fit. The long sleeves and round neckline look great with or without a jacket for winter. This black long sleeve sequin flame midi dress is a gorgeous dress that can be worn to parties and special occasions. As a party, wedding guest, date night, birthday party, this sparkling dress will look stunning and shine in all the right places. If you want to feel confident and comfortable at any event then this sequin midi party dress is for you! This black with gold detailing sequin design is bold yet flirty and will be the talk of any party. Wear it with heels for a night out on the town.",Dresses,75,Goddiva,24726,Women's Dresses & Skirts,198,https://images2.productserve.com/?w=200&h=200&bg=white&trim=5&t=letterbox&url=ssl%3Acdn.shopify.com%2Fs%2Ffiles%2F1%2F0487%2F8834%2F0899%2Ffiles%2F39156_1726674939.jpg&feedId=62769&k=ab68064fd15b5684787f8292e682bc73a7060905,USD,,"Over $120 - Free Delivery, Less than $120 - $12",https://goddiva.us/products/goddiva-long-sleeve-sequin-flame-midi-dress-black,,,USD150,62769,Goddiva,1,,,,,,Womens,Dresses
https://www.awin1.com/pclick.php?p=34248095931&a=2771700&m=24726,Goddiva Long Sleeve Sequin Flame Midi Dress - Navy,34248095931,DR3605-NAVY-12,https://cdn.shopify.com/s/files/1/0487/8834/0899/files/39158_1726675137.jpg,"This show-stopping, sequin-embellished party dress has a flattering, feminine fit. The long sleeves and round neckline look great with or without a jacket for winter. This blue long sleeve sequin flame midi dress is a gorgeous dress that can be worn to parties and special occasions. As a party, wedding guest, date night, birthday party, this sparkling dress will look stunning and shine in all the right places. If you want to feel confident and comfortable at any event then this sequin midi party dress is for you! This navy with emerald detailing sequin design is bold yet flirty and will be the talk of any party. Wear it with heels for a night out on the town.",Dresses,75,Goddiva,24726,Women's Dresses & Skirts,198,https://images2.productserve.com/?w=200&h=200&bg=white&trim=5&t=letterbox&url=ssl%3Acdn.shopify.com%2Fs%2Ffiles%2F1%2F0487%2F8834%2F0899%2Ffiles%2F39158_1726675137.jpg&feedId=62769&k=d047b0623946f06e70ed5eb408495bf37dc24ab2,USD,,"Over $120 - Free Delivery, Less than $120 - $12",https://goddiva.us/products/goddiva-long-sleeve-sequin-flame-midi-dress-navy,,,USD150,62769,Goddiva,1,,,,,,Womens,Dresses
https://www.awin1.com/pclick.php?p=34368908689&a=2771700&m=24726,Goddiva Sequin Cowl Neck Midi Dress - Silver,34368908689,DR3497-SILVER-10,https://cdn.shopify.com/s/files/1/0487/8834/0899/files/DR3497_SILVER_4271_front_1750088375.jpg,"Get into the party mood with this scrumptious sequin cowl neck midi from Goddiva. This sensational glistening party number is here to get the spotlight on you. In its stunning silver color, this shimmering number is the perfect pick for this season's events. Team with your fave heels to your next event, whether it's a work Christmas party, night out with friends, wedding guests or a special date night, this affordable dress will see you through. Featuring a cowl neckline and bodycon skirt, this short style can be worn on the shoulder, off the shoulder or on one shoulder, get a different look each time to step into this stretchy gray shimmering number and have them gasping each time you walk into a room.",Dresses,65,Goddiva,24726,Women's Dresses & Skirts,198,https://images2.productserve.com/?w=200&h=200&bg=white&trim=5&t=letterbox&url=ssl%3Acdn.shopify.com%2Fs%2Ffiles%2F1%2F0487%2F8834%2F0899%2Ffiles%2FDR3497_SILVER_4271_front_1750088375.jpg&feedId=62769&k=77df9d8ba21dfa048abe5df65475f632b35a402a,USD,,"Over $120 - Free Delivery, Less than $120 - $12",https://goddiva.us/products/goddiva-sequin-cowl-neck-midi-dress-silver,,,USD130,62769,Goddiva,1,,,,,,Womens,Dresses
https://www.awin1.com/pclick.php?p=34396331855&a=2771700&m=24726,Goddiva Sequin Lurex Flutter Sleeve Maxi Dress - Silver,34396331855,DR3680-SILVER-8,https://cdn.shopify.com/s/files/1/0487/8834/0899/files/DR3680_SILVER_FRONT_1713359757.jpg,"The Sequin Lurex Flutter Sleeve Maxi Dress from Goddiva is the perfect occasion wear dress for this season's soirees. The wrap style v-neckline with flutter sleeves and a-line skirt makes it ideal for both day and night occasions, while the sequin and lurex finish adds an extra touch of glamour to create a look that's pretty yet powerful. This silver long dress is a brilliant and bold choice for bridesmaids; this dress will make your girls shine at the wedding.  It is decorated with sequins and lurex fabric to create a striking and sparkly effect making this gray occasion dress not only perfect for bridesmaids but also for prom, black tie events, mother of the bride (or groom) and so many other functions. Style this maxi dress with strappy sandals and a statement necklace to finish the look.",Dresses,96,Goddiva,24726,Women's Dresses & Skirts,198,https://images2.productserve.com/?w=200&h=200&bg=white&trim=5&t=letterbox&url=ssl%3Acdn.shopify.com%2Fs%2Ffiles%2F1%2F0487%2F8834%2F0899%2Ffiles%2FDR3680_SILVER_FRONT_1713359757.jpg&feedId=62769&k=370f74a9f630a53a97fb0177d2ad55142c412899,USD,,"Over $120 - Free Delivery, Less than $120 - $12",https://goddiva.us/products/goddiva-sequin-lurex-flutter-sleeve-maxi-dress-silver,,,USD156,62769,Goddiva,1,,,,,,Womens,Dresses
https://www.awin1.com/pclick.php?p=34368908677&a=2771700&m=24726,Goddiva Sequin Cowl Neck Midi Dress - Royal Blue,34368908677,DR3497-ROYALBLUE-8,https://cdn.shopify.com/s/files/1/0487/8834/0899/files/DR3497_ROYALBLUE_4320_front_1750088205.jpg,"Get into the party mood with this scrumptious sequin cowl neck midi from Goddiva. This sensational glistening party number is here to get the spotlight on you. In its stunning royal blue color, this shimmering number is the perfect pick for this season's events. Team with your fave heels to your next event, whether it's a work Christmas party, night out with friends, wedding guests or a special date night, this affordable dress will see you through. Featuring a cowl neckline and bodycon skirt, this short style can be worn on the shoulder, off the shoulder or on one shoulder, get a different look each time to step into this stretchy bold blue shimmering number and have them gasping each time you walk into a room.",Dresses,65,Goddiva,24726,Women's Dresses & Skirts,198,https://images2.productserve.com/?w=200&h=200&bg=white&trim=5&t=letterbox&url=ssl%3Acdn.shopify.com%2Fs%2Ffiles%2F1%2F0487%2F8834%2F0899%2Ffiles%2FDR3497_ROYALBLUE_4320_front_1750088205.jpg&feedId=62769&k=b0cc1425f7ac5f7da4517a4626e332b795326bd7,USD,,"Over $120 - Free Delivery, Less than $120 - $12",https://goddiva.us/products/goddiva-sequin-cowl-neck-midi-dress-royal-blue,,,USD130,62769,Goddiva,1,,,,,,Womens,Dresses
https://www.awin1.com/pclick.php?p=34396331857&a=2771700&m=24726,Goddiva Sequin Lurex Flutter Sleeve Maxi Dress - Silver,34396331857,DR3680-SILVER-10,https://cdn.shopify.com/s/files/1/0487/8834/0899/files/DR3680_SILVER_FRONT_1713359757.jpg,"The Sequin Lurex Flutter Sleeve Maxi Dress from Goddiva is the perfect occasion wear dress for this season's soirees. The wrap style v-neckline with flutter sleeves and a-line skirt makes it ideal for both day and night occasions, while the sequin and lurex finish adds an extra touch of glamour to create a look that's pretty yet powerful. This silver long dress is a brilliant and bold choice for bridesmaids; this dress will make your girls shine at the wedding.  It is decorated with sequins and lurex fabric to create a striking and sparkly effect making this gray occasion dress not only perfect for bridesmaids but also for prom, black tie events, mother of the bride (or groom) and so many other functions. Style this maxi dress with strappy sandals and a statement necklace to finish the look.",Dresses,96,Goddiva,24726,Women's Dresses & Skirts,198,https://images2.productserve.com/?w=200&h=200&bg=white&trim=5&t=letterbox&url=ssl%3Acdn.shopify.com%2Fs%2Ffiles%2F1%2F0487%2F8834%2F0899%2Ffiles%2FDR3680_SILVER_FRONT_1713359757.jpg&feedId=62769&k=370f74a9f630a53a97fb0177d2ad55142c412899,USD,,"Over $120 - Free Delivery, Less than $120 - $12",https://goddiva.us/products/goddiva-sequin-lurex-flutter-sleeve-maxi-dress-silver,,,USD156,62769,Goddiva,1,,,,,,Womens,Dresses
https://www.awin1.com/pclick.php?p=34368908681&a=2771700&m=24726,Goddiva Sequin Cowl Neck Midi Dress - Royal Blue,34368908681,DR3497-ROYALBLUE-12,https://cdn.shopify.com/s/files/1/0487/8834/0899/files/DR3497_ROYALBLUE_4320_front_1750088205.jpg,"Get into the party mood with this scrumptious sequin cowl neck midi from Goddiva. This sensational glistening party number is here to get the spotlight on you. In its stunning royal blue color, this shimmering number is the perfect pick for this season's events. Team with your fave heels to your next event, whether it's a work Christmas party, night out with friends, wedding guests or a special date night, this affordable dress will see you through. Featuring a cowl neckline and bodycon skirt, this short style can be worn on the shoulder, off the shoulder or on one shoulder, get a different look each time to step into this stretchy bold blue shimmering number and have them gasping each time you walk into a room.",Dresses,65,Goddiva,24726,Women's Dresses & Skirts,198,https://images2.productserve.com/?w=200&h=200&bg=white&trim=5&t=letterbox&url=ssl%3Acdn.shopify.com%2Fs%2Ffiles%2F1%2F0487%2F8834%2F0899%2Ffiles%2FDR3497_ROYALBLUE_4320_front_1750088205.jpg&feedId=62769&k=b0cc1425f7ac5f7da4517a4626e332b795326bd7,USD,,"Over $120 - Free Delivery, Less than $120 - $12",https://goddiva.us/products/goddiva-sequin-cowl-neck-midi-dress-royal-blue,,,USD130,62769,Goddiva,1,,,,,,Womens,Dresses
https://www.awin1.com/pclick.php?p=34368908679&a=2771700&m=24726,Goddiva Sequin Cowl Neck Midi Dress - Royal Blue,34368908679,DR3497-ROYALBLUE-10,https://cdn.shopify.com/s/files/1/0487/8834/0899/files/DR3497_ROYALBLUE_4320_front_1750088205.jpg,"Get into the party mood with this scrumptious sequin cowl neck midi from Goddiva. This sensational glistening party number is here to get the spotlight on you. In its stunning royal blue color, this shimmering number is the perfect pick for this season's events. Team with your fave heels to your next event, whether it's a work Christmas party, night out with friends, wedding guests or a special date night, this affordable dress will see you through. Featuring a cowl neckline and bodycon skirt, this short style can be worn on the shoulder, off the shoulder or on one shoulder, get a different look each time to step into this stretchy bold blue shimmering number and have them gasping each time you walk into a room.",Dresses,65,Goddiva,24726,Women's Dresses & Skirts,198,https://images2.productserve.com/?w=200&h=200&bg=white&trim=5&t=letterbox&url=ssl%3Acdn.shopify.com%2Fs%2Ffiles%2F1%2F0487%2F8834%2F0899%2Ffiles%2FDR3497_ROYALBLUE_4320_front_1750088205.jpg&feedId=62769&k=b0cc1425f7ac5f7da4517a4626e332b795326bd7,USD,,"Over $120 - Free Delivery, Less than $120 - $12",https://goddiva.us/products/goddiva-sequin-cowl-neck-midi-dress-royal-blue,,,USD130,62769,Goddiva,1,,,,,,Womens,Dresses
https://www.awin1.com/pclick.php?p=34368908691&a=2771700&m=24726,Goddiva Sequin Cowl Neck Midi Dress - Silver,34368908691,DR3497-SILVER-12,https://cdn.shopify.com/s/files/1/0487/8834/0899/files/DR3497_SILVER_4271_front_1750088375.jpg,"Get into the party mood with this scrumptious sequin cowl neck midi from Goddiva. This sensational glistening party number is here to get the spotlight on you. In its stunning silver color, this shimmering number is the perfect pick for this season's events. Team with your fave heels to your next event, whether it's a work Christmas party, night out with friends, wedding guests or a special date night, this affordable dress will see you through. Featuring a cowl neckline and bodycon skirt, this short style can be worn on the shoulder, off the shoulder or on one shoulder, get a different look each time to step into this stretchy gray shimmering number and have them gasping each time you walk into a room.",Dresses,65,Goddiva,24726,Women's Dresses & Skirts,198,https://images2.productserve.com/?w=200&h=200&bg=white&trim=5&t=letterbox&url=ssl%3Acdn.shopify.com%2Fs%2Ffiles%2F1%2F0487%2F8834%2F0899%2Ffiles%2FDR3497_SILVER_4271_front_1750088375.jpg&feedId=62769&k=77df9d8ba21dfa048abe5df65475f632b35a402a,USD,,"Over $120 - Free Delivery, Less than $120 - $12",https://goddiva.us/products/goddiva-sequin-cowl-neck-midi-dress-silver,,,USD130,62769,Goddiva,1,,,,,,Womens,Dresses
https://www.awin1.com/pclick.php?p=34396331859&a=2771700&m=24726,Goddiva Sequin Lurex Flutter Sleeve Maxi Dress - Silver,34396331859,DR3680-SILVER-12,https://cdn.shopify.com/s/files/1/0487/8834/0899/files/DR3680_SILVER_FRONT_1713359757.jpg,"The Sequin Lurex Flutter Sleeve Maxi Dress from Goddiva is the perfect occasion wear dress for this season's soirees. The wrap style v-neckline with flutter sleeves and a-line skirt makes it ideal for both day and night occasions, while the sequin and lurex finish adds an extra touch of glamour to create a look that's pretty yet powerful. This silver long dress is a brilliant and bold choice for bridesmaids; this dress will make your girls shine at the wedding.  It is decorated with sequins and lurex fabric to create a striking and sparkly effect making this gray occasion dress not only perfect for bridesmaids but also for prom, black tie events, mother of the bride (or groom) and so many other functions. Style this maxi dress with strappy sandals and a statement necklace to finish the look.",Dresses,96,Goddiva,24726,Women's Dresses & Skirts,198,https://images2.productserve.com/?w=200&h=200&bg=white&trim=5&t=letterbox&url=ssl%3Acdn.shopify.com%2Fs%2Ffiles%2F1%2F0487%2F8834%2F0899%2Ffiles%2FDR3680_SILVER_FRONT_1713359757.jpg&feedId=62769&k=370f74a9f630a53a97fb0177d2ad55142c412899,USD,,"Over $120 - Free Delivery, Less than $120 - $12",https://goddiva.us/products/goddiva-sequin-lurex-flutter-sleeve-maxi-dress-silver,,,USD156,62769,Goddiva,1,,,,,,Womens,Dresses
https://www.awin1.com/pclick.php?p=34368908687&a=2771700&m=24726,Goddiva Sequin Cowl Neck Midi Dress - Silver,34368908687,DR3497-SILVER-8,https://cdn.shopify.com/s/files/1/0487/8834/0899/files/DR3497_SILVER_4271_front_1750088375.jpg,"Get into the party mood with this scrumptious sequin cowl neck midi from Goddiva. This sensational glistening party number is here to get the spotlight on you. In its stunning silver color, this shimmering number is the perfect pick for this season's events. Team with your fave heels to your next event, whether it's a work Christmas party, night out with friends, wedding guests or a special date night, this affordable dress will see you through. Featuring a cowl neckline and bodycon skirt, this short style can be worn on the shoulder, off the shoulder or on one shoulder, get a different look each time to step into this stretchy gray shimmering number and have them gasping each time you walk into a room.",Dresses,65,Goddiva,24726,Women's Dresses & Skirts,198,https://images2.productserve.com/?w=200&h=200&bg=white&trim=5&t=letterbox&url=ssl%3Acdn.shopify.com%2Fs%2Ffiles%2F1%2F0487%2F8834%2F0899%2Ffiles%2FDR3497_SILVER_4271_front_1750088375.jpg&feedId=62769&k=77df9d8ba21dfa048abe5df65475f632b35a402a,USD,,"Over $120 - Free Delivery, Less than $120 - $12",https://goddiva.us/products/goddiva-sequin-cowl-neck-midi-dress-silver,,,USD130,62769,Goddiva,1,,,,,,Womens,Dresses
https://www.awin1.com/pclick.php?p=35018967145&a=2771700&m=24726,Goddiva Layered Floral Midi Flutter Sleeves - Blackfloral,35018967145,DR3219QZ-BLACKFLORAL-12,https://cdn.shopify.com/s/files/1/0487/8834/0899/files/DR3219QZ_BlackFloral_33188_front_1767705283.jpg,"Add a pop of flare to your wardrobe with this darling flutter sleeve tiered floral midi dress from Goddiva. This black floral Flutter Sleeve Tiered Floral Midi is the perfect way to finish off your look for any occasion. A classic wrap style and v-neckline make this dress a timeless choice for any season. It features a tiered skirt, short sleeves and an all over floral print. The wrap style cinched at the waist creates a flattering silhouette and shows off your shape, while the tiered layers add some volume and movement to this black number decorated with deep pink flowers. The perfect dress for casual days out with friends or for drinks, not to mention a winning choice for wedding guests, christenings, christmas parties and semi formal functions. Pair with heels or flats for different looks!",Dresses,58,Goddiva,24726,Women's Dresses & Skirts,198,https://images2.productserve.com/?w=200&h=200&bg=white&trim=5&t=letterbox&url=ssl%3Acdn.shopify.com%2Fs%2Ffiles%2F1%2F0487%2F8834%2F0899%2Ffiles%2FDR3219QZ_BlackFloral_33188_front_1767705283.jpg&feedId=62769&k=e7cfd9516d303b3ff17fc40d12e6575aa3ef2caa,USD,,"Over $120 - Free Delivery, Less than $120 - $12",https://goddiva.us/products/goddiva-layered-floral-midi-with-flutter-sleeves-blackfloral,,,USD58,62769,Goddiva,1,,,,,,Womens,Dresses
https://www.awin1.com/pclick.php?p=35018967141&a=2771700&m=24726,Goddiva Layered Floral Midi Flutter Sleeves - Blackfloral,35018967141,DR3219QZ-BLACKFLORAL-8,https://cdn.shopify.com/s/files/1/0487/8834/0899/files/DR3219QZ_BlackFloral_33188_front_1767705283.jpg,"Add a pop of flare to your wardrobe with this darling flutter sleeve tiered floral midi dress from Goddiva. This black floral Flutter Sleeve Tiered Floral Midi is the perfect way to finish off your look for any occasion. A classic wrap style and v-neckline make this dress a timeless choice for any season. It features a tiered skirt, short sleeves and an all over floral print. The wrap style cinched at the waist creates a flattering silhouette and shows off your shape, while the tiered layers add some volume and movement to this black number decorated with deep pink flowers. The perfect dress for casual days out with friends or for drinks, not to mention a winning choice for wedding guests, christenings, christmas parties and semi formal functions. Pair with heels or flats for different looks!",Dresses,58,Goddiva,24726,Women's Dresses & Skirts,198,https://images2.productserve.com/?w=200&h=200&bg=white&trim=5&t=letterbox&url=ssl%3Acdn.shopify.com%2Fs%2Ffiles%2F1%2F0487%2F8834%2F0899%2Ffiles%2FDR3219QZ_BlackFloral_33188_front_1767705283.jpg&feedId=62769&k=e7cfd9516d303b3ff17fc40d12e6575aa3ef2caa,USD,,"Over $120 - Free Delivery, Less than $120 - $12",https://goddiva.us/products/goddiva-layered-floral-midi-with-flutter-sleeves-blackfloral,,,USD58,62769,Goddiva,1,,,,,,Womens,Dresses
https://www.awin1.com/pclick.php?p=35018967101&a=2771700&m=24726,Goddiva High Low Tulle Mini With Lace Bodice - Wine,35018967101,DR3061-WINE-10,https://cdn.shopify.com/s/files/1/0487/8834/0899/files/DR3061_Wine_1894_front_1749728832.jpg,"Feel like a princess for the evening when you step into this jaw dropping tulle ballet skirt with lace bodice high low dress this season. This absolute belter of a dress is like nothing you have ever seen before. Its fun, sexy but classy and elegant. In its gorgeous wine color, this maxi dress is a perfect fit for date nights, birthday parties, wedding guests and a hands-down winner for prom. Its high low style brings a young and trendy style to this heart racing style. With its tulle skirt inspired by ballet and its lace scalloped hem bodice, this dress is a force to be reckoned with. This burgundy evening party dress takes occasion wear to a whole new level.",Dresses,90,Goddiva,24726,Women's Dresses & Skirts,198,https://images2.productserve.com/?w=200&h=200&bg=white&trim=5&t=letterbox&url=ssl%3Acdn.shopify.com%2Fs%2Ffiles%2F1%2F0487%2F8834%2F0899%2Ffiles%2FDR3061_Wine_1894_front_1749728832.jpg&feedId=62769&k=7c5703fff4887b9181ccdea6a02a4a9aa079f4d3,USD,,"Over $120 - Free Delivery, Less than $120 - $12",https://goddiva.us/products/goddiva-high-low-tulle-midi-with-lace-bodice-wine,,,USD130,62769,Goddiva,1,,,,,,Womens,Dresses
https://www.awin1.com/pclick.php?p=35018967147&a=2771700&m=24726,Goddiva Layered Floral Midi Flutter Sleeves - Blackfloral,35018967147,DR3219QZ-BLACKFLORAL-14,https://cdn.shopify.com/s/files/1/0487/8834/0899/files/DR3219QZ_BlackFloral_33188_front_1767705283.jpg,"Add a pop of flare to your wardrobe with this darling flutter sleeve tiered floral midi dress from Goddiva. This black floral Flutter Sleeve Tiered Floral Midi is the perfect way to finish off your look for any occasion. A classic wrap style and v-neckline make this dress a timeless choice for any season. It features a tiered skirt, short sleeves and an all over floral print. The wrap style cinched at the waist creates a flattering silhouette and shows off your shape, while the tiered layers add some volume and movement to this black number decorated with deep pink flowers. The perfect dress for casual days out with friends or for drinks, not to mention a winning choice for wedding guests, christenings, christmas parties and semi formal functions. Pair with heels or flats for different looks!",Dresses,58,Goddiva,24726,Women's Dresses & Skirts,198,https://images2.productserve.com/?w=200&h=200&bg=white&trim=5&t=letterbox&url=ssl%3Acdn.shopify.com%2Fs%2Ffiles%2F1%2F0487%2F8834%2F0899%2Ffiles%2FDR3219QZ_BlackFloral_33188_front_1767705283.jpg&feedId=62769&k=e7cfd9516d303b3ff17fc40d12e6575aa3ef2caa,USD,,"Over $120 - Free Delivery, Less than $120 - $12",https://goddiva.us/products/goddiva-layered-floral-midi-with-flutter-sleeves-blackfloral,,,USD58,62769,Goddiva,1,,,,,,Womens,Dresses
https://www.awin1.com/pclick.php?p=35018967099&a=2771700&m=24726,Goddiva High Low Tulle Mini With Lace Bodice - Wine,35018967099,DR3061-WINE-8,https://cdn.shopify.com/s/files/1/0487/8834/0899/files/DR3061_Wine_1894_front_1749728832.jpg,"Feel like a princess for the evening when you step into this jaw dropping tulle ballet skirt with lace bodice high low dress this season. This absolute belter of a dress is like nothing you have ever seen before. Its fun, sexy but classy and elegant. In its gorgeous wine color, this maxi dress is a perfect fit for date nights, birthday parties, wedding guests and a hands-down winner for prom. Its high low style brings a young and trendy style to this heart racing style. With its tulle skirt inspired by ballet and its lace scalloped hem bodice, this dress is a force to be reckoned with. This burgundy evening party dress takes occasion wear to a whole new level.",Dresses,90,Goddiva,24726,Women's Dresses & Skirts,198,https://images2.productserve.com/?w=200&h=200&bg=white&trim=5&t=letterbox&url=ssl%3Acdn.shopify.com%2Fs%2Ffiles%2F1%2F0487%2F8834%2F0899%2Ffiles%2FDR3061_Wine_1894_front_1749728832.jpg&feedId=62769&k=7c5703fff4887b9181ccdea6a02a4a9aa079f4d3,USD,,"Over $120 - Free Delivery, Less than $120 - $12",https://goddiva.us/products/goddiva-high-low-tulle-midi-with-lace-bodice-wine,,,USD130,62769,Goddiva,1,,,,,,Womens,Dresses
https://www.awin1.com/pclick.php?p=35018967143&a=2771700&m=24726,Goddiva Layered Floral Midi Flutter Sleeves - Blackfloral,35018967143,DR3219QZ-BLACKFLORAL-10,https://cdn.shopify.com/s/files/1/0487/8834/0899/files/DR3219QZ_BlackFloral_33188_front_1767705283.jpg,"Add a pop of flare to your wardrobe with this darling flutter sleeve tiered floral midi dress from Goddiva. This black floral Flutter Sleeve Tiered Floral Midi is the perfect way to finish off your look for any occasion. A classic wrap style and v-neckline make this dress a timeless choice for any season. It features a tiered skirt, short sleeves and an all over floral print. The wrap style cinched at the waist creates a flattering silhouette and shows off your shape, while the tiered layers add some volume and movement to this black number decorated with deep pink flowers. The perfect dress for casual days out with friends or for drinks, not to mention a winning choice for wedding guests, christenings, christmas parties and semi formal functions. Pair with heels or flats for different looks!",Dresses,58,Goddiva,24726,Women's Dresses & Skirts,198,https://images2.productserve.com/?w=200&h=200&bg=white&trim=5&t=letterbox&url=ssl%3Acdn.shopify.com%2Fs%2Ffiles%2F1%2F0487%2F8834%2F0899%2Ffiles%2FDR3219QZ_BlackFloral_33188_front_1767705283.jpg&feedId=62769&k=e7cfd9516d303b3ff17fc40d12e6575aa3ef2caa,USD,,"Over $120 - Free Delivery, Less than $120 - $12",https://goddiva.us/products/goddiva-layered-floral-midi-with-flutter-sleeves-blackfloral,,,USD58,62769,Goddiva,1,,,,,,Womens,Dresses
https://www.awin1.com/pclick.php?p=35018967103&a=2771700&m=24726,Goddiva High Low Tulle Mini With Lace Bodice - Wine,35018967103,DR3061-WINE-12,https://cdn.shopify.com/s/files/1/0487/8834/0899/files/DR3061_Wine_1894_front_1749728832.jpg,"Feel like a princess for the evening when you step into this jaw dropping tulle ballet skirt with lace bodice high low dress this season. This absolute belter of a dress is like nothing you have ever seen before. Its fun, sexy but classy and elegant. In its gorgeous wine color, this maxi dress is a perfect fit for date nights, birthday parties, wedding guests and a hands-down winner for prom. Its high low style brings a young and trendy style to this heart racing style. With its tulle skirt inspired by ballet and its lace scalloped hem bodice, this dress is a force to be reckoned with. This burgundy evening party dress takes occasion wear to a whole new level.",Dresses,90,Goddiva,24726,Women's Dresses & Skirts,198,https://images2.productserve.com/?w=200&h=200&bg=white&trim=5&t=letterbox&url=ssl%3Acdn.shopify.com%2Fs%2Ffiles%2F1%2F0487%2F8834%2F0899%2Ffiles%2FDR3061_Wine_1894_front_1749728832.jpg&feedId=62769&k=7c5703fff4887b9181ccdea6a02a4a9aa079f4d3,USD,,"Over $120 - Free Delivery, Less than $120 - $12",https://goddiva.us/products/goddiva-high-low-tulle-midi-with-lace-bodice-wine,,,USD130,62769,Goddiva,1,,,,,,Womens,Dresses
https://www.awin1.com/pclick.php?p=35126807351&a=2771700&m=24726,Goddiva One Shoulder Front Split Scuba Maxi - Purple,35126807351,DR3518-PURPLE-12,https://cdn.shopify.com/s/files/1/0487/8834/0899/files/DR3518_PURPLE_1868_front_1757331663.jpg,"A stunning and versatile evening dress, the Goddiva One Shoulder Front Split Scuba Maxi Dress is perfect for any special occasion, be it a cocktail party, prom or even a wedding. This fabulous purple maxi dress features a front thigh split, one shoulder, v-neck wrap style bust and a back zipper closure. It is made of scuba crepe fabric that gives it a classy look. This elegant aubergine dress has an amazing scuba fabric with a firm texture and moderate stretch, which creates smooth lines around the body. Its front thigh split creates sex appeal and movement while walking or dancing. Style this evening dress with minimal accessories to highlight your curves and flaunt your feminine charm.",Dresses,96,Goddiva,24726,Women's Dresses & Skirts,198,https://images2.productserve.com/?w=200&h=200&bg=white&trim=5&t=letterbox&url=ssl%3Acdn.shopify.com%2Fs%2Ffiles%2F1%2F0487%2F8834%2F0899%2Ffiles%2FDR3518_PURPLE_1868_front_1757331663.jpg&feedId=62769&k=fedceb623848289390e5ccfb501949875f646be4,USD,,"Over $120 - Free Delivery, Less than $120 - $12",https://goddiva.us/products/goddiva-one-shoulder-front-split-scuba-maxi-purple,,,USD96,62769,Goddiva,1,,,,,,Womens,Dresses
https://www.awin1.com/pclick.php?p=35126807347&a=2771700&m=24726,Goddiva One Shoulder Front Split Scuba Maxi - Purple,35126807347,DR3518-PURPLE-8,https://cdn.shopify.com/s/files/1/0487/8834/0899/files/DR3518_PURPLE_1868_front_1757331663.jpg,"A stunning and versatile evening dress, the Goddiva One Shoulder Front Split Scuba Maxi Dress is perfect for any special occasion, be it a cocktail party, prom or even a wedding. This fabulous purple maxi dress features a front thigh split, one shoulder, v-neck wrap style bust and a back zipper closure. It is made of scuba crepe fabric that gives it a classy look. This elegant aubergine dress has an amazing scuba fabric with a firm texture and moderate stretch, which creates smooth lines around the body. Its front thigh split creates sex appeal and movement while walking or dancing. Style this evening dress with minimal accessories to highlight your curves and flaunt your feminine charm.",Dresses,96,Goddiva,24726,Women's Dresses & Skirts,198,https://images2.productserve.com/?w=200&h=200&bg=white&trim=5&t=letterbox&url=ssl%3Acdn.shopify.com%2Fs%2Ffiles%2F1%2F0487%2F8834%2F0899%2Ffiles%2FDR3518_PURPLE_1868_front_1757331663.jpg&feedId=62769&k=fedceb623848289390e5ccfb501949875f646be4,USD,,"Over $120 - Free Delivery, Less than $120 - $12",https://goddiva.us/products/goddiva-one-shoulder-front-split-scuba-maxi-purple,,,USD96,62769,Goddiva,1,,,,,,Womens,Dresses
https://www.awin1.com/pclick.php?p=35126807349&a=2771700&m=24726,Goddiva One Shoulder Front Split Scuba Maxi - Purple,35126807349,DR3518-PURPLE-10,https://cdn.shopify.com/s/files/1/0487/8834/0899/files/DR3518_PURPLE_1868_front_1757331663.jpg,"A stunning and versatile evening dress, the Goddiva One Shoulder Front Split Scuba Maxi Dress is perfect for any special occasion, be it a cocktail party, prom or even a wedding. This fabulous purple maxi dress features a front thigh split, one shoulder, v-neck wrap style bust and a back zipper closure. It is made of scuba crepe fabric that gives it a classy look. This elegant aubergine dress has an amazing scuba fabric with a firm texture and moderate stretch, which creates smooth lines around the body. Its front thigh split creates sex appeal and movement while walking or dancing. Style this evening dress with minimal accessories to highlight your curves and flaunt your feminine charm.",Dresses,96,Goddiva,24726,Women's Dresses & Skirts,198,https://images2.productserve.com/?w=200&h=200&bg=white&trim=5&t=letterbox&url=ssl%3Acdn.shopify.com%2Fs%2Ffiles%2F1%2F0487%2F8834%2F0899%2Ffiles%2FDR3518_PURPLE_1868_front_1757331663.jpg&feedId=62769&k=fedceb623848289390e5ccfb501949875f646be4,USD,,"Over $120 - Free Delivery, Less than $120 - $12",https://goddiva.us/products/goddiva-one-shoulder-front-split-scuba-maxi-purple,,,USD96,62769,Goddiva,1,,,,,,Womens,Dresses
https://www.awin1.com/pclick.php?p=35240813079&a=2771700&m=24726,Goddiva Embroidered Mesh Tiered Midi Dress - Pink,35240813079,DR3812-PINK-12,https://cdn.shopify.com/s/files/1/0487/8834/0899/files/DR3812_PINK_0002_front_1770734629.jpg,"Kick start the occasion season with this gorgeous embroidered mesh tiered midi dress. This fun and flirty blush number is the perfect pick for any event this season. With its sleeveless style, v-neckline and sequin embroidered mesh detailing, this darling dress is the one for you. With its ravishing pastel pink, this number is a perfect pick for bridesmaids, wedding guests, birthday girls, proms, a day at the races and any other formal function this season. A foolproof spring design is waiting for you to give it a new lease of life. Team with heels and you're good to go.",Dresses,96,Goddiva,24726,Women's Dresses & Skirts,198,https://images2.productserve.com/?w=200&h=200&bg=white&trim=5&t=letterbox&url=ssl%3Acdn.shopify.com%2Fs%2Ffiles%2F1%2F0487%2F8834%2F0899%2Ffiles%2FDR3812_PINK_0002_front_1770734629.jpg&feedId=62769&k=639d343179d609ea03b2078f21d7dcaf82ee0d41,USD,,"Over $120 - Free Delivery, Less than $120 - $12",https://goddiva.us/products/goddiva-embroidered-mesh-tiered-midi-dress-pink,,,USD136,62769,Goddiva,1,,,,,,Womens,Dresses
https://www.awin1.com/pclick.php?p=35240813127&a=2771700&m=24726,Goddiva High Low Tulle Mini With Lace Bodice - Blush,35240813127,DR3061-BLUSH-10,https://cdn.shopify.com/s/files/1/0487/8834/0899/files/33433_1723132191.jpg,"Feel like a princess for the evening when you step into this jaw dropping tulle ballet skirt with lace bodice high-low dress this season. This absolute belter of a dress is like nothing you have ever seen before. Its fun, and sexy but classy and elegant. In its gorgeous blush color, this maxi dress is a perfect fit for date nights, birthday parties, and wedding guests and a hands-down winner for prom. Its high-low style brings a young and trendy style to this heart-racing style. With its tulle skirt inspired by ballet and its lace scalloped hem bodice, this dress is a force to be reckoned with. This pink evening party dress takes occasion wear to a whole new level.",Dresses,90,Goddiva,24726,Women's Dresses & Skirts,198,https://images2.productserve.com/?w=200&h=200&bg=white&trim=5&t=letterbox&url=ssl%3Acdn.shopify.com%2Fs%2Ffiles%2F1%2F0487%2F8834%2F0899%2Ffiles%2F33433_1723132191.jpg&feedId=62769&k=322d8681050e0c91bca1e32f7d32aa7abc399301,USD,,"Over $120 - Free Delivery, Less than $120 - $12",https://goddiva.us/products/goddiva-high-low-tulle-midi-with-lace-bodice-blush,,,USD130,62769,Goddiva,1,,,,,,Womens,Dresses
https://www.awin1.com/pclick.php?p=35240813075&a=2771700&m=24726,Goddiva Embroidered Mesh Tiered Midi Dress - Pink,35240813075,DR3812-PINK-8,https://cdn.shopify.com/s/files/1/0487/8834/0899/files/DR3812_PINK_0002_front_1770734629.jpg,"Kick start the occasion season with this gorgeous embroidered mesh tiered midi dress. This fun and flirty blush number is the perfect pick for any event this season. With its sleeveless style, v-neckline and sequin embroidered mesh detailing, this darling dress is the one for you. With its ravishing pastel pink, this number is a perfect pick for bridesmaids, wedding guests, birthday girls, proms, a day at the races and any other formal function this season. A foolproof spring design is waiting for you to give it a new lease of life. Team with heels and you're good to go.",Dresses,96,Goddiva,24726,Women's Dresses & Skirts,198,https://images2.productserve.com/?w=200&h=200&bg=white&trim=5&t=letterbox&url=ssl%3Acdn.shopify.com%2Fs%2Ffiles%2F1%2F0487%2F8834%2F0899%2Ffiles%2FDR3812_PINK_0002_front_1770734629.jpg&feedId=62769&k=639d343179d609ea03b2078f21d7dcaf82ee0d41,USD,,"Over $120 - Free Delivery, Less than $120 - $12",https://goddiva.us/products/goddiva-embroidered-mesh-tiered-midi-dress-pink,,,USD136,62769,Goddiva,1,,,,,,Womens,Dresses
https://www.awin1.com/pclick.php?p=35240813129&a=2771700&m=24726,Goddiva High Low Tulle Mini With Lace Bodice - Blush,35240813129,DR3061-BLUSH-12,https://cdn.shopify.com/s/files/1/0487/8834/0899/files/33433_1723132191.jpg,"Feel like a princess for the evening when you step into this jaw dropping tulle ballet skirt with lace bodice high-low dress this season. This absolute belter of a dress is like nothing you have ever seen before. Its fun, and sexy but classy and elegant. In its gorgeous blush color, this maxi dress is a perfect fit for date nights, birthday parties, and wedding guests and a hands-down winner for prom. Its high-low style brings a young and trendy style to this heart-racing style. With its tulle skirt inspired by ballet and its lace scalloped hem bodice, this dress is a force to be reckoned with. This pink evening party dress takes occasion wear to a whole new level.",Dresses,90,Goddiva,24726,Women's Dresses & Skirts,198,https://images2.productserve.com/?w=200&h=200&bg=white&trim=5&t=letterbox&url=ssl%3Acdn.shopify.com%2Fs%2Ffiles%2F1%2F0487%2F8834%2F0899%2Ffiles%2F33433_1723132191.jpg&feedId=62769&k=322d8681050e0c91bca1e32f7d32aa7abc399301,USD,,"Over $120 - Free Delivery, Less than $120 - $12",https://goddiva.us/products/goddiva-high-low-tulle-midi-with-lace-bodice-blush,,,USD130,62769,Goddiva,1,,,,,,Womens,Dresses
https://www.awin1.com/pclick.php?p=35240813125&a=2771700&m=24726,Goddiva High Low Tulle Mini With Lace Bodice - Blush,35240813125,DR3061-BLUSH-8,https://cdn.shopify.com/s/files/1/0487/8834/0899/files/33433_1723132191.jpg,"Feel like a princess for the evening when you step into this jaw dropping tulle ballet skirt with lace bodice high-low dress this season. This absolute belter of a dress is like nothing you have ever seen before. Its fun, and sexy but classy and elegant. In its gorgeous blush color, this maxi dress is a perfect fit for date nights, birthday parties, and wedding guests and a hands-down winner for prom. Its high-low style brings a young and trendy style to this heart-racing style. With its tulle skirt inspired by ballet and its lace scalloped hem bodice, this dress is a force to be reckoned with. This pink evening party dress takes occasion wear to a whole new level.",Dresses,90,Goddiva,24726,Women's Dresses & Skirts,198,https://images2.productserve.com/?w=200&h=200&bg=white&trim=5&t=letterbox&url=ssl%3Acdn.shopify.com%2Fs%2Ffiles%2F1%2F0487%2F8834%2F0899%2Ffiles%2F33433_1723132191.jpg&feedId=62769&k=322d8681050e0c91bca1e32f7d32aa7abc399301,USD,,"Over $120 - Free Delivery, Less than $120 - $12",https://goddiva.us/products/goddiva-high-low-tulle-midi-with-lace-bodice-blush,,,USD130,62769,Goddiva,1,,,,,,Womens,Dresses
https://www.awin1.com/pclick.php?p=35240813077&a=2771700&m=24726,Goddiva Embroidered Mesh Tiered Midi Dress - Pink,35240813077,DR3812-PINK-10,https://cdn.shopify.com/s/files/1/0487/8834/0899/files/DR3812_PINK_0002_front_1770734629.jpg,"Kick start the occasion season with this gorgeous embroidered mesh tiered midi dress. This fun and flirty blush number is the perfect pick for any event this season. With its sleeveless style, v-neckline and sequin embroidered mesh detailing, this darling dress is the one for you. With its ravishing pastel pink, this number is a perfect pick for bridesmaids, wedding guests, birthday girls, proms, a day at the races and any other formal function this season. A foolproof spring design is waiting for you to give it a new lease of life. Team with heels and you're good to go.",Dresses,96,Goddiva,24726,Women's Dresses & Skirts,198,https://images2.productserve.com/?w=200&h=200&bg=white&trim=5&t=letterbox&url=ssl%3Acdn.shopify.com%2Fs%2Ffiles%2F1%2F0487%2F8834%2F0899%2Ffiles%2FDR3812_PINK_0002_front_1770734629.jpg&feedId=62769&k=639d343179d609ea03b2078f21d7dcaf82ee0d41,USD,,"Over $120 - Free Delivery, Less than $120 - $12",https://goddiva.us/products/goddiva-embroidered-mesh-tiered-midi-dress-pink,,,USD136,62769,Goddiva,1,,,,,,Womens,Dresses
https://www.awin1.com/pclick.php?p=35313675803&a=2771700&m=24726,Goddiva Embroidered Mesh Maxi Dress - Blush,35313675803,DR3584-BLUSH-10,https://cdn.shopify.com/s/files/1/0487/8834/0899/files/DR3584_BLUSH_0019_front_1770734336.jpg,"This Embroidered Mesh Maxi Dress is a perfect pick for your next special occasion. Envelop yourself in an aura of romance and princess-like allure with the accentuated cut and intricate embroidery pattern of this dress. This long blush maxi is the perfect piece for your next formal event. The embroidered mesh bodice and round neckline give it a luxurious feel, while the fully lined skirt makes this dress both elegant and comfortable to wear. A perfect choice for bridesmaids, mother of the bride, prom and other formal occasions. Pair this stunning blush dress with some heels and you're ready to go!",Dresses,90,Goddiva,24726,Women's Dresses & Skirts,198,https://images2.productserve.com/?w=200&h=200&bg=white&trim=5&t=letterbox&url=ssl%3Acdn.shopify.com%2Fs%2Ffiles%2F1%2F0487%2F8834%2F0899%2Ffiles%2FDR3584_BLUSH_0019_front_1770734336.jpg&feedId=62769&k=116b4607eafd8ea84b9157b6681731c756a59cf4,USD,,"Over $120 - Free Delivery, Less than $120 - $12",https://goddiva.us/products/goddiva-embroidered-mesh-maxi-dress-blush,,,USD130,62769,Goddiva,1,,,,,,Womens,Dresses
https://www.awin1.com/pclick.php?p=35313675819&a=2771700&m=24726,Goddiva Embroidered Mesh Maxi Dress - Lilac,35313675819,DR3584-LILAC-14,https://cdn.shopify.com/s/files/1/0487/8834/0899/files/DR3584_LILAC__3734_front_1770734366.jpg,"This Embroidered Mesh Maxi Dress is a perfect pick for your next special occasion. Envelop yourself in an aura of romance and princess-like allure with the accentuated cut and intricate embroidery pattern of this dress. This long lilac maxi is the perfect piece for your next formal event. The embroidered mesh bodice and round neckline give it a luxurious feel, while the fully lined skirt makes this dress both elegant and comfortable to wear. A perfect choice for bridesmaids, mother of the bride, prom and other formal occasions. Pair this stunning lavender dress with some heels and you're ready to go!",Dresses,90,Goddiva,24726,Women's Dresses & Skirts,198,https://images2.productserve.com/?w=200&h=200&bg=white&trim=5&t=letterbox&url=ssl%3Acdn.shopify.com%2Fs%2Ffiles%2F1%2F0487%2F8834%2F0899%2Ffiles%2FDR3584_LILAC__3734_front_1770734366.jpg&feedId=62769&k=90e86c27cda05fb9129000491e1dba431bdb1a1f,USD,,"Over $120 - Free Delivery, Less than $120 - $12",https://goddiva.us/products/goddiva-embroidered-mesh-maxi-dress-lilac,,,USD130,62769,Goddiva,1,,,,,,Womens,Dresses
https://www.awin1.com/pclick.php?p=35313675801&a=2771700&m=24726,Goddiva Embroidered Mesh Maxi Dress - Blush,35313675801,DR3584-BLUSH-8,https://cdn.shopify.com/s/files/1/0487/8834/0899/files/DR3584_BLUSH_0019_front_1770734336.jpg,"This Embroidered Mesh Maxi Dress is a perfect pick for your next special occasion. Envelop yourself in an aura of romance and princess-like allure with the accentuated cut and intricate embroidery pattern of this dress. This long blush maxi is the perfect piece for your next formal event. The embroidered mesh bodice and round neckline give it a luxurious feel, while the fully lined skirt makes this dress both elegant and comfortable to wear. A perfect choice for bridesmaids, mother of the bride, prom and other formal occasions. Pair this stunning blush dress with some heels and you're ready to go!",Dresses,90,Goddiva,24726,Women's Dresses & Skirts,198,https://images2.productserve.com/?w=200&h=200&bg=white&trim=5&t=letterbox&url=ssl%3Acdn.shopify.com%2Fs%2Ffiles%2F1%2F0487%2F8834%2F0899%2Ffiles%2FDR3584_BLUSH_0019_front_1770734336.jpg&feedId=62769&k=116b4607eafd8ea84b9157b6681731c756a59cf4,USD,,"Over $120 - Free Delivery, Less than $120 - $12",https://goddiva.us/products/goddiva-embroidered-mesh-maxi-dress-blush,,,USD130,62769,Goddiva,1,,,,,,Womens,Dresses
https://www.awin1.com/pclick.php?p=35313675805&a=2771700&m=24726,Goddiva Embroidered Mesh Maxi Dress - Blush,35313675805,DR3584-BLUSH-12,https://cdn.shopify.com/s/files/1/0487/8834/0899/files/DR3584_BLUSH_0019_front_1770734336.jpg,"This Embroidered Mesh Maxi Dress is a perfect pick for your next special occasion. Envelop yourself in an aura of romance and princess-like allure with the accentuated cut and intricate embroidery pattern of this dress. This long blush maxi is the perfect piece for your next formal event. The embroidered mesh bodice and round neckline give it a luxurious feel, while the fully lined skirt makes this dress both elegant and comfortable to wear. A perfect choice for bridesmaids, mother of the bride, prom and other formal occasions. Pair this stunning blush dress with some heels and you're ready to go!",Dresses,90,Goddiva,24726,Women's Dresses & Skirts,198,https://images2.productserve.com/?w=200&h=200&bg=white&trim=5&t=letterbox&url=ssl%3Acdn.shopify.com%2Fs%2Ffiles%2F1%2F0487%2F8834%2F0899%2Ffiles%2FDR3584_BLUSH_0019_front_1770734336.jpg&feedId=62769&k=116b4607eafd8ea84b9157b6681731c756a59cf4,USD,,"Over $120 - Free Delivery, Less than $120 - $12",https://goddiva.us/products/goddiva-embroidered-mesh-maxi-dress-blush,,,USD130,62769,Goddiva,1,,,,,,Womens,Dresses
https://www.awin1.com/pclick.php?p=35313675815&a=2771700&m=24726,Goddiva Embroidered Mesh Maxi Dress - Lilac,35313675815,DR3584-LILAC-10,https://cdn.shopify.com/s/files/1/0487/8834/0899/files/DR3584_LILAC__3734_front_1770734366.jpg,"This Embroidered Mesh Maxi Dress is a perfect pick for your next special occasion. Envelop yourself in an aura of romance and princess-like allure with the accentuated cut and intricate embroidery pattern of this dress. This long lilac maxi is the perfect piece for your next formal event. The embroidered mesh bodice and round neckline give it a luxurious feel, while the fully lined skirt makes this dress both elegant and comfortable to wear. A perfect choice for bridesmaids, mother of the bride, prom and other formal occasions. Pair this stunning lavender dress with some heels and you're ready to go!",Dresses,90,Goddiva,24726,Women's Dresses & Skirts,198,https://images2.productserve.com/?w=200&h=200&bg=white&trim=5&t=letterbox&url=ssl%3Acdn.shopify.com%2Fs%2Ffiles%2F1%2F0487%2F8834%2F0899%2Ffiles%2FDR3584_LILAC__3734_front_1770734366.jpg&feedId=62769&k=90e86c27cda05fb9129000491e1dba431bdb1a1f,USD,,"Over $120 - Free Delivery, Less than $120 - $12",https://goddiva.us/products/goddiva-embroidered-mesh-maxi-dress-lilac,,,USD130,62769,Goddiva,1,,,,,,Womens,Dresses
https://www.awin1.com/pclick.php?p=35313675813&a=2771700&m=24726,Goddiva Embroidered Mesh Maxi Dress - Lilac,35313675813,DR3584-LILAC-8,https://cdn.shopify.com/s/files/1/0487/8834/0899/files/DR3584_LILAC__3734_front_1770734366.jpg,"This Embroidered Mesh Maxi Dress is a perfect pick for your next special occasion. Envelop yourself in an aura of romance and princess-like allure with the accentuated cut and intricate embroidery pattern of this dress. This long lilac maxi is the perfect piece for your next formal event. The embroidered mesh bodice and round neckline give it a luxurious feel, while the fully lined skirt makes this dress both elegant and comfortable to wear. A perfect choice for bridesmaids, mother of the bride, prom and other formal occasions. Pair this stunning lavender dress with some heels and you're ready to go!",Dresses,90,Goddiva,24726,Women's Dresses & Skirts,198,https://images2.productserve.com/?w=200&h=200&bg=white&trim=5&t=letterbox&url=ssl%3Acdn.shopify.com%2Fs%2Ffiles%2F1%2F0487%2F8834%2F0899%2Ffiles%2FDR3584_LILAC__3734_front_1770734366.jpg&feedId=62769&k=90e86c27cda05fb9129000491e1dba431bdb1a1f,USD,,"Over $120 - Free Delivery, Less than $120 - $12",https://goddiva.us/products/goddiva-embroidered-mesh-maxi-dress-lilac,,,USD130,62769,Goddiva,1,,,,,,Womens,Dresses
https://www.awin1.com/pclick.php?p=35313675817&a=2771700&m=24726,Goddiva Embroidered Mesh Maxi Dress - Lilac,35313675817,DR3584-LILAC-12,https://cdn.shopify.com/s/files/1/0487/8834/0899/files/DR3584_LILAC__3734_front_1770734366.jpg,"This Embroidered Mesh Maxi Dress is a perfect pick for your next special occasion. Envelop yourself in an aura of romance and princess-like allure with the accentuated cut and intricate embroidery pattern of this dress. This long lilac maxi is the perfect piece for your next formal event. The embroidered mesh bodice and round neckline give it a luxurious feel, while the fully lined skirt makes this dress both elegant and comfortable to wear. A perfect choice for bridesmaids, mother of the bride, prom and other formal occasions. Pair this stunning lavender dress with some heels and you're ready to go!",Dresses,90,Goddiva,24726,Women's Dresses & Skirts,198,https://images2.productserve.com/?w=200&h=200&bg=white&trim=5&t=letterbox&url=ssl%3Acdn.shopify.com%2Fs%2Ffiles%2F1%2F0487%2F8834%2F0899%2Ffiles%2FDR3584_LILAC__3734_front_1770734366.jpg&feedId=62769&k=90e86c27cda05fb9129000491e1dba431bdb1a1f,USD,,"Over $120 - Free Delivery, Less than $120 - $12",https://goddiva.us/products/goddiva-embroidered-mesh-maxi-dress-lilac,,,USD130,62769,Goddiva,1,,,,,,Womens,Dresses
https://www.awin1.com/pclick.php?p=35313675807&a=2771700&m=24726,Goddiva Embroidered Mesh Maxi Dress - Blush,35313675807,DR3584-BLUSH-14,https://cdn.shopify.com/s/files/1/0487/8834/0899/files/DR3584_BLUSH_0019_front_1770734336.jpg,"This Embroidered Mesh Maxi Dress is a perfect pick for your next special occasion. Envelop yourself in an aura of romance and princess-like allure with the accentuated cut and intricate embroidery pattern of this dress. This long blush maxi is the perfect piece for your next formal event. The embroidered mesh bodice and round neckline give it a luxurious feel, while the fully lined skirt makes this dress both elegant and comfortable to wear. A perfect choice for bridesmaids, mother of the bride, prom and other formal occasions. Pair this stunning blush dress with some heels and you're ready to go!",Dresses,90,Goddiva,24726,Women's Dresses & Skirts,198,https://images2.productserve.com/?w=200&h=200&bg=white&trim=5&t=letterbox&url=ssl%3Acdn.shopify.com%2Fs%2Ffiles%2F1%2F0487%2F8834%2F0899%2Ffiles%2FDR3584_BLUSH_0019_front_1770734336.jpg&feedId=62769&k=116b4607eafd8ea84b9157b6681731c756a59cf4,USD,,"Over $120 - Free Delivery, Less than $120 - $12",https://goddiva.us/products/goddiva-embroidered-mesh-maxi-dress-blush,,,USD130,62769,Goddiva,1,,,,,,Womens,Dresses
https://www.awin1.com/pclick.php?p=35428620666&a=2771700&m=24726,Goddiva Embroidered Mesh Maxi Dress - Navy,35428620666,DR3584-NAVY-12,https://cdn.shopify.com/s/files/1/0487/8834/0899/files/DR3584_NAVY_0008_front_1770734201.jpg,"This Embroidered Mesh Maxi Dress is a perfect pick for your next special occasion. Envelop yourself in an aura of romance and princess-like allure with the accentuated cut and intricate embroidery pattern of this dress. This long navy maxi is the perfect piece for your next formal event. The embroidered mesh bodice and round neckline give it a luxurious feel, while the fully lined skirt makes this dress both elegant and comfortable to wear. A perfect choice for bridesmaids, mother of the bride, prom and other formal occasions. Pair this stunning blue dress with some heels and you're ready to go!",Dresses,90,Goddiva,24726,Women's Dresses & Skirts,198,https://images2.productserve.com/?w=200&h=200&bg=white&trim=5&t=letterbox&url=ssl%3Acdn.shopify.com%2Fs%2Ffiles%2F1%2F0487%2F8834%2F0899%2Ffiles%2FDR3584_NAVY_0008_front_1770734201.jpg&feedId=62769&k=fa78364019db51d6ec20c1b0818ac695be8760b4,USD,,"Over $120 - Free Delivery, Less than $120 - $12",https://goddiva.us/products/goddiva-embroidered-mesh-maxi-dress-navy,,,USD130,62769,Goddiva,1,,,,,,Womens,Dresses
https://www.awin1.com/pclick.php?p=35428620668&a=2771700&m=24726,Goddiva Embroidered Mesh Maxi Dress - Navy,35428620668,DR3584-NAVY-14,https://cdn.shopify.com/s/files/1/0487/8834/0899/files/DR3584_NAVY_0008_front_1770734201.jpg,"This Embroidered Mesh Maxi Dress is a perfect pick for your next special occasion. Envelop yourself in an aura of romance and princess-like allure with the accentuated cut and intricate embroidery pattern of this dress. This long navy maxi is the perfect piece for your next formal event. The embroidered mesh bodice and round neckline give it a luxurious feel, while the fully lined skirt makes this dress both elegant and comfortable to wear. A perfect choice for bridesmaids, mother of the bride, prom and other formal occasions. Pair this stunning blue dress with some heels and you're ready to go!",Dresses,90,Goddiva,24726,Women's Dresses & Skirts,198,https://images2.productserve.com/?w=200&h=200&bg=white&trim=5&t=letterbox&url=ssl%3Acdn.shopify.com%2Fs%2Ffiles%2F1%2F0487%2F8834%2F0899%2Ffiles%2FDR3584_NAVY_0008_front_1770734201.jpg&feedId=62769&k=fa78364019db51d6ec20c1b0818ac695be8760b4,USD,,"Over $120 - Free Delivery, Less than $120 - $12",https://goddiva.us/products/goddiva-embroidered-mesh-maxi-dress-navy,,,USD130,62769,Goddiva,1,,,,,,Womens,Dresses
https://www.awin1.com/pclick.php?p=35428620662&a=2771700&m=24726,Goddiva Embroidered Mesh Maxi Dress - Navy,35428620662,DR3584-NAVY-8,https://cdn.shopify.com/s/files/1/0487/8834/0899/files/DR3584_NAVY_0008_front_1770734201.jpg,"This Embroidered Mesh Maxi Dress is a perfect pick for your next special occasion. Envelop yourself in an aura of romance and princess-like allure with the accentuated cut and intricate embroidery pattern of this dress. This long navy maxi is the perfect piece for your next formal event. The embroidered mesh bodice and round neckline give it a luxurious feel, while the fully lined skirt makes this dress both elegant and comfortable to wear. A perfect choice for bridesmaids, mother of the bride, prom and other formal occasions. Pair this stunning blue dress with some heels and you're ready to go!",Dresses,90,Goddiva,24726,Women's Dresses & Skirts,198,https://images2.productserve.com/?w=200&h=200&bg=white&trim=5&t=letterbox&url=ssl%3Acdn.shopify.com%2Fs%2Ffiles%2F1%2F0487%2F8834%2F0899%2Ffiles%2FDR3584_NAVY_0008_front_1770734201.jpg&feedId=62769&k=fa78364019db51d6ec20c1b0818ac695be8760b4,USD,,"Over $120 - Free Delivery, Less than $120 - $12",https://goddiva.us/products/goddiva-embroidered-mesh-maxi-dress-navy,,,USD130,62769,Goddiva,1,,,,,,Womens,Dresses
https://www.awin1.com/pclick.php?p=35428620644&a=2771700&m=24726,Goddiva Embroidered Mesh Maxi Dress - Burgundy,35428620644,DR3584-BURGUNDY-14,https://cdn.shopify.com/s/files/1/0487/8834/0899/files/DR3584_BURGUNDY_0005_front_1770734242.jpg,"This Embroidered Mesh Maxi Dress is a perfect pick for your next special occasion. Envelop yourself in an aura of romance and princess-like allure with the accentuated cut and intricate embroidery pattern of this dress. This long burgundy maxi is the perfect piece for your next formal event. The embroidered mesh bodice and round neckline give it a luxurious feel, while the fully lined skirt makes this dress both elegant and comfortable to wear. A perfect choice for bridesmaids, mother of the bride, prom and other formal occasions. Pair this stunning wine dress with some heels and you're ready to go!",Dresses,90,Goddiva,24726,Women's Dresses & Skirts,198,https://images2.productserve.com/?w=200&h=200&bg=white&trim=5&t=letterbox&url=ssl%3Acdn.shopify.com%2Fs%2Ffiles%2F1%2F0487%2F8834%2F0899%2Ffiles%2FDR3584_BURGUNDY_0005_front_1770734242.jpg&feedId=62769&k=0702a0c82f7bafa863feef302ffdb80346d0be62,USD,,"Over $120 - Free Delivery, Less than $120 - $12",https://goddiva.us/products/goddiva-embroidered-mesh-maxi-dress-burgundy,,,USD130,62769,Goddiva,1,,,,,,Womens,Dresses
https://www.awin1.com/pclick.php?p=35428620664&a=2771700&m=24726,Goddiva Embroidered Mesh Maxi Dress - Navy,35428620664,DR3584-NAVY-10,https://cdn.shopify.com/s/files/1/0487/8834/0899/files/DR3584_NAVY_0008_front_1770734201.jpg,"This Embroidered Mesh Maxi Dress is a perfect pick for your next special occasion. Envelop yourself in an aura of romance and princess-like allure with the accentuated cut and intricate embroidery pattern of this dress. This long navy maxi is the perfect piece for your next formal event. The embroidered mesh bodice and round neckline give it a luxurious feel, while the fully lined skirt makes this dress both elegant and comfortable to wear. A perfect choice for bridesmaids, mother of the bride, prom and other formal occasions. Pair this stunning blue dress with some heels and you're ready to go!",Dresses,90,Goddiva,24726,Women's Dresses & Skirts,198,https://images2.productserve.com/?w=200&h=200&bg=white&trim=5&t=letterbox&url=ssl%3Acdn.shopify.com%2Fs%2Ffiles%2F1%2F0487%2F8834%2F0899%2Ffiles%2FDR3584_NAVY_0008_front_1770734201.jpg&feedId=62769&k=fa78364019db51d6ec20c1b0818ac695be8760b4,USD,,"Over $120 - Free Delivery, Less than $120 - $12",https://goddiva.us/products/goddiva-embroidered-mesh-maxi-dress-navy,,,USD130,62769,Goddiva,1,,,,,,Womens,Dresses
https://www.awin1.com/pclick.php?p=35428620638&a=2771700&m=24726,Goddiva Embroidered Mesh Maxi Dress - Burgundy,35428620638,DR3584-BURGUNDY-8,https://cdn.shopify.com/s/files/1/0487/8834/0899/files/DR3584_BURGUNDY_0005_front_1770734242.jpg,"This Embroidered Mesh Maxi Dress is a perfect pick for your next special occasion. Envelop yourself in an aura of romance and princess-like allure with the accentuated cut and intricate embroidery pattern of this dress. This long burgundy maxi is the perfect piece for your next formal event. The embroidered mesh bodice and round neckline give it a luxurious feel, while the fully lined skirt makes this dress both elegant and comfortable to wear. A perfect choice for bridesmaids, mother of the bride, prom and other formal occasions. Pair this stunning wine dress with some heels and you're ready to go!",Dresses,90,Goddiva,24726,Women's Dresses & Skirts,198,https://images2.productserve.com/?w=200&h=200&bg=white&trim=5&t=letterbox&url=ssl%3Acdn.shopify.com%2Fs%2Ffiles%2F1%2F0487%2F8834%2F0899%2Ffiles%2FDR3584_BURGUNDY_0005_front_1770734242.jpg&feedId=62769&k=0702a0c82f7bafa863feef302ffdb80346d0be62,USD,,"Over $120 - Free Delivery, Less than $120 - $12",https://goddiva.us/products/goddiva-embroidered-mesh-maxi-dress-burgundy,,,USD130,62769,Goddiva,1,,,,,,Womens,Dresses
https://www.awin1.com/pclick.php?p=35428620642&a=2771700&m=24726,Goddiva Embroidered Mesh Maxi Dress - Burgundy,35428620642,DR3584-BURGUNDY-12,https://cdn.shopify.com/s/files/1/0487/8834/0899/files/DR3584_BURGUNDY_0005_front_1770734242.jpg,"This Embroidered Mesh Maxi Dress is a perfect pick for your next special occasion. Envelop yourself in an aura of romance and princess-like allure with the accentuated cut and intricate embroidery pattern of this dress. This long burgundy maxi is the perfect piece for your next formal event. The embroidered mesh bodice and round neckline give it a luxurious feel, while the fully lined skirt makes this dress both elegant and comfortable to wear. A perfect choice for bridesmaids, mother of the bride, prom and other formal occasions. Pair this stunning wine dress with some heels and you're ready to go!",Dresses,90,Goddiva,24726,Women's Dresses & Skirts,198,https://images2.productserve.com/?w=200&h=200&bg=white&trim=5&t=letterbox&url=ssl%3Acdn.shopify.com%2Fs%2Ffiles%2F1%2F0487%2F8834%2F0899%2Ffiles%2FDR3584_BURGUNDY_0005_front_1770734242.jpg&feedId=62769&k=0702a0c82f7bafa863feef302ffdb80346d0be62,USD,,"Over $120 - Free Delivery, Less than $120 - $12",https://goddiva.us/products/goddiva-embroidered-mesh-maxi-dress-burgundy,,,USD130,62769,Goddiva,1,,,,,,Womens,Dresses
https://www.awin1.com/pclick.php?p=35428620640&a=2771700&m=24726,Goddiva Embroidered Mesh Maxi Dress - Burgundy,35428620640,DR3584-BURGUNDY-10,https://cdn.shopify.com/s/files/1/0487/8834/0899/files/DR3584_BURGUNDY_0005_front_1770734242.jpg,"This Embroidered Mesh Maxi Dress is a perfect pick for your next special occasion. Envelop yourself in an aura of romance and princess-like allure with the accentuated cut and intricate embroidery pattern of this dress. This long burgundy maxi is the perfect piece for your next formal event. The embroidered mesh bodice and round neckline give it a luxurious feel, while the fully lined skirt makes this dress both elegant and comfortable to wear. A perfect choice for bridesmaids, mother of the bride, prom and other formal occasions. Pair this stunning wine dress with some heels and you're ready to go!",Dresses,90,Goddiva,24726,Women's Dresses & Skirts,198,https://images2.productserve.com/?w=200&h=200&bg=white&trim=5&t=letterbox&url=ssl%3Acdn.shopify.com%2Fs%2Ffiles%2F1%2F0487%2F8834%2F0899%2Ffiles%2FDR3584_BURGUNDY_0005_front_1770734242.jpg&feedId=62769&k=0702a0c82f7bafa863feef302ffdb80346d0be62,USD,,"Over $120 - Free Delivery, Less than $120 - $12",https://goddiva.us/products/goddiva-embroidered-mesh-maxi-dress-burgundy,,,USD130,62769,Goddiva,1,,,,,,Womens,Dresses
https://www.awin1.com/pclick.php?p=35457893922&a=2771700&m=24726,Goddiva Bardot Sequin & Lace High Low Midi - Black,35457893922,DR3675-BLACK-12,https://cdn.shopify.com/s/files/1/0487/8834/0899/files/DR3675_Black_1320_front_1749820990.jpg,"Goddiva's Scalloped Bardot Sequin & Lace High Low Midi Dress is an elegantly chic, and timeless piece that will easily become your essential cocktail dress. This breathtaking black number features scalloped detailing on the neckline and hem of the skirt, A-line cut with dipped hem, and sequin and lace detailing throughout. This scalloped Goddiva dress is a showstopper! The beautifully embellished bodice, high low skirt and off-the-shoulder neckline are sure to turn heads no matter the occasion. Whether it be for bridesmaids, prom or a formal function, this black dress is the perfect choice. Team with heels and minimal jewellery for the ultimate look.",Dresses,98,Goddiva,24726,Women's Dresses & Skirts,198,https://images2.productserve.com/?w=200&h=200&bg=white&trim=5&t=letterbox&url=ssl%3Acdn.shopify.com%2Fs%2Ffiles%2F1%2F0487%2F8834%2F0899%2Ffiles%2FDR3675_Black_1320_front_1749820990.jpg&feedId=62769&k=d85b3c83432915ab7fa7df998d7d4c1f604a960e,USD,,"Over $120 - Free Delivery, Less than $120 - $12",https://goddiva.us/products/goddiva-bardot-sequin-lace-high-low-midi-black,,,USD170,62769,Goddiva,1,,,,,,Womens,Dresses
https://www.awin1.com/pclick.php?p=35457893920&a=2771700&m=24726,Goddiva Bardot Sequin & Lace High Low Midi - Black,35457893920,DR3675-BLACK-10,https://cdn.shopify.com/s/files/1/0487/8834/0899/files/DR3675_Black_1320_front_1749820990.jpg,"Goddiva's Scalloped Bardot Sequin & Lace High Low Midi Dress is an elegantly chic, and timeless piece that will easily become your essential cocktail dress. This breathtaking black number features scalloped detailing on the neckline and hem of the skirt, A-line cut with dipped hem, and sequin and lace detailing throughout. This scalloped Goddiva dress is a showstopper! The beautifully embellished bodice, high low skirt and off-the-shoulder neckline are sure to turn heads no matter the occasion. Whether it be for bridesmaids, prom or a formal function, this black dress is the perfect choice. Team with heels and minimal jewellery for the ultimate look.",Dresses,98,Goddiva,24726,Women's Dresses & Skirts,198,https://images2.productserve.com/?w=200&h=200&bg=white&trim=5&t=letterbox&url=ssl%3Acdn.shopify.com%2Fs%2Ffiles%2F1%2F0487%2F8834%2F0899%2Ffiles%2FDR3675_Black_1320_front_1749820990.jpg&feedId=62769&k=d85b3c83432915ab7fa7df998d7d4c1f604a960e,USD,,"Over $120 - Free Delivery, Less than $120 - $12",https://goddiva.us/products/goddiva-bardot-sequin-lace-high-low-midi-black,,,USD170,62769,Goddiva,1,,,,,,Womens,Dresses
https://www.awin1.com/pclick.php?p=35457893924&a=2771700&m=24726,Goddiva Bardot Sequin & Lace High Low Midi - Black,35457893924,DR3675-BLACK-14,https://cdn.shopify.com/s/files/1/0487/8834/0899/files/DR3675_Black_1320_front_1749820990.jpg,"Goddiva's Scalloped Bardot Sequin & Lace High Low Midi Dress is an elegantly chic, and timeless piece that will easily become your essential cocktail dress. This breathtaking black number features scalloped detailing on the neckline and hem of the skirt, A-line cut with dipped hem, and sequin and lace detailing throughout. This scalloped Goddiva dress is a showstopper! The beautifully embellished bodice, high low skirt and off-the-shoulder neckline are sure to turn heads no matter the occasion. Whether it be for bridesmaids, prom or a formal function, this black dress is the perfect choice. Team with heels and minimal jewellery for the ultimate look.",Dresses,98,Goddiva,24726,Women's Dresses & Skirts,198,https://images2.productserve.com/?w=200&h=200&bg=white&trim=5&t=letterbox&url=ssl%3Acdn.shopify.com%2Fs%2Ffiles%2F1%2F0487%2F8834%2F0899%2Ffiles%2FDR3675_Black_1320_front_1749820990.jpg&feedId=62769&k=d85b3c83432915ab7fa7df998d7d4c1f604a960e,USD,,"Over $120 - Free Delivery, Less than $120 - $12",https://goddiva.us/products/goddiva-bardot-sequin-lace-high-low-midi-black,,,USD170,62769,Goddiva,1,,,,,,Womens,Dresses
https://www.awin1.com/pclick.php?p=35457893918&a=2771700&m=24726,Goddiva Bardot Sequin & Lace High Low Midi - Black,35457893918,DR3675-BLACK-8,https://cdn.shopify.com/s/files/1/0487/8834/0899/files/DR3675_Black_1320_front_1749820990.jpg,"Goddiva's Scalloped Bardot Sequin & Lace High Low Midi Dress is an elegantly chic, and timeless piece that will easily become your essential cocktail dress. This breathtaking black number features scalloped detailing on the neckline and hem of the skirt, A-line cut with dipped hem, and sequin and lace detailing throughout. This scalloped Goddiva dress is a showstopper! The beautifully embellished bodice, high low skirt and off-the-shoulder neckline are sure to turn heads no matter the occasion. Whether it be for bridesmaids, prom or a formal function, this black dress is the perfect choice. Team with heels and minimal jewellery for the ultimate look.",Dresses,98,Goddiva,24726,Women's Dresses & Skirts,198,https://images2.productserve.com/?w=200&h=200&bg=white&trim=5&t=letterbox&url=ssl%3Acdn.shopify.com%2Fs%2Ffiles%2F1%2F0487%2F8834%2F0899%2Ffiles%2FDR3675_Black_1320_front_1749820990.jpg&feedId=62769&k=d85b3c83432915ab7fa7df998d7d4c1f604a960e,USD,,"Over $120 - Free Delivery, Less than $120 - $12",https://goddiva.us/products/goddiva-bardot-sequin-lace-high-low-midi-black,,,USD170,62769,Goddiva,1,,,,,,Womens,Dresses
https://www.awin1.com/pclick.php?p=35544431260&a=2771700&m=24726,Goddiva Flutter Sleeve Floral Embroidered Maxi - Burgundy,35544431260,DR3798-BURGUNDY-10,https://cdn.shopify.com/s/files/1/0487/8834/0899/files/DR3798-BURGUNDY_20_282_29_20_281_29_FRONT_1712155497.jpg,"The flutter sleeve floral embroidered maxi dress is a beautiful and whimsical style that can be perfect for bridesmaids. The flutter sleeves add a delicate and feminine touch, while the floral embroidery creates a romantic and dreamy look to this wine. The maxi length of the dress adds an element of elegance and sophistication, making it perfect for a formal occasion like a wedding.The creative style of this dress can make bridesmaids feel like they are floating on cloud 9. The soft and flowing fabric of this burgundy dress can create a sense of lightness and movement, making it a comfortable and flattering choice for bridesmaids of all shapes and sizes.When it comes to styling this dress, you can keep it simple with delicate jewellery and strappy sandals. This flutter sleeve floral embroidered maxi dress can be a beautiful and romantic choice for bridesmaids. Its whimsical style and dreamy feel can make bridesmaids feel like they are part of a fairytale wedding.",Dresses,90,Goddiva,24726,Women's Dresses & Skirts,198,https://images2.productserve.com/?w=200&h=200&bg=white&trim=5&t=letterbox&url=ssl%3Acdn.shopify.com%2Fs%2Ffiles%2F1%2F0487%2F8834%2F0899%2Ffiles%2FDR3798-BURGUNDY_20_282_29_20_281_29_FRONT_1712155497.jpg&feedId=62769&k=ba61416a42179fac468db4d2b9d7e5a0f70d61a1,USD,,"Over $120 - Free Delivery, Less than $120 - $12",https://goddiva.us/products/goddiva-flutter-sleeve-floral-embroidered-maxi-burgundy,,,USD170,62769,Goddiva,1,,,,,,Womens,Dresses
https://www.awin1.com/pclick.php?p=35544431262&a=2771700&m=24726,Goddiva Flutter Sleeve Floral Embroidered Maxi - Burgundy,35544431262,DR3798-BURGUNDY-14,https://cdn.shopify.com/s/files/1/0487/8834/0899/files/DR3798-BURGUNDY_20_282_29_20_281_29_FRONT_1712155497.jpg,"The flutter sleeve floral embroidered maxi dress is a beautiful and whimsical style that can be perfect for bridesmaids. The flutter sleeves add a delicate and feminine touch, while the floral embroidery creates a romantic and dreamy look to this wine. The maxi length of the dress adds an element of elegance and sophistication, making it perfect for a formal occasion like a wedding.The creative style of this dress can make bridesmaids feel like they are floating on cloud 9. The soft and flowing fabric of this burgundy dress can create a sense of lightness and movement, making it a comfortable and flattering choice for bridesmaids of all shapes and sizes.When it comes to styling this dress, you can keep it simple with delicate jewellery and strappy sandals. This flutter sleeve floral embroidered maxi dress can be a beautiful and romantic choice for bridesmaids. Its whimsical style and dreamy feel can make bridesmaids feel like they are part of a fairytale wedding.",Dresses,90,Goddiva,24726,Women's Dresses & Skirts,198,https://images2.productserve.com/?w=200&h=200&bg=white&trim=5&t=letterbox&url=ssl%3Acdn.shopify.com%2Fs%2Ffiles%2F1%2F0487%2F8834%2F0899%2Ffiles%2FDR3798-BURGUNDY_20_282_29_20_281_29_FRONT_1712155497.jpg&feedId=62769&k=ba61416a42179fac468db4d2b9d7e5a0f70d61a1,USD,,"Over $120 - Free Delivery, Less than $120 - $12",https://goddiva.us/products/goddiva-flutter-sleeve-floral-embroidered-maxi-burgundy,,,USD170,62769,Goddiva,1,,,,,,Womens,Dresses
https://www.awin1.com/pclick.php?p=35544431259&a=2771700&m=24726,Goddiva Flutter Sleeve Floral Embroidered Maxi - Burgundy,35544431259,DR3798-BURGUNDY-8,https://cdn.shopify.com/s/files/1/0487/8834/0899/files/DR3798-BURGUNDY_20_282_29_20_281_29_FRONT_1712155497.jpg,"The flutter sleeve floral embroidered maxi dress is a beautiful and whimsical style that can be perfect for bridesmaids. The flutter sleeves add a delicate and feminine touch, while the floral embroidery creates a romantic and dreamy look to this wine. The maxi length of the dress adds an element of elegance and sophistication, making it perfect for a formal occasion like a wedding.The creative style of this dress can make bridesmaids feel like they are floating on cloud 9. The soft and flowing fabric of this burgundy dress can create a sense of lightness and movement, making it a comfortable and flattering choice for bridesmaids of all shapes and sizes.When it comes to styling this dress, you can keep it simple with delicate jewellery and strappy sandals. This flutter sleeve floral embroidered maxi dress can be a beautiful and romantic choice for bridesmaids. Its whimsical style and dreamy feel can make bridesmaids feel like they are part of a fairytale wedding.",Dresses,90,Goddiva,24726,Women's Dresses & Skirts,198,https://images2.productserve.com/?w=200&h=200&bg=white&trim=5&t=letterbox&url=ssl%3Acdn.shopify.com%2Fs%2Ffiles%2F1%2F0487%2F8834%2F0899%2Ffiles%2FDR3798-BURGUNDY_20_282_29_20_281_29_FRONT_1712155497.jpg&feedId=62769&k=ba61416a42179fac468db4d2b9d7e5a0f70d61a1,USD,,"Over $120 - Free Delivery, Less than $120 - $12",https://goddiva.us/products/goddiva-flutter-sleeve-floral-embroidered-maxi-burgundy,,,USD170,62769,Goddiva,1,,,,,,Womens,Dresses
https://www.awin1.com/pclick.php?p=35544431261&a=2771700&m=24726,Goddiva Flutter Sleeve Floral Embroidered Maxi - Burgundy,35544431261,DR3798-BURGUNDY-12,https://cdn.shopify.com/s/files/1/0487/8834/0899/files/DR3798-BURGUNDY_20_282_29_20_281_29_FRONT_1712155497.jpg,"The flutter sleeve floral embroidered maxi dress is a beautiful and whimsical style that can be perfect for bridesmaids. The flutter sleeves add a delicate and feminine touch, while the floral embroidery creates a romantic and dreamy look to this wine. The maxi length of the dress adds an element of elegance and sophistication, making it perfect for a formal occasion like a wedding.The creative style of this dress can make bridesmaids feel like they are floating on cloud 9. The soft and flowing fabric of this burgundy dress can create a sense of lightness and movement, making it a comfortable and flattering choice for bridesmaids of all shapes and sizes.When it comes to styling this dress, you can keep it simple with delicate jewellery and strappy sandals. This flutter sleeve floral embroidered maxi dress can be a beautiful and romantic choice for bridesmaids. Its whimsical style and dreamy feel can make bridesmaids feel like they are part of a fairytale wedding.",Dresses,90,Goddiva,24726,Women's Dresses & Skirts,198,https://images2.productserve.com/?w=200&h=200&bg=white&trim=5&t=letterbox&url=ssl%3Acdn.shopify.com%2Fs%2Ffiles%2F1%2F0487%2F8834%2F0899%2Ffiles%2FDR3798-BURGUNDY_20_282_29_20_281_29_FRONT_1712155497.jpg&feedId=62769&k=ba61416a42179fac468db4d2b9d7e5a0f70d61a1,USD,,"Over $120 - Free Delivery, Less than $120 - $12",https://goddiva.us/products/goddiva-flutter-sleeve-floral-embroidered-maxi-burgundy,,,USD170,62769,Goddiva,1,,,,,,Womens,Dresses
https://www.awin1.com/pclick.php?p=35581627691&a=2771700&m=24726,Goddiva Dipped Hem Sleeveless Lace Midi - Navy,35581627691,DR3815QZ-NAVY-8,https://cdn.shopify.com/s/files/1/0487/8834/0899/files/DR3815QZ-NAVY_20_281_29-Recovered_FRONT_1712156156.jpg,"This gorgeous navy occasion dress features a beautiful floral lace embroidery that exudes elegance and sophistication. The dress has a flattering sleeveless design with a V-neckline that adds a touch of femininity. The hem is beautifully dripped, giving this dark blue dress a unique and modern twist. This dress is perfect for mothers of the bride, wedding guests, and other semi-formal occasions. Its stunning design is sure to make you feel confident and beautiful on your special day. Team with heels and dangling earrings with a hair updo for the winning look.",Dresses,76,Goddiva,24726,Women's Dresses & Skirts,198,https://images2.productserve.com/?w=200&h=200&bg=white&trim=5&t=letterbox&url=ssl%3Acdn.shopify.com%2Fs%2Ffiles%2F1%2F0487%2F8834%2F0899%2Ffiles%2FDR3815QZ-NAVY_20_281_29-Recovered_FRONT_1712156156.jpg&feedId=62769&k=502d23beb76bd74ec80795f82b579ba5de8e4912,USD,,"Over $120 - Free Delivery, Less than $120 - $12",https://goddiva.us/products/goddiva-dipped-hem-sleeveless-lace-midi-navy,,,USD138,62769,Goddiva,1,,,,,,Womens,Dresses
https://www.awin1.com/pclick.php?p=35581627694&a=2771700&m=24726,Goddiva Dipped Hem Sleeveless Lace Midi - Navy,35581627694,DR3815QZ-NAVY-14,https://cdn.shopify.com/s/files/1/0487/8834/0899/files/DR3815QZ-NAVY_20_281_29-Recovered_FRONT_1712156156.jpg,"This gorgeous navy occasion dress features a beautiful floral lace embroidery that exudes elegance and sophistication. The dress has a flattering sleeveless design with a V-neckline that adds a touch of femininity. The hem is beautifully dripped, giving this dark blue dress a unique and modern twist. This dress is perfect for mothers of the bride, wedding guests, and other semi-formal occasions. Its stunning design is sure to make you feel confident and beautiful on your special day. Team with heels and dangling earrings with a hair updo for the winning look.",Dresses,76,Goddiva,24726,Women's Dresses & Skirts,198,https://images2.productserve.com/?w=200&h=200&bg=white&trim=5&t=letterbox&url=ssl%3Acdn.shopify.com%2Fs%2Ffiles%2F1%2F0487%2F8834%2F0899%2Ffiles%2FDR3815QZ-NAVY_20_281_29-Recovered_FRONT_1712156156.jpg&feedId=62769&k=502d23beb76bd74ec80795f82b579ba5de8e4912,USD,,"Over $120 - Free Delivery, Less than $120 - $12",https://goddiva.us/products/goddiva-dipped-hem-sleeveless-lace-midi-navy,,,USD138,62769,Goddiva,1,,,,,,Womens,Dresses
https://www.awin1.com/pclick.php?p=35581627692&a=2771700&m=24726,Goddiva Dipped Hem Sleeveless Lace Midi - Navy,35581627692,DR3815QZ-NAVY-10,https://cdn.shopify.com/s/files/1/0487/8834/0899/files/DR3815QZ-NAVY_20_281_29-Recovered_FRONT_1712156156.jpg,"This gorgeous navy occasion dress features a beautiful floral lace embroidery that exudes elegance and sophistication. The dress has a flattering sleeveless design with a V-neckline that adds a touch of femininity. The hem is beautifully dripped, giving this dark blue dress a unique and modern twist. This dress is perfect for mothers of the bride, wedding guests, and other semi-formal occasions. Its stunning design is sure to make you feel confident and beautiful on your special day. Team with heels and dangling earrings with a hair updo for the winning look.",Dresses,76,Goddiva,24726,Women's Dresses & Skirts,198,https://images2.productserve.com/?w=200&h=200&bg=white&trim=5&t=letterbox&url=ssl%3Acdn.shopify.com%2Fs%2Ffiles%2F1%2F0487%2F8834%2F0899%2Ffiles%2FDR3815QZ-NAVY_20_281_29-Recovered_FRONT_1712156156.jpg&feedId=62769&k=502d23beb76bd74ec80795f82b579ba5de8e4912,USD,,"Over $120 - Free Delivery, Less than $120 - $12",https://goddiva.us/products/goddiva-dipped-hem-sleeveless-lace-midi-navy,,,USD138,62769,Goddiva,1,,,,,,Womens,Dresses
https://www.awin1.com/pclick.php?p=35581627693&a=2771700&m=24726,Goddiva Dipped Hem Sleeveless Lace Midi - Navy,35581627693,DR3815QZ-NAVY-12,https://cdn.shopify.com/s/files/1/0487/8834/0899/files/DR3815QZ-NAVY_20_281_29-Recovered_FRONT_1712156156.jpg,"This gorgeous navy occasion dress features a beautiful floral lace embroidery that exudes elegance and sophistication. The dress has a flattering sleeveless design with a V-neckline that adds a touch of femininity. The hem is beautifully dripped, giving this dark blue dress a unique and modern twist. This dress is perfect for mothers of the bride, wedding guests, and other semi-formal occasions. Its stunning design is sure to make you feel confident and beautiful on your special day. Team with heels and dangling earrings with a hair updo for the winning look.",Dresses,76,Goddiva,24726,Women's Dresses & Skirts,198,https://images2.productserve.com/?w=200&h=200&bg=white&trim=5&t=letterbox&url=ssl%3Acdn.shopify.com%2Fs%2Ffiles%2F1%2F0487%2F8834%2F0899%2Ffiles%2FDR3815QZ-NAVY_20_281_29-Recovered_FRONT_1712156156.jpg&feedId=62769&k=502d23beb76bd74ec80795f82b579ba5de8e4912,USD,,"Over $120 - Free Delivery, Less than $120 - $12",https://goddiva.us/products/goddiva-dipped-hem-sleeveless-lace-midi-navy,,,USD138,62769,Goddiva,1,,,,,,Womens,Dresses
https://www.awin1.com/pclick.php?p=35592034933&a=2771700&m=24726,Goddiva One Shoulder Knot Maxi - Beige,35592034933,DR3368-BEIGE-12,https://cdn.shopify.com/s/files/1/0487/8834/0899/products/PwHnXNzs-8594.jpg,"The Goddiva One Shoulder Knot Maxi is a  dress that is made to make you feel like a goddess! In its classic beige color, this dress is here to service you from occasion to occasion. This scuba crepe maxi is a sure-fire way to take your evening occasion look up a notch. An obvious choice for bridesmaids but also a winning pick for wedding guests, prom and black tie events. Not only is this long evening gown an essential for your formal evening occasions, it is also a stunning pick for those special valentines date nights, or more formal family gatherings where you want to show off just how much of a VIP you really are.",Dresses,90,Goddiva,24726,Women's Dresses & Skirts,198,https://images2.productserve.com/?w=200&h=200&bg=white&trim=5&t=letterbox&url=ssl%3Acdn.shopify.com%2Fs%2Ffiles%2F1%2F0487%2F8834%2F0899%2Fproducts%2FPwHnXNzs-8594.jpg&feedId=62769&k=dc33c1d8ea29820135b8238c935caa41f6adb911,USD,,"Over $120 - Free Delivery, Less than $120 - $12",https://goddiva.us/products/goddiva-one-shoulder-knot-maxi-beige,,,USD130,62769,Goddiva,1,,,,,,Womens,Dresses
https://www.awin1.com/pclick.php?p=35592034932&a=2771700&m=24726,Goddiva One Shoulder Knot Maxi - Beige,35592034932,DR3368-BEIGE-10,https://cdn.shopify.com/s/files/1/0487/8834/0899/products/PwHnXNzs-8594.jpg,"The Goddiva One Shoulder Knot Maxi is a  dress that is made to make you feel like a goddess! In its classic beige color, this dress is here to service you from occasion to occasion. This scuba crepe maxi is a sure-fire way to take your evening occasion look up a notch. An obvious choice for bridesmaids but also a winning pick for wedding guests, prom and black tie events. Not only is this long evening gown an essential for your formal evening occasions, it is also a stunning pick for those special valentines date nights, or more formal family gatherings where you want to show off just how much of a VIP you really are.",Dresses,90,Goddiva,24726,Women's Dresses & Skirts,198,https://images2.productserve.com/?w=200&h=200&bg=white&trim=5&t=letterbox&url=ssl%3Acdn.shopify.com%2Fs%2Ffiles%2F1%2F0487%2F8834%2F0899%2Fproducts%2FPwHnXNzs-8594.jpg&feedId=62769&k=dc33c1d8ea29820135b8238c935caa41f6adb911,USD,,"Over $120 - Free Delivery, Less than $120 - $12",https://goddiva.us/products/goddiva-one-shoulder-knot-maxi-beige,,,USD130,62769,Goddiva,1,,,,,,Womens,Dresses
https://www.awin1.com/pclick.php?p=35592034931&a=2771700&m=24726,Goddiva One Shoulder Knot Maxi - Beige,35592034931,DR3368-BEIGE-8,https://cdn.shopify.com/s/files/1/0487/8834/0899/products/PwHnXNzs-8594.jpg,"The Goddiva One Shoulder Knot Maxi is a  dress that is made to make you feel like a goddess! In its classic beige color, this dress is here to service you from occasion to occasion. This scuba crepe maxi is a sure-fire way to take your evening occasion look up a notch. An obvious choice for bridesmaids but also a winning pick for wedding guests, prom and black tie events. Not only is this long evening gown an essential for your formal evening occasions, it is also a stunning pick for those special valentines date nights, or more formal family gatherings where you want to show off just how much of a VIP you really are.",Dresses,90,Goddiva,24726,Women's Dresses & Skirts,198,https://images2.productserve.com/?w=200&h=200&bg=white&trim=5&t=letterbox&url=ssl%3Acdn.shopify.com%2Fs%2Ffiles%2F1%2F0487%2F8834%2F0899%2Fproducts%2FPwHnXNzs-8594.jpg&feedId=62769&k=dc33c1d8ea29820135b8238c935caa41f6adb911,USD,,"Over $120 - Free Delivery, Less than $120 - $12",https://goddiva.us/products/goddiva-one-shoulder-knot-maxi-beige,,,USD130,62769,Goddiva,1,,,,,,Womens,Dresses
https://www.awin1.com/pclick.php?p=35607919005&a=2771700&m=24726,Goddiva Front Wrap Pleated Scuba Midi Dress - Royal Blue,35607919005,DR3981-ROYALBLUE-10,https://cdn.shopify.com/s/files/1/0487/8834/0899/files/DR3981_ROYALBLUE_6296_front_1752054222.jpg,"The Front Wrap Pleated Scuba Midi dress is a timeless piece that's perfect for any occasion. With its elegant design and flattering fit, this royal blue dress is a must-have for any wedding guest or semi-formal event. The pleated detailing adds texture and dimension, while the midi length provides a sophisticated touch. Whether you're attending a daytime or evening event, this blue dress is versatile enough to fit any dress code. Its semi-formal style makes it an excellent choice for a range of occasions, ensuring that you'll always look and feel your best.",Dresses,96,Goddiva,24726,Women's Dresses & Skirts,198,https://images2.productserve.com/?w=200&h=200&bg=white&trim=5&t=letterbox&url=ssl%3Acdn.shopify.com%2Fs%2Ffiles%2F1%2F0487%2F8834%2F0899%2Ffiles%2FDR3981_ROYALBLUE_6296_front_1752054222.jpg&feedId=62769&k=128fbd4a9538113d338fa54c6ccb42620950c120,USD,,"Over $120 - Free Delivery, Less than $120 - $12",https://goddiva.us/products/goddiva-front-wrap-pleated-scuba-midi-dress-royal-blue,,,USD96,62769,Goddiva,1,,,,,,Womens,Dresses
https://www.awin1.com/pclick.php?p=35607919006&a=2771700&m=24726,Goddiva Front Wrap Pleated Scuba Midi Dress - Royal Blue,35607919006,DR3981-ROYALBLUE-12,https://cdn.shopify.com/s/files/1/0487/8834/0899/files/DR3981_ROYALBLUE_6296_front_1752054222.jpg,"The Front Wrap Pleated Scuba Midi dress is a timeless piece that's perfect for any occasion. With its elegant design and flattering fit, this royal blue dress is a must-have for any wedding guest or semi-formal event. The pleated detailing adds texture and dimension, while the midi length provides a sophisticated touch. Whether you're attending a daytime or evening event, this blue dress is versatile enough to fit any dress code. Its semi-formal style makes it an excellent choice for a range of occasions, ensuring that you'll always look and feel your best.",Dresses,96,Goddiva,24726,Women's Dresses & Skirts,198,https://images2.productserve.com/?w=200&h=200&bg=white&trim=5&t=letterbox&url=ssl%3Acdn.shopify.com%2Fs%2Ffiles%2F1%2F0487%2F8834%2F0899%2Ffiles%2FDR3981_ROYALBLUE_6296_front_1752054222.jpg&feedId=62769&k=128fbd4a9538113d338fa54c6ccb42620950c120,USD,,"Over $120 - Free Delivery, Less than $120 - $12",https://goddiva.us/products/goddiva-front-wrap-pleated-scuba-midi-dress-royal-blue,,,USD96,62769,Goddiva,1,,,,,,Womens,Dresses
https://www.awin1.com/pclick.php?p=35607919004&a=2771700&m=24726,Goddiva Front Wrap Pleated Scuba Midi Dress - Royal Blue,35607919004,DR3981-ROYALBLUE-8,https://cdn.shopify.com/s/files/1/0487/8834/0899/files/DR3981_ROYALBLUE_6296_front_1752054222.jpg,"The Front Wrap Pleated Scuba Midi dress is a timeless piece that's perfect for any occasion. With its elegant design and flattering fit, this royal blue dress is a must-have for any wedding guest or semi-formal event. The pleated detailing adds texture and dimension, while the midi length provides a sophisticated touch. Whether you're attending a daytime or evening event, this blue dress is versatile enough to fit any dress code. Its semi-formal style makes it an excellent choice for a range of occasions, ensuring that you'll always look and feel your best.",Dresses,96,Goddiva,24726,Women's Dresses & Skirts,198,https://images2.productserve.com/?w=200&h=200&bg=white&trim=5&t=letterbox&url=ssl%3Acdn.shopify.com%2Fs%2Ffiles%2F1%2F0487%2F8834%2F0899%2Ffiles%2FDR3981_ROYALBLUE_6296_front_1752054222.jpg&feedId=62769&k=128fbd4a9538113d338fa54c6ccb42620950c120,USD,,"Over $120 - Free Delivery, Less than $120 - $12",https://goddiva.us/products/goddiva-front-wrap-pleated-scuba-midi-dress-royal-blue,,,USD96,62769,Goddiva,1,,,,,,Womens,Dresses
https://www.awin1.com/pclick.php?p=35642119349&a=2771700&m=24726,Goddiva Sequin & Satin Dipped Hem Midi Dress - Emerald,35642119349,DR3621-EMERALD-8,https://cdn.shopify.com/s/files/1/0487/8834/0899/files/25875_1717431323.jpg,"This stunning emerald midi occasion dress combines the glamour of sequins with the luxurious feel of satin for a truly show-stopping look. This green dress features a dipped hem that adds a touch of drama and sophistication. The sequin bodice sparkles and shines with every movement, while the satin skirt flows beautifully to create a flattering silhouette. The dress also has a sleeveless design and a v-neckline, making it perfect for any special occasion. Whether you're attending a wedding or a black-tie event, this sequin and satin dipped hem midi occasion dress is sure to make you feel like a true star.",Dresses,76,Goddiva,24726,Women's Dresses & Skirts,198,https://images2.productserve.com/?w=200&h=200&bg=white&trim=5&t=letterbox&url=ssl%3Acdn.shopify.com%2Fs%2Ffiles%2F1%2F0487%2F8834%2F0899%2Ffiles%2F25875_1717431323.jpg&feedId=62769&k=8ea4764fafcedcbe2d910c2435f89851176dcad3,USD,,"Over $120 - Free Delivery, Less than $120 - $12",https://goddiva.us/products/goddiva-sequin-satin-dipped-hem-midi-dress-emerald,,,USD130,62769,Goddiva,1,,,,,,Womens,Dresses
https://www.awin1.com/pclick.php?p=35642119337&a=2771700&m=24726,Goddiva Sequin & Satin Dipped Hem Midi  - Hot Pink,35642119337,DR3621-HOTPINK-8,https://cdn.shopify.com/s/files/1/0487/8834/0899/files/DR3621_HOTPINK_FRONT_1715268572.jpg,"This stunning hot pink midi occasion dress combines the glamour of sequins with the luxurious feel of satin for a truly show-stopping look. This light pink dress features a dipped hem that adds a touch of drama and sophistication. The sequin bodice sparkles and shines with every movement, while the satin skirt flows beautifully to create a flattering silhouette. The dress also has a sleeveless design and a v-neckline, making it perfect for any special occasion. Whether you're attending a wedding or a black-tie event, this sequin and satin dipped hem midi occasion dress is sure to make you feel like a true star.",Dresses,76,Goddiva,24726,Women's Dresses & Skirts,198,https://images2.productserve.com/?w=200&h=200&bg=white&trim=5&t=letterbox&url=ssl%3Acdn.shopify.com%2Fs%2Ffiles%2F1%2F0487%2F8834%2F0899%2Ffiles%2FDR3621_HOTPINK_FRONT_1715268572.jpg&feedId=62769&k=13d5e426b204ade89058d3c2e91fbe65130c64d7,USD,,"Over $120 - Free Delivery, Less than $120 - $12",https://goddiva.us/products/goddiva-sequin-satin-dipped-hem-midi-hot-pink,,,USD130,62769,Goddiva,1,,,,,,Womens,Dresses
https://www.awin1.com/pclick.php?p=35642119350&a=2771700&m=24726,Goddiva Sequin & Satin Dipped Hem Midi Dress - Emerald,35642119350,DR3621-EMERALD-10,https://cdn.shopify.com/s/files/1/0487/8834/0899/files/25875_1717431323.jpg,"This stunning emerald midi occasion dress combines the glamour of sequins with the luxurious feel of satin for a truly show-stopping look. This green dress features a dipped hem that adds a touch of drama and sophistication. The sequin bodice sparkles and shines with every movement, while the satin skirt flows beautifully to create a flattering silhouette. The dress also has a sleeveless design and a v-neckline, making it perfect for any special occasion. Whether you're attending a wedding or a black-tie event, this sequin and satin dipped hem midi occasion dress is sure to make you feel like a true star.",Dresses,76,Goddiva,24726,Women's Dresses & Skirts,198,https://images2.productserve.com/?w=200&h=200&bg=white&trim=5&t=letterbox&url=ssl%3Acdn.shopify.com%2Fs%2Ffiles%2F1%2F0487%2F8834%2F0899%2Ffiles%2F25875_1717431323.jpg&feedId=62769&k=8ea4764fafcedcbe2d910c2435f89851176dcad3,USD,,"Over $120 - Free Delivery, Less than $120 - $12",https://goddiva.us/products/goddiva-sequin-satin-dipped-hem-midi-dress-emerald,,,USD130,62769,Goddiva,1,,,,,,Womens,Dresses
https://www.awin1.com/pclick.php?p=35642119338&a=2771700&m=24726,Goddiva Sequin & Satin Dipped Hem Midi  - Hot Pink,35642119338,DR3621-HOTPINK-10,https://cdn.shopify.com/s/files/1/0487/8834/0899/files/DR3621_HOTPINK_FRONT_1715268572.jpg,"This stunning hot pink midi occasion dress combines the glamour of sequins with the luxurious feel of satin for a truly show-stopping look. This light pink dress features a dipped hem that adds a touch of drama and sophistication. The sequin bodice sparkles and shines with every movement, while the satin skirt flows beautifully to create a flattering silhouette. The dress also has a sleeveless design and a v-neckline, making it perfect for any special occasion. Whether you're attending a wedding or a black-tie event, this sequin and satin dipped hem midi occasion dress is sure to make you feel like a true star.",Dresses,76,Goddiva,24726,Women's Dresses & Skirts,198,https://images2.productserve.com/?w=200&h=200&bg=white&trim=5&t=letterbox&url=ssl%3Acdn.shopify.com%2Fs%2Ffiles%2F1%2F0487%2F8834%2F0899%2Ffiles%2FDR3621_HOTPINK_FRONT_1715268572.jpg&feedId=62769&k=13d5e426b204ade89058d3c2e91fbe65130c64d7,USD,,"Over $120 - Free Delivery, Less than $120 - $12",https://goddiva.us/products/goddiva-sequin-satin-dipped-hem-midi-hot-pink,,,USD130,62769,Goddiva,1,,,,,,Womens,Dresses
https://www.awin1.com/pclick.php?p=35642119339&a=2771700&m=24726,Goddiva Sequin & Satin Dipped Hem Midi  - Hot Pink,35642119339,DR3621-HOTPINK-12,https://cdn.shopify.com/s/files/1/0487/8834/0899/files/DR3621_HOTPINK_FRONT_1715268572.jpg,"This stunning hot pink midi occasion dress combines the glamour of sequins with the luxurious feel of satin for a truly show-stopping look. This light pink dress features a dipped hem that adds a touch of drama and sophistication. The sequin bodice sparkles and shines with every movement, while the satin skirt flows beautifully to create a flattering silhouette. The dress also has a sleeveless design and a v-neckline, making it perfect for any special occasion. Whether you're attending a wedding or a black-tie event, this sequin and satin dipped hem midi occasion dress is sure to make you feel like a true star.",Dresses,76,Goddiva,24726,Women's Dresses & Skirts,198,https://images2.productserve.com/?w=200&h=200&bg=white&trim=5&t=letterbox&url=ssl%3Acdn.shopify.com%2Fs%2Ffiles%2F1%2F0487%2F8834%2F0899%2Ffiles%2FDR3621_HOTPINK_FRONT_1715268572.jpg&feedId=62769&k=13d5e426b204ade89058d3c2e91fbe65130c64d7,USD,,"Over $120 - Free Delivery, Less than $120 - $12",https://goddiva.us/products/goddiva-sequin-satin-dipped-hem-midi-hot-pink,,,USD130,62769,Goddiva,1,,,,,,Womens,Dresses
https://www.awin1.com/pclick.php?p=35642119351&a=2771700&m=24726,Goddiva Sequin & Satin Dipped Hem Midi Dress - Emerald,35642119351,DR3621-EMERALD-12,https://cdn.shopify.com/s/files/1/0487/8834/0899/files/25875_1717431323.jpg,"This stunning emerald midi occasion dress combines the glamour of sequins with the luxurious feel of satin for a truly show-stopping look. This green dress features a dipped hem that adds a touch of drama and sophistication. The sequin bodice sparkles and shines with every movement, while the satin skirt flows beautifully to create a flattering silhouette. The dress also has a sleeveless design and a v-neckline, making it perfect for any special occasion. Whether you're attending a wedding or a black-tie event, this sequin and satin dipped hem midi occasion dress is sure to make you feel like a true star.",Dresses,76,Goddiva,24726,Women's Dresses & Skirts,198,https://images2.productserve.com/?w=200&h=200&bg=white&trim=5&t=letterbox&url=ssl%3Acdn.shopify.com%2Fs%2Ffiles%2F1%2F0487%2F8834%2F0899%2Ffiles%2F25875_1717431323.jpg&feedId=62769&k=8ea4764fafcedcbe2d910c2435f89851176dcad3,USD,,"Over $120 - Free Delivery, Less than $120 - $12",https://goddiva.us/products/goddiva-sequin-satin-dipped-hem-midi-dress-emerald,,,USD130,62769,Goddiva,1,,,,,,Womens,Dresses
https://www.awin1.com/pclick.php?p=35642119352&a=2771700&m=24726,Goddiva Sequin & Satin Dipped Hem Midi Dress - Emerald,35642119352,DR3621-EMERALD-14,https://cdn.shopify.com/s/files/1/0487/8834/0899/files/25875_1717431323.jpg,"This stunning emerald midi occasion dress combines the glamour of sequins with the luxurious feel of satin for a truly show-stopping look. This green dress features a dipped hem that adds a touch of drama and sophistication. The sequin bodice sparkles and shines with every movement, while the satin skirt flows beautifully to create a flattering silhouette. The dress also has a sleeveless design and a v-neckline, making it perfect for any special occasion. Whether you're attending a wedding or a black-tie event, this sequin and satin dipped hem midi occasion dress is sure to make you feel like a true star.",Dresses,76,Goddiva,24726,Women's Dresses & Skirts,198,https://images2.productserve.com/?w=200&h=200&bg=white&trim=5&t=letterbox&url=ssl%3Acdn.shopify.com%2Fs%2Ffiles%2F1%2F0487%2F8834%2F0899%2Ffiles%2F25875_1717431323.jpg&feedId=62769&k=8ea4764fafcedcbe2d910c2435f89851176dcad3,USD,,"Over $120 - Free Delivery, Less than $120 - $12",https://goddiva.us/products/goddiva-sequin-satin-dipped-hem-midi-dress-emerald,,,USD130,62769,Goddiva,1,,,,,,Womens,Dresses
https://www.awin1.com/pclick.php?p=35642119340&a=2771700&m=24726,Goddiva Sequin & Satin Dipped Hem Midi  - Hot Pink,35642119340,DR3621-HOTPINK-14,https://cdn.shopify.com/s/files/1/0487/8834/0899/files/DR3621_HOTPINK_FRONT_1715268572.jpg,"This stunning hot pink midi occasion dress combines the glamour of sequins with the luxurious feel of satin for a truly show-stopping look. This light pink dress features a dipped hem that adds a touch of drama and sophistication. The sequin bodice sparkles and shines with every movement, while the satin skirt flows beautifully to create a flattering silhouette. The dress also has a sleeveless design and a v-neckline, making it perfect for any special occasion. Whether you're attending a wedding or a black-tie event, this sequin and satin dipped hem midi occasion dress is sure to make you feel like a true star.",Dresses,76,Goddiva,24726,Women's Dresses & Skirts,198,https://images2.productserve.com/?w=200&h=200&bg=white&trim=5&t=letterbox&url=ssl%3Acdn.shopify.com%2Fs%2Ffiles%2F1%2F0487%2F8834%2F0899%2Ffiles%2FDR3621_HOTPINK_FRONT_1715268572.jpg&feedId=62769&k=13d5e426b204ade89058d3c2e91fbe65130c64d7,USD,,"Over $120 - Free Delivery, Less than $120 - $12",https://goddiva.us/products/goddiva-sequin-satin-dipped-hem-midi-hot-pink,,,USD130,62769,Goddiva,1,,,,,,Womens,Dresses
https://www.awin1.com/pclick.php?p=35655990281&a=2771700&m=24726,Goddiva Wrap Front Maxi With Flutter Sleeves - Black,35655990281,DR2565-BLACK-10,https://cdn.shopify.com/s/files/1/0487/8834/0899/files/DR2565B__FRONT_1718798136.jpg,"Get the ultimate look this season in this fun and flirty black wrap front maxi dress with flutter sleeves is a flawless choice this season. This crafty designed gown from the Goddiva summer collection is a number one choice for so many occasions, whether it's for a garden party, casual days out or brunch with friends, not to mention a perfect option for wedding guests. Jazzing up this sleek style is so easy, giving it a completely new look each time you step into it. In its black, this timeless style is going to fit perfectly in your closet, making it your new favourite. Its flavoursome maxi length floaty skirt and faux wrap neckline, this dress is completely fool-proof.",Dresses,76,Goddiva,24726,Women's Dresses & Skirts,198,https://images2.productserve.com/?w=200&h=200&bg=white&trim=5&t=letterbox&url=ssl%3Acdn.shopify.com%2Fs%2Ffiles%2F1%2F0487%2F8834%2F0899%2Ffiles%2FDR2565B__FRONT_1718798136.jpg&feedId=62769&k=40df72ce26e4e0e525a0bdeec15071079e89ccf0,USD,,"Over $120 - Free Delivery, Less than $120 - $12",https://goddiva.us/products/goddiva-wrap-front-maxi-with-flutter-sleeves-black,,,USD130,62769,Goddiva,1,,,,,,Womens,Dresses
https://www.awin1.com/pclick.php?p=35655990282&a=2771700&m=24726,Goddiva Wrap Front Maxi With Flutter Sleeves - Black,35655990282,DR2565-BLACK-12,https://cdn.shopify.com/s/files/1/0487/8834/0899/files/DR2565B__FRONT_1718798136.jpg,"Get the ultimate look this season in this fun and flirty black wrap front maxi dress with flutter sleeves is a flawless choice this season. This crafty designed gown from the Goddiva summer collection is a number one choice for so many occasions, whether it's for a garden party, casual days out or brunch with friends, not to mention a perfect option for wedding guests. Jazzing up this sleek style is so easy, giving it a completely new look each time you step into it. In its black, this timeless style is going to fit perfectly in your closet, making it your new favourite. Its flavoursome maxi length floaty skirt and faux wrap neckline, this dress is completely fool-proof.",Dresses,76,Goddiva,24726,Women's Dresses & Skirts,198,https://images2.productserve.com/?w=200&h=200&bg=white&trim=5&t=letterbox&url=ssl%3Acdn.shopify.com%2Fs%2Ffiles%2F1%2F0487%2F8834%2F0899%2Ffiles%2FDR2565B__FRONT_1718798136.jpg&feedId=62769&k=40df72ce26e4e0e525a0bdeec15071079e89ccf0,USD,,"Over $120 - Free Delivery, Less than $120 - $12",https://goddiva.us/products/goddiva-wrap-front-maxi-with-flutter-sleeves-black,,,USD130,62769,Goddiva,1,,,,,,Womens,Dresses
https://www.awin1.com/pclick.php?p=35655990280&a=2771700&m=24726,Goddiva Wrap Front Maxi With Flutter Sleeves - Black,35655990280,DR2565-BLACK-8,https://cdn.shopify.com/s/files/1/0487/8834/0899/files/DR2565B__FRONT_1718798136.jpg,"Get the ultimate look this season in this fun and flirty black wrap front maxi dress with flutter sleeves is a flawless choice this season. This crafty designed gown from the Goddiva summer collection is a number one choice for so many occasions, whether it's for a garden party, casual days out or brunch with friends, not to mention a perfect option for wedding guests. Jazzing up this sleek style is so easy, giving it a completely new look each time you step into it. In its black, this timeless style is going to fit perfectly in your closet, making it your new favourite. Its flavoursome maxi length floaty skirt and faux wrap neckline, this dress is completely fool-proof.",Dresses,76,Goddiva,24726,Women's Dresses & Skirts,198,https://images2.productserve.com/?w=200&h=200&bg=white&trim=5&t=letterbox&url=ssl%3Acdn.shopify.com%2Fs%2Ffiles%2F1%2F0487%2F8834%2F0899%2Ffiles%2FDR2565B__FRONT_1718798136.jpg&feedId=62769&k=40df72ce26e4e0e525a0bdeec15071079e89ccf0,USD,,"Over $120 - Free Delivery, Less than $120 - $12",https://goddiva.us/products/goddiva-wrap-front-maxi-with-flutter-sleeves-black,,,USD130,62769,Goddiva,1,,,,,,Womens,Dresses
https://www.awin1.com/pclick.php?p=35776953476&a=2771700&m=24726,Goddiva Sparkling Bardot Midi With Waterfall Ruffle - Red,35776953476,DR4030-RED-10,https://cdn.shopify.com/s/files/1/0487/8834/0899/files/25919_1717430135.jpg,"Get ready to dazzle and turn heads with our Lurex Bardot Midi With Waterfall Ruffle. This sparkling red dress is perfect for any party or special occasion, whether it's a night out with your significant other or a girls' night out. The midi length adds a touch of sophistication, while the bodycon fit shows off your curves in all the right places. The Bardot neckline adds a flirty touch, and the waterfall ruffle detail gives this red dress a feminine and playful touch. So, whether you're heading out for a date night or a night out with the girls, this Lurex Bardot Midi With Waterfall Ruffle is sure to be a showstopper.",Dresses,70,Goddiva,24726,Women's Dresses & Skirts,198,https://images2.productserve.com/?w=200&h=200&bg=white&trim=5&t=letterbox&url=ssl%3Acdn.shopify.com%2Fs%2Ffiles%2F1%2F0487%2F8834%2F0899%2Ffiles%2F25919_1717430135.jpg&feedId=62769&k=2994d52cc3e7a34c927b4f8b1eb30a35a6b262e5,USD,,"Over $120 - Free Delivery, Less than $120 - $12",https://goddiva.us/products/goddiva-lurex-bardot-midi-with-waterfall-ruffle-red,,,USD96,62769,Goddiva,1,,,,,,Womens,Dresses
https://www.awin1.com/pclick.php?p=35776953477&a=2771700&m=24726,Goddiva Sparkling Bardot Midi With Waterfall Ruffle - Red,35776953477,DR4030-RED-12,https://cdn.shopify.com/s/files/1/0487/8834/0899/files/25919_1717430135.jpg,"Get ready to dazzle and turn heads with our Lurex Bardot Midi With Waterfall Ruffle. This sparkling red dress is perfect for any party or special occasion, whether it's a night out with your significant other or a girls' night out. The midi length adds a touch of sophistication, while the bodycon fit shows off your curves in all the right places. The Bardot neckline adds a flirty touch, and the waterfall ruffle detail gives this red dress a feminine and playful touch. So, whether you're heading out for a date night or a night out with the girls, this Lurex Bardot Midi With Waterfall Ruffle is sure to be a showstopper.",Dresses,70,Goddiva,24726,Women's Dresses & Skirts,198,https://images2.productserve.com/?w=200&h=200&bg=white&trim=5&t=letterbox&url=ssl%3Acdn.shopify.com%2Fs%2Ffiles%2F1%2F0487%2F8834%2F0899%2Ffiles%2F25919_1717430135.jpg&feedId=62769&k=2994d52cc3e7a34c927b4f8b1eb30a35a6b262e5,USD,,"Over $120 - Free Delivery, Less than $120 - $12",https://goddiva.us/products/goddiva-lurex-bardot-midi-with-waterfall-ruffle-red,,,USD96,62769,Goddiva,1,,,,,,Womens,Dresses
https://www.awin1.com/pclick.php?p=35776953475&a=2771700&m=24726,Goddiva Sparkling Bardot Midi With Waterfall Ruffle - Red,35776953475,DR4030-RED-8,https://cdn.shopify.com/s/files/1/0487/8834/0899/files/25919_1717430135.jpg,"Get ready to dazzle and turn heads with our Lurex Bardot Midi With Waterfall Ruffle. This sparkling red dress is perfect for any party or special occasion, whether it's a night out with your significant other or a girls' night out. The midi length adds a touch of sophistication, while the bodycon fit shows off your curves in all the right places. The Bardot neckline adds a flirty touch, and the waterfall ruffle detail gives this red dress a feminine and playful touch. So, whether you're heading out for a date night or a night out with the girls, this Lurex Bardot Midi With Waterfall Ruffle is sure to be a showstopper.",Dresses,70,Goddiva,24726,Women's Dresses & Skirts,198,https://images2.productserve.com/?w=200&h=200&bg=white&trim=5&t=letterbox&url=ssl%3Acdn.shopify.com%2Fs%2Ffiles%2F1%2F0487%2F8834%2F0899%2Ffiles%2F25919_1717430135.jpg&feedId=62769&k=2994d52cc3e7a34c927b4f8b1eb30a35a6b262e5,USD,,"Over $120 - Free Delivery, Less than $120 - $12",https://goddiva.us/products/goddiva-lurex-bardot-midi-with-waterfall-ruffle-red,,,USD96,62769,Goddiva,1,,,,,,Womens,Dresses
https://www.awin1.com/pclick.php?p=35849225846&a=2771700&m=24726,Goddiva Off Shoulder Satin Maxi With V Neck - Rosepink,35849225846,DR3923-ROSEPINK-14,https://cdn.shopify.com/s/files/1/0487/8834/0899/files/DR3923_ROSEPINK_2152_front_1754299801.jpg,"This stunning Off Shoulder Satin Maxi Dress is the perfect choice for any special occasion. Crafted from luxurious satin fabric with a touch of silk, this rose pink dress feels silky smooth against the skin and exudes an air of elegance. The dress features a flattering V-neckline that adds a touch of sexiness to the overall look, while the off-shoulder design beautifully showcases the shoulders and collarbones. The maxi length of this pink dress adds a touch of sophistication and class, making it perfect for evening events, proms, and even as a bridesmaids dress. With its timeless design and flattering silhouette, this rose pink dress is sure to turn heads wherever you go. Whether you're attending a black-tie event or a wedding, this dress is the perfect choice for those who want to make a statement. So, why wait? Add this elegant and sexy Off Shoulder Satin Maxi Dress to your wardrobe today and be the centre of attention at your next special occasion!",Dresses,76,Goddiva,24726,Women's Dresses & Skirts,198,https://images2.productserve.com/?w=200&h=200&bg=white&trim=5&t=letterbox&url=ssl%3Acdn.shopify.com%2Fs%2Ffiles%2F1%2F0487%2F8834%2F0899%2Ffiles%2FDR3923_ROSEPINK_2152_front_1754299801.jpg&feedId=62769&k=4021b8f3d7dcee52197e18bd6470f96a4896b5b3,USD,,"Over $120 - Free Delivery, Less than $120 - $12",https://goddiva.us/products/goddiva-off-shoulder-satin-maxi-dress-with-v-neck-rosepink,,,USD116,62769,Goddiva,1,,,,,,Womens,Dresses
https://www.awin1.com/pclick.php?p=35849225843&a=2771700&m=24726,Goddiva Off Shoulder Satin Maxi With V Neck - Rosepink,35849225843,DR3923-ROSEPINK-8,https://cdn.shopify.com/s/files/1/0487/8834/0899/files/DR3923_ROSEPINK_2152_front_1754299801.jpg,"This stunning Off Shoulder Satin Maxi Dress is the perfect choice for any special occasion. Crafted from luxurious satin fabric with a touch of silk, this rose pink dress feels silky smooth against the skin and exudes an air of elegance. The dress features a flattering V-neckline that adds a touch of sexiness to the overall look, while the off-shoulder design beautifully showcases the shoulders and collarbones. The maxi length of this pink dress adds a touch of sophistication and class, making it perfect for evening events, proms, and even as a bridesmaids dress. With its timeless design and flattering silhouette, this rose pink dress is sure to turn heads wherever you go. Whether you're attending a black-tie event or a wedding, this dress is the perfect choice for those who want to make a statement. So, why wait? Add this elegant and sexy Off Shoulder Satin Maxi Dress to your wardrobe today and be the centre of attention at your next special occasion!",Dresses,76,Goddiva,24726,Women's Dresses & Skirts,198,https://images2.productserve.com/?w=200&h=200&bg=white&trim=5&t=letterbox&url=ssl%3Acdn.shopify.com%2Fs%2Ffiles%2F1%2F0487%2F8834%2F0899%2Ffiles%2FDR3923_ROSEPINK_2152_front_1754299801.jpg&feedId=62769&k=4021b8f3d7dcee52197e18bd6470f96a4896b5b3,USD,,"Over $120 - Free Delivery, Less than $120 - $12",https://goddiva.us/products/goddiva-off-shoulder-satin-maxi-dress-with-v-neck-rosepink,,,USD116,62769,Goddiva,1,,,,,,Womens,Dresses
https://www.awin1.com/pclick.php?p=35849225844&a=2771700&m=24726,Goddiva Off Shoulder Satin Maxi With V Neck - Rosepink,35849225844,DR3923-ROSEPINK-10,https://cdn.shopify.com/s/files/1/0487/8834/0899/files/DR3923_ROSEPINK_2152_front_1754299801.jpg,"This stunning Off Shoulder Satin Maxi Dress is the perfect choice for any special occasion. Crafted from luxurious satin fabric with a touch of silk, this rose pink dress feels silky smooth against the skin and exudes an air of elegance. The dress features a flattering V-neckline that adds a touch of sexiness to the overall look, while the off-shoulder design beautifully showcases the shoulders and collarbones. The maxi length of this pink dress adds a touch of sophistication and class, making it perfect for evening events, proms, and even as a bridesmaids dress. With its timeless design and flattering silhouette, this rose pink dress is sure to turn heads wherever you go. Whether you're attending a black-tie event or a wedding, this dress is the perfect choice for those who want to make a statement. So, why wait? Add this elegant and sexy Off Shoulder Satin Maxi Dress to your wardrobe today and be the centre of attention at your next special occasion!",Dresses,76,Goddiva,24726,Women's Dresses & Skirts,198,https://images2.productserve.com/?w=200&h=200&bg=white&trim=5&t=letterbox&url=ssl%3Acdn.shopify.com%2Fs%2Ffiles%2F1%2F0487%2F8834%2F0899%2Ffiles%2FDR3923_ROSEPINK_2152_front_1754299801.jpg&feedId=62769&k=4021b8f3d7dcee52197e18bd6470f96a4896b5b3,USD,,"Over $120 - Free Delivery, Less than $120 - $12",https://goddiva.us/products/goddiva-off-shoulder-satin-maxi-dress-with-v-neck-rosepink,,,USD116,62769,Goddiva,1,,,,,,Womens,Dresses
https://www.awin1.com/pclick.php?p=35849225845&a=2771700&m=24726,Goddiva Off Shoulder Satin Maxi With V Neck - Rosepink,35849225845,DR3923-ROSEPINK-12,https://cdn.shopify.com/s/files/1/0487/8834/0899/files/DR3923_ROSEPINK_2152_front_1754299801.jpg,"This stunning Off Shoulder Satin Maxi Dress is the perfect choice for any special occasion. Crafted from luxurious satin fabric with a touch of silk, this rose pink dress feels silky smooth against the skin and exudes an air of elegance. The dress features a flattering V-neckline that adds a touch of sexiness to the overall look, while the off-shoulder design beautifully showcases the shoulders and collarbones. The maxi length of this pink dress adds a touch of sophistication and class, making it perfect for evening events, proms, and even as a bridesmaids dress. With its timeless design and flattering silhouette, this rose pink dress is sure to turn heads wherever you go. Whether you're attending a black-tie event or a wedding, this dress is the perfect choice for those who want to make a statement. So, why wait? Add this elegant and sexy Off Shoulder Satin Maxi Dress to your wardrobe today and be the centre of attention at your next special occasion!",Dresses,76,Goddiva,24726,Women's Dresses & Skirts,198,https://images2.productserve.com/?w=200&h=200&bg=white&trim=5&t=letterbox&url=ssl%3Acdn.shopify.com%2Fs%2Ffiles%2F1%2F0487%2F8834%2F0899%2Ffiles%2FDR3923_ROSEPINK_2152_front_1754299801.jpg&feedId=62769&k=4021b8f3d7dcee52197e18bd6470f96a4896b5b3,USD,,"Over $120 - Free Delivery, Less than $120 - $12",https://goddiva.us/products/goddiva-off-shoulder-satin-maxi-dress-with-v-neck-rosepink,,,USD116,62769,Goddiva,1,,,,,,Womens,Dresses
https://www.awin1.com/pclick.php?p=35998162829&a=2771700&m=24726,Goddiva Two Toned V Neck Sequin Maxi - Emerald Green,35998162829,DR3494-EMERALD-12,https://cdn.shopify.com/s/files/1/0487/8834/0899/files/dr3494_emerald_front_1764592584.jpg,"A dazzling evening dress that will leave you feeling like a true diva. With its two tone sequins and fishtail hem, it is not hard to see why this dark green piece is a must have for your collection. The v neckline gives this dress an edge and makes it perfect for those special occasions when you want to stand out from the crowd. Ideal to wear on Christmas day, New Year's eve parties and any other festive occasion. In its classic emerald green color this sparkling evening dress is the perfect fit for black tie events, mothers of the bride & groom, prom and so many other occasions. Teamed with an updo, heels and clutch bag, this long sleeve emerald occasion dress will have you feeling like the belle of the ball.",Dresses,96,Goddiva,24726,Women's Dresses & Skirts,198,https://images2.productserve.com/?w=200&h=200&bg=white&trim=5&t=letterbox&url=ssl%3Acdn.shopify.com%2Fs%2Ffiles%2F1%2F0487%2F8834%2F0899%2Ffiles%2Fdr3494_emerald_front_1764592584.jpg&feedId=62769&k=6a760c2c80fb46545bf3056188d6654863239c52,USD,,"Over $120 - Free Delivery, Less than $120 - $12",https://goddiva.us/products/goddiva-two-toned-v-neck-sequin-maxi-emerald-green,,,USD170,62769,Goddiva,1,,,,,,Womens,Dresses
https://www.awin1.com/pclick.php?p=35998162827&a=2771700&m=24726,Goddiva Two Toned V Neck Sequin Maxi - Emerald Green,35998162827,DR3494-EMERALD-8,https://cdn.shopify.com/s/files/1/0487/8834/0899/files/dr3494_emerald_front_1764592584.jpg,"A dazzling evening dress that will leave you feeling like a true diva. With its two tone sequins and fishtail hem, it is not hard to see why this dark green piece is a must have for your collection. The v neckline gives this dress an edge and makes it perfect for those special occasions when you want to stand out from the crowd. Ideal to wear on Christmas day, New Year's eve parties and any other festive occasion. In its classic emerald green color this sparkling evening dress is the perfect fit for black tie events, mothers of the bride & groom, prom and so many other occasions. Teamed with an updo, heels and clutch bag, this long sleeve emerald occasion dress will have you feeling like the belle of the ball.",Dresses,96,Goddiva,24726,Women's Dresses & Skirts,198,https://images2.productserve.com/?w=200&h=200&bg=white&trim=5&t=letterbox&url=ssl%3Acdn.shopify.com%2Fs%2Ffiles%2F1%2F0487%2F8834%2F0899%2Ffiles%2Fdr3494_emerald_front_1764592584.jpg&feedId=62769&k=6a760c2c80fb46545bf3056188d6654863239c52,USD,,"Over $120 - Free Delivery, Less than $120 - $12",https://goddiva.us/products/goddiva-two-toned-v-neck-sequin-maxi-emerald-green,,,USD170,62769,Goddiva,1,,,,,,Womens,Dresses
https://www.awin1.com/pclick.php?p=35998162828&a=2771700&m=24726,Goddiva Two Toned V Neck Sequin Maxi - Emerald Green,35998162828,DR3494-EMERALD-10,https://cdn.shopify.com/s/files/1/0487/8834/0899/files/dr3494_emerald_front_1764592584.jpg,"A dazzling evening dress that will leave you feeling like a true diva. With its two tone sequins and fishtail hem, it is not hard to see why this dark green piece is a must have for your collection. The v neckline gives this dress an edge and makes it perfect for those special occasions when you want to stand out from the crowd. Ideal to wear on Christmas day, New Year's eve parties and any other festive occasion. In its classic emerald green color this sparkling evening dress is the perfect fit for black tie events, mothers of the bride & groom, prom and so many other occasions. Teamed with an updo, heels and clutch bag, this long sleeve emerald occasion dress will have you feeling like the belle of the ball.",Dresses,96,Goddiva,24726,Women's Dresses & Skirts,198,https://images2.productserve.com/?w=200&h=200&bg=white&trim=5&t=letterbox&url=ssl%3Acdn.shopify.com%2Fs%2Ffiles%2F1%2F0487%2F8834%2F0899%2Ffiles%2Fdr3494_emerald_front_1764592584.jpg&feedId=62769&k=6a760c2c80fb46545bf3056188d6654863239c52,USD,,"Over $120 - Free Delivery, Less than $120 - $12",https://goddiva.us/products/goddiva-two-toned-v-neck-sequin-maxi-emerald-green,,,USD170,62769,Goddiva,1,,,,,,Womens,Dresses
https://www.awin1.com/pclick.php?p=36005742319&a=2771700&m=24726,Goddiva Satin Viscose Front Buttoned Dipped Hem Midaxi Dress - Black,36005742319,DR3899-BLACK-10,https://cdn.shopify.com/s/files/1/0487/8834/0899/files/DR3899_Black_1207_front_1749821872.jpg,"Enhance your wardrobe with our exquisite Satin Viscose Front Buttoned Dipped Hem Midaxi Dress. Designed to make you feel effortlessly elegant, this luxurious black dress boasts a sweetheart neckline that beautifully accentuates your collarbones. The long sleeves feature shirred cuffs, adding a touch of sophistication to your look. With its front button detail, this black dress exudes timeless charm and versatility. The high-low hem creates a graceful silhouette, perfect for those who appreciate contemporary fashion with a twist. Made from high-quality satin viscose material, it provides a lustrous and smooth texture, ensuring you feel both comfortable and glamorous throughout the day or night. Whether you're attending a wedding as a guest or going on a romantic date night, this black Midaxi  dress is a go-to choice for any special occasion. Its elegant design and attention to detail make it an excellent option for evening events like birthday parties, where you want to make a lasting impression. Indulge in the luxurious allure of our Satin Viscose Front Buttoned Dipped Hem Midaxi  Dress and let it become your statement piece for unforgettable moments.",Dresses,76,Goddiva,24726,Women's Dresses & Skirts,198,https://images2.productserve.com/?w=200&h=200&bg=white&trim=5&t=letterbox&url=ssl%3Acdn.shopify.com%2Fs%2Ffiles%2F1%2F0487%2F8834%2F0899%2Ffiles%2FDR3899_Black_1207_front_1749821872.jpg&feedId=62769&k=a9731b8f50b6cc6b2de5456ad422ae728b06af63,USD,,"Over $120 - Free Delivery, Less than $120 - $12",https://goddiva.us/products/goddiva-satin-viscose-front-buttoned-dipped-hem-midi-black,,,USD96,62769,Goddiva,1,,,,,,Womens,Dresses
https://www.awin1.com/pclick.php?p=36005742321&a=2771700&m=24726,Goddiva Satin Viscose Front Buttoned Dipped Hem Midaxi Dress - Black,36005742321,DR3899-BLACK-14,https://cdn.shopify.com/s/files/1/0487/8834/0899/files/DR3899_Black_1207_front_1749821872.jpg,"Enhance your wardrobe with our exquisite Satin Viscose Front Buttoned Dipped Hem Midaxi Dress. Designed to make you feel effortlessly elegant, this luxurious black dress boasts a sweetheart neckline that beautifully accentuates your collarbones. The long sleeves feature shirred cuffs, adding a touch of sophistication to your look. With its front button detail, this black dress exudes timeless charm and versatility. The high-low hem creates a graceful silhouette, perfect for those who appreciate contemporary fashion with a twist. Made from high-quality satin viscose material, it provides a lustrous and smooth texture, ensuring you feel both comfortable and glamorous throughout the day or night. Whether you're attending a wedding as a guest or going on a romantic date night, this black Midaxi  dress is a go-to choice for any special occasion. Its elegant design and attention to detail make it an excellent option for evening events like birthday parties, where you want to make a lasting impression. Indulge in the luxurious allure of our Satin Viscose Front Buttoned Dipped Hem Midaxi  Dress and let it become your statement piece for unforgettable moments.",Dresses,76,Goddiva,24726,Women's Dresses & Skirts,198,https://images2.productserve.com/?w=200&h=200&bg=white&trim=5&t=letterbox&url=ssl%3Acdn.shopify.com%2Fs%2Ffiles%2F1%2F0487%2F8834%2F0899%2Ffiles%2FDR3899_Black_1207_front_1749821872.jpg&feedId=62769&k=a9731b8f50b6cc6b2de5456ad422ae728b06af63,USD,,"Over $120 - Free Delivery, Less than $120 - $12",https://goddiva.us/products/goddiva-satin-viscose-front-buttoned-dipped-hem-midi-black,,,USD96,62769,Goddiva,1,,,,,,Womens,Dresses
https://www.awin1.com/pclick.php?p=36005742318&a=2771700&m=24726,Goddiva Satin Viscose Front Buttoned Dipped Hem Midaxi Dress - Black,36005742318,DR3899-BLACK-8,https://cdn.shopify.com/s/files/1/0487/8834/0899/files/DR3899_Black_1207_front_1749821872.jpg,"Enhance your wardrobe with our exquisite Satin Viscose Front Buttoned Dipped Hem Midaxi Dress. Designed to make you feel effortlessly elegant, this luxurious black dress boasts a sweetheart neckline that beautifully accentuates your collarbones. The long sleeves feature shirred cuffs, adding a touch of sophistication to your look. With its front button detail, this black dress exudes timeless charm and versatility. The high-low hem creates a graceful silhouette, perfect for those who appreciate contemporary fashion with a twist. Made from high-quality satin viscose material, it provides a lustrous and smooth texture, ensuring you feel both comfortable and glamorous throughout the day or night. Whether you're attending a wedding as a guest or going on a romantic date night, this black Midaxi  dress is a go-to choice for any special occasion. Its elegant design and attention to detail make it an excellent option for evening events like birthday parties, where you want to make a lasting impression. Indulge in the luxurious allure of our Satin Viscose Front Buttoned Dipped Hem Midaxi  Dress and let it become your statement piece for unforgettable moments.",Dresses,76,Goddiva,24726,Women's Dresses & Skirts,198,https://images2.productserve.com/?w=200&h=200&bg=white&trim=5&t=letterbox&url=ssl%3Acdn.shopify.com%2Fs%2Ffiles%2F1%2F0487%2F8834%2F0899%2Ffiles%2FDR3899_Black_1207_front_1749821872.jpg&feedId=62769&k=a9731b8f50b6cc6b2de5456ad422ae728b06af63,USD,,"Over $120 - Free Delivery, Less than $120 - $12",https://goddiva.us/products/goddiva-satin-viscose-front-buttoned-dipped-hem-midi-black,,,USD96,62769,Goddiva,1,,,,,,Womens,Dresses
https://www.awin1.com/pclick.php?p=36005742312&a=2771700&m=24726,Goddiva Satin Viscose Front Buttoned Dipped Hem Midaxi Dress - Champagne,36005742312,DR3899-CHAMPAGNE-8,https://cdn.shopify.com/s/files/1/0487/8834/0899/files/DR3899_Champagne_1144_front_front_1749822234.jpg,"Enhance your wardrobe with our exquisite Satin Viscose Front Buttoned Dipped Hem Midaxi Dress. Designed to make you feel effortlessly elegant, this luxurious champagne dress boasts a sweetheart neckline that beautifully accentuates your collarbones. The long sleeves feature shirred cuffs, adding a touch of sophistication to your look. With its front button detail, this ivory dress exudes timeless charm and versatility. The high-low hem creates a graceful silhouette, perfect for those who appreciate contemporary fashion with a twist. Made from high-quality satin viscose material, it provides a lustrous and smooth texture, ensuring you feel both comfortable and glamorous throughout the day or night. Whether you're attending a wedding as a guest or going on a romantic date night, this champagne Midaxi dress is a go-to choice for any special occasion. Its elegant design and attention to detail make it an excellent option for evening events like birthday parties, where you want to make a lasting impression. Indulge in the luxurious allure of our Satin Viscose Front Buttoned Dipped Hem Midaxi Dress and let it become your statement piece for unforgettable moments.",Dresses,76,Goddiva,24726,Women's Dresses & Skirts,198,https://images2.productserve.com/?w=200&h=200&bg=white&trim=5&t=letterbox&url=ssl%3Acdn.shopify.com%2Fs%2Ffiles%2F1%2F0487%2F8834%2F0899%2Ffiles%2FDR3899_Champagne_1144_front_front_1749822234.jpg&feedId=62769&k=daffffa657236ece2969a2d1a0dd812a1ad668dd,USD,,"Over $120 - Free Delivery, Less than $120 - $12",https://goddiva.us/products/goddiva-satin-viscose-front-buttoned-dipped-hem-champagne,,,USD96,62769,Goddiva,1,,,,,,Womens,Dresses
https://www.awin1.com/pclick.php?p=36005742315&a=2771700&m=24726,Goddiva Satin Viscose Front Buttoned Dipped Hem Midaxi Dress - Champagne,36005742315,DR3899-CHAMPAGNE-14,https://cdn.shopify.com/s/files/1/0487/8834/0899/files/DR3899_Champagne_1144_front_front_1749822234.jpg,"Enhance your wardrobe with our exquisite Satin Viscose Front Buttoned Dipped Hem Midaxi Dress. Designed to make you feel effortlessly elegant, this luxurious champagne dress boasts a sweetheart neckline that beautifully accentuates your collarbones. The long sleeves feature shirred cuffs, adding a touch of sophistication to your look. With its front button detail, this ivory dress exudes timeless charm and versatility. The high-low hem creates a graceful silhouette, perfect for those who appreciate contemporary fashion with a twist. Made from high-quality satin viscose material, it provides a lustrous and smooth texture, ensuring you feel both comfortable and glamorous throughout the day or night. Whether you're attending a wedding as a guest or going on a romantic date night, this champagne Midaxi dress is a go-to choice for any special occasion. Its elegant design and attention to detail make it an excellent option for evening events like birthday parties, where you want to make a lasting impression. Indulge in the luxurious allure of our Satin Viscose Front Buttoned Dipped Hem Midaxi Dress and let it become your statement piece for unforgettable moments.",Dresses,76,Goddiva,24726,Women's Dresses & Skirts,198,https://images2.productserve.com/?w=200&h=200&bg=white&trim=5&t=letterbox&url=ssl%3Acdn.shopify.com%2Fs%2Ffiles%2F1%2F0487%2F8834%2F0899%2Ffiles%2FDR3899_Champagne_1144_front_front_1749822234.jpg&feedId=62769&k=daffffa657236ece2969a2d1a0dd812a1ad668dd,USD,,"Over $120 - Free Delivery, Less than $120 - $12",https://goddiva.us/products/goddiva-satin-viscose-front-buttoned-dipped-hem-champagne,,,USD96,62769,Goddiva,1,,,,,,Womens,Dresses
https://www.awin1.com/pclick.php?p=36005742320&a=2771700&m=24726,Goddiva Satin Viscose Front Buttoned Dipped Hem Midaxi Dress - Black,36005742320,DR3899-BLACK-12,https://cdn.shopify.com/s/files/1/0487/8834/0899/files/DR3899_Black_1207_front_1749821872.jpg,"Enhance your wardrobe with our exquisite Satin Viscose Front Buttoned Dipped Hem Midaxi Dress. Designed to make you feel effortlessly elegant, this luxurious black dress boasts a sweetheart neckline that beautifully accentuates your collarbones. The long sleeves feature shirred cuffs, adding a touch of sophistication to your look. With its front button detail, this black dress exudes timeless charm and versatility. The high-low hem creates a graceful silhouette, perfect for those who appreciate contemporary fashion with a twist. Made from high-quality satin viscose material, it provides a lustrous and smooth texture, ensuring you feel both comfortable and glamorous throughout the day or night. Whether you're attending a wedding as a guest or going on a romantic date night, this black Midaxi  dress is a go-to choice for any special occasion. Its elegant design and attention to detail make it an excellent option for evening events like birthday parties, where you want to make a lasting impression. Indulge in the luxurious allure of our Satin Viscose Front Buttoned Dipped Hem Midaxi  Dress and let it become your statement piece for unforgettable moments.",Dresses,76,Goddiva,24726,Women's Dresses & Skirts,198,https://images2.productserve.com/?w=200&h=200&bg=white&trim=5&t=letterbox&url=ssl%3Acdn.shopify.com%2Fs%2Ffiles%2F1%2F0487%2F8834%2F0899%2Ffiles%2FDR3899_Black_1207_front_1749821872.jpg&feedId=62769&k=a9731b8f50b6cc6b2de5456ad422ae728b06af63,USD,,"Over $120 - Free Delivery, Less than $120 - $12",https://goddiva.us/products/goddiva-satin-viscose-front-buttoned-dipped-hem-midi-black,,,USD96,62769,Goddiva,1,,,,,,Womens,Dresses
https://www.awin1.com/pclick.php?p=36005742314&a=2771700&m=24726,Goddiva Satin Viscose Front Buttoned Dipped Hem Midaxi Dress - Champagne,36005742314,DR3899-CHAMPAGNE-12,https://cdn.shopify.com/s/files/1/0487/8834/0899/files/DR3899_Champagne_1144_front_front_1749822234.jpg,"Enhance your wardrobe with our exquisite Satin Viscose Front Buttoned Dipped Hem Midaxi Dress. Designed to make you feel effortlessly elegant, this luxurious champagne dress boasts a sweetheart neckline that beautifully accentuates your collarbones. The long sleeves feature shirred cuffs, adding a touch of sophistication to your look. With its front button detail, this ivory dress exudes timeless charm and versatility. The high-low hem creates a graceful silhouette, perfect for those who appreciate contemporary fashion with a twist. Made from high-quality satin viscose material, it provides a lustrous and smooth texture, ensuring you feel both comfortable and glamorous throughout the day or night. Whether you're attending a wedding as a guest or going on a romantic date night, this champagne Midaxi dress is a go-to choice for any special occasion. Its elegant design and attention to detail make it an excellent option for evening events like birthday parties, where you want to make a lasting impression. Indulge in the luxurious allure of our Satin Viscose Front Buttoned Dipped Hem Midaxi Dress and let it become your statement piece for unforgettable moments.",Dresses,76,Goddiva,24726,Women's Dresses & Skirts,198,https://images2.productserve.com/?w=200&h=200&bg=white&trim=5&t=letterbox&url=ssl%3Acdn.shopify.com%2Fs%2Ffiles%2F1%2F0487%2F8834%2F0899%2Ffiles%2FDR3899_Champagne_1144_front_front_1749822234.jpg&feedId=62769&k=daffffa657236ece2969a2d1a0dd812a1ad668dd,USD,,"Over $120 - Free Delivery, Less than $120 - $12",https://goddiva.us/products/goddiva-satin-viscose-front-buttoned-dipped-hem-champagne,,,USD96,62769,Goddiva,1,,,,,,Womens,Dresses
https://www.awin1.com/pclick.php?p=36005742313&a=2771700&m=24726,Goddiva Satin Viscose Front Buttoned Dipped Hem Midaxi Dress - Champagne,36005742313,DR3899-CHAMPAGNE-10,https://cdn.shopify.com/s/files/1/0487/8834/0899/files/DR3899_Champagne_1144_front_front_1749822234.jpg,"Enhance your wardrobe with our exquisite Satin Viscose Front Buttoned Dipped Hem Midaxi Dress. Designed to make you feel effortlessly elegant, this luxurious champagne dress boasts a sweetheart neckline that beautifully accentuates your collarbones. The long sleeves feature shirred cuffs, adding a touch of sophistication to your look. With its front button detail, this ivory dress exudes timeless charm and versatility. The high-low hem creates a graceful silhouette, perfect for those who appreciate contemporary fashion with a twist. Made from high-quality satin viscose material, it provides a lustrous and smooth texture, ensuring you feel both comfortable and glamorous throughout the day or night. Whether you're attending a wedding as a guest or going on a romantic date night, this champagne Midaxi dress is a go-to choice for any special occasion. Its elegant design and attention to detail make it an excellent option for evening events like birthday parties, where you want to make a lasting impression. Indulge in the luxurious allure of our Satin Viscose Front Buttoned Dipped Hem Midaxi Dress and let it become your statement piece for unforgettable moments.",Dresses,76,Goddiva,24726,Women's Dresses & Skirts,198,https://images2.productserve.com/?w=200&h=200&bg=white&trim=5&t=letterbox&url=ssl%3Acdn.shopify.com%2Fs%2Ffiles%2F1%2F0487%2F8834%2F0899%2Ffiles%2FDR3899_Champagne_1144_front_front_1749822234.jpg&feedId=62769&k=daffffa657236ece2969a2d1a0dd812a1ad668dd,USD,,"Over $120 - Free Delivery, Less than $120 - $12",https://goddiva.us/products/goddiva-satin-viscose-front-buttoned-dipped-hem-champagne,,,USD96,62769,Goddiva,1,,,,,,Womens,Dresses
https://www.awin1.com/pclick.php?p=36010022625&a=2771700&m=24726,Goddiva Satin Viscose Front Wrap Midaxi Dress - Champagne,36010022625,DR4002-CHAMPAGNE-10,https://cdn.shopify.com/s/files/1/0487/8834/0899/files/DR4002_Champagne_1022_front_1749823465.jpg,"Sultry satins are a big thing this season and we want you to experience pure elegance and grace with our Satin Viscose Front Wrap Midaxi Dress. This stunning gown is designed to captivate, crafted from the finest satin viscose material for an undeniably luxurious feel. With its halter-style neckline and sleeveless design, this champagne dress exudes sophistication, making it the perfect choice for any special occasion. The layered top adds a touch of depth and dimension to the overall look, while the keyhole detail on the back adds a subtle hint of allure. The wrap-style skirt effortlessly flatters your figure, enhancing your silhouette with its graceful drape. Whether you're attending a wedding as a guest or enjoying a romantic date night, this ivory dress is a timeless choice that will make you feel like the epitome of elegance. Its versatility shines through, as it is equally suitable for evening occasions such as birthday parties or formal gatherings. The dress seamlessly transitions from day to night, ensuring you're always dressed to impress. Spoil yourself in the succulent feel of the Satin Viscose Front Wrap Midaxi Dress. Its exquisite design and luxurious material heighten your style without the need for flashy words. Step into the spotlight with confidence, grace and sexiness, and let this cream dress make a statement for you.",Dresses,76,Goddiva,24726,Women's Dresses & Skirts,198,https://images2.productserve.com/?w=200&h=200&bg=white&trim=5&t=letterbox&url=ssl%3Acdn.shopify.com%2Fs%2Ffiles%2F1%2F0487%2F8834%2F0899%2Ffiles%2FDR4002_Champagne_1022_front_1749823465.jpg&feedId=62769&k=c42cedbe7e873520dbd4018a1a694f9334fb7cd4,USD,,"Over $120 - Free Delivery, Less than $120 - $12",https://goddiva.us/products/goddiva-satin-viscose-front-wrap-midi-champagne,,,USD96,62769,Goddiva,1,,,,,,Womens,Dresses
https://www.awin1.com/pclick.php?p=36010022624&a=2771700&m=24726,Goddiva Satin Viscose Front Wrap Midaxi Dress - Champagne,36010022624,DR4002-CHAMPAGNE-8,https://cdn.shopify.com/s/files/1/0487/8834/0899/files/DR4002_Champagne_1022_front_1749823465.jpg,"Sultry satins are a big thing this season and we want you to experience pure elegance and grace with our Satin Viscose Front Wrap Midaxi Dress. This stunning gown is designed to captivate, crafted from the finest satin viscose material for an undeniably luxurious feel. With its halter-style neckline and sleeveless design, this champagne dress exudes sophistication, making it the perfect choice for any special occasion. The layered top adds a touch of depth and dimension to the overall look, while the keyhole detail on the back adds a subtle hint of allure. The wrap-style skirt effortlessly flatters your figure, enhancing your silhouette with its graceful drape. Whether you're attending a wedding as a guest or enjoying a romantic date night, this ivory dress is a timeless choice that will make you feel like the epitome of elegance. Its versatility shines through, as it is equally suitable for evening occasions such as birthday parties or formal gatherings. The dress seamlessly transitions from day to night, ensuring you're always dressed to impress. Spoil yourself in the succulent feel of the Satin Viscose Front Wrap Midaxi Dress. Its exquisite design and luxurious material heighten your style without the need for flashy words. Step into the spotlight with confidence, grace and sexiness, and let this cream dress make a statement for you.",Dresses,76,Goddiva,24726,Women's Dresses & Skirts,198,https://images2.productserve.com/?w=200&h=200&bg=white&trim=5&t=letterbox&url=ssl%3Acdn.shopify.com%2Fs%2Ffiles%2F1%2F0487%2F8834%2F0899%2Ffiles%2FDR4002_Champagne_1022_front_1749823465.jpg&feedId=62769&k=c42cedbe7e873520dbd4018a1a694f9334fb7cd4,USD,,"Over $120 - Free Delivery, Less than $120 - $12",https://goddiva.us/products/goddiva-satin-viscose-front-wrap-midi-champagne,,,USD96,62769,Goddiva,1,,,,,,Womens,Dresses
https://www.awin1.com/pclick.php?p=36010022626&a=2771700&m=24726,Goddiva Satin Viscose Front Wrap Midaxi Dress - Champagne,36010022626,DR4002-CHAMPAGNE-12,https://cdn.shopify.com/s/files/1/0487/8834/0899/files/DR4002_Champagne_1022_front_1749823465.jpg,"Sultry satins are a big thing this season and we want you to experience pure elegance and grace with our Satin Viscose Front Wrap Midaxi Dress. This stunning gown is designed to captivate, crafted from the finest satin viscose material for an undeniably luxurious feel. With its halter-style neckline and sleeveless design, this champagne dress exudes sophistication, making it the perfect choice for any special occasion. The layered top adds a touch of depth and dimension to the overall look, while the keyhole detail on the back adds a subtle hint of allure. The wrap-style skirt effortlessly flatters your figure, enhancing your silhouette with its graceful drape. Whether you're attending a wedding as a guest or enjoying a romantic date night, this ivory dress is a timeless choice that will make you feel like the epitome of elegance. Its versatility shines through, as it is equally suitable for evening occasions such as birthday parties or formal gatherings. The dress seamlessly transitions from day to night, ensuring you're always dressed to impress. Spoil yourself in the succulent feel of the Satin Viscose Front Wrap Midaxi Dress. Its exquisite design and luxurious material heighten your style without the need for flashy words. Step into the spotlight with confidence, grace and sexiness, and let this cream dress make a statement for you.",Dresses,76,Goddiva,24726,Women's Dresses & Skirts,198,https://images2.productserve.com/?w=200&h=200&bg=white&trim=5&t=letterbox&url=ssl%3Acdn.shopify.com%2Fs%2Ffiles%2F1%2F0487%2F8834%2F0899%2Ffiles%2FDR4002_Champagne_1022_front_1749823465.jpg&feedId=62769&k=c42cedbe7e873520dbd4018a1a694f9334fb7cd4,USD,,"Over $120 - Free Delivery, Less than $120 - $12",https://goddiva.us/products/goddiva-satin-viscose-front-wrap-midi-champagne,,,USD96,62769,Goddiva,1,,,,,,Womens,Dresses
https://www.awin1.com/pclick.php?p=36010022627&a=2771700&m=24726,Goddiva Satin Viscose Front Wrap Midaxi Dress - Champagne,36010022627,DR4002-CHAMPAGNE-14,https://cdn.shopify.com/s/files/1/0487/8834/0899/files/DR4002_Champagne_1022_front_1749823465.jpg,"Sultry satins are a big thing this season and we want you to experience pure elegance and grace with our Satin Viscose Front Wrap Midaxi Dress. This stunning gown is designed to captivate, crafted from the finest satin viscose material for an undeniably luxurious feel. With its halter-style neckline and sleeveless design, this champagne dress exudes sophistication, making it the perfect choice for any special occasion. The layered top adds a touch of depth and dimension to the overall look, while the keyhole detail on the back adds a subtle hint of allure. The wrap-style skirt effortlessly flatters your figure, enhancing your silhouette with its graceful drape. Whether you're attending a wedding as a guest or enjoying a romantic date night, this ivory dress is a timeless choice that will make you feel like the epitome of elegance. Its versatility shines through, as it is equally suitable for evening occasions such as birthday parties or formal gatherings. The dress seamlessly transitions from day to night, ensuring you're always dressed to impress. Spoil yourself in the succulent feel of the Satin Viscose Front Wrap Midaxi Dress. Its exquisite design and luxurious material heighten your style without the need for flashy words. Step into the spotlight with confidence, grace and sexiness, and let this cream dress make a statement for you.",Dresses,76,Goddiva,24726,Women's Dresses & Skirts,198,https://images2.productserve.com/?w=200&h=200&bg=white&trim=5&t=letterbox&url=ssl%3Acdn.shopify.com%2Fs%2Ffiles%2F1%2F0487%2F8834%2F0899%2Ffiles%2FDR4002_Champagne_1022_front_1749823465.jpg&feedId=62769&k=c42cedbe7e873520dbd4018a1a694f9334fb7cd4,USD,,"Over $120 - Free Delivery, Less than $120 - $12",https://goddiva.us/products/goddiva-satin-viscose-front-wrap-midi-champagne,,,USD96,62769,Goddiva,1,,,,,,Womens,Dresses
https://www.awin1.com/pclick.php?p=36036077454&a=2771700&m=24726,Goddiva Embroidered Mesh Maxi Dress - Emerald Green,36036077454,DR3584-EMERALDGREEN-8,https://cdn.shopify.com/s/files/1/0487/8834/0899/files/DR3584_emerlad_0017_front_1770734287.jpg,"This Embroidered Mesh Maxi Dress is a perfect pick for your next special occasion. Envelop yourself in an aura of romance and princess-like allure with the accentuated cut and intricate embroidery pattern of this dress. This long emerald green maxi is the perfect piece for your next formal event. The embroidered mesh bodice and round neckline give it a luxurious feel, while the fully lined skirt makes this dress both elegant and comfortable to wear. A perfect choice for bridesmaids, mother of the bride, prom and other formal occasions. Pair this stunning green dress with some heels and you're ready to go!",Dresses,90,Goddiva,24726,Women's Dresses & Skirts,198,https://images2.productserve.com/?w=200&h=200&bg=white&trim=5&t=letterbox&url=ssl%3Acdn.shopify.com%2Fs%2Ffiles%2F1%2F0487%2F8834%2F0899%2Ffiles%2FDR3584_emerlad_0017_front_1770734287.jpg&feedId=62769&k=dfe4a4b5bee532aa97e2ddc8c81e264ff261ef2c,USD,,"Over $120 - Free Delivery, Less than $120 - $12",https://goddiva.us/products/goddiva-embroidered-mesh-maxi-dress-emerald-green,,,USD130,62769,Goddiva,1,,,,,,Womens,Dresses
https://www.awin1.com/pclick.php?p=36036077457&a=2771700&m=24726,Goddiva Embroidered Mesh Maxi Dress - Emerald Green,36036077457,DR3584-EMERALDGREEN-14,https://cdn.shopify.com/s/files/1/0487/8834/0899/files/DR3584_emerlad_0017_front_1770734287.jpg,"This Embroidered Mesh Maxi Dress is a perfect pick for your next special occasion. Envelop yourself in an aura of romance and princess-like allure with the accentuated cut and intricate embroidery pattern of this dress. This long emerald green maxi is the perfect piece for your next formal event. The embroidered mesh bodice and round neckline give it a luxurious feel, while the fully lined skirt makes this dress both elegant and comfortable to wear. A perfect choice for bridesmaids, mother of the bride, prom and other formal occasions. Pair this stunning green dress with some heels and you're ready to go!",Dresses,90,Goddiva,24726,Women's Dresses & Skirts,198,https://images2.productserve.com/?w=200&h=200&bg=white&trim=5&t=letterbox&url=ssl%3Acdn.shopify.com%2Fs%2Ffiles%2F1%2F0487%2F8834%2F0899%2Ffiles%2FDR3584_emerlad_0017_front_1770734287.jpg&feedId=62769&k=dfe4a4b5bee532aa97e2ddc8c81e264ff261ef2c,USD,,"Over $120 - Free Delivery, Less than $120 - $12",https://goddiva.us/products/goddiva-embroidered-mesh-maxi-dress-emerald-green,,,USD130,62769,Goddiva,1,,,,,,Womens,Dresses
https://www.awin1.com/pclick.php?p=36036077456&a=2771700&m=24726,Goddiva Embroidered Mesh Maxi Dress - Emerald Green,36036077456,DR3584-EMERALDGREEN-12,https://cdn.shopify.com/s/files/1/0487/8834/0899/files/DR3584_emerlad_0017_front_1770734287.jpg,"This Embroidered Mesh Maxi Dress is a perfect pick for your next special occasion. Envelop yourself in an aura of romance and princess-like allure with the accentuated cut and intricate embroidery pattern of this dress. This long emerald green maxi is the perfect piece for your next formal event. The embroidered mesh bodice and round neckline give it a luxurious feel, while the fully lined skirt makes this dress both elegant and comfortable to wear. A perfect choice for bridesmaids, mother of the bride, prom and other formal occasions. Pair this stunning green dress with some heels and you're ready to go!",Dresses,90,Goddiva,24726,Women's Dresses & Skirts,198,https://images2.productserve.com/?w=200&h=200&bg=white&trim=5&t=letterbox&url=ssl%3Acdn.shopify.com%2Fs%2Ffiles%2F1%2F0487%2F8834%2F0899%2Ffiles%2FDR3584_emerlad_0017_front_1770734287.jpg&feedId=62769&k=dfe4a4b5bee532aa97e2ddc8c81e264ff261ef2c,USD,,"Over $120 - Free Delivery, Less than $120 - $12",https://goddiva.us/products/goddiva-embroidered-mesh-maxi-dress-emerald-green,,,USD130,62769,Goddiva,1,,,,,,Womens,Dresses
https://www.awin1.com/pclick.php?p=36036077455&a=2771700&m=24726,Goddiva Embroidered Mesh Maxi Dress - Emerald Green,36036077455,DR3584-EMERALDGREEN-10,https://cdn.shopify.com/s/files/1/0487/8834/0899/files/DR3584_emerlad_0017_front_1770734287.jpg,"This Embroidered Mesh Maxi Dress is a perfect pick for your next special occasion. Envelop yourself in an aura of romance and princess-like allure with the accentuated cut and intricate embroidery pattern of this dress. This long emerald green maxi is the perfect piece for your next formal event. The embroidered mesh bodice and round neckline give it a luxurious feel, while the fully lined skirt makes this dress both elegant and comfortable to wear. A perfect choice for bridesmaids, mother of the bride, prom and other formal occasions. Pair this stunning green dress with some heels and you're ready to go!",Dresses,90,Goddiva,24726,Women's Dresses & Skirts,198,https://images2.productserve.com/?w=200&h=200&bg=white&trim=5&t=letterbox&url=ssl%3Acdn.shopify.com%2Fs%2Ffiles%2F1%2F0487%2F8834%2F0899%2Ffiles%2FDR3584_emerlad_0017_front_1770734287.jpg&feedId=62769&k=dfe4a4b5bee532aa97e2ddc8c81e264ff261ef2c,USD,,"Over $120 - Free Delivery, Less than $120 - $12",https://goddiva.us/products/goddiva-embroidered-mesh-maxi-dress-emerald-green,,,USD130,62769,Goddiva,1,,,,,,Womens,Dresses
https://www.awin1.com/pclick.php?p=32969015653&a=2771700&m=24726,Goddiva Scalloped Lace Dipped Hem Midi Dress - Black,32969015653,DR3347-BLACK-14,https://cdn.shopify.com/s/files/1/0487/8834/0899/products/DR3347_black_front_l_1690472874.jpg,"The perfect wedding guest dress has landed! This gorgeous scalloped lace dipped hem midi dress is a classic number which will carry you through occasion to occasion. This romantic black midi dress has a v-neckline, sheer sleeves and back, scalloped detail on the neckline, long sleeves and dipped hem. This LBD dress is a stunning fit for any woman.. The midi length and v-neckline will flatter your figure, while the sheer sleeves and back are alluring.  A must-have for any special occasion! Whether you're going to a wedding or on a date night, this gown will complete your look. Teamed with the right shoes and accessories, this dress can take you to places no other dress has ever, or will ever take you.",Dresses,76,Goddiva,24726,Women's Dresses & Skirts,198,https://images2.productserve.com/?w=200&h=200&bg=white&trim=5&t=letterbox&url=ssl%3Acdn.shopify.com%2Fs%2Ffiles%2F1%2F0487%2F8834%2F0899%2Fproducts%2FDR3347_black_front_l_1690472874.jpg&feedId=62769&k=93fce83d434b8e50aa1dc5b64479c359b7486d41,USD,,"Over $120 - Free Delivery, Less than $120 - $12",https://goddiva.us/products/goddiva-scalloped-lace-dipped-hem-midi-dress-black,,,USD178,62769,Goddiva,1,,,,,,Womens,Dresses
https://www.awin1.com/pclick.php?p=32969015649&a=2771700&m=24726,Goddiva Scalloped Lace Dipped Hem Midi Dress - Black,32969015649,DR3347-BLACK-10,https://cdn.shopify.com/s/files/1/0487/8834/0899/products/DR3347_black_front_l_1690472874.jpg,"The perfect wedding guest dress has landed! This gorgeous scalloped lace dipped hem midi dress is a classic number which will carry you through occasion to occasion. This romantic black midi dress has a v-neckline, sheer sleeves and back, scalloped detail on the neckline, long sleeves and dipped hem. This LBD dress is a stunning fit for any woman.. The midi length and v-neckline will flatter your figure, while the sheer sleeves and back are alluring.  A must-have for any special occasion! Whether you're going to a wedding or on a date night, this gown will complete your look. Teamed with the right shoes and accessories, this dress can take you to places no other dress has ever, or will ever take you.",Dresses,76,Goddiva,24726,Women's Dresses & Skirts,198,https://images2.productserve.com/?w=200&h=200&bg=white&trim=5&t=letterbox&url=ssl%3Acdn.shopify.com%2Fs%2Ffiles%2F1%2F0487%2F8834%2F0899%2Fproducts%2FDR3347_black_front_l_1690472874.jpg&feedId=62769&k=93fce83d434b8e50aa1dc5b64479c359b7486d41,USD,,"Over $120 - Free Delivery, Less than $120 - $12",https://goddiva.us/products/goddiva-scalloped-lace-dipped-hem-midi-dress-black,,,USD178,62769,Goddiva,1,,,,,,Womens,Dresses
https://www.awin1.com/pclick.php?p=32969015651&a=2771700&m=24726,Goddiva Scalloped Lace Dipped Hem Midi Dress - Black,32969015651,DR3347-BLACK-12,https://cdn.shopify.com/s/files/1/0487/8834/0899/products/DR3347_black_front_l_1690472874.jpg,"The perfect wedding guest dress has landed! This gorgeous scalloped lace dipped hem midi dress is a classic number which will carry you through occasion to occasion. This romantic black midi dress has a v-neckline, sheer sleeves and back, scalloped detail on the neckline, long sleeves and dipped hem. This LBD dress is a stunning fit for any woman.. The midi length and v-neckline will flatter your figure, while the sheer sleeves and back are alluring.  A must-have for any special occasion! Whether you're going to a wedding or on a date night, this gown will complete your look. Teamed with the right shoes and accessories, this dress can take you to places no other dress has ever, or will ever take you.",Dresses,76,Goddiva,24726,Women's Dresses & Skirts,198,https://images2.productserve.com/?w=200&h=200&bg=white&trim=5&t=letterbox&url=ssl%3Acdn.shopify.com%2Fs%2Ffiles%2F1%2F0487%2F8834%2F0899%2Fproducts%2FDR3347_black_front_l_1690472874.jpg&feedId=62769&k=93fce83d434b8e50aa1dc5b64479c359b7486d41,USD,,"Over $120 - Free Delivery, Less than $120 - $12",https://goddiva.us/products/goddiva-scalloped-lace-dipped-hem-midi-dress-black,,,USD178,62769,Goddiva,1,,,,,,Womens,Dresses
https://www.awin1.com/pclick.php?p=32969015647&a=2771700&m=24726,Goddiva Scalloped Lace Dipped Hem Midi Dress - Black,32969015647,DR3347-BLACK-8,https://cdn.shopify.com/s/files/1/0487/8834/0899/products/DR3347_black_front_l_1690472874.jpg,"The perfect wedding guest dress has landed! This gorgeous scalloped lace dipped hem midi dress is a classic number which will carry you through occasion to occasion. This romantic black midi dress has a v-neckline, sheer sleeves and back, scalloped detail on the neckline, long sleeves and dipped hem. This LBD dress is a stunning fit for any woman.. The midi length and v-neckline will flatter your figure, while the sheer sleeves and back are alluring.  A must-have for any special occasion! Whether you're going to a wedding or on a date night, this gown will complete your look. Teamed with the right shoes and accessories, this dress can take you to places no other dress has ever, or will ever take you.",Dresses,76,Goddiva,24726,Women's Dresses & Skirts,198,https://images2.productserve.com/?w=200&h=200&bg=white&trim=5&t=letterbox&url=ssl%3Acdn.shopify.com%2Fs%2Ffiles%2F1%2F0487%2F8834%2F0899%2Fproducts%2FDR3347_black_front_l_1690472874.jpg&feedId=62769&k=93fce83d434b8e50aa1dc5b64479c359b7486d41,USD,,"Over $120 - Free Delivery, Less than $120 - $12",https://goddiva.us/products/goddiva-scalloped-lace-dipped-hem-midi-dress-black,,,USD178,62769,Goddiva,1,,,,,,Womens,Dresses
https://www.awin1.com/pclick.php?p=35581627702&a=2771700&m=24726,Goddiva Embroidered Mesh Tiered Midi Dress - Gray,35581627702,DR3812-GREY-8,https://cdn.shopify.com/s/files/1/0487/8834/0899/files/DR3812_GRAY_0013_front_1770734594.jpg,"Kick start the occasion season with this gorgeous embroidered mesh tiered midi dress. This fun and flirty gray number is the perfect pick for any event this season. With its sleeveless style, v-neckline and sequin embroidered mesh detailing, this darling dress is the one for you. With its ravishing silver, this number is a perfect pick for bridesmaids, wedding guests, birthday girls, proms, a day at the races and any other formal function this season. A foolproof spring design is waiting for you to give it a new lease of life. Team with heels and you're good to go.",Dresses,96,Goddiva,24726,Women's Dresses & Skirts,198,https://images2.productserve.com/?w=200&h=200&bg=white&trim=5&t=letterbox&url=ssl%3Acdn.shopify.com%2Fs%2Ffiles%2F1%2F0487%2F8834%2F0899%2Ffiles%2FDR3812_GRAY_0013_front_1770734594.jpg&feedId=62769&k=503ea4d4120adddacc308afb94c4955f463c4025,USD,,"Over $120 - Free Delivery, Less than $120 - $12",https://goddiva.us/products/goddiva-embroidered-mesh-tiered-midi-dress-grey,,,USD110,62769,Goddiva,1,,,,,,Womens,Dresses
https://www.awin1.com/pclick.php?p=35581627704&a=2771700&m=24726,Goddiva Embroidered Mesh Tiered Midi Dress - Gray,35581627704,DR3812-GREY-12,https://cdn.shopify.com/s/files/1/0487/8834/0899/files/DR3812_GRAY_0013_front_1770734594.jpg,"Kick start the occasion season with this gorgeous embroidered mesh tiered midi dress. This fun and flirty gray number is the perfect pick for any event this season. With its sleeveless style, v-neckline and sequin embroidered mesh detailing, this darling dress is the one for you. With its ravishing silver, this number is a perfect pick for bridesmaids, wedding guests, birthday girls, proms, a day at the races and any other formal function this season. A foolproof spring design is waiting for you to give it a new lease of life. Team with heels and you're good to go.",Dresses,96,Goddiva,24726,Women's Dresses & Skirts,198,https://images2.productserve.com/?w=200&h=200&bg=white&trim=5&t=letterbox&url=ssl%3Acdn.shopify.com%2Fs%2Ffiles%2F1%2F0487%2F8834%2F0899%2Ffiles%2FDR3812_GRAY_0013_front_1770734594.jpg&feedId=62769&k=503ea4d4120adddacc308afb94c4955f463c4025,USD,,"Over $120 - Free Delivery, Less than $120 - $12",https://goddiva.us/products/goddiva-embroidered-mesh-tiered-midi-dress-grey,,,USD110,62769,Goddiva,1,,,,,,Womens,Dresses
https://www.awin1.com/pclick.php?p=35581627703&a=2771700&m=24726,Goddiva Embroidered Mesh Tiered Midi Dress - Gray,35581627703,DR3812-GREY-10,https://cdn.shopify.com/s/files/1/0487/8834/0899/files/DR3812_GRAY_0013_front_1770734594.jpg,"Kick start the occasion season with this gorgeous embroidered mesh tiered midi dress. This fun and flirty gray number is the perfect pick for any event this season. With its sleeveless style, v-neckline and sequin embroidered mesh detailing, this darling dress is the one for you. With its ravishing silver, this number is a perfect pick for bridesmaids, wedding guests, birthday girls, proms, a day at the races and any other formal function this season. A foolproof spring design is waiting for you to give it a new lease of life. Team with heels and you're good to go.",Dresses,96,Goddiva,24726,Women's Dresses & Skirts,198,https://images2.productserve.com/?w=200&h=200&bg=white&trim=5&t=letterbox&url=ssl%3Acdn.shopify.com%2Fs%2Ffiles%2F1%2F0487%2F8834%2F0899%2Ffiles%2FDR3812_GRAY_0013_front_1770734594.jpg&feedId=62769&k=503ea4d4120adddacc308afb94c4955f463c4025,USD,,"Over $120 - Free Delivery, Less than $120 - $12",https://goddiva.us/products/goddiva-embroidered-mesh-tiered-midi-dress-grey,,,USD110,62769,Goddiva,1,,,,,,Womens,Dresses
https://www.awin1.com/pclick.php?p=36331410240&a=2771700&m=24726,Goddiva Scallop Bardot Ruffle Mesh Maxi - Burgundy,36331410240,DR3742-BURGUNDY-10,https://cdn.shopify.com/s/files/1/0487/8834/0899/files/DR3742_burgubdy_front_1729676609.jpg,"Elevate your evening elegance with our Scallop Bardot Ruffle Mesh Maxi. This stunning dress effortlessly combines timeless sophistication with contemporary flair. This burgundy dress exudes a sense of grandeur, making it perfect for formal occasions and glamorous evenings out. The Bardot neckline adds a touch of classic allure, beautifully framing your shoulders and collarbone. The real showstopper, however, is the sequin bodice that glistens and shimmers with every movement, ensuring you'll be the centre of attention. The scallop detailing on the neckline adds a delicate and feminine touch, enhancing the overall charm of this burgundy dress. As you twirl, the ruffle detail on the skirt cascades gracefully, creating an enchanting silhouette. To cinch your waist and add a luxurious contrast, we've included a velvet waistband that complements the dress's opulence. Dazzle and delight in our Scallop Bardot Ruffle Mesh Maxi  a masterpiece that promises to make you feel like a true style icon.",Dresses,90,Goddiva,24726,Women's Dresses & Skirts,198,https://images2.productserve.com/?w=200&h=200&bg=white&trim=5&t=letterbox&url=ssl%3Acdn.shopify.com%2Fs%2Ffiles%2F1%2F0487%2F8834%2F0899%2Ffiles%2FDR3742_burgubdy_front_1729676609.jpg&feedId=62769&k=03cec2df8e764d74c3d380b430c38512012a431e,USD,,"Over $120 - Free Delivery, Less than $120 - $12",https://goddiva.us/products/goddiva-scallop-bardot-ruffle-mesh-maxi-burgundy,,,USD150,62769,Goddiva,1,,,,,,Womens,Dresses
https://www.awin1.com/pclick.php?p=36331410246&a=2771700&m=24726,Goddiva Scallop Bardot Ruffle Mesh Maxi - Emerald Green,36331410246,DR3742-EMERALD-10,https://cdn.shopify.com/s/files/1/0487/8834/0899/files/DR3742_Emerald_20Green_1725968385.jpg,"Elevate your evening elegance with our Scallop Bardot Ruffle Mesh Maxi. This stunning dress effortlessly combines timeless sophistication with contemporary flair. This emerald dress exudes a sense of grandeur, making it perfect for formal occasions and glamorous evenings out. The Bardot neckline adds a touch of classic allure, beautifully framing your shoulders and collarbone. The real showstopper, however, is the sequin bodice that glistens and shimmers with every movement, ensuring you'll be the centre of attention. The scallop detailing on the neckline adds a delicate and feminine touch, enhancing the overall charm of this emerald dress. As you twirl, the ruffle detail on the skirt cascades gracefully, creating an enchanting silhouette. To cinch your waist and add a luxurious contrast, we've included a velvet waistband that complements the dress's opulence. Dazzle and delight in our Scallop Bardot Ruffle Mesh Maxi  a masterpiece that promises to make you feel like a true style icon.",Dresses,90,Goddiva,24726,Women's Dresses & Skirts,198,https://images2.productserve.com/?w=200&h=200&bg=white&trim=5&t=letterbox&url=ssl%3Acdn.shopify.com%2Fs%2Ffiles%2F1%2F0487%2F8834%2F0899%2Ffiles%2FDR3742_Emerald_20Green_1725968385.jpg&feedId=62769&k=d9255c189b9fabfda00ca8d7ab95d001a733e6c2,USD,,"Over $120 - Free Delivery, Less than $120 - $12",https://goddiva.us/products/goddiva-scallop-bardot-ruffle-mesh-maxi-emerald,,,USD150,62769,Goddiva,1,,,,,,Womens,Dresses
https://www.awin1.com/pclick.php?p=36331410242&a=2771700&m=24726,Goddiva Scallop Bardot Ruffle Mesh Maxi - Burgundy,36331410242,DR3742-BURGUNDY-14,https://cdn.shopify.com/s/files/1/0487/8834/0899/files/DR3742_burgubdy_front_1729676609.jpg,"Elevate your evening elegance with our Scallop Bardot Ruffle Mesh Maxi. This stunning dress effortlessly combines timeless sophistication with contemporary flair. This burgundy dress exudes a sense of grandeur, making it perfect for formal occasions and glamorous evenings out. The Bardot neckline adds a touch of classic allure, beautifully framing your shoulders and collarbone. The real showstopper, however, is the sequin bodice that glistens and shimmers with every movement, ensuring you'll be the centre of attention. The scallop detailing on the neckline adds a delicate and feminine touch, enhancing the overall charm of this burgundy dress. As you twirl, the ruffle detail on the skirt cascades gracefully, creating an enchanting silhouette. To cinch your waist and add a luxurious contrast, we've included a velvet waistband that complements the dress's opulence. Dazzle and delight in our Scallop Bardot Ruffle Mesh Maxi  a masterpiece that promises to make you feel like a true style icon.",Dresses,90,Goddiva,24726,Women's Dresses & Skirts,198,https://images2.productserve.com/?w=200&h=200&bg=white&trim=5&t=letterbox&url=ssl%3Acdn.shopify.com%2Fs%2Ffiles%2F1%2F0487%2F8834%2F0899%2Ffiles%2FDR3742_burgubdy_front_1729676609.jpg&feedId=62769&k=03cec2df8e764d74c3d380b430c38512012a431e,USD,,"Over $120 - Free Delivery, Less than $120 - $12",https://goddiva.us/products/goddiva-scallop-bardot-ruffle-mesh-maxi-burgundy,,,USD150,62769,Goddiva,1,,,,,,Womens,Dresses
https://www.awin1.com/pclick.php?p=36331410239&a=2771700&m=24726,Goddiva Scallop Bardot Ruffle Mesh Maxi - Burgundy,36331410239,DR3742-BURGUNDY-8,https://cdn.shopify.com/s/files/1/0487/8834/0899/files/DR3742_burgubdy_front_1729676609.jpg,"Elevate your evening elegance with our Scallop Bardot Ruffle Mesh Maxi. This stunning dress effortlessly combines timeless sophistication with contemporary flair. This burgundy dress exudes a sense of grandeur, making it perfect for formal occasions and glamorous evenings out. The Bardot neckline adds a touch of classic allure, beautifully framing your shoulders and collarbone. The real showstopper, however, is the sequin bodice that glistens and shimmers with every movement, ensuring you'll be the centre of attention. The scallop detailing on the neckline adds a delicate and feminine touch, enhancing the overall charm of this burgundy dress. As you twirl, the ruffle detail on the skirt cascades gracefully, creating an enchanting silhouette. To cinch your waist and add a luxurious contrast, we've included a velvet waistband that complements the dress's opulence. Dazzle and delight in our Scallop Bardot Ruffle Mesh Maxi  a masterpiece that promises to make you feel like a true style icon.",Dresses,90,Goddiva,24726,Women's Dresses & Skirts,198,https://images2.productserve.com/?w=200&h=200&bg=white&trim=5&t=letterbox&url=ssl%3Acdn.shopify.com%2Fs%2Ffiles%2F1%2F0487%2F8834%2F0899%2Ffiles%2FDR3742_burgubdy_front_1729676609.jpg&feedId=62769&k=03cec2df8e764d74c3d380b430c38512012a431e,USD,,"Over $120 - Free Delivery, Less than $120 - $12",https://goddiva.us/products/goddiva-scallop-bardot-ruffle-mesh-maxi-burgundy,,,USD150,62769,Goddiva,1,,,,,,Womens,Dresses
https://www.awin1.com/pclick.php?p=36331410248&a=2771700&m=24726,Goddiva Scallop Bardot Ruffle Mesh Maxi - Emerald Green,36331410248,DR3742-EMERALD-14,https://cdn.shopify.com/s/files/1/0487/8834/0899/files/DR3742_Emerald_20Green_1725968385.jpg,"Elevate your evening elegance with our Scallop Bardot Ruffle Mesh Maxi. This stunning dress effortlessly combines timeless sophistication with contemporary flair. This emerald dress exudes a sense of grandeur, making it perfect for formal occasions and glamorous evenings out. The Bardot neckline adds a touch of classic allure, beautifully framing your shoulders and collarbone. The real showstopper, however, is the sequin bodice that glistens and shimmers with every movement, ensuring you'll be the centre of attention. The scallop detailing on the neckline adds a delicate and feminine touch, enhancing the overall charm of this emerald dress. As you twirl, the ruffle detail on the skirt cascades gracefully, creating an enchanting silhouette. To cinch your waist and add a luxurious contrast, we've included a velvet waistband that complements the dress's opulence. Dazzle and delight in our Scallop Bardot Ruffle Mesh Maxi  a masterpiece that promises to make you feel like a true style icon.",Dresses,90,Goddiva,24726,Women's Dresses & Skirts,198,https://images2.productserve.com/?w=200&h=200&bg=white&trim=5&t=letterbox&url=ssl%3Acdn.shopify.com%2Fs%2Ffiles%2F1%2F0487%2F8834%2F0899%2Ffiles%2FDR3742_Emerald_20Green_1725968385.jpg&feedId=62769&k=d9255c189b9fabfda00ca8d7ab95d001a733e6c2,USD,,"Over $120 - Free Delivery, Less than $120 - $12",https://goddiva.us/products/goddiva-scallop-bardot-ruffle-mesh-maxi-emerald,,,USD150,62769,Goddiva,1,,,,,,Womens,Dresses
https://www.awin1.com/pclick.php?p=36331410247&a=2771700&m=24726,Goddiva Scallop Bardot Ruffle Mesh Maxi - Emerald Green,36331410247,DR3742-EMERALD-12,https://cdn.shopify.com/s/files/1/0487/8834/0899/files/DR3742_Emerald_20Green_1725968385.jpg,"Elevate your evening elegance with our Scallop Bardot Ruffle Mesh Maxi. This stunning dress effortlessly combines timeless sophistication with contemporary flair. This emerald dress exudes a sense of grandeur, making it perfect for formal occasions and glamorous evenings out. The Bardot neckline adds a touch of classic allure, beautifully framing your shoulders and collarbone. The real showstopper, however, is the sequin bodice that glistens and shimmers with every movement, ensuring you'll be the centre of attention. The scallop detailing on the neckline adds a delicate and feminine touch, enhancing the overall charm of this emerald dress. As you twirl, the ruffle detail on the skirt cascades gracefully, creating an enchanting silhouette. To cinch your waist and add a luxurious contrast, we've included a velvet waistband that complements the dress's opulence. Dazzle and delight in our Scallop Bardot Ruffle Mesh Maxi  a masterpiece that promises to make you feel like a true style icon.",Dresses,90,Goddiva,24726,Women's Dresses & Skirts,198,https://images2.productserve.com/?w=200&h=200&bg=white&trim=5&t=letterbox&url=ssl%3Acdn.shopify.com%2Fs%2Ffiles%2F1%2F0487%2F8834%2F0899%2Ffiles%2FDR3742_Emerald_20Green_1725968385.jpg&feedId=62769&k=d9255c189b9fabfda00ca8d7ab95d001a733e6c2,USD,,"Over $120 - Free Delivery, Less than $120 - $12",https://goddiva.us/products/goddiva-scallop-bardot-ruffle-mesh-maxi-emerald,,,USD150,62769,Goddiva,1,,,,,,Womens,Dresses
https://www.awin1.com/pclick.php?p=36331410245&a=2771700&m=24726,Goddiva Scallop Bardot Ruffle Mesh Maxi - Emerald Green,36331410245,DR3742-EMERALD-8,https://cdn.shopify.com/s/files/1/0487/8834/0899/files/DR3742_Emerald_20Green_1725968385.jpg,"Elevate your evening elegance with our Scallop Bardot Ruffle Mesh Maxi. This stunning dress effortlessly combines timeless sophistication with contemporary flair. This emerald dress exudes a sense of grandeur, making it perfect for formal occasions and glamorous evenings out. The Bardot neckline adds a touch of classic allure, beautifully framing your shoulders and collarbone. The real showstopper, however, is the sequin bodice that glistens and shimmers with every movement, ensuring you'll be the centre of attention. The scallop detailing on the neckline adds a delicate and feminine touch, enhancing the overall charm of this emerald dress. As you twirl, the ruffle detail on the skirt cascades gracefully, creating an enchanting silhouette. To cinch your waist and add a luxurious contrast, we've included a velvet waistband that complements the dress's opulence. Dazzle and delight in our Scallop Bardot Ruffle Mesh Maxi  a masterpiece that promises to make you feel like a true style icon.",Dresses,90,Goddiva,24726,Women's Dresses & Skirts,198,https://images2.productserve.com/?w=200&h=200&bg=white&trim=5&t=letterbox&url=ssl%3Acdn.shopify.com%2Fs%2Ffiles%2F1%2F0487%2F8834%2F0899%2Ffiles%2FDR3742_Emerald_20Green_1725968385.jpg&feedId=62769&k=d9255c189b9fabfda00ca8d7ab95d001a733e6c2,USD,,"Over $120 - Free Delivery, Less than $120 - $12",https://goddiva.us/products/goddiva-scallop-bardot-ruffle-mesh-maxi-emerald,,,USD150,62769,Goddiva,1,,,,,,Womens,Dresses
https://www.awin1.com/pclick.php?p=36331410241&a=2771700&m=24726,Goddiva Scallop Bardot Ruffle Mesh Maxi - Burgundy,36331410241,DR3742-BURGUNDY-12,https://cdn.shopify.com/s/files/1/0487/8834/0899/files/DR3742_burgubdy_front_1729676609.jpg,"Elevate your evening elegance with our Scallop Bardot Ruffle Mesh Maxi. This stunning dress effortlessly combines timeless sophistication with contemporary flair. This burgundy dress exudes a sense of grandeur, making it perfect for formal occasions and glamorous evenings out. The Bardot neckline adds a touch of classic allure, beautifully framing your shoulders and collarbone. The real showstopper, however, is the sequin bodice that glistens and shimmers with every movement, ensuring you'll be the centre of attention. The scallop detailing on the neckline adds a delicate and feminine touch, enhancing the overall charm of this burgundy dress. As you twirl, the ruffle detail on the skirt cascades gracefully, creating an enchanting silhouette. To cinch your waist and add a luxurious contrast, we've included a velvet waistband that complements the dress's opulence. Dazzle and delight in our Scallop Bardot Ruffle Mesh Maxi  a masterpiece that promises to make you feel like a true style icon.",Dresses,90,Goddiva,24726,Women's Dresses & Skirts,198,https://images2.productserve.com/?w=200&h=200&bg=white&trim=5&t=letterbox&url=ssl%3Acdn.shopify.com%2Fs%2Ffiles%2F1%2F0487%2F8834%2F0899%2Ffiles%2FDR3742_burgubdy_front_1729676609.jpg&feedId=62769&k=03cec2df8e764d74c3d380b430c38512012a431e,USD,,"Over $120 - Free Delivery, Less than $120 - $12",https://goddiva.us/products/goddiva-scallop-bardot-ruffle-mesh-maxi-burgundy,,,USD150,62769,Goddiva,1,,,,,,Womens,Dresses
https://www.awin1.com/pclick.php?p=36426397653&a=2771700&m=24726,Goddiva Racer Neck Scuba Crepe Feather Sleeve Midi - Black,36426397653,DR4060-BLACK-10,https://cdn.shopify.com/s/files/1/0487/8834/0899/products/DR4060_black_front_l_1695999561.jpg,"Get ready to make a statement with our Racer Neck Scuba Crepe Feather Sleeve Midi Dress, a true showstopper for your night out adventures. This little black dress is the perfect choice for party dresses and date night dresses, designed to turn heads and leave a lasting impression. The bodycon fitted style of this sexy number is all about showcasing your curves, while the long sleeves with feathered cuffs add a touch of drama and allure. It's the ideal piece for those unforgettable nights out, date nights, drinks with the girls, and parties where you want to stand out from the crowd. The Goddiva Racer Neck Scuba Crepe Feather Sleeve Midi Dress is the ultimate go-to for a chic and confident look. The scuba crepe fabric ensures a comfortable fit, allowing you to move with ease while radiating style. This black dress is your go-to choice for a memorable night. Whether you're hitting the town or sipping cocktails with friends, this dress will be your trusted companion, making every moment a stylish one. Get ready to own the night with this sensational dress.",Dresses,76,Goddiva,24726,Women's Dresses & Skirts,198,https://images2.productserve.com/?w=200&h=200&bg=white&trim=5&t=letterbox&url=ssl%3Acdn.shopify.com%2Fs%2Ffiles%2F1%2F0487%2F8834%2F0899%2Fproducts%2FDR4060_black_front_l_1695999561.jpg&feedId=62769&k=dbf4ba404e86952efff88afac8cc67452911ace7,USD,,"Over $120 - Free Delivery, Less than $120 - $12",https://goddiva.us/products/goddiva-racer-neck-scuba-crepe-feather-sleeve-midi-black,,,USD136,62769,Goddiva,1,,,,,,Womens,Dresses
https://www.awin1.com/pclick.php?p=36426397654&a=2771700&m=24726,Goddiva Racer Neck Scuba Crepe Feather Sleeve Midi - Black,36426397654,DR4060-BLACK-12,https://cdn.shopify.com/s/files/1/0487/8834/0899/products/DR4060_black_front_l_1695999561.jpg,"Get ready to make a statement with our Racer Neck Scuba Crepe Feather Sleeve Midi Dress, a true showstopper for your night out adventures. This little black dress is the perfect choice for party dresses and date night dresses, designed to turn heads and leave a lasting impression. The bodycon fitted style of this sexy number is all about showcasing your curves, while the long sleeves with feathered cuffs add a touch of drama and allure. It's the ideal piece for those unforgettable nights out, date nights, drinks with the girls, and parties where you want to stand out from the crowd. The Goddiva Racer Neck Scuba Crepe Feather Sleeve Midi Dress is the ultimate go-to for a chic and confident look. The scuba crepe fabric ensures a comfortable fit, allowing you to move with ease while radiating style. This black dress is your go-to choice for a memorable night. Whether you're hitting the town or sipping cocktails with friends, this dress will be your trusted companion, making every moment a stylish one. Get ready to own the night with this sensational dress.",Dresses,76,Goddiva,24726,Women's Dresses & Skirts,198,https://images2.productserve.com/?w=200&h=200&bg=white&trim=5&t=letterbox&url=ssl%3Acdn.shopify.com%2Fs%2Ffiles%2F1%2F0487%2F8834%2F0899%2Fproducts%2FDR4060_black_front_l_1695999561.jpg&feedId=62769&k=dbf4ba404e86952efff88afac8cc67452911ace7,USD,,"Over $120 - Free Delivery, Less than $120 - $12",https://goddiva.us/products/goddiva-racer-neck-scuba-crepe-feather-sleeve-midi-black,,,USD136,62769,Goddiva,1,,,,,,Womens,Dresses
https://www.awin1.com/pclick.php?p=36426397652&a=2771700&m=24726,Goddiva Racer Neck Scuba Crepe Feather Sleeve Midi - Black,36426397652,DR4060-BLACK-8,https://cdn.shopify.com/s/files/1/0487/8834/0899/products/DR4060_black_front_l_1695999561.jpg,"Get ready to make a statement with our Racer Neck Scuba Crepe Feather Sleeve Midi Dress, a true showstopper for your night out adventures. This little black dress is the perfect choice for party dresses and date night dresses, designed to turn heads and leave a lasting impression. The bodycon fitted style of this sexy number is all about showcasing your curves, while the long sleeves with feathered cuffs add a touch of drama and allure. It's the ideal piece for those unforgettable nights out, date nights, drinks with the girls, and parties where you want to stand out from the crowd. The Goddiva Racer Neck Scuba Crepe Feather Sleeve Midi Dress is the ultimate go-to for a chic and confident look. The scuba crepe fabric ensures a comfortable fit, allowing you to move with ease while radiating style. This black dress is your go-to choice for a memorable night. Whether you're hitting the town or sipping cocktails with friends, this dress will be your trusted companion, making every moment a stylish one. Get ready to own the night with this sensational dress.",Dresses,76,Goddiva,24726,Women's Dresses & Skirts,198,https://images2.productserve.com/?w=200&h=200&bg=white&trim=5&t=letterbox&url=ssl%3Acdn.shopify.com%2Fs%2Ffiles%2F1%2F0487%2F8834%2F0899%2Fproducts%2FDR4060_black_front_l_1695999561.jpg&feedId=62769&k=dbf4ba404e86952efff88afac8cc67452911ace7,USD,,"Over $120 - Free Delivery, Less than $120 - $12",https://goddiva.us/products/goddiva-racer-neck-scuba-crepe-feather-sleeve-midi-black,,,USD136,62769,Goddiva,1,,,,,,Womens,Dresses
https://www.awin1.com/pclick.php?p=36438748214&a=2771700&m=24726,Goddiva Scalloped Hem Starburst Midi Dress - Emerald,36438748214,DR2617-EMERALD-8,https://cdn.shopify.com/s/files/1/0487/8834/0899/files/DR2617_emerald_front_1729509597.jpg,"Bring some sparkling sass this party season in this delicious Goddiva sequin number. This scalloped hem starburst midi dress is the only dress you need this upcoming party season. In its stunning emerald green color, this short party dress is the winning choice for your evening outings. With its long sheer sleeves, drizzled with champagne sequins, and a starburst effect across the body, this dress will have you sparkling from dusk till dawn. A perfect choice in outfit for wedding guests, nights out on the town, cocktails with the girls, even that overdue date night. This versatile green midi party dress is also a certified winner for Christmas parties, new years eve celebrations or even a glitz and glam birthday. This art dcor gold number is ticking all the boxes this season, especially with its figure flattering bodycon style, this glamorous evening occasion dress will have you looking like the star you are.",Dresses,84,Goddiva,24726,Women's Dresses & Skirts,198,https://images2.productserve.com/?w=200&h=200&bg=white&trim=5&t=letterbox&url=ssl%3Acdn.shopify.com%2Fs%2Ffiles%2F1%2F0487%2F8834%2F0899%2Ffiles%2FDR2617_emerald_front_1729509597.jpg&feedId=62769&k=64178908b5f9fa6a0af6d30f6e835a9d3cf0ff5c,USD,,"Over $120 - Free Delivery, Less than $120 - $12",https://goddiva.us/products/goddiva-scalloped-hem-starburst-midi-dress-emerald,,,USD168,62769,Goddiva,1,,,,,,Womens,Dresses
https://www.awin1.com/pclick.php?p=36438748216&a=2771700&m=24726,Goddiva Scalloped Hem Starburst Midi Dress - Emerald,36438748216,DR2617-EMERALD-12,https://cdn.shopify.com/s/files/1/0487/8834/0899/files/DR2617_emerald_front_1729509597.jpg,"Bring some sparkling sass this party season in this delicious Goddiva sequin number. This scalloped hem starburst midi dress is the only dress you need this upcoming party season. In its stunning emerald green color, this short party dress is the winning choice for your evening outings. With its long sheer sleeves, drizzled with champagne sequins, and a starburst effect across the body, this dress will have you sparkling from dusk till dawn. A perfect choice in outfit for wedding guests, nights out on the town, cocktails with the girls, even that overdue date night. This versatile green midi party dress is also a certified winner for Christmas parties, new years eve celebrations or even a glitz and glam birthday. This art dcor gold number is ticking all the boxes this season, especially with its figure flattering bodycon style, this glamorous evening occasion dress will have you looking like the star you are.",Dresses,84,Goddiva,24726,Women's Dresses & Skirts,198,https://images2.productserve.com/?w=200&h=200&bg=white&trim=5&t=letterbox&url=ssl%3Acdn.shopify.com%2Fs%2Ffiles%2F1%2F0487%2F8834%2F0899%2Ffiles%2FDR2617_emerald_front_1729509597.jpg&feedId=62769&k=64178908b5f9fa6a0af6d30f6e835a9d3cf0ff5c,USD,,"Over $120 - Free Delivery, Less than $120 - $12",https://goddiva.us/products/goddiva-scalloped-hem-starburst-midi-dress-emerald,,,USD168,62769,Goddiva,1,,,,,,Womens,Dresses
https://www.awin1.com/pclick.php?p=36438748215&a=2771700&m=24726,Goddiva Scalloped Hem Starburst Midi Dress - Emerald,36438748215,DR2617-EMERALD-10,https://cdn.shopify.com/s/files/1/0487/8834/0899/files/DR2617_emerald_front_1729509597.jpg,"Bring some sparkling sass this party season in this delicious Goddiva sequin number. This scalloped hem starburst midi dress is the only dress you need this upcoming party season. In its stunning emerald green color, this short party dress is the winning choice for your evening outings. With its long sheer sleeves, drizzled with champagne sequins, and a starburst effect across the body, this dress will have you sparkling from dusk till dawn. A perfect choice in outfit for wedding guests, nights out on the town, cocktails with the girls, even that overdue date night. This versatile green midi party dress is also a certified winner for Christmas parties, new years eve celebrations or even a glitz and glam birthday. This art dcor gold number is ticking all the boxes this season, especially with its figure flattering bodycon style, this glamorous evening occasion dress will have you looking like the star you are.",Dresses,84,Goddiva,24726,Women's Dresses & Skirts,198,https://images2.productserve.com/?w=200&h=200&bg=white&trim=5&t=letterbox&url=ssl%3Acdn.shopify.com%2Fs%2Ffiles%2F1%2F0487%2F8834%2F0899%2Ffiles%2FDR2617_emerald_front_1729509597.jpg&feedId=62769&k=64178908b5f9fa6a0af6d30f6e835a9d3cf0ff5c,USD,,"Over $120 - Free Delivery, Less than $120 - $12",https://goddiva.us/products/goddiva-scalloped-hem-starburst-midi-dress-emerald,,,USD168,62769,Goddiva,1,,,,,,Womens,Dresses
https://www.awin1.com/pclick.php?p=36455582329&a=2771700&m=24726,Goddiva Corsage V-Neck Dobby Mesh Maxi - Blue,36455582329,DR4001-BLUE-10,https://cdn.shopify.com/s/files/1/0487/8834/0899/files/DR4001_purple_front_1729784307.jpg,"Introducing our exquisite Corsage V-Neck Dobby Mesh Maxi Dress  the epitome of elegance and sophistication. This blue evening dress is meticulously crafted to make you shine at any special occasion, whether you're a bridesmaid, attending prom, or gracing a black tie event. The Corsage V-Neck Dobby Mesh Maxi Dress features a timeless V-neckline that accentuates your neckline and adds a touch of allure to your look. Its intricate dobby mesh fabric adds a subtle texture that catches the light beautifully, ensuring you'll be the centre of attention. This navy maxi dress boasts a flattering silhouette that gracefully drapes to the floor, exuding an air of refined glamour. It's available in a range of stunning colors to suit any style and preference, making it perfect for a variety of formal events. Our Corsage Maxi Dress combines style, comfort, and quality, ensuring you feel confident and enchanting all night long. Make a lasting impression and turn heads at your next event with this stunning evening dress. Order yours today and be ready to steal the spotlight.",Dresses,90,Goddiva,24726,Women's Dresses & Skirts,198,https://images2.productserve.com/?w=200&h=200&bg=white&trim=5&t=letterbox&url=ssl%3Acdn.shopify.com%2Fs%2Ffiles%2F1%2F0487%2F8834%2F0899%2Ffiles%2FDR4001_purple_front_1729784307.jpg&feedId=62769&k=3ba20e54e053a48aa50078249579a94a3dcd69af,USD,,"Over $120 - Free Delivery, Less than $120 - $12",https://goddiva.us/products/goddiva-corsage-v-neck-dobby-mesh-maxi-blue,,,USD196,62769,Goddiva,1,,,,,,Womens,Dresses
https://www.awin1.com/pclick.php?p=36455582328&a=2771700&m=24726,Goddiva Corsage V-Neck Dobby Mesh Maxi - Blue,36455582328,DR4001-BLUE-8,https://cdn.shopify.com/s/files/1/0487/8834/0899/files/DR4001_purple_front_1729784307.jpg,"Introducing our exquisite Corsage V-Neck Dobby Mesh Maxi Dress  the epitome of elegance and sophistication. This blue evening dress is meticulously crafted to make you shine at any special occasion, whether you're a bridesmaid, attending prom, or gracing a black tie event. The Corsage V-Neck Dobby Mesh Maxi Dress features a timeless V-neckline that accentuates your neckline and adds a touch of allure to your look. Its intricate dobby mesh fabric adds a subtle texture that catches the light beautifully, ensuring you'll be the centre of attention. This navy maxi dress boasts a flattering silhouette that gracefully drapes to the floor, exuding an air of refined glamour. It's available in a range of stunning colors to suit any style and preference, making it perfect for a variety of formal events. Our Corsage Maxi Dress combines style, comfort, and quality, ensuring you feel confident and enchanting all night long. Make a lasting impression and turn heads at your next event with this stunning evening dress. Order yours today and be ready to steal the spotlight.",Dresses,90,Goddiva,24726,Women's Dresses & Skirts,198,https://images2.productserve.com/?w=200&h=200&bg=white&trim=5&t=letterbox&url=ssl%3Acdn.shopify.com%2Fs%2Ffiles%2F1%2F0487%2F8834%2F0899%2Ffiles%2FDR4001_purple_front_1729784307.jpg&feedId=62769&k=3ba20e54e053a48aa50078249579a94a3dcd69af,USD,,"Over $120 - Free Delivery, Less than $120 - $12",https://goddiva.us/products/goddiva-corsage-v-neck-dobby-mesh-maxi-blue,,,USD196,62769,Goddiva,1,,,,,,Womens,Dresses
https://www.awin1.com/pclick.php?p=36455582330&a=2771700&m=24726,Goddiva Corsage V-Neck Dobby Mesh Maxi - Blue,36455582330,DR4001-BLUE-12,https://cdn.shopify.com/s/files/1/0487/8834/0899/files/DR4001_purple_front_1729784307.jpg,"Introducing our exquisite Corsage V-Neck Dobby Mesh Maxi Dress  the epitome of elegance and sophistication. This blue evening dress is meticulously crafted to make you shine at any special occasion, whether you're a bridesmaid, attending prom, or gracing a black tie event. The Corsage V-Neck Dobby Mesh Maxi Dress features a timeless V-neckline that accentuates your neckline and adds a touch of allure to your look. Its intricate dobby mesh fabric adds a subtle texture that catches the light beautifully, ensuring you'll be the centre of attention. This navy maxi dress boasts a flattering silhouette that gracefully drapes to the floor, exuding an air of refined glamour. It's available in a range of stunning colors to suit any style and preference, making it perfect for a variety of formal events. Our Corsage Maxi Dress combines style, comfort, and quality, ensuring you feel confident and enchanting all night long. Make a lasting impression and turn heads at your next event with this stunning evening dress. Order yours today and be ready to steal the spotlight.",Dresses,90,Goddiva,24726,Women's Dresses & Skirts,198,https://images2.productserve.com/?w=200&h=200&bg=white&trim=5&t=letterbox&url=ssl%3Acdn.shopify.com%2Fs%2Ffiles%2F1%2F0487%2F8834%2F0899%2Ffiles%2FDR4001_purple_front_1729784307.jpg&feedId=62769&k=3ba20e54e053a48aa50078249579a94a3dcd69af,USD,,"Over $120 - Free Delivery, Less than $120 - $12",https://goddiva.us/products/goddiva-corsage-v-neck-dobby-mesh-maxi-blue,,,USD196,62769,Goddiva,1,,,,,,Womens,Dresses
https://www.awin1.com/pclick.php?p=36455582331&a=2771700&m=24726,Goddiva Corsage V-Neck Dobby Mesh Maxi - Blue,36455582331,DR4001-BLUE-14,https://cdn.shopify.com/s/files/1/0487/8834/0899/files/DR4001_purple_front_1729784307.jpg,"Introducing our exquisite Corsage V-Neck Dobby Mesh Maxi Dress  the epitome of elegance and sophistication. This blue evening dress is meticulously crafted to make you shine at any special occasion, whether you're a bridesmaid, attending prom, or gracing a black tie event. The Corsage V-Neck Dobby Mesh Maxi Dress features a timeless V-neckline that accentuates your neckline and adds a touch of allure to your look. Its intricate dobby mesh fabric adds a subtle texture that catches the light beautifully, ensuring you'll be the centre of attention. This navy maxi dress boasts a flattering silhouette that gracefully drapes to the floor, exuding an air of refined glamour. It's available in a range of stunning colors to suit any style and preference, making it perfect for a variety of formal events. Our Corsage Maxi Dress combines style, comfort, and quality, ensuring you feel confident and enchanting all night long. Make a lasting impression and turn heads at your next event with this stunning evening dress. Order yours today and be ready to steal the spotlight.",Dresses,90,Goddiva,24726,Women's Dresses & Skirts,198,https://images2.productserve.com/?w=200&h=200&bg=white&trim=5&t=letterbox&url=ssl%3Acdn.shopify.com%2Fs%2Ffiles%2F1%2F0487%2F8834%2F0899%2Ffiles%2FDR4001_purple_front_1729784307.jpg&feedId=62769&k=3ba20e54e053a48aa50078249579a94a3dcd69af,USD,,"Over $120 - Free Delivery, Less than $120 - $12",https://goddiva.us/products/goddiva-corsage-v-neck-dobby-mesh-maxi-blue,,,USD196,62769,Goddiva,1,,,,,,Womens,Dresses
https://www.awin1.com/pclick.php?p=36479136290&a=2771700&m=24726,Goddiva Liquid Sequin Boobtube Midaxi With Corsage - Black,36479136290,DR4126-BLACK-8,https://cdn.shopify.com/s/files/1/0487/8834/0899/files/DR4126_BLACK_2235_front_1763481815.jpg,"Get ready to shine and shimmer at your next party or special occasion with our Liquid Sequin Boobtube Midaxi Dress with Corsage. This black dress is the epitome of glamour, designed to make you stand out with its captivating sequin dazzle. The bandeau boobtube neckline adds a touch of allure, showcasing your shoulders and collarbone beautifully. This black dress is all about embracing your inner diva, and the bodycon fit ensures it hugs your curves in all the right places. The midaxi length strikes the perfect balance between a maxi and midi, allowing you to flaunt your style with confidence. Whether you're celebrating a special occasion or hitting the town for a night of fun, this black dress will ensure you're the centre of attention. Dazzle and dance the night away with our Liquid Sequin Boobtube Midaxi Dress with Corsage. This dress is your passport to a night filled with excitement and unforgettable moments.",Dresses,90,Goddiva,24726,Women's Dresses & Skirts,198,https://images2.productserve.com/?w=200&h=200&bg=white&trim=5&t=letterbox&url=ssl%3Acdn.shopify.com%2Fs%2Ffiles%2F1%2F0487%2F8834%2F0899%2Ffiles%2FDR4126_BLACK_2235_front_1763481815.jpg&feedId=62769&k=1e9b564c0ff4d08d81460b8aa2230035d9bd8fe6,USD,,"Over $120 - Free Delivery, Less than $120 - $12",https://goddiva.us/products/goddiva-liquid-sequin-boobtube-midaxi-with-corsage-black,,,USD118,62769,Goddiva,1,,,,,,Womens,Dresses
https://www.awin1.com/pclick.php?p=36479136292&a=2771700&m=24726,Goddiva Liquid Sequin Boobtube Midaxi With Corsage - Black,36479136292,DR4126-BLACK-12,https://cdn.shopify.com/s/files/1/0487/8834/0899/files/DR4126_BLACK_2235_front_1763481815.jpg,"Get ready to shine and shimmer at your next party or special occasion with our Liquid Sequin Boobtube Midaxi Dress with Corsage. This black dress is the epitome of glamour, designed to make you stand out with its captivating sequin dazzle. The bandeau boobtube neckline adds a touch of allure, showcasing your shoulders and collarbone beautifully. This black dress is all about embracing your inner diva, and the bodycon fit ensures it hugs your curves in all the right places. The midaxi length strikes the perfect balance between a maxi and midi, allowing you to flaunt your style with confidence. Whether you're celebrating a special occasion or hitting the town for a night of fun, this black dress will ensure you're the centre of attention. Dazzle and dance the night away with our Liquid Sequin Boobtube Midaxi Dress with Corsage. This dress is your passport to a night filled with excitement and unforgettable moments.",Dresses,90,Goddiva,24726,Women's Dresses & Skirts,198,https://images2.productserve.com/?w=200&h=200&bg=white&trim=5&t=letterbox&url=ssl%3Acdn.shopify.com%2Fs%2Ffiles%2F1%2F0487%2F8834%2F0899%2Ffiles%2FDR4126_BLACK_2235_front_1763481815.jpg&feedId=62769&k=1e9b564c0ff4d08d81460b8aa2230035d9bd8fe6,USD,,"Over $120 - Free Delivery, Less than $120 - $12",https://goddiva.us/products/goddiva-liquid-sequin-boobtube-midaxi-with-corsage-black,,,USD118,62769,Goddiva,1,,,,,,Womens,Dresses
https://www.awin1.com/pclick.php?p=36479136291&a=2771700&m=24726,Goddiva Liquid Sequin Boobtube Midaxi With Corsage - Black,36479136291,DR4126-BLACK-10,https://cdn.shopify.com/s/files/1/0487/8834/0899/files/DR4126_BLACK_2235_front_1763481815.jpg,"Get ready to shine and shimmer at your next party or special occasion with our Liquid Sequin Boobtube Midaxi Dress with Corsage. This black dress is the epitome of glamour, designed to make you stand out with its captivating sequin dazzle. The bandeau boobtube neckline adds a touch of allure, showcasing your shoulders and collarbone beautifully. This black dress is all about embracing your inner diva, and the bodycon fit ensures it hugs your curves in all the right places. The midaxi length strikes the perfect balance between a maxi and midi, allowing you to flaunt your style with confidence. Whether you're celebrating a special occasion or hitting the town for a night of fun, this black dress will ensure you're the centre of attention. Dazzle and dance the night away with our Liquid Sequin Boobtube Midaxi Dress with Corsage. This dress is your passport to a night filled with excitement and unforgettable moments.",Dresses,90,Goddiva,24726,Women's Dresses & Skirts,198,https://images2.productserve.com/?w=200&h=200&bg=white&trim=5&t=letterbox&url=ssl%3Acdn.shopify.com%2Fs%2Ffiles%2F1%2F0487%2F8834%2F0899%2Ffiles%2FDR4126_BLACK_2235_front_1763481815.jpg&feedId=62769&k=1e9b564c0ff4d08d81460b8aa2230035d9bd8fe6,USD,,"Over $120 - Free Delivery, Less than $120 - $12",https://goddiva.us/products/goddiva-liquid-sequin-boobtube-midaxi-with-corsage-black,,,USD118,62769,Goddiva,1,,,,,,Womens,Dresses
https://www.awin1.com/pclick.php?p=36506861353&a=2771700&m=24726,Goddiva Liquid Sequin Midi With Corsage - Emerald Green,36506861353,DR4072-EMERALD-12,https://cdn.shopify.com/s/files/1/0487/8834/0899/files/DR4072_EMERALD_1255_front_1754301245_107f2dcd-2179-4368-a60e-7049273e25ae.jpg,"Make a stunning entrance at your next party or special occasion with our Liquid Sequin Midi Dress. This emerald dress exudes pure glamour, adorned with captivating sequin embellishments. The midi length offers a perfect blend of classic and contemporary style, ensuring you're ready for any occasion.  As you move, the sequins shimmer and sparkle, making you the centre of attention. Featuring long sleeves and a bodycon fit, this emerald dress keeps you both comfortable and elegant, no matter the celebration. The detachable corsage detail is the cherry on top, allowing you to customise your outfit to your heart's content! Step into the spotlight and make every occasion unforgettable with our Liquid Sequin Midi Dress. Don't just attend the party; own it with style, grace, and a touch of sequin magic. Embrace the night and create unforgettable moments with this dazzling emerald dress.",Dresses,96,Goddiva,24726,Women's Dresses & Skirts,198,https://images2.productserve.com/?w=200&h=200&bg=white&trim=5&t=letterbox&url=ssl%3Acdn.shopify.com%2Fs%2Ffiles%2F1%2F0487%2F8834%2F0899%2Ffiles%2FDR4072_EMERALD_1255_front_1754301245_107f2dcd-2179-4368-a60e-7049273e25ae.jpg&feedId=62769&k=8c915450ef34dfaa5ce36e9420b23bf214e45467,USD,,"Over $120 - Free Delivery, Less than $120 - $12",https://goddiva.us/products/goddiva-liquid-sequin-midi-with-corsage-emerald,,,USD150,62769,Goddiva,1,,,,,,Womens,Dresses
https://www.awin1.com/pclick.php?p=36506861354&a=2771700&m=24726,Goddiva Liquid Sequin Midi With Corsage - Emerald Green,36506861354,DR4072-EMERALD-14,https://cdn.shopify.com/s/files/1/0487/8834/0899/files/DR4072_EMERALD_1255_front_1754301245_107f2dcd-2179-4368-a60e-7049273e25ae.jpg,"Make a stunning entrance at your next party or special occasion with our Liquid Sequin Midi Dress. This emerald dress exudes pure glamour, adorned with captivating sequin embellishments. The midi length offers a perfect blend of classic and contemporary style, ensuring you're ready for any occasion.  As you move, the sequins shimmer and sparkle, making you the centre of attention. Featuring long sleeves and a bodycon fit, this emerald dress keeps you both comfortable and elegant, no matter the celebration. The detachable corsage detail is the cherry on top, allowing you to customise your outfit to your heart's content! Step into the spotlight and make every occasion unforgettable with our Liquid Sequin Midi Dress. Don't just attend the party; own it with style, grace, and a touch of sequin magic. Embrace the night and create unforgettable moments with this dazzling emerald dress.",Dresses,96,Goddiva,24726,Women's Dresses & Skirts,198,https://images2.productserve.com/?w=200&h=200&bg=white&trim=5&t=letterbox&url=ssl%3Acdn.shopify.com%2Fs%2Ffiles%2F1%2F0487%2F8834%2F0899%2Ffiles%2FDR4072_EMERALD_1255_front_1754301245_107f2dcd-2179-4368-a60e-7049273e25ae.jpg&feedId=62769&k=8c915450ef34dfaa5ce36e9420b23bf214e45467,USD,,"Over $120 - Free Delivery, Less than $120 - $12",https://goddiva.us/products/goddiva-liquid-sequin-midi-with-corsage-emerald,,,USD150,62769,Goddiva,1,,,,,,Womens,Dresses
https://www.awin1.com/pclick.php?p=36506861352&a=2771700&m=24726,Goddiva Liquid Sequin Midi With Corsage - Emerald Green,36506861352,DR4072-EMERALD-10,https://cdn.shopify.com/s/files/1/0487/8834/0899/files/DR4072_EMERALD_1255_front_1754301245_107f2dcd-2179-4368-a60e-7049273e25ae.jpg,"Make a stunning entrance at your next party or special occasion with our Liquid Sequin Midi Dress. This emerald dress exudes pure glamour, adorned with captivating sequin embellishments. The midi length offers a perfect blend of classic and contemporary style, ensuring you're ready for any occasion.  As you move, the sequins shimmer and sparkle, making you the centre of attention. Featuring long sleeves and a bodycon fit, this emerald dress keeps you both comfortable and elegant, no matter the celebration. The detachable corsage detail is the cherry on top, allowing you to customise your outfit to your heart's content! Step into the spotlight and make every occasion unforgettable with our Liquid Sequin Midi Dress. Don't just attend the party; own it with style, grace, and a touch of sequin magic. Embrace the night and create unforgettable moments with this dazzling emerald dress.",Dresses,96,Goddiva,24726,Women's Dresses & Skirts,198,https://images2.productserve.com/?w=200&h=200&bg=white&trim=5&t=letterbox&url=ssl%3Acdn.shopify.com%2Fs%2Ffiles%2F1%2F0487%2F8834%2F0899%2Ffiles%2FDR4072_EMERALD_1255_front_1754301245_107f2dcd-2179-4368-a60e-7049273e25ae.jpg&feedId=62769&k=8c915450ef34dfaa5ce36e9420b23bf214e45467,USD,,"Over $120 - Free Delivery, Less than $120 - $12",https://goddiva.us/products/goddiva-liquid-sequin-midi-with-corsage-emerald,,,USD150,62769,Goddiva,1,,,,,,Womens,Dresses
https://www.awin1.com/pclick.php?p=36506861351&a=2771700&m=24726,Goddiva Liquid Sequin Midi With Corsage - Emerald Green,36506861351,DR4072-EMERALD-8,https://cdn.shopify.com/s/files/1/0487/8834/0899/files/DR4072_EMERALD_1255_front_1754301245_107f2dcd-2179-4368-a60e-7049273e25ae.jpg,"Make a stunning entrance at your next party or special occasion with our Liquid Sequin Midi Dress. This emerald dress exudes pure glamour, adorned with captivating sequin embellishments. The midi length offers a perfect blend of classic and contemporary style, ensuring you're ready for any occasion.  As you move, the sequins shimmer and sparkle, making you the centre of attention. Featuring long sleeves and a bodycon fit, this emerald dress keeps you both comfortable and elegant, no matter the celebration. The detachable corsage detail is the cherry on top, allowing you to customise your outfit to your heart's content! Step into the spotlight and make every occasion unforgettable with our Liquid Sequin Midi Dress. Don't just attend the party; own it with style, grace, and a touch of sequin magic. Embrace the night and create unforgettable moments with this dazzling emerald dress.",Dresses,96,Goddiva,24726,Women's Dresses & Skirts,198,https://images2.productserve.com/?w=200&h=200&bg=white&trim=5&t=letterbox&url=ssl%3Acdn.shopify.com%2Fs%2Ffiles%2F1%2F0487%2F8834%2F0899%2Ffiles%2FDR4072_EMERALD_1255_front_1754301245_107f2dcd-2179-4368-a60e-7049273e25ae.jpg&feedId=62769&k=8c915450ef34dfaa5ce36e9420b23bf214e45467,USD,,"Over $120 - Free Delivery, Less than $120 - $12",https://goddiva.us/products/goddiva-liquid-sequin-midi-with-corsage-emerald,,,USD150,62769,Goddiva,1,,,,,,Womens,Dresses
https://www.awin1.com/pclick.php?p=36552074199&a=2771700&m=24726,Goddiva Bandeau Sequin & Velvet Midi Dress - Champagne,36552074199,DR3718-CHAMPAGNE-12,https://cdn.shopify.com/s/files/1/0487/8834/0899/files/DR3718_CHAMPAGNE_5756_front_1752053643.jpg,"This versatile midi dress is perfect for the party season! The shiny champagne sequin and velvet fabric is so elegant and stylish, it's the ultimate party dress to turn heads anywhere you go. This sparkly champagne number is a perfect go-to party dress for many occasions. Whether it is date night or a party, you will be the centre of attention. Pair with your favourite heels, hair up or down - this dress can be styled in a multitude of ways.",Dresses,56,Goddiva,24726,Women's Dresses & Skirts,198,https://images2.productserve.com/?w=200&h=200&bg=white&trim=5&t=letterbox&url=ssl%3Acdn.shopify.com%2Fs%2Ffiles%2F1%2F0487%2F8834%2F0899%2Ffiles%2FDR3718_CHAMPAGNE_5756_front_1752053643.jpg&feedId=62769&k=bf8aef6c7977b1540da0e89964b38c10e68c16c4,USD,,"Over $120 - Free Delivery, Less than $120 - $12",https://goddiva.us/products/goddiva-bandeau-sequin-velvet-midi-dress-champagne,,,USD96,62769,Goddiva,1,,,,,,Womens,Dresses
https://www.awin1.com/pclick.php?p=36552074261&a=2771700&m=24726,Goddiva Sequin Velvet Bandeau Maxi Dress - Champagne,36552074261,DR3610-CHAMPAGNE-12,https://cdn.shopify.com/s/files/1/0487/8834/0899/files/DR3610_CHAMPAGNE_322_front_1761303854.jpg,"Goddiva are taking the maxi dresses to the max this season with this sequin velvet bandeau maxi dress! This delicious champagne evening dress is perfect for all this season has to offer. Whether it is a formal work, prom, black tie event or for a wedding, this figure-flattering chic dress is ticking all the boxes. Its sleeveless bandeau neckline teamed with soft velvet topped off with sparkling sequins and a thigh split makes this champagne evening dress sexy and elegant all rolled into one. Feel like you're walking the red carpet once you slip into this sexy number.",Dresses,76,Goddiva,24726,Women's Dresses & Skirts,198,https://images2.productserve.com/?w=200&h=200&bg=white&trim=5&t=letterbox&url=ssl%3Acdn.shopify.com%2Fs%2Ffiles%2F1%2F0487%2F8834%2F0899%2Ffiles%2FDR3610_CHAMPAGNE_322_front_1761303854.jpg&feedId=62769&k=8763c0765661deba3827e62aa43d79558267c313,USD,,"Over $120 - Free Delivery, Less than $120 - $12",https://goddiva.us/products/goddiva-sequin-velvet-bandeau-maxi-dress-champagne,,,USD116,62769,Goddiva,1,,,,,,Womens,Dresses
https://www.awin1.com/pclick.php?p=36552074259&a=2771700&m=24726,Goddiva Sequin Velvet Bandeau Maxi Dress - Champagne,36552074259,DR3610-CHAMPAGNE-8,https://cdn.shopify.com/s/files/1/0487/8834/0899/files/DR3610_CHAMPAGNE_322_front_1761303854.jpg,"Goddiva are taking the maxi dresses to the max this season with this sequin velvet bandeau maxi dress! This delicious champagne evening dress is perfect for all this season has to offer. Whether it is a formal work, prom, black tie event or for a wedding, this figure-flattering chic dress is ticking all the boxes. Its sleeveless bandeau neckline teamed with soft velvet topped off with sparkling sequins and a thigh split makes this champagne evening dress sexy and elegant all rolled into one. Feel like you're walking the red carpet once you slip into this sexy number.",Dresses,76,Goddiva,24726,Women's Dresses & Skirts,198,https://images2.productserve.com/?w=200&h=200&bg=white&trim=5&t=letterbox&url=ssl%3Acdn.shopify.com%2Fs%2Ffiles%2F1%2F0487%2F8834%2F0899%2Ffiles%2FDR3610_CHAMPAGNE_322_front_1761303854.jpg&feedId=62769&k=8763c0765661deba3827e62aa43d79558267c313,USD,,"Over $120 - Free Delivery, Less than $120 - $12",https://goddiva.us/products/goddiva-sequin-velvet-bandeau-maxi-dress-champagne,,,USD116,62769,Goddiva,1,,,,,,Womens,Dresses
https://www.awin1.com/pclick.php?p=36552074260&a=2771700&m=24726,Goddiva Sequin Velvet Bandeau Maxi Dress - Champagne,36552074260,DR3610-CHAMPAGNE-10,https://cdn.shopify.com/s/files/1/0487/8834/0899/files/DR3610_CHAMPAGNE_322_front_1761303854.jpg,"Goddiva are taking the maxi dresses to the max this season with this sequin velvet bandeau maxi dress! This delicious champagne evening dress is perfect for all this season has to offer. Whether it is a formal work, prom, black tie event or for a wedding, this figure-flattering chic dress is ticking all the boxes. Its sleeveless bandeau neckline teamed with soft velvet topped off with sparkling sequins and a thigh split makes this champagne evening dress sexy and elegant all rolled into one. Feel like you're walking the red carpet once you slip into this sexy number.",Dresses,76,Goddiva,24726,Women's Dresses & Skirts,198,https://images2.productserve.com/?w=200&h=200&bg=white&trim=5&t=letterbox&url=ssl%3Acdn.shopify.com%2Fs%2Ffiles%2F1%2F0487%2F8834%2F0899%2Ffiles%2FDR3610_CHAMPAGNE_322_front_1761303854.jpg&feedId=62769&k=8763c0765661deba3827e62aa43d79558267c313,USD,,"Over $120 - Free Delivery, Less than $120 - $12",https://goddiva.us/products/goddiva-sequin-velvet-bandeau-maxi-dress-champagne,,,USD116,62769,Goddiva,1,,,,,,Womens,Dresses
https://www.awin1.com/pclick.php?p=36552074198&a=2771700&m=24726,Goddiva Bandeau Sequin & Velvet Midi Dress - Champagne,36552074198,DR3718-CHAMPAGNE-10,https://cdn.shopify.com/s/files/1/0487/8834/0899/files/DR3718_CHAMPAGNE_5756_front_1752053643.jpg,"This versatile midi dress is perfect for the party season! The shiny champagne sequin and velvet fabric is so elegant and stylish, it's the ultimate party dress to turn heads anywhere you go. This sparkly champagne number is a perfect go-to party dress for many occasions. Whether it is date night or a party, you will be the centre of attention. Pair with your favourite heels, hair up or down - this dress can be styled in a multitude of ways.",Dresses,56,Goddiva,24726,Women's Dresses & Skirts,198,https://images2.productserve.com/?w=200&h=200&bg=white&trim=5&t=letterbox&url=ssl%3Acdn.shopify.com%2Fs%2Ffiles%2F1%2F0487%2F8834%2F0899%2Ffiles%2FDR3718_CHAMPAGNE_5756_front_1752053643.jpg&feedId=62769&k=bf8aef6c7977b1540da0e89964b38c10e68c16c4,USD,,"Over $120 - Free Delivery, Less than $120 - $12",https://goddiva.us/products/goddiva-bandeau-sequin-velvet-midi-dress-champagne,,,USD96,62769,Goddiva,1,,,,,,Womens,Dresses
https://www.awin1.com/pclick.php?p=36552074197&a=2771700&m=24726,Goddiva Bandeau Sequin & Velvet Midi Dress - Champagne,36552074197,DR3718-CHAMPAGNE-8,https://cdn.shopify.com/s/files/1/0487/8834/0899/files/DR3718_CHAMPAGNE_5756_front_1752053643.jpg,"This versatile midi dress is perfect for the party season! The shiny champagne sequin and velvet fabric is so elegant and stylish, it's the ultimate party dress to turn heads anywhere you go. This sparkly champagne number is a perfect go-to party dress for many occasions. Whether it is date night or a party, you will be the centre of attention. Pair with your favourite heels, hair up or down - this dress can be styled in a multitude of ways.",Dresses,56,Goddiva,24726,Women's Dresses & Skirts,198,https://images2.productserve.com/?w=200&h=200&bg=white&trim=5&t=letterbox&url=ssl%3Acdn.shopify.com%2Fs%2Ffiles%2F1%2F0487%2F8834%2F0899%2Ffiles%2FDR3718_CHAMPAGNE_5756_front_1752053643.jpg&feedId=62769&k=bf8aef6c7977b1540da0e89964b38c10e68c16c4,USD,,"Over $120 - Free Delivery, Less than $120 - $12",https://goddiva.us/products/goddiva-bandeau-sequin-velvet-midi-dress-champagne,,,USD96,62769,Goddiva,1,,,,,,Womens,Dresses
https://www.awin1.com/pclick.php?p=36556608767&a=2771700&m=24726,Goddiva Velvet Bardot Maxi Dress With Split - Burgundy,36556608767,DR4076-BURGUNDY-12,https://cdn.shopify.com/s/files/1/0487/8834/0899/files/38285_1727259861.jpg,"Wrap yourself in sheer elegance with our Velvet Bardot Maxi with Split Dress, the perfect choice for your next special occasion. This burgundy maxi dress is exquisitely crafted, designed for unforgettable moments, whether you're a radiant bridesmaid, or simply attending an elegant black tie event in the evening.The off-the-shoulder neckline adds a touch of allure, showcasing your shoulders and collarbone beautifully. The gathered waist detail creates a flattering silhouette, making you feel both confident and chic. Made from a soft touch velvet material, this burgundy dress exudes luxury and style, ensuring that you stand out at any noteworthy occasion. It's the go-to choice for creating enchanting memories and making a statement in the most sophisticated gatherings. Dress to impress and be the embodiment of grace in this burgundy Velvet Bardot Maxi with Split Dress. Don't just attend the occasion; own it with style and elegance, whether you're the mother of the bride, a cherished bridesmaid, or a distinguished guest at a luxurious black tie event. This dress is your key to a night filled with unforgettable moments.",Dresses,90,Goddiva,24726,Women's Dresses & Skirts,198,https://images2.productserve.com/?w=200&h=200&bg=white&trim=5&t=letterbox&url=ssl%3Acdn.shopify.com%2Fs%2Ffiles%2F1%2F0487%2F8834%2F0899%2Ffiles%2F38285_1727259861.jpg&feedId=62769&k=8425009029679d1bb488f95227c19f034ac41596,USD,,"Over $120 - Free Delivery, Less than $120 - $12",https://goddiva.us/products/goddiva-velvet-bardot-maxi-with-split-burgundy,,,USD158,62769,Goddiva,1,,,,,,Womens,Dresses
https://www.awin1.com/pclick.php?p=36556608766&a=2771700&m=24726,Goddiva Velvet Bardot Maxi Dress With Split - Burgundy,36556608766,DR4076-BURGUNDY-10,https://cdn.shopify.com/s/files/1/0487/8834/0899/files/38285_1727259861.jpg,"Wrap yourself in sheer elegance with our Velvet Bardot Maxi with Split Dress, the perfect choice for your next special occasion. This burgundy maxi dress is exquisitely crafted, designed for unforgettable moments, whether you're a radiant bridesmaid, or simply attending an elegant black tie event in the evening.The off-the-shoulder neckline adds a touch of allure, showcasing your shoulders and collarbone beautifully. The gathered waist detail creates a flattering silhouette, making you feel both confident and chic. Made from a soft touch velvet material, this burgundy dress exudes luxury and style, ensuring that you stand out at any noteworthy occasion. It's the go-to choice for creating enchanting memories and making a statement in the most sophisticated gatherings. Dress to impress and be the embodiment of grace in this burgundy Velvet Bardot Maxi with Split Dress. Don't just attend the occasion; own it with style and elegance, whether you're the mother of the bride, a cherished bridesmaid, or a distinguished guest at a luxurious black tie event. This dress is your key to a night filled with unforgettable moments.",Dresses,90,Goddiva,24726,Women's Dresses & Skirts,198,https://images2.productserve.com/?w=200&h=200&bg=white&trim=5&t=letterbox&url=ssl%3Acdn.shopify.com%2Fs%2Ffiles%2F1%2F0487%2F8834%2F0899%2Ffiles%2F38285_1727259861.jpg&feedId=62769&k=8425009029679d1bb488f95227c19f034ac41596,USD,,"Over $120 - Free Delivery, Less than $120 - $12",https://goddiva.us/products/goddiva-velvet-bardot-maxi-with-split-burgundy,,,USD158,62769,Goddiva,1,,,,,,Womens,Dresses
https://www.awin1.com/pclick.php?p=36556608768&a=2771700&m=24726,Goddiva Velvet Bardot Maxi Dress With Split - Burgundy,36556608768,DR4076-BURGUNDY-14,https://cdn.shopify.com/s/files/1/0487/8834/0899/files/38285_1727259861.jpg,"Wrap yourself in sheer elegance with our Velvet Bardot Maxi with Split Dress, the perfect choice for your next special occasion. This burgundy maxi dress is exquisitely crafted, designed for unforgettable moments, whether you're a radiant bridesmaid, or simply attending an elegant black tie event in the evening.The off-the-shoulder neckline adds a touch of allure, showcasing your shoulders and collarbone beautifully. The gathered waist detail creates a flattering silhouette, making you feel both confident and chic. Made from a soft touch velvet material, this burgundy dress exudes luxury and style, ensuring that you stand out at any noteworthy occasion. It's the go-to choice for creating enchanting memories and making a statement in the most sophisticated gatherings. Dress to impress and be the embodiment of grace in this burgundy Velvet Bardot Maxi with Split Dress. Don't just attend the occasion; own it with style and elegance, whether you're the mother of the bride, a cherished bridesmaid, or a distinguished guest at a luxurious black tie event. This dress is your key to a night filled with unforgettable moments.",Dresses,90,Goddiva,24726,Women's Dresses & Skirts,198,https://images2.productserve.com/?w=200&h=200&bg=white&trim=5&t=letterbox&url=ssl%3Acdn.shopify.com%2Fs%2Ffiles%2F1%2F0487%2F8834%2F0899%2Ffiles%2F38285_1727259861.jpg&feedId=62769&k=8425009029679d1bb488f95227c19f034ac41596,USD,,"Over $120 - Free Delivery, Less than $120 - $12",https://goddiva.us/products/goddiva-velvet-bardot-maxi-with-split-burgundy,,,USD158,62769,Goddiva,1,,,,,,Womens,Dresses
https://www.awin1.com/pclick.php?p=36556608765&a=2771700&m=24726,Goddiva Velvet Bardot Maxi Dress With Split - Burgundy,36556608765,DR4076-BURGUNDY-8,https://cdn.shopify.com/s/files/1/0487/8834/0899/files/38285_1727259861.jpg,"Wrap yourself in sheer elegance with our Velvet Bardot Maxi with Split Dress, the perfect choice for your next special occasion. This burgundy maxi dress is exquisitely crafted, designed for unforgettable moments, whether you're a radiant bridesmaid, or simply attending an elegant black tie event in the evening.The off-the-shoulder neckline adds a touch of allure, showcasing your shoulders and collarbone beautifully. The gathered waist detail creates a flattering silhouette, making you feel both confident and chic. Made from a soft touch velvet material, this burgundy dress exudes luxury and style, ensuring that you stand out at any noteworthy occasion. It's the go-to choice for creating enchanting memories and making a statement in the most sophisticated gatherings. Dress to impress and be the embodiment of grace in this burgundy Velvet Bardot Maxi with Split Dress. Don't just attend the occasion; own it with style and elegance, whether you're the mother of the bride, a cherished bridesmaid, or a distinguished guest at a luxurious black tie event. This dress is your key to a night filled with unforgettable moments.",Dresses,90,Goddiva,24726,Women's Dresses & Skirts,198,https://images2.productserve.com/?w=200&h=200&bg=white&trim=5&t=letterbox&url=ssl%3Acdn.shopify.com%2Fs%2Ffiles%2F1%2F0487%2F8834%2F0899%2Ffiles%2F38285_1727259861.jpg&feedId=62769&k=8425009029679d1bb488f95227c19f034ac41596,USD,,"Over $120 - Free Delivery, Less than $120 - $12",https://goddiva.us/products/goddiva-velvet-bardot-maxi-with-split-burgundy,,,USD158,62769,Goddiva,1,,,,,,Womens,Dresses
https://www.awin1.com/pclick.php?p=36643072575&a=2771700&m=24726,Goddiva Fan Pleated Boobtube Scuba Crepe Mini - Black,36643072575,DR4100-BLACK-10,https://cdn.shopify.com/s/files/1/0487/8834/0899/files/DR4100_black_front_1245_1757595756.jpg,"Step into the limelight and create unforgettable moments with this chic and playful Fan Pleated Boobtube Scuba Crepe Mini Dress. This black dress is the epitome of chic and fun, making it the perfect choice for memorable occasion gatherings, especially during NYE celebrations. The boobtube neckline adds a playful and flirtatious touch, showcasing your shoulders beautifully. With a mini length, this black dress is designed for those who love to have a great time and enjoy an unforgettable night out with friends. Made with scuba crepe fabric, this black short party dress offers a perfect combination of comfort and style. The pleated fan detailing adds a unique flair that sets you apart from the crowd, making this dress an ideal choice for a fun girls night out. Designed with a bodycon fit, this dress accentuates your curves and ensures you feel confident and chic throughout the evening. Our Fan Pleated Boobtube Scuba Crepe Mini Dress is not just an outfit; it's a memorable experience that will make every occasion special. Don't just attend the event; own it with style and confidence, making every date night or party a night to remember.",Dresses,56,Goddiva,24726,Women's Dresses & Skirts,198,https://images2.productserve.com/?w=200&h=200&bg=white&trim=5&t=letterbox&url=ssl%3Acdn.shopify.com%2Fs%2Ffiles%2F1%2F0487%2F8834%2F0899%2Ffiles%2FDR4100_black_front_1245_1757595756.jpg&feedId=62769&k=02da508820b9526be79c55ca951004e150db4ab4,USD,,"Over $120 - Free Delivery, Less than $120 - $12",https://goddiva.us/products/goddiva-fan-pleated-boobtube-scuba-crepe-mini-black,,,USD96,62769,Goddiva,1,,,,,,Womens,Dresses
https://www.awin1.com/pclick.php?p=36643072574&a=2771700&m=24726,Goddiva Fan Pleated Boobtube Scuba Crepe Mini - Black,36643072574,DR4100-BLACK-8,https://cdn.shopify.com/s/files/1/0487/8834/0899/files/DR4100_black_front_1245_1757595756.jpg,"Step into the limelight and create unforgettable moments with this chic and playful Fan Pleated Boobtube Scuba Crepe Mini Dress. This black dress is the epitome of chic and fun, making it the perfect choice for memorable occasion gatherings, especially during NYE celebrations. The boobtube neckline adds a playful and flirtatious touch, showcasing your shoulders beautifully. With a mini length, this black dress is designed for those who love to have a great time and enjoy an unforgettable night out with friends. Made with scuba crepe fabric, this black short party dress offers a perfect combination of comfort and style. The pleated fan detailing adds a unique flair that sets you apart from the crowd, making this dress an ideal choice for a fun girls night out. Designed with a bodycon fit, this dress accentuates your curves and ensures you feel confident and chic throughout the evening. Our Fan Pleated Boobtube Scuba Crepe Mini Dress is not just an outfit; it's a memorable experience that will make every occasion special. Don't just attend the event; own it with style and confidence, making every date night or party a night to remember.",Dresses,56,Goddiva,24726,Women's Dresses & Skirts,198,https://images2.productserve.com/?w=200&h=200&bg=white&trim=5&t=letterbox&url=ssl%3Acdn.shopify.com%2Fs%2Ffiles%2F1%2F0487%2F8834%2F0899%2Ffiles%2FDR4100_black_front_1245_1757595756.jpg&feedId=62769&k=02da508820b9526be79c55ca951004e150db4ab4,USD,,"Over $120 - Free Delivery, Less than $120 - $12",https://goddiva.us/products/goddiva-fan-pleated-boobtube-scuba-crepe-mini-black,,,USD96,62769,Goddiva,1,,,,,,Womens,Dresses
https://www.awin1.com/pclick.php?p=36643072576&a=2771700&m=24726,Goddiva Fan Pleated Boobtube Scuba Crepe Mini - Black,36643072576,DR4100-BLACK-12,https://cdn.shopify.com/s/files/1/0487/8834/0899/files/DR4100_black_front_1245_1757595756.jpg,"Step into the limelight and create unforgettable moments with this chic and playful Fan Pleated Boobtube Scuba Crepe Mini Dress. This black dress is the epitome of chic and fun, making it the perfect choice for memorable occasion gatherings, especially during NYE celebrations. The boobtube neckline adds a playful and flirtatious touch, showcasing your shoulders beautifully. With a mini length, this black dress is designed for those who love to have a great time and enjoy an unforgettable night out with friends. Made with scuba crepe fabric, this black short party dress offers a perfect combination of comfort and style. The pleated fan detailing adds a unique flair that sets you apart from the crowd, making this dress an ideal choice for a fun girls night out. Designed with a bodycon fit, this dress accentuates your curves and ensures you feel confident and chic throughout the evening. Our Fan Pleated Boobtube Scuba Crepe Mini Dress is not just an outfit; it's a memorable experience that will make every occasion special. Don't just attend the event; own it with style and confidence, making every date night or party a night to remember.",Dresses,56,Goddiva,24726,Women's Dresses & Skirts,198,https://images2.productserve.com/?w=200&h=200&bg=white&trim=5&t=letterbox&url=ssl%3Acdn.shopify.com%2Fs%2Ffiles%2F1%2F0487%2F8834%2F0899%2Ffiles%2FDR4100_black_front_1245_1757595756.jpg&feedId=62769&k=02da508820b9526be79c55ca951004e150db4ab4,USD,,"Over $120 - Free Delivery, Less than $120 - $12",https://goddiva.us/products/goddiva-fan-pleated-boobtube-scuba-crepe-mini-black,,,USD96,62769,Goddiva,1,,,,,,Womens,Dresses
https://www.awin1.com/pclick.php?p=37000150524&a=2771700&m=24726,Goddiva Off The Shoulder Lurex High Low Dress - Nude,37000150524,DR3642-NUDE-8,https://cdn.shopify.com/s/files/1/0487/8834/0899/files/DR3642_NUDE_FRONT_1713341716.jpg,"Elevate your style with our Off The Shoulder Lurex High Low Dress  a captivating choice designed for wedding guests, semi-formal affairs, and chic gatherings. This nude dress effortlessly blends sophistication with a touch of glamour, ensuring you make a statement at every event. The off-the-shoulder neckline adds a dash of allure, highlighting your shoulders and collarbone, while the lurex fabric imparts a subtle shimmer, catching the light with every step. The high-low hemline introduces a playful and modern element to the dress, making it a versatile piece that transitions seamlessly from day to night. Perfect for those special occasions, this pink dress strikes the right balance between timeless elegance and contemporary flair. Whether you're attending a wedding or a semi-formal gathering, the Off The Shoulder Lurex High Low Dress is sure to turn heads. Make a lasting impression and exude confidence in this enchanting off-the-shoulder dress  the perfect companion for creating memorable moments at any event.",Dresses,76,Goddiva,24726,Women's Dresses & Skirts,198,https://images2.productserve.com/?w=200&h=200&bg=white&trim=5&t=letterbox&url=ssl%3Acdn.shopify.com%2Fs%2Ffiles%2F1%2F0487%2F8834%2F0899%2Ffiles%2FDR3642_NUDE_FRONT_1713341716.jpg&feedId=62769&k=9053d4d4a880996e30afd995590ce6634a961e15,USD,,"Over $120 - Free Delivery, Less than $120 - $12",https://goddiva.us/products/goddiva-lurex-high-low-dress-nude,,,USD110,62769,Goddiva,1,,,,,,Womens,Dresses
https://www.awin1.com/pclick.php?p=37000150521&a=2771700&m=24726,Goddiva Off The Shoulder Lurex High Low Dress - Navy,37000150521,DR3642-NAVY-14,https://cdn.shopify.com/s/files/1/0487/8834/0899/files/DR3642_NAVY_FRONT_1713341524.jpg,"Elevate your style with our Off The Shoulder Lurex High Low Dress  a captivating choice designed for wedding guests, semi-formal affairs, and chic gatherings. This navy dress effortlessly blends sophistication with a touch of glamour, ensuring you make a statement at every event. The off-the-shoulder neckline adds a dash of allure, highlighting your shoulders and collarbone, while the lurex fabric imparts a subtle shimmer, catching the light with every step. The high-low hemline introduces a playful and modern element to the dress, making it a versatile piece that transitions seamlessly from day to night. Perfect for those special occasions, this blue dress strikes the right balance between timeless elegance and contemporary flair. Whether you're attending a wedding or a semi-formal gathering, the Off The Shoulder Lurex High Low Dress is sure to turn heads. Make a lasting impression and exude confidence in this enchanting off-the-shoulder dress  the perfect companion for creating memorable moments at any event.",Dresses,76,Goddiva,24726,Women's Dresses & Skirts,198,https://images2.productserve.com/?w=200&h=200&bg=white&trim=5&t=letterbox&url=ssl%3Acdn.shopify.com%2Fs%2Ffiles%2F1%2F0487%2F8834%2F0899%2Ffiles%2FDR3642_NAVY_FRONT_1713341524.jpg&feedId=62769&k=926832552453c618cb0908351042016ff259feea,USD,,"Over $120 - Free Delivery, Less than $120 - $12",https://goddiva.us/products/goddiva-lurex-high-low-dress-navy,,,USD110,62769,Goddiva,1,,,,,,Womens,Dresses
https://www.awin1.com/pclick.php?p=37000150526&a=2771700&m=24726,Goddiva Off The Shoulder Lurex High Low Dress - Nude,37000150526,DR3642-NUDE-12,https://cdn.shopify.com/s/files/1/0487/8834/0899/files/DR3642_NUDE_FRONT_1713341716.jpg,"Elevate your style with our Off The Shoulder Lurex High Low Dress  a captivating choice designed for wedding guests, semi-formal affairs, and chic gatherings. This nude dress effortlessly blends sophistication with a touch of glamour, ensuring you make a statement at every event. The off-the-shoulder neckline adds a dash of allure, highlighting your shoulders and collarbone, while the lurex fabric imparts a subtle shimmer, catching the light with every step. The high-low hemline introduces a playful and modern element to the dress, making it a versatile piece that transitions seamlessly from day to night. Perfect for those special occasions, this pink dress strikes the right balance between timeless elegance and contemporary flair. Whether you're attending a wedding or a semi-formal gathering, the Off The Shoulder Lurex High Low Dress is sure to turn heads. Make a lasting impression and exude confidence in this enchanting off-the-shoulder dress  the perfect companion for creating memorable moments at any event.",Dresses,76,Goddiva,24726,Women's Dresses & Skirts,198,https://images2.productserve.com/?w=200&h=200&bg=white&trim=5&t=letterbox&url=ssl%3Acdn.shopify.com%2Fs%2Ffiles%2F1%2F0487%2F8834%2F0899%2Ffiles%2FDR3642_NUDE_FRONT_1713341716.jpg&feedId=62769&k=9053d4d4a880996e30afd995590ce6634a961e15,USD,,"Over $120 - Free Delivery, Less than $120 - $12",https://goddiva.us/products/goddiva-lurex-high-low-dress-nude,,,USD110,62769,Goddiva,1,,,,,,Womens,Dresses
https://www.awin1.com/pclick.php?p=37000150525&a=2771700&m=24726,Goddiva Off The Shoulder Lurex High Low Dress - Nude,37000150525,DR3642-NUDE-10,https://cdn.shopify.com/s/files/1/0487/8834/0899/files/DR3642_NUDE_FRONT_1713341716.jpg,"Elevate your style with our Off The Shoulder Lurex High Low Dress  a captivating choice designed for wedding guests, semi-formal affairs, and chic gatherings. This nude dress effortlessly blends sophistication with a touch of glamour, ensuring you make a statement at every event. The off-the-shoulder neckline adds a dash of allure, highlighting your shoulders and collarbone, while the lurex fabric imparts a subtle shimmer, catching the light with every step. The high-low hemline introduces a playful and modern element to the dress, making it a versatile piece that transitions seamlessly from day to night. Perfect for those special occasions, this pink dress strikes the right balance between timeless elegance and contemporary flair. Whether you're attending a wedding or a semi-formal gathering, the Off The Shoulder Lurex High Low Dress is sure to turn heads. Make a lasting impression and exude confidence in this enchanting off-the-shoulder dress  the perfect companion for creating memorable moments at any event.",Dresses,76,Goddiva,24726,Women's Dresses & Skirts,198,https://images2.productserve.com/?w=200&h=200&bg=white&trim=5&t=letterbox&url=ssl%3Acdn.shopify.com%2Fs%2Ffiles%2F1%2F0487%2F8834%2F0899%2Ffiles%2FDR3642_NUDE_FRONT_1713341716.jpg&feedId=62769&k=9053d4d4a880996e30afd995590ce6634a961e15,USD,,"Over $120 - Free Delivery, Less than $120 - $12",https://goddiva.us/products/goddiva-lurex-high-low-dress-nude,,,USD110,62769,Goddiva,1,,,,,,Womens,Dresses
https://www.awin1.com/pclick.php?p=37000150527&a=2771700&m=24726,Goddiva Off The Shoulder Lurex High Low Dress - Nude,37000150527,DR3642-NUDE-14,https://cdn.shopify.com/s/files/1/0487/8834/0899/files/DR3642_NUDE_FRONT_1713341716.jpg,"Elevate your style with our Off The Shoulder Lurex High Low Dress  a captivating choice designed for wedding guests, semi-formal affairs, and chic gatherings. This nude dress effortlessly blends sophistication with a touch of glamour, ensuring you make a statement at every event. The off-the-shoulder neckline adds a dash of allure, highlighting your shoulders and collarbone, while the lurex fabric imparts a subtle shimmer, catching the light with every step. The high-low hemline introduces a playful and modern element to the dress, making it a versatile piece that transitions seamlessly from day to night. Perfect for those special occasions, this pink dress strikes the right balance between timeless elegance and contemporary flair. Whether you're attending a wedding or a semi-formal gathering, the Off The Shoulder Lurex High Low Dress is sure to turn heads. Make a lasting impression and exude confidence in this enchanting off-the-shoulder dress  the perfect companion for creating memorable moments at any event.",Dresses,76,Goddiva,24726,Women's Dresses & Skirts,198,https://images2.productserve.com/?w=200&h=200&bg=white&trim=5&t=letterbox&url=ssl%3Acdn.shopify.com%2Fs%2Ffiles%2F1%2F0487%2F8834%2F0899%2Ffiles%2FDR3642_NUDE_FRONT_1713341716.jpg&feedId=62769&k=9053d4d4a880996e30afd995590ce6634a961e15,USD,,"Over $120 - Free Delivery, Less than $120 - $12",https://goddiva.us/products/goddiva-lurex-high-low-dress-nude,,,USD110,62769,Goddiva,1,,,,,,Womens,Dresses
https://www.awin1.com/pclick.php?p=37000150518&a=2771700&m=24726,Goddiva Off The Shoulder Lurex High Low Dress - Navy,37000150518,DR3642-NAVY-8,https://cdn.shopify.com/s/files/1/0487/8834/0899/files/DR3642_NAVY_FRONT_1713341524.jpg,"Elevate your style with our Off The Shoulder Lurex High Low Dress  a captivating choice designed for wedding guests, semi-formal affairs, and chic gatherings. This navy dress effortlessly blends sophistication with a touch of glamour, ensuring you make a statement at every event. The off-the-shoulder neckline adds a dash of allure, highlighting your shoulders and collarbone, while the lurex fabric imparts a subtle shimmer, catching the light with every step. The high-low hemline introduces a playful and modern element to the dress, making it a versatile piece that transitions seamlessly from day to night. Perfect for those special occasions, this blue dress strikes the right balance between timeless elegance and contemporary flair. Whether you're attending a wedding or a semi-formal gathering, the Off The Shoulder Lurex High Low Dress is sure to turn heads. Make a lasting impression and exude confidence in this enchanting off-the-shoulder dress  the perfect companion for creating memorable moments at any event.",Dresses,76,Goddiva,24726,Women's Dresses & Skirts,198,https://images2.productserve.com/?w=200&h=200&bg=white&trim=5&t=letterbox&url=ssl%3Acdn.shopify.com%2Fs%2Ffiles%2F1%2F0487%2F8834%2F0899%2Ffiles%2FDR3642_NAVY_FRONT_1713341524.jpg&feedId=62769&k=926832552453c618cb0908351042016ff259feea,USD,,"Over $120 - Free Delivery, Less than $120 - $12",https://goddiva.us/products/goddiva-lurex-high-low-dress-navy,,,USD110,62769,Goddiva,1,,,,,,Womens,Dresses
https://www.awin1.com/pclick.php?p=37000150520&a=2771700&m=24726,Goddiva Off The Shoulder Lurex High Low Dress - Navy,37000150520,DR3642-NAVY-12,https://cdn.shopify.com/s/files/1/0487/8834/0899/files/DR3642_NAVY_FRONT_1713341524.jpg,"Elevate your style with our Off The Shoulder Lurex High Low Dress  a captivating choice designed for wedding guests, semi-formal affairs, and chic gatherings. This navy dress effortlessly blends sophistication with a touch of glamour, ensuring you make a statement at every event. The off-the-shoulder neckline adds a dash of allure, highlighting your shoulders and collarbone, while the lurex fabric imparts a subtle shimmer, catching the light with every step. The high-low hemline introduces a playful and modern element to the dress, making it a versatile piece that transitions seamlessly from day to night. Perfect for those special occasions, this blue dress strikes the right balance between timeless elegance and contemporary flair. Whether you're attending a wedding or a semi-formal gathering, the Off The Shoulder Lurex High Low Dress is sure to turn heads. Make a lasting impression and exude confidence in this enchanting off-the-shoulder dress  the perfect companion for creating memorable moments at any event.",Dresses,76,Goddiva,24726,Women's Dresses & Skirts,198,https://images2.productserve.com/?w=200&h=200&bg=white&trim=5&t=letterbox&url=ssl%3Acdn.shopify.com%2Fs%2Ffiles%2F1%2F0487%2F8834%2F0899%2Ffiles%2FDR3642_NAVY_FRONT_1713341524.jpg&feedId=62769&k=926832552453c618cb0908351042016ff259feea,USD,,"Over $120 - Free Delivery, Less than $120 - $12",https://goddiva.us/products/goddiva-lurex-high-low-dress-navy,,,USD110,62769,Goddiva,1,,,,,,Womens,Dresses
https://www.awin1.com/pclick.php?p=37000150519&a=2771700&m=24726,Goddiva Off The Shoulder Lurex High Low Dress - Navy,37000150519,DR3642-NAVY-10,https://cdn.shopify.com/s/files/1/0487/8834/0899/files/DR3642_NAVY_FRONT_1713341524.jpg,"Elevate your style with our Off The Shoulder Lurex High Low Dress  a captivating choice designed for wedding guests, semi-formal affairs, and chic gatherings. This navy dress effortlessly blends sophistication with a touch of glamour, ensuring you make a statement at every event. The off-the-shoulder neckline adds a dash of allure, highlighting your shoulders and collarbone, while the lurex fabric imparts a subtle shimmer, catching the light with every step. The high-low hemline introduces a playful and modern element to the dress, making it a versatile piece that transitions seamlessly from day to night. Perfect for those special occasions, this blue dress strikes the right balance between timeless elegance and contemporary flair. Whether you're attending a wedding or a semi-formal gathering, the Off The Shoulder Lurex High Low Dress is sure to turn heads. Make a lasting impression and exude confidence in this enchanting off-the-shoulder dress  the perfect companion for creating memorable moments at any event.",Dresses,76,Goddiva,24726,Women's Dresses & Skirts,198,https://images2.productserve.com/?w=200&h=200&bg=white&trim=5&t=letterbox&url=ssl%3Acdn.shopify.com%2Fs%2Ffiles%2F1%2F0487%2F8834%2F0899%2Ffiles%2FDR3642_NAVY_FRONT_1713341524.jpg&feedId=62769&k=926832552453c618cb0908351042016ff259feea,USD,,"Over $120 - Free Delivery, Less than $120 - $12",https://goddiva.us/products/goddiva-lurex-high-low-dress-navy,,,USD110,62769,Goddiva,1,,,,,,Womens,Dresses
https://www.awin1.com/pclick.php?p=37053275286&a=2771700&m=24726,Goddiva Fan Pleated Boobtube Scuba Crepe Mini - Gold,37053275286,DR4100-GOLD-10,https://cdn.shopify.com/s/files/1/0487/8834/0899/files/DR4100_GOLD_1538_front_1757336100.jpg,"Step into the limelight and create unforgettable moments with this chic and playful Fan Pleated Boobtube Scuba Crepe Mini Dress. This gold dress is the epitome of chic and fun, making it the perfect choice for memorable occasion gatherings, especially during NYE celebrations. The boobtube neckline adds a playful and flirtatious touch, showcasing your shoulders beautifully. With a mini length, this gold dress is designed for those who love to have a great time and enjoy an unforgettable night out with friends. Made with scuba crepe fabric, this gold short party dress offers a perfect combination of comfort and style. The pleated fan detailing adds a unique flair that sets you apart from the crowd, making this dress an ideal choice for a fun girls night out. Designed with a bodycon fit, this dress accentuates your curves and ensures you feel confident and chic throughout the evening. Our Fan Pleated Boobtube Scuba Crepe Mini Dress is not just an outfit; it's a memorable experience that will make every occasion special. Don't just attend the event; own it with style and confidence, making every date night or party a night to remember.",Dresses,96,Goddiva,24726,Women's Dresses & Skirts,198,https://images2.productserve.com/?w=200&h=200&bg=white&trim=5&t=letterbox&url=ssl%3Acdn.shopify.com%2Fs%2Ffiles%2F1%2F0487%2F8834%2F0899%2Ffiles%2FDR4100_GOLD_1538_front_1757336100.jpg&feedId=62769&k=f7fcce09404b97f9dee8fe73115bda481720df6e,USD,,"Over $120 - Free Delivery, Less than $120 - $12",https://goddiva.us/products/goddiva-fan-pleated-boobtube-scuba-crepe-mini-gold,,,USD96,62769,Goddiva,1,,,,,,Womens,Dresses
https://www.awin1.com/pclick.php?p=37053275287&a=2771700&m=24726,Goddiva Fan Pleated Boobtube Scuba Crepe Mini - Gold,37053275287,DR4100-GOLD-12,https://cdn.shopify.com/s/files/1/0487/8834/0899/files/DR4100_GOLD_1538_front_1757336100.jpg,"Step into the limelight and create unforgettable moments with this chic and playful Fan Pleated Boobtube Scuba Crepe Mini Dress. This gold dress is the epitome of chic and fun, making it the perfect choice for memorable occasion gatherings, especially during NYE celebrations. The boobtube neckline adds a playful and flirtatious touch, showcasing your shoulders beautifully. With a mini length, this gold dress is designed for those who love to have a great time and enjoy an unforgettable night out with friends. Made with scuba crepe fabric, this gold short party dress offers a perfect combination of comfort and style. The pleated fan detailing adds a unique flair that sets you apart from the crowd, making this dress an ideal choice for a fun girls night out. Designed with a bodycon fit, this dress accentuates your curves and ensures you feel confident and chic throughout the evening. Our Fan Pleated Boobtube Scuba Crepe Mini Dress is not just an outfit; it's a memorable experience that will make every occasion special. Don't just attend the event; own it with style and confidence, making every date night or party a night to remember.",Dresses,96,Goddiva,24726,Women's Dresses & Skirts,198,https://images2.productserve.com/?w=200&h=200&bg=white&trim=5&t=letterbox&url=ssl%3Acdn.shopify.com%2Fs%2Ffiles%2F1%2F0487%2F8834%2F0899%2Ffiles%2FDR4100_GOLD_1538_front_1757336100.jpg&feedId=62769&k=f7fcce09404b97f9dee8fe73115bda481720df6e,USD,,"Over $120 - Free Delivery, Less than $120 - $12",https://goddiva.us/products/goddiva-fan-pleated-boobtube-scuba-crepe-mini-gold,,,USD96,62769,Goddiva,1,,,,,,Womens,Dresses
https://www.awin1.com/pclick.php?p=37053275285&a=2771700&m=24726,Goddiva Fan Pleated Boobtube Scuba Crepe Mini - Gold,37053275285,DR4100-GOLD-8,https://cdn.shopify.com/s/files/1/0487/8834/0899/files/DR4100_GOLD_1538_front_1757336100.jpg,"Step into the limelight and create unforgettable moments with this chic and playful Fan Pleated Boobtube Scuba Crepe Mini Dress. This gold dress is the epitome of chic and fun, making it the perfect choice for memorable occasion gatherings, especially during NYE celebrations. The boobtube neckline adds a playful and flirtatious touch, showcasing your shoulders beautifully. With a mini length, this gold dress is designed for those who love to have a great time and enjoy an unforgettable night out with friends. Made with scuba crepe fabric, this gold short party dress offers a perfect combination of comfort and style. The pleated fan detailing adds a unique flair that sets you apart from the crowd, making this dress an ideal choice for a fun girls night out. Designed with a bodycon fit, this dress accentuates your curves and ensures you feel confident and chic throughout the evening. Our Fan Pleated Boobtube Scuba Crepe Mini Dress is not just an outfit; it's a memorable experience that will make every occasion special. Don't just attend the event; own it with style and confidence, making every date night or party a night to remember.",Dresses,96,Goddiva,24726,Women's Dresses & Skirts,198,https://images2.productserve.com/?w=200&h=200&bg=white&trim=5&t=letterbox&url=ssl%3Acdn.shopify.com%2Fs%2Ffiles%2F1%2F0487%2F8834%2F0899%2Ffiles%2FDR4100_GOLD_1538_front_1757336100.jpg&feedId=62769&k=f7fcce09404b97f9dee8fe73115bda481720df6e,USD,,"Over $120 - Free Delivery, Less than $120 - $12",https://goddiva.us/products/goddiva-fan-pleated-boobtube-scuba-crepe-mini-gold,,,USD96,62769,Goddiva,1,,,,,,Womens,Dresses
https://www.awin1.com/pclick.php?p=37082069972&a=2771700&m=24726,Goddiva Leaf Print Flutter Sleeve Maxi Dress - Cream,37082069972,DR3652-CREAM-8,https://cdn.shopify.com/s/files/1/0487/8834/0899/files/DR3652-CREAM_FRONT_1712154900.jpg,"Get this gorgeous Leaf Print Flutter Sleeve Maxi dress by Goddiva and make your summer extra special. This bold leaf print is sure to turn heads wherever you go. This easy breezy maxi has flutter sleeves that add a touch of elegance. Great for a casual summer look, this dress is the perfect combination of style and comfort. We love how the flutter sleeves give it an extra touch of femininity, while the faux wrap neckline adds to its charm.",Dresses,90,Goddiva,24726,Women's Dresses & Skirts,198,https://images2.productserve.com/?w=200&h=200&bg=white&trim=5&t=letterbox&url=ssl%3Acdn.shopify.com%2Fs%2Ffiles%2F1%2F0487%2F8834%2F0899%2Ffiles%2FDR3652-CREAM_FRONT_1712154900.jpg&feedId=62769&k=fcbbffca09480fa585847b30b6c7ab9b4e5ca335,USD,,"Over $120 - Free Delivery, Less than $120 - $12",https://goddiva.us/products/goddiva-leaf-print-flutter-sleeve-maxi-dress-cream,,,USD90,62769,Goddiva,1,,,,,,Womens,Dresses
https://www.awin1.com/pclick.php?p=37082069974&a=2771700&m=24726,Goddiva Leaf Print Flutter Sleeve Maxi Dress - Cream,37082069974,DR3652-CREAM-12,https://cdn.shopify.com/s/files/1/0487/8834/0899/files/DR3652-CREAM_FRONT_1712154900.jpg,"Get this gorgeous Leaf Print Flutter Sleeve Maxi dress by Goddiva and make your summer extra special. This bold leaf print is sure to turn heads wherever you go. This easy breezy maxi has flutter sleeves that add a touch of elegance. Great for a casual summer look, this dress is the perfect combination of style and comfort. We love how the flutter sleeves give it an extra touch of femininity, while the faux wrap neckline adds to its charm.",Dresses,90,Goddiva,24726,Women's Dresses & Skirts,198,https://images2.productserve.com/?w=200&h=200&bg=white&trim=5&t=letterbox&url=ssl%3Acdn.shopify.com%2Fs%2Ffiles%2F1%2F0487%2F8834%2F0899%2Ffiles%2FDR3652-CREAM_FRONT_1712154900.jpg&feedId=62769&k=fcbbffca09480fa585847b30b6c7ab9b4e5ca335,USD,,"Over $120 - Free Delivery, Less than $120 - $12",https://goddiva.us/products/goddiva-leaf-print-flutter-sleeve-maxi-dress-cream,,,USD90,62769,Goddiva,1,,,,,,Womens,Dresses
https://www.awin1.com/pclick.php?p=37082069973&a=2771700&m=24726,Goddiva Leaf Print Flutter Sleeve Maxi Dress - Cream,37082069973,DR3652-CREAM-10,https://cdn.shopify.com/s/files/1/0487/8834/0899/files/DR3652-CREAM_FRONT_1712154900.jpg,"Get this gorgeous Leaf Print Flutter Sleeve Maxi dress by Goddiva and make your summer extra special. This bold leaf print is sure to turn heads wherever you go. This easy breezy maxi has flutter sleeves that add a touch of elegance. Great for a casual summer look, this dress is the perfect combination of style and comfort. We love how the flutter sleeves give it an extra touch of femininity, while the faux wrap neckline adds to its charm.",Dresses,90,Goddiva,24726,Women's Dresses & Skirts,198,https://images2.productserve.com/?w=200&h=200&bg=white&trim=5&t=letterbox&url=ssl%3Acdn.shopify.com%2Fs%2Ffiles%2F1%2F0487%2F8834%2F0899%2Ffiles%2FDR3652-CREAM_FRONT_1712154900.jpg&feedId=62769&k=fcbbffca09480fa585847b30b6c7ab9b4e5ca335,USD,,"Over $120 - Free Delivery, Less than $120 - $12",https://goddiva.us/products/goddiva-leaf-print-flutter-sleeve-maxi-dress-cream,,,USD90,62769,Goddiva,1,,,,,,Womens,Dresses
https://www.awin1.com/pclick.php?p=37089129962&a=2771700&m=24726,Goddiva One Sleeve Frill Lurex Midi Dress - Gold,37089129962,DR3806-GOLD-8,https://cdn.shopify.com/s/files/1/0487/8834/0899/files/DR3806_GOLD___1489_front_1759847318.jpg,"The Goddiva One Sleeve Frill Lurex Midi Dress is a simple and elegant style that can be easily dressed up in evening attire such as to a wedding or engagement party, or for that over needed night out with friends. This beautifully fitted one-shoulder gold dress boasts luxurious details like frilled sleeves and thigh split detail.  The Lurex fabric of this champagne dress is a stunning masterpiece that will amp up your glam and instantly turn heads at any party.  The simple design of this dress makes it easy to style -team this with some heels, a statement necklace and some sparkling earrings for an effortlessly chic look",Dresses,56,Goddiva,24726,Women's Dresses & Skirts,198,https://images2.productserve.com/?w=200&h=200&bg=white&trim=5&t=letterbox&url=ssl%3Acdn.shopify.com%2Fs%2Ffiles%2F1%2F0487%2F8834%2F0899%2Ffiles%2FDR3806_GOLD___1489_front_1759847318.jpg&feedId=62769&k=c117b88cddf336aecdd8edcd1ad4259ad4a728fe,USD,,"Over $120 - Free Delivery, Less than $120 - $12",https://goddiva.us/products/goddiva-one-sleeve-frill-lurex-midi-dress-gold,,,USD150,62769,Goddiva,1,,,,,,Womens,Dresses
https://www.awin1.com/pclick.php?p=37089129963&a=2771700&m=24726,Goddiva One Sleeve Frill Lurex Midi Dress - Gold,37089129963,DR3806-GOLD-10,https://cdn.shopify.com/s/files/1/0487/8834/0899/files/DR3806_GOLD___1489_front_1759847318.jpg,"The Goddiva One Sleeve Frill Lurex Midi Dress is a simple and elegant style that can be easily dressed up in evening attire such as to a wedding or engagement party, or for that over needed night out with friends. This beautifully fitted one-shoulder gold dress boasts luxurious details like frilled sleeves and thigh split detail.  The Lurex fabric of this champagne dress is a stunning masterpiece that will amp up your glam and instantly turn heads at any party.  The simple design of this dress makes it easy to style -team this with some heels, a statement necklace and some sparkling earrings for an effortlessly chic look",Dresses,56,Goddiva,24726,Women's Dresses & Skirts,198,https://images2.productserve.com/?w=200&h=200&bg=white&trim=5&t=letterbox&url=ssl%3Acdn.shopify.com%2Fs%2Ffiles%2F1%2F0487%2F8834%2F0899%2Ffiles%2FDR3806_GOLD___1489_front_1759847318.jpg&feedId=62769&k=c117b88cddf336aecdd8edcd1ad4259ad4a728fe,USD,,"Over $120 - Free Delivery, Less than $120 - $12",https://goddiva.us/products/goddiva-one-sleeve-frill-lurex-midi-dress-gold,,,USD150,62769,Goddiva,1,,,,,,Womens,Dresses
https://www.awin1.com/pclick.php?p=37089129964&a=2771700&m=24726,Goddiva One Sleeve Frill Lurex Midi Dress - Gold,37089129964,DR3806-GOLD-12,https://cdn.shopify.com/s/files/1/0487/8834/0899/files/DR3806_GOLD___1489_front_1759847318.jpg,"The Goddiva One Sleeve Frill Lurex Midi Dress is a simple and elegant style that can be easily dressed up in evening attire such as to a wedding or engagement party, or for that over needed night out with friends. This beautifully fitted one-shoulder gold dress boasts luxurious details like frilled sleeves and thigh split detail.  The Lurex fabric of this champagne dress is a stunning masterpiece that will amp up your glam and instantly turn heads at any party.  The simple design of this dress makes it easy to style -team this with some heels, a statement necklace and some sparkling earrings for an effortlessly chic look",Dresses,56,Goddiva,24726,Women's Dresses & Skirts,198,https://images2.productserve.com/?w=200&h=200&bg=white&trim=5&t=letterbox&url=ssl%3Acdn.shopify.com%2Fs%2Ffiles%2F1%2F0487%2F8834%2F0899%2Ffiles%2FDR3806_GOLD___1489_front_1759847318.jpg&feedId=62769&k=c117b88cddf336aecdd8edcd1ad4259ad4a728fe,USD,,"Over $120 - Free Delivery, Less than $120 - $12",https://goddiva.us/products/goddiva-one-sleeve-frill-lurex-midi-dress-gold,,,USD150,62769,Goddiva,1,,,,,,Womens,Dresses
https://www.awin1.com/pclick.php?p=37089129958&a=2771700&m=24726,Goddiva One Sleeve Frill Lurex Midi Dress - Blue,37089129958,DR3806-BLUE-10,https://cdn.shopify.com/s/files/1/0487/8834/0899/files/DR3806_BLUE_1783_front_1759847359.jpg,"The Goddiva One Sleeve Frill Lurex Midi Dress is a simple and elegant style that can be easily dressed up in evening attire such as to a wedding or engagement party, or for that over needed night out with friends. This beautifully fitted one-shoulder blue dress boasts luxurious details like frilled sleeves and thigh split detail.  The Lurex fabric of this blue dress is a stunning masterpiece that will amp up your glam and instantly turn heads at any party.  The simple design of this dress makes it easy to style -team this with some heels, a statement necklace and some sparkling earrings for an effortlessly chic look",Dresses,56,Goddiva,24726,Women's Dresses & Skirts,198,https://images2.productserve.com/?w=200&h=200&bg=white&trim=5&t=letterbox&url=ssl%3Acdn.shopify.com%2Fs%2Ffiles%2F1%2F0487%2F8834%2F0899%2Ffiles%2FDR3806_BLUE_1783_front_1759847359.jpg&feedId=62769&k=bc274c3d60447e17e80af68d39480daa23a1956b,USD,,"Over $120 - Free Delivery, Less than $120 - $12",https://goddiva.us/products/goddiva-one-sleeve-frill-lurex-midi-dress-blue,,,USD130,62769,Goddiva,1,,,,,,Womens,Dresses
https://www.awin1.com/pclick.php?p=37089129957&a=2771700&m=24726,Goddiva One Sleeve Frill Lurex Midi Dress - Blue,37089129957,DR3806-BLUE-8,https://cdn.shopify.com/s/files/1/0487/8834/0899/files/DR3806_BLUE_1783_front_1759847359.jpg,"The Goddiva One Sleeve Frill Lurex Midi Dress is a simple and elegant style that can be easily dressed up in evening attire such as to a wedding or engagement party, or for that over needed night out with friends. This beautifully fitted one-shoulder blue dress boasts luxurious details like frilled sleeves and thigh split detail.  The Lurex fabric of this blue dress is a stunning masterpiece that will amp up your glam and instantly turn heads at any party.  The simple design of this dress makes it easy to style -team this with some heels, a statement necklace and some sparkling earrings for an effortlessly chic look",Dresses,56,Goddiva,24726,Women's Dresses & Skirts,198,https://images2.productserve.com/?w=200&h=200&bg=white&trim=5&t=letterbox&url=ssl%3Acdn.shopify.com%2Fs%2Ffiles%2F1%2F0487%2F8834%2F0899%2Ffiles%2FDR3806_BLUE_1783_front_1759847359.jpg&feedId=62769&k=bc274c3d60447e17e80af68d39480daa23a1956b,USD,,"Over $120 - Free Delivery, Less than $120 - $12",https://goddiva.us/products/goddiva-one-sleeve-frill-lurex-midi-dress-blue,,,USD130,62769,Goddiva,1,,,,,,Womens,Dresses
https://www.awin1.com/pclick.php?p=37089129959&a=2771700&m=24726,Goddiva One Sleeve Frill Lurex Midi Dress - Blue,37089129959,DR3806-BLUE-12,https://cdn.shopify.com/s/files/1/0487/8834/0899/files/DR3806_BLUE_1783_front_1759847359.jpg,"The Goddiva One Sleeve Frill Lurex Midi Dress is a simple and elegant style that can be easily dressed up in evening attire such as to a wedding or engagement party, or for that over needed night out with friends. This beautifully fitted one-shoulder blue dress boasts luxurious details like frilled sleeves and thigh split detail.  The Lurex fabric of this blue dress is a stunning masterpiece that will amp up your glam and instantly turn heads at any party.  The simple design of this dress makes it easy to style -team this with some heels, a statement necklace and some sparkling earrings for an effortlessly chic look",Dresses,56,Goddiva,24726,Women's Dresses & Skirts,198,https://images2.productserve.com/?w=200&h=200&bg=white&trim=5&t=letterbox&url=ssl%3Acdn.shopify.com%2Fs%2Ffiles%2F1%2F0487%2F8834%2F0899%2Ffiles%2FDR3806_BLUE_1783_front_1759847359.jpg&feedId=62769&k=bc274c3d60447e17e80af68d39480daa23a1956b,USD,,"Over $120 - Free Delivery, Less than $120 - $12",https://goddiva.us/products/goddiva-one-sleeve-frill-lurex-midi-dress-blue,,,USD130,62769,Goddiva,1,,,,,,Womens,Dresses
https://www.awin1.com/pclick.php?p=37095816569&a=2771700&m=24726,Goddiva Open Lurex Back One Sleeve Maxi Dress - Royal Blue,37095816569,DR3633-ROYALBLUE-8,https://cdn.shopify.com/s/files/1/0487/8834/0899/files/DR3633_ROYALBLUE_1804_front_1761723287.jpg,"Crafted from the finest stretch fabric, this gorgeous maxi dress will have you looking and feeling amazing. Designed for special occasions, parties and evenings out - this sultry, one-shoulder design features a flattering open back, cinched waist and a flirty thigh split. Its classic design makes it a timeless piece that will easily transition from season to season. This navy dress is a luxurious blend of elegance, seduction, and simplicity. An elegant design that is both flattering and comfortable. Made from a sparkling lurex material, this blue dress is good for all seasons and can be worn to any occasion. It has a sexy open back design with the perfect length to show off your legs. Team with a pair of stilettos, nude accessories and a statement clutch for an effortlessly chic look.",Dresses,56,Goddiva,24726,Women's Dresses & Skirts,198,https://images2.productserve.com/?w=200&h=200&bg=white&trim=5&t=letterbox&url=ssl%3Acdn.shopify.com%2Fs%2Ffiles%2F1%2F0487%2F8834%2F0899%2Ffiles%2FDR3633_ROYALBLUE_1804_front_1761723287.jpg&feedId=62769&k=a03540be4161fd8355d9a521fe9354c1673c3126,USD,,"Over $120 - Free Delivery, Less than $120 - $12",https://goddiva.us/products/goddiva-open-lurex-back-one-sleeve-maxi-dress-royal-blue,,,USD56,62769,Goddiva,1,,,,,,Womens,Dresses
https://www.awin1.com/pclick.php?p=37095816571&a=2771700&m=24726,Goddiva Open Lurex Back One Sleeve Maxi Dress - Royal Blue,37095816571,DR3633-ROYALBLUE-12,https://cdn.shopify.com/s/files/1/0487/8834/0899/files/DR3633_ROYALBLUE_1804_front_1761723287.jpg,"Crafted from the finest stretch fabric, this gorgeous maxi dress will have you looking and feeling amazing. Designed for special occasions, parties and evenings out - this sultry, one-shoulder design features a flattering open back, cinched waist and a flirty thigh split. Its classic design makes it a timeless piece that will easily transition from season to season. This navy dress is a luxurious blend of elegance, seduction, and simplicity. An elegant design that is both flattering and comfortable. Made from a sparkling lurex material, this blue dress is good for all seasons and can be worn to any occasion. It has a sexy open back design with the perfect length to show off your legs. Team with a pair of stilettos, nude accessories and a statement clutch for an effortlessly chic look.",Dresses,56,Goddiva,24726,Women's Dresses & Skirts,198,https://images2.productserve.com/?w=200&h=200&bg=white&trim=5&t=letterbox&url=ssl%3Acdn.shopify.com%2Fs%2Ffiles%2F1%2F0487%2F8834%2F0899%2Ffiles%2FDR3633_ROYALBLUE_1804_front_1761723287.jpg&feedId=62769&k=a03540be4161fd8355d9a521fe9354c1673c3126,USD,,"Over $120 - Free Delivery, Less than $120 - $12",https://goddiva.us/products/goddiva-open-lurex-back-one-sleeve-maxi-dress-royal-blue,,,USD56,62769,Goddiva,1,,,,,,Womens,Dresses
https://www.awin1.com/pclick.php?p=37095816570&a=2771700&m=24726,Goddiva Open Lurex Back One Sleeve Maxi Dress - Royal Blue,37095816570,DR3633-ROYALBLUE-10,https://cdn.shopify.com/s/files/1/0487/8834/0899/files/DR3633_ROYALBLUE_1804_front_1761723287.jpg,"Crafted from the finest stretch fabric, this gorgeous maxi dress will have you looking and feeling amazing. Designed for special occasions, parties and evenings out - this sultry, one-shoulder design features a flattering open back, cinched waist and a flirty thigh split. Its classic design makes it a timeless piece that will easily transition from season to season. This navy dress is a luxurious blend of elegance, seduction, and simplicity. An elegant design that is both flattering and comfortable. Made from a sparkling lurex material, this blue dress is good for all seasons and can be worn to any occasion. It has a sexy open back design with the perfect length to show off your legs. Team with a pair of stilettos, nude accessories and a statement clutch for an effortlessly chic look.",Dresses,56,Goddiva,24726,Women's Dresses & Skirts,198,https://images2.productserve.com/?w=200&h=200&bg=white&trim=5&t=letterbox&url=ssl%3Acdn.shopify.com%2Fs%2Ffiles%2F1%2F0487%2F8834%2F0899%2Ffiles%2FDR3633_ROYALBLUE_1804_front_1761723287.jpg&feedId=62769&k=a03540be4161fd8355d9a521fe9354c1673c3126,USD,,"Over $120 - Free Delivery, Less than $120 - $12",https://goddiva.us/products/goddiva-open-lurex-back-one-sleeve-maxi-dress-royal-blue,,,USD56,62769,Goddiva,1,,,,,,Womens,Dresses
https://www.awin1.com/pclick.php?p=37101102853&a=2771700&m=24726,Goddiva One Sleeve Frill Lurex Midi Dress - Silver,37101102853,DR3806-SILVER-8,https://cdn.shopify.com/s/files/1/0487/8834/0899/files/DR3806_SILVER_1609_front_1759847284.jpg,"The Goddiva One Sleeve Frill Lurex Midi Dress is a simple and elegant style that can be easily dressed up in evening attire such as to a wedding or engagement party, or for that over needed night out with friends. This beautifully fitted one-shoulder silver dress boasts luxurious details like frilled sleeves and thigh split detail.  The Lurex fabric of this silver dress is a stunning masterpiece that will amp up your glam and instantly turn heads at any party.  The simple design of this dress makes it easy to style -team this with some heels, a statement necklace and some sparkling earrings for an effortlessly chic look",Dresses,56,Goddiva,24726,Women's Dresses & Skirts,198,https://images2.productserve.com/?w=200&h=200&bg=white&trim=5&t=letterbox&url=ssl%3Acdn.shopify.com%2Fs%2Ffiles%2F1%2F0487%2F8834%2F0899%2Ffiles%2FDR3806_SILVER_1609_front_1759847284.jpg&feedId=62769&k=7a81edca8fc8e3159b0b8caeacd5f1ccfd263dd8,USD,,"Over $120 - Free Delivery, Less than $120 - $12",https://goddiva.us/products/goddiva-one-sleeve-frill-lurex-midi-dress-silver,,,USD150,62769,Goddiva,1,,,,,,Womens,Dresses
https://www.awin1.com/pclick.php?p=37101102855&a=2771700&m=24726,Goddiva One Sleeve Frill Lurex Midi Dress - Silver,37101102855,DR3806-SILVER-12,https://cdn.shopify.com/s/files/1/0487/8834/0899/files/DR3806_SILVER_1609_front_1759847284.jpg,"The Goddiva One Sleeve Frill Lurex Midi Dress is a simple and elegant style that can be easily dressed up in evening attire such as to a wedding or engagement party, or for that over needed night out with friends. This beautifully fitted one-shoulder silver dress boasts luxurious details like frilled sleeves and thigh split detail.  The Lurex fabric of this silver dress is a stunning masterpiece that will amp up your glam and instantly turn heads at any party.  The simple design of this dress makes it easy to style -team this with some heels, a statement necklace and some sparkling earrings for an effortlessly chic look",Dresses,56,Goddiva,24726,Women's Dresses & Skirts,198,https://images2.productserve.com/?w=200&h=200&bg=white&trim=5&t=letterbox&url=ssl%3Acdn.shopify.com%2Fs%2Ffiles%2F1%2F0487%2F8834%2F0899%2Ffiles%2FDR3806_SILVER_1609_front_1759847284.jpg&feedId=62769&k=7a81edca8fc8e3159b0b8caeacd5f1ccfd263dd8,USD,,"Over $120 - Free Delivery, Less than $120 - $12",https://goddiva.us/products/goddiva-one-sleeve-frill-lurex-midi-dress-silver,,,USD150,62769,Goddiva,1,,,,,,Womens,Dresses
https://www.awin1.com/pclick.php?p=37101102854&a=2771700&m=24726,Goddiva One Sleeve Frill Lurex Midi Dress - Silver,37101102854,DR3806-SILVER-10,https://cdn.shopify.com/s/files/1/0487/8834/0899/files/DR3806_SILVER_1609_front_1759847284.jpg,"The Goddiva One Sleeve Frill Lurex Midi Dress is a simple and elegant style that can be easily dressed up in evening attire such as to a wedding or engagement party, or for that over needed night out with friends. This beautifully fitted one-shoulder silver dress boasts luxurious details like frilled sleeves and thigh split detail.  The Lurex fabric of this silver dress is a stunning masterpiece that will amp up your glam and instantly turn heads at any party.  The simple design of this dress makes it easy to style -team this with some heels, a statement necklace and some sparkling earrings for an effortlessly chic look",Dresses,56,Goddiva,24726,Women's Dresses & Skirts,198,https://images2.productserve.com/?w=200&h=200&bg=white&trim=5&t=letterbox&url=ssl%3Acdn.shopify.com%2Fs%2Ffiles%2F1%2F0487%2F8834%2F0899%2Ffiles%2FDR3806_SILVER_1609_front_1759847284.jpg&feedId=62769&k=7a81edca8fc8e3159b0b8caeacd5f1ccfd263dd8,USD,,"Over $120 - Free Delivery, Less than $120 - $12",https://goddiva.us/products/goddiva-one-sleeve-frill-lurex-midi-dress-silver,,,USD150,62769,Goddiva,1,,,,,,Womens,Dresses
https://www.awin1.com/pclick.php?p=36556608707&a=2771700&m=24726,Goddiva Flared Hem Ice Velvet Midi - Black,36556608707,DR4028-BLACK-8,https://cdn.shopify.com/s/files/1/0487/8834/0899/products/DR4028_BLACK_front_l_1698839036.jpg,"The Goddiva Flared Hem Ice Velvet Midi Dress, the definition of elegance and sophistication, designed to make you shine on any occasion! This stunning black midi dress is the perfect choice for a party, date night, Christmas celebration, NYE extravaganza, or as a wedding guest. This black dress is a harmonious blend of style and comfort. The square neckline adds a touch of classic charm to this dress, ensuring you'll turn heads wherever you go. The long sleeves not only keep you warm during those chilly winter nights but also lend a graceful and timeless appeal. With its bodycon fit and gathered detailing at the waist, this black dress accentuates your figure, highlighting your curves and making you feel confident and alluring. What truly sets our Ice Velvet Midi Dress apart is the luxurious soft touch ice velvet material. It feels sumptuous against your skin, making you the centre of attention at any event. The flared hem adds a flirty and fun element to the dress, allowing you to dance the night away with ease. Whether you're attending a Christmas party, getting ready for a romantic date night, celebrating New Year's Eve in style, or being a chic wedding guest, this black dress will make you feel like a star. The Midi Dress, with its versatile elegance and timeless design, is your go-to choice for any special occasion. Turn heads and make unforgettable memories in our Flared Hem Ice Velvet Midi Dress. Order yours today and step into the spotlight with confidence and grace.",Dresses,56,Goddiva,24726,Women's Dresses & Skirts,198,https://images2.productserve.com/?w=200&h=200&bg=white&trim=5&t=letterbox&url=ssl%3Acdn.shopify.com%2Fs%2Ffiles%2F1%2F0487%2F8834%2F0899%2Fproducts%2FDR4028_BLACK_front_l_1698839036.jpg&feedId=62769&k=ad99674a8dc7bf8466b286c9f62b15e80c759bdb,USD,,"Over $120 - Free Delivery, Less than $120 - $12",https://goddiva.us/products/goddiva-flared-hem-ice-velvet-midi-black,,,USD116,62769,Goddiva,1,,,,,,Womens,Dresses
https://www.awin1.com/pclick.php?p=36556608708&a=2771700&m=24726,Goddiva Flared Hem Ice Velvet Midi - Black,36556608708,DR4028-BLACK-10,https://cdn.shopify.com/s/files/1/0487/8834/0899/products/DR4028_BLACK_front_l_1698839036.jpg,"The Goddiva Flared Hem Ice Velvet Midi Dress, the definition of elegance and sophistication, designed to make you shine on any occasion! This stunning black midi dress is the perfect choice for a party, date night, Christmas celebration, NYE extravaganza, or as a wedding guest. This black dress is a harmonious blend of style and comfort. The square neckline adds a touch of classic charm to this dress, ensuring you'll turn heads wherever you go. The long sleeves not only keep you warm during those chilly winter nights but also lend a graceful and timeless appeal. With its bodycon fit and gathered detailing at the waist, this black dress accentuates your figure, highlighting your curves and making you feel confident and alluring. What truly sets our Ice Velvet Midi Dress apart is the luxurious soft touch ice velvet material. It feels sumptuous against your skin, making you the centre of attention at any event. The flared hem adds a flirty and fun element to the dress, allowing you to dance the night away with ease. Whether you're attending a Christmas party, getting ready for a romantic date night, celebrating New Year's Eve in style, or being a chic wedding guest, this black dress will make you feel like a star. The Midi Dress, with its versatile elegance and timeless design, is your go-to choice for any special occasion. Turn heads and make unforgettable memories in our Flared Hem Ice Velvet Midi Dress. Order yours today and step into the spotlight with confidence and grace.",Dresses,56,Goddiva,24726,Women's Dresses & Skirts,198,https://images2.productserve.com/?w=200&h=200&bg=white&trim=5&t=letterbox&url=ssl%3Acdn.shopify.com%2Fs%2Ffiles%2F1%2F0487%2F8834%2F0899%2Fproducts%2FDR4028_BLACK_front_l_1698839036.jpg&feedId=62769&k=ad99674a8dc7bf8466b286c9f62b15e80c759bdb,USD,,"Over $120 - Free Delivery, Less than $120 - $12",https://goddiva.us/products/goddiva-flared-hem-ice-velvet-midi-black,,,USD116,62769,Goddiva,1,,,,,,Womens,Dresses
https://www.awin1.com/pclick.php?p=36556608710&a=2771700&m=24726,Goddiva Flared Hem Ice Velvet Midi - Black,36556608710,DR4028-BLACK-14,https://cdn.shopify.com/s/files/1/0487/8834/0899/products/DR4028_BLACK_front_l_1698839036.jpg,"The Goddiva Flared Hem Ice Velvet Midi Dress, the definition of elegance and sophistication, designed to make you shine on any occasion! This stunning black midi dress is the perfect choice for a party, date night, Christmas celebration, NYE extravaganza, or as a wedding guest. This black dress is a harmonious blend of style and comfort. The square neckline adds a touch of classic charm to this dress, ensuring you'll turn heads wherever you go. The long sleeves not only keep you warm during those chilly winter nights but also lend a graceful and timeless appeal. With its bodycon fit and gathered detailing at the waist, this black dress accentuates your figure, highlighting your curves and making you feel confident and alluring. What truly sets our Ice Velvet Midi Dress apart is the luxurious soft touch ice velvet material. It feels sumptuous against your skin, making you the centre of attention at any event. The flared hem adds a flirty and fun element to the dress, allowing you to dance the night away with ease. Whether you're attending a Christmas party, getting ready for a romantic date night, celebrating New Year's Eve in style, or being a chic wedding guest, this black dress will make you feel like a star. The Midi Dress, with its versatile elegance and timeless design, is your go-to choice for any special occasion. Turn heads and make unforgettable memories in our Flared Hem Ice Velvet Midi Dress. Order yours today and step into the spotlight with confidence and grace.",Dresses,56,Goddiva,24726,Women's Dresses & Skirts,198,https://images2.productserve.com/?w=200&h=200&bg=white&trim=5&t=letterbox&url=ssl%3Acdn.shopify.com%2Fs%2Ffiles%2F1%2F0487%2F8834%2F0899%2Fproducts%2FDR4028_BLACK_front_l_1698839036.jpg&feedId=62769&k=ad99674a8dc7bf8466b286c9f62b15e80c759bdb,USD,,"Over $120 - Free Delivery, Less than $120 - $12",https://goddiva.us/products/goddiva-flared-hem-ice-velvet-midi-black,,,USD116,62769,Goddiva,1,,,,,,Womens,Dresses
https://www.awin1.com/pclick.php?p=36556608709&a=2771700&m=24726,Goddiva Flared Hem Ice Velvet Midi - Black,36556608709,DR4028-BLACK-12,https://cdn.shopify.com/s/files/1/0487/8834/0899/products/DR4028_BLACK_front_l_1698839036.jpg,"The Goddiva Flared Hem Ice Velvet Midi Dress, the definition of elegance and sophistication, designed to make you shine on any occasion! This stunning black midi dress is the perfect choice for a party, date night, Christmas celebration, NYE extravaganza, or as a wedding guest. This black dress is a harmonious blend of style and comfort. The square neckline adds a touch of classic charm to this dress, ensuring you'll turn heads wherever you go. The long sleeves not only keep you warm during those chilly winter nights but also lend a graceful and timeless appeal. With its bodycon fit and gathered detailing at the waist, this black dress accentuates your figure, highlighting your curves and making you feel confident and alluring. What truly sets our Ice Velvet Midi Dress apart is the luxurious soft touch ice velvet material. It feels sumptuous against your skin, making you the centre of attention at any event. The flared hem adds a flirty and fun element to the dress, allowing you to dance the night away with ease. Whether you're attending a Christmas party, getting ready for a romantic date night, celebrating New Year's Eve in style, or being a chic wedding guest, this black dress will make you feel like a star. The Midi Dress, with its versatile elegance and timeless design, is your go-to choice for any special occasion. Turn heads and make unforgettable memories in our Flared Hem Ice Velvet Midi Dress. Order yours today and step into the spotlight with confidence and grace.",Dresses,56,Goddiva,24726,Women's Dresses & Skirts,198,https://images2.productserve.com/?w=200&h=200&bg=white&trim=5&t=letterbox&url=ssl%3Acdn.shopify.com%2Fs%2Ffiles%2F1%2F0487%2F8834%2F0899%2Fproducts%2FDR4028_BLACK_front_l_1698839036.jpg&feedId=62769&k=ad99674a8dc7bf8466b286c9f62b15e80c759bdb,USD,,"Over $120 - Free Delivery, Less than $120 - $12",https://goddiva.us/products/goddiva-flared-hem-ice-velvet-midi-black,,,USD116,62769,Goddiva,1,,,,,,Womens,Dresses
https://www.awin1.com/pclick.php?p=37137610606&a=2771700&m=24726,Goddiva Flared Sleeve Midi Dress - Red,37137610606,DR4312-RED-14,https://cdn.shopify.com/s/files/1/0487/8834/0899/files/DR4312_Red_11853_front_1744795421.jpg,"Our stunning Flared Sleeve Midi dress, the epitome of elegance and versatility. Crafted with the finest soft scuba crepe material, this red dress ensures effortless wear from day to night celebrations. Its flared sleeves add a touch of sophistication, while the plunging v-neckline exudes allure, making it perfect for wedding guests, christenings, date nights, nights out, and summer events. Whether you're attending a formal affair or a casual gathering, this red dress is your go-to choice, it is the ultimate wardrobe staple for any occasion! . Embrace timeless style and make a statement at any occasion with our Flared Sleeve Midi dress.",Dresses,96,Goddiva,24726,Women's Dresses & Skirts,198,https://images2.productserve.com/?w=200&h=200&bg=white&trim=5&t=letterbox&url=ssl%3Acdn.shopify.com%2Fs%2Ffiles%2F1%2F0487%2F8834%2F0899%2Ffiles%2FDR4312_Red_11853_front_1744795421.jpg&feedId=62769&k=3b55b1f540e586fe8414b342a2f9e5439191d255,USD,,"Over $120 - Free Delivery, Less than $120 - $12",https://goddiva.us/products/goddiva-flared-sleeve-midi-dress-red,,,USD116,62769,Goddiva,1,,,,,,Womens,Dresses
https://www.awin1.com/pclick.php?p=37137610603&a=2771700&m=24726,Goddiva Flared Sleeve Midi Dress - Red,37137610603,DR4312-RED-8,https://cdn.shopify.com/s/files/1/0487/8834/0899/files/DR4312_Red_11853_front_1744795421.jpg,"Our stunning Flared Sleeve Midi dress, the epitome of elegance and versatility. Crafted with the finest soft scuba crepe material, this red dress ensures effortless wear from day to night celebrations. Its flared sleeves add a touch of sophistication, while the plunging v-neckline exudes allure, making it perfect for wedding guests, christenings, date nights, nights out, and summer events. Whether you're attending a formal affair or a casual gathering, this red dress is your go-to choice, it is the ultimate wardrobe staple for any occasion! . Embrace timeless style and make a statement at any occasion with our Flared Sleeve Midi dress.",Dresses,96,Goddiva,24726,Women's Dresses & Skirts,198,https://images2.productserve.com/?w=200&h=200&bg=white&trim=5&t=letterbox&url=ssl%3Acdn.shopify.com%2Fs%2Ffiles%2F1%2F0487%2F8834%2F0899%2Ffiles%2FDR4312_Red_11853_front_1744795421.jpg&feedId=62769&k=3b55b1f540e586fe8414b342a2f9e5439191d255,USD,,"Over $120 - Free Delivery, Less than $120 - $12",https://goddiva.us/products/goddiva-flared-sleeve-midi-dress-red,,,USD116,62769,Goddiva,1,,,,,,Womens,Dresses
https://www.awin1.com/pclick.php?p=37137610615&a=2771700&m=24726,Goddiva Floral Printed Flared Sleeve Midi - Sage Green,37137610615,DR4345-SAGEGREEN-8,https://cdn.shopify.com/s/files/1/0487/8834/0899/files/DR4345_SAGEGREEN_1842_front_1768905469.jpg,"Elevate your summer wardrobe with our Floral Printed Flared Sleeve Midi dress, designed for the modern wedding guest, christening attendee, or any summer event. Crafted with exquisite attention to detail, this sage green dress boasts a flattering silhouette that accentuates your curves while providing comfort and elegance. The vibrant floral print adds a touch of whimsy and romance, while the flared sleeves offer a chic and trendy look. Whether you're celebrating love, new beginnings, or simply soaking up the sun at a summer soire, this midi sage green dress is sure to make a statement. Dress it up with heels and accessories for a polished ensemble or opt for sandals for a more relaxed vibe. Embrace effortless style and timeless charm with our Floral Printed Flared Sleeve Midi dress.",Dresses,96,Goddiva,24726,Women's Dresses & Skirts,198,https://images2.productserve.com/?w=200&h=200&bg=white&trim=5&t=letterbox&url=ssl%3Acdn.shopify.com%2Fs%2Ffiles%2F1%2F0487%2F8834%2F0899%2Ffiles%2FDR4345_SAGEGREEN_1842_front_1768905469.jpg&feedId=62769&k=9600683df767a13fe8a0e98b25c577ae30658b9a,USD,,"Over $120 - Free Delivery, Less than $120 - $12",https://goddiva.us/products/goddiva-floral-printed-flared-sleeve-midi-sage-green,,,USD96,62769,Goddiva,1,,,,,,Womens,Dresses
https://www.awin1.com/pclick.php?p=37137610616&a=2771700&m=24726,Goddiva Floral Printed Flared Sleeve Midi - Sage Green,37137610616,DR4345-SAGEGREEN-10,https://cdn.shopify.com/s/files/1/0487/8834/0899/files/DR4345_SAGEGREEN_1842_front_1768905469.jpg,"Elevate your summer wardrobe with our Floral Printed Flared Sleeve Midi dress, designed for the modern wedding guest, christening attendee, or any summer event. Crafted with exquisite attention to detail, this sage green dress boasts a flattering silhouette that accentuates your curves while providing comfort and elegance. The vibrant floral print adds a touch of whimsy and romance, while the flared sleeves offer a chic and trendy look. Whether you're celebrating love, new beginnings, or simply soaking up the sun at a summer soire, this midi sage green dress is sure to make a statement. Dress it up with heels and accessories for a polished ensemble or opt for sandals for a more relaxed vibe. Embrace effortless style and timeless charm with our Floral Printed Flared Sleeve Midi dress.",Dresses,96,Goddiva,24726,Women's Dresses & Skirts,198,https://images2.productserve.com/?w=200&h=200&bg=white&trim=5&t=letterbox&url=ssl%3Acdn.shopify.com%2Fs%2Ffiles%2F1%2F0487%2F8834%2F0899%2Ffiles%2FDR4345_SAGEGREEN_1842_front_1768905469.jpg&feedId=62769&k=9600683df767a13fe8a0e98b25c577ae30658b9a,USD,,"Over $120 - Free Delivery, Less than $120 - $12",https://goddiva.us/products/goddiva-floral-printed-flared-sleeve-midi-sage-green,,,USD96,62769,Goddiva,1,,,,,,Womens,Dresses
https://www.awin1.com/pclick.php?p=37137610609&a=2771700&m=24726,Goddiva Floral Printed Flared Sleeve Midi - Lilac,37137610609,DR4345-LILAC-8,https://cdn.shopify.com/s/files/1/0487/8834/0899/files/IMG_0478_1722337370.jpg,"Elevate your summer wardrobe with our Floral Printed Flared Sleeve Midi dress, designed for the modern wedding guest, christening attendee, or any summer event. Crafted with exquisite attention to detail, this lilac dress boasts a flattering silhouette that accentuates your curves while providing comfort and elegance. The vibrant floral print adds a touch of whimsy and romance, while the flared sleeves offer a chic and trendy look. Whether you're celebrating love, new beginnings, or simply soaking up the sun at a summer soire, this midi lavender dress is sure to make a statement. Dress it up with heels and accessories for a polished ensemble or opt for sandals for a more relaxed vibe. Embrace effortless style and timeless charm with our Floral Printed Flared Sleeve Midi dress.",Dresses,67,Goddiva,24726,Women's Dresses & Skirts,198,https://images2.productserve.com/?w=200&h=200&bg=white&trim=5&t=letterbox&url=ssl%3Acdn.shopify.com%2Fs%2Ffiles%2F1%2F0487%2F8834%2F0899%2Ffiles%2FIMG_0478_1722337370.jpg&feedId=62769&k=394b02eebec37fff84de85ecf15937be6108dace,USD,,"Over $120 - Free Delivery, Less than $120 - $12",https://goddiva.us/products/goddiva-floral-printed-flared-sleeve-midi-lilac,,,USD96,62769,Goddiva,1,,,,,,Womens,Dresses
https://www.awin1.com/pclick.php?p=37137610610&a=2771700&m=24726,Goddiva Floral Printed Flared Sleeve Midi - Lilac,37137610610,DR4345-LILAC-10,https://cdn.shopify.com/s/files/1/0487/8834/0899/files/IMG_0478_1722337370.jpg,"Elevate your summer wardrobe with our Floral Printed Flared Sleeve Midi dress, designed for the modern wedding guest, christening attendee, or any summer event. Crafted with exquisite attention to detail, this lilac dress boasts a flattering silhouette that accentuates your curves while providing comfort and elegance. The vibrant floral print adds a touch of whimsy and romance, while the flared sleeves offer a chic and trendy look. Whether you're celebrating love, new beginnings, or simply soaking up the sun at a summer soire, this midi lavender dress is sure to make a statement. Dress it up with heels and accessories for a polished ensemble or opt for sandals for a more relaxed vibe. Embrace effortless style and timeless charm with our Floral Printed Flared Sleeve Midi dress.",Dresses,67,Goddiva,24726,Women's Dresses & Skirts,198,https://images2.productserve.com/?w=200&h=200&bg=white&trim=5&t=letterbox&url=ssl%3Acdn.shopify.com%2Fs%2Ffiles%2F1%2F0487%2F8834%2F0899%2Ffiles%2FIMG_0478_1722337370.jpg&feedId=62769&k=394b02eebec37fff84de85ecf15937be6108dace,USD,,"Over $120 - Free Delivery, Less than $120 - $12",https://goddiva.us/products/goddiva-floral-printed-flared-sleeve-midi-lilac,,,USD96,62769,Goddiva,1,,,,,,Womens,Dresses
https://www.awin1.com/pclick.php?p=37137610605&a=2771700&m=24726,Goddiva Flared Sleeve Midi Dress - Red,37137610605,DR4312-RED-12,https://cdn.shopify.com/s/files/1/0487/8834/0899/files/DR4312_Red_11853_front_1744795421.jpg,"Our stunning Flared Sleeve Midi dress, the epitome of elegance and versatility. Crafted with the finest soft scuba crepe material, this red dress ensures effortless wear from day to night celebrations. Its flared sleeves add a touch of sophistication, while the plunging v-neckline exudes allure, making it perfect for wedding guests, christenings, date nights, nights out, and summer events. Whether you're attending a formal affair or a casual gathering, this red dress is your go-to choice, it is the ultimate wardrobe staple for any occasion! . Embrace timeless style and make a statement at any occasion with our Flared Sleeve Midi dress.",Dresses,96,Goddiva,24726,Women's Dresses & Skirts,198,https://images2.productserve.com/?w=200&h=200&bg=white&trim=5&t=letterbox&url=ssl%3Acdn.shopify.com%2Fs%2Ffiles%2F1%2F0487%2F8834%2F0899%2Ffiles%2FDR4312_Red_11853_front_1744795421.jpg&feedId=62769&k=3b55b1f540e586fe8414b342a2f9e5439191d255,USD,,"Over $120 - Free Delivery, Less than $120 - $12",https://goddiva.us/products/goddiva-flared-sleeve-midi-dress-red,,,USD116,62769,Goddiva,1,,,,,,Womens,Dresses
https://www.awin1.com/pclick.php?p=37137610604&a=2771700&m=24726,Goddiva Flared Sleeve Midi Dress - Red,37137610604,DR4312-RED-10,https://cdn.shopify.com/s/files/1/0487/8834/0899/files/DR4312_Red_11853_front_1744795421.jpg,"Our stunning Flared Sleeve Midi dress, the epitome of elegance and versatility. Crafted with the finest soft scuba crepe material, this red dress ensures effortless wear from day to night celebrations. Its flared sleeves add a touch of sophistication, while the plunging v-neckline exudes allure, making it perfect for wedding guests, christenings, date nights, nights out, and summer events. Whether you're attending a formal affair or a casual gathering, this red dress is your go-to choice, it is the ultimate wardrobe staple for any occasion! . Embrace timeless style and make a statement at any occasion with our Flared Sleeve Midi dress.",Dresses,96,Goddiva,24726,Women's Dresses & Skirts,198,https://images2.productserve.com/?w=200&h=200&bg=white&trim=5&t=letterbox&url=ssl%3Acdn.shopify.com%2Fs%2Ffiles%2F1%2F0487%2F8834%2F0899%2Ffiles%2FDR4312_Red_11853_front_1744795421.jpg&feedId=62769&k=3b55b1f540e586fe8414b342a2f9e5439191d255,USD,,"Over $120 - Free Delivery, Less than $120 - $12",https://goddiva.us/products/goddiva-flared-sleeve-midi-dress-red,,,USD116,62769,Goddiva,1,,,,,,Womens,Dresses
https://www.awin1.com/pclick.php?p=37137610612&a=2771700&m=24726,Goddiva Floral Printed Flared Sleeve Midi - Lilac,37137610612,DR4345-LILAC-14,https://cdn.shopify.com/s/files/1/0487/8834/0899/files/IMG_0478_1722337370.jpg,"Elevate your summer wardrobe with our Floral Printed Flared Sleeve Midi dress, designed for the modern wedding guest, christening attendee, or any summer event. Crafted with exquisite attention to detail, this lilac dress boasts a flattering silhouette that accentuates your curves while providing comfort and elegance. The vibrant floral print adds a touch of whimsy and romance, while the flared sleeves offer a chic and trendy look. Whether you're celebrating love, new beginnings, or simply soaking up the sun at a summer soire, this midi lavender dress is sure to make a statement. Dress it up with heels and accessories for a polished ensemble or opt for sandals for a more relaxed vibe. Embrace effortless style and timeless charm with our Floral Printed Flared Sleeve Midi dress.",Dresses,67,Goddiva,24726,Women's Dresses & Skirts,198,https://images2.productserve.com/?w=200&h=200&bg=white&trim=5&t=letterbox&url=ssl%3Acdn.shopify.com%2Fs%2Ffiles%2F1%2F0487%2F8834%2F0899%2Ffiles%2FIMG_0478_1722337370.jpg&feedId=62769&k=394b02eebec37fff84de85ecf15937be6108dace,USD,,"Over $120 - Free Delivery, Less than $120 - $12",https://goddiva.us/products/goddiva-floral-printed-flared-sleeve-midi-lilac,,,USD96,62769,Goddiva,1,,,,,,Womens,Dresses
https://www.awin1.com/pclick.php?p=37137610618&a=2771700&m=24726,Goddiva Floral Printed Flared Sleeve Midi - Sage Green,37137610618,DR4345-SAGEGREEN-14,https://cdn.shopify.com/s/files/1/0487/8834/0899/files/DR4345_SAGEGREEN_1842_front_1768905469.jpg,"Elevate your summer wardrobe with our Floral Printed Flared Sleeve Midi dress, designed for the modern wedding guest, christening attendee, or any summer event. Crafted with exquisite attention to detail, this sage green dress boasts a flattering silhouette that accentuates your curves while providing comfort and elegance. The vibrant floral print adds a touch of whimsy and romance, while the flared sleeves offer a chic and trendy look. Whether you're celebrating love, new beginnings, or simply soaking up the sun at a summer soire, this midi sage green dress is sure to make a statement. Dress it up with heels and accessories for a polished ensemble or opt for sandals for a more relaxed vibe. Embrace effortless style and timeless charm with our Floral Printed Flared Sleeve Midi dress.",Dresses,96,Goddiva,24726,Women's Dresses & Skirts,198,https://images2.productserve.com/?w=200&h=200&bg=white&trim=5&t=letterbox&url=ssl%3Acdn.shopify.com%2Fs%2Ffiles%2F1%2F0487%2F8834%2F0899%2Ffiles%2FDR4345_SAGEGREEN_1842_front_1768905469.jpg&feedId=62769&k=9600683df767a13fe8a0e98b25c577ae30658b9a,USD,,"Over $120 - Free Delivery, Less than $120 - $12",https://goddiva.us/products/goddiva-floral-printed-flared-sleeve-midi-sage-green,,,USD96,62769,Goddiva,1,,,,,,Womens,Dresses
https://www.awin1.com/pclick.php?p=37137610611&a=2771700&m=24726,Goddiva Floral Printed Flared Sleeve Midi - Lilac,37137610611,DR4345-LILAC-12,https://cdn.shopify.com/s/files/1/0487/8834/0899/files/IMG_0478_1722337370.jpg,"Elevate your summer wardrobe with our Floral Printed Flared Sleeve Midi dress, designed for the modern wedding guest, christening attendee, or any summer event. Crafted with exquisite attention to detail, this lilac dress boasts a flattering silhouette that accentuates your curves while providing comfort and elegance. The vibrant floral print adds a touch of whimsy and romance, while the flared sleeves offer a chic and trendy look. Whether you're celebrating love, new beginnings, or simply soaking up the sun at a summer soire, this midi lavender dress is sure to make a statement. Dress it up with heels and accessories for a polished ensemble or opt for sandals for a more relaxed vibe. Embrace effortless style and timeless charm with our Floral Printed Flared Sleeve Midi dress.",Dresses,67,Goddiva,24726,Women's Dresses & Skirts,198,https://images2.productserve.com/?w=200&h=200&bg=white&trim=5&t=letterbox&url=ssl%3Acdn.shopify.com%2Fs%2Ffiles%2F1%2F0487%2F8834%2F0899%2Ffiles%2FIMG_0478_1722337370.jpg&feedId=62769&k=394b02eebec37fff84de85ecf15937be6108dace,USD,,"Over $120 - Free Delivery, Less than $120 - $12",https://goddiva.us/products/goddiva-floral-printed-flared-sleeve-midi-lilac,,,USD96,62769,Goddiva,1,,,,,,Womens,Dresses
https://www.awin1.com/pclick.php?p=37137610617&a=2771700&m=24726,Goddiva Floral Printed Flared Sleeve Midi - Sage Green,37137610617,DR4345-SAGEGREEN-12,https://cdn.shopify.com/s/files/1/0487/8834/0899/files/DR4345_SAGEGREEN_1842_front_1768905469.jpg,"Elevate your summer wardrobe with our Floral Printed Flared Sleeve Midi dress, designed for the modern wedding guest, christening attendee, or any summer event. Crafted with exquisite attention to detail, this sage green dress boasts a flattering silhouette that accentuates your curves while providing comfort and elegance. The vibrant floral print adds a touch of whimsy and romance, while the flared sleeves offer a chic and trendy look. Whether you're celebrating love, new beginnings, or simply soaking up the sun at a summer soire, this midi sage green dress is sure to make a statement. Dress it up with heels and accessories for a polished ensemble or opt for sandals for a more relaxed vibe. Embrace effortless style and timeless charm with our Floral Printed Flared Sleeve Midi dress.",Dresses,96,Goddiva,24726,Women's Dresses & Skirts,198,https://images2.productserve.com/?w=200&h=200&bg=white&trim=5&t=letterbox&url=ssl%3Acdn.shopify.com%2Fs%2Ffiles%2F1%2F0487%2F8834%2F0899%2Ffiles%2FDR4345_SAGEGREEN_1842_front_1768905469.jpg&feedId=62769&k=9600683df767a13fe8a0e98b25c577ae30658b9a,USD,,"Over $120 - Free Delivery, Less than $120 - $12",https://goddiva.us/products/goddiva-floral-printed-flared-sleeve-midi-sage-green,,,USD96,62769,Goddiva,1,,,,,,Womens,Dresses
https://www.awin1.com/pclick.php?p=37192094542&a=2771700&m=24726,Goddiva Flare Sleeve Frill Edge Midi Dress - Red,37192094542,DR4313-RED-10,https://cdn.shopify.com/s/files/1/0487/8834/0899/files/DR4313_RED1_FRONT_1712769020.jpg,"Discover the essence of feminine grace and charm with our Flare Sleeve Frill Edge Midi dress. This captivating red ensemble exudes timeless elegance and romantic detailing, making it an ideal choice for semi-formal occasions and as a stunning outfit for wedding guests. Featuring a chic V-neckline, this red dress flatters your dcolletage while offering a sophisticated silhouette. The frilled detailing on the bust, neckline, and sleeves adds a touch of whimsical charm, creating a romantic aesthetic that is sure to turn heads. Crafted with meticulous attention to detail, this red midi dress strikes the perfect balance between elegance and playfulness. The flare sleeves lend a graceful movement to your ensemble, enhancing its allure and charm. Whether you're attending a cocktail party, a garden wedding, or any semi-formal affair, this red dress is guaranteed to make a statement. Embrace sophistication and femininity with our Flare Sleeve Frill Edge Midi dress, and leave a lasting impression wherever you go.",Dresses,56,Goddiva,24726,Women's Dresses & Skirts,198,https://images2.productserve.com/?w=200&h=200&bg=white&trim=5&t=letterbox&url=ssl%3Acdn.shopify.com%2Fs%2Ffiles%2F1%2F0487%2F8834%2F0899%2Ffiles%2FDR4313_RED1_FRONT_1712769020.jpg&feedId=62769&k=382af99d7d2fd30e519122f226001738335184fa,USD,,"Over $120 - Free Delivery, Less than $120 - $12",https://goddiva.us/products/goddiva-flare-sleeve-frill-edge-midi-dress-red,,,USD96,62769,Goddiva,1,,,,,,Womens,Dresses
https://www.awin1.com/pclick.php?p=37192094541&a=2771700&m=24726,Goddiva Flare Sleeve Frill Edge Midi Dress - Red,37192094541,DR4313-RED-8,https://cdn.shopify.com/s/files/1/0487/8834/0899/files/DR4313_RED1_FRONT_1712769020.jpg,"Discover the essence of feminine grace and charm with our Flare Sleeve Frill Edge Midi dress. This captivating red ensemble exudes timeless elegance and romantic detailing, making it an ideal choice for semi-formal occasions and as a stunning outfit for wedding guests. Featuring a chic V-neckline, this red dress flatters your dcolletage while offering a sophisticated silhouette. The frilled detailing on the bust, neckline, and sleeves adds a touch of whimsical charm, creating a romantic aesthetic that is sure to turn heads. Crafted with meticulous attention to detail, this red midi dress strikes the perfect balance between elegance and playfulness. The flare sleeves lend a graceful movement to your ensemble, enhancing its allure and charm. Whether you're attending a cocktail party, a garden wedding, or any semi-formal affair, this red dress is guaranteed to make a statement. Embrace sophistication and femininity with our Flare Sleeve Frill Edge Midi dress, and leave a lasting impression wherever you go.",Dresses,56,Goddiva,24726,Women's Dresses & Skirts,198,https://images2.productserve.com/?w=200&h=200&bg=white&trim=5&t=letterbox&url=ssl%3Acdn.shopify.com%2Fs%2Ffiles%2F1%2F0487%2F8834%2F0899%2Ffiles%2FDR4313_RED1_FRONT_1712769020.jpg&feedId=62769&k=382af99d7d2fd30e519122f226001738335184fa,USD,,"Over $120 - Free Delivery, Less than $120 - $12",https://goddiva.us/products/goddiva-flare-sleeve-frill-edge-midi-dress-red,,,USD96,62769,Goddiva,1,,,,,,Womens,Dresses
https://www.awin1.com/pclick.php?p=37192094544&a=2771700&m=24726,Goddiva Flare Sleeve Frill Edge Midi Dress - Red,37192094544,DR4313-RED-14,https://cdn.shopify.com/s/files/1/0487/8834/0899/files/DR4313_RED1_FRONT_1712769020.jpg,"Discover the essence of feminine grace and charm with our Flare Sleeve Frill Edge Midi dress. This captivating red ensemble exudes timeless elegance and romantic detailing, making it an ideal choice for semi-formal occasions and as a stunning outfit for wedding guests. Featuring a chic V-neckline, this red dress flatters your dcolletage while offering a sophisticated silhouette. The frilled detailing on the bust, neckline, and sleeves adds a touch of whimsical charm, creating a romantic aesthetic that is sure to turn heads. Crafted with meticulous attention to detail, this red midi dress strikes the perfect balance between elegance and playfulness. The flare sleeves lend a graceful movement to your ensemble, enhancing its allure and charm. Whether you're attending a cocktail party, a garden wedding, or any semi-formal affair, this red dress is guaranteed to make a statement. Embrace sophistication and femininity with our Flare Sleeve Frill Edge Midi dress, and leave a lasting impression wherever you go.",Dresses,56,Goddiva,24726,Women's Dresses & Skirts,198,https://images2.productserve.com/?w=200&h=200&bg=white&trim=5&t=letterbox&url=ssl%3Acdn.shopify.com%2Fs%2Ffiles%2F1%2F0487%2F8834%2F0899%2Ffiles%2FDR4313_RED1_FRONT_1712769020.jpg&feedId=62769&k=382af99d7d2fd30e519122f226001738335184fa,USD,,"Over $120 - Free Delivery, Less than $120 - $12",https://goddiva.us/products/goddiva-flare-sleeve-frill-edge-midi-dress-red,,,USD96,62769,Goddiva,1,,,,,,Womens,Dresses
https://www.awin1.com/pclick.php?p=37192094543&a=2771700&m=24726,Goddiva Flare Sleeve Frill Edge Midi Dress - Red,37192094543,DR4313-RED-12,https://cdn.shopify.com/s/files/1/0487/8834/0899/files/DR4313_RED1_FRONT_1712769020.jpg,"Discover the essence of feminine grace and charm with our Flare Sleeve Frill Edge Midi dress. This captivating red ensemble exudes timeless elegance and romantic detailing, making it an ideal choice for semi-formal occasions and as a stunning outfit for wedding guests. Featuring a chic V-neckline, this red dress flatters your dcolletage while offering a sophisticated silhouette. The frilled detailing on the bust, neckline, and sleeves adds a touch of whimsical charm, creating a romantic aesthetic that is sure to turn heads. Crafted with meticulous attention to detail, this red midi dress strikes the perfect balance between elegance and playfulness. The flare sleeves lend a graceful movement to your ensemble, enhancing its allure and charm. Whether you're attending a cocktail party, a garden wedding, or any semi-formal affair, this red dress is guaranteed to make a statement. Embrace sophistication and femininity with our Flare Sleeve Frill Edge Midi dress, and leave a lasting impression wherever you go.",Dresses,56,Goddiva,24726,Women's Dresses & Skirts,198,https://images2.productserve.com/?w=200&h=200&bg=white&trim=5&t=letterbox&url=ssl%3Acdn.shopify.com%2Fs%2Ffiles%2F1%2F0487%2F8834%2F0899%2Ffiles%2FDR4313_RED1_FRONT_1712769020.jpg&feedId=62769&k=382af99d7d2fd30e519122f226001738335184fa,USD,,"Over $120 - Free Delivery, Less than $120 - $12",https://goddiva.us/products/goddiva-flare-sleeve-frill-edge-midi-dress-red,,,USD96,62769,Goddiva,1,,,,,,Womens,Dresses
https://www.awin1.com/pclick.php?p=37200389747&a=2771700&m=24726,Goddiva Flare Sleeve Frill Edge Midi Dress - Lime Green,37200389747,DR4313-LIME-14,https://cdn.shopify.com/s/files/1/0487/8834/0899/files/imgpsh_fullsize_anim_20_288_29_1714557985.jpg,"Discover the essence of feminine grace and charm with our Flare Sleeve Frill Edge Midi dress. This captivating lime green ensemble exudes timeless elegance and romantic detailing, making it an ideal choice for semi-formal occasions and as a stunning outfit for wedding guests. Featuring a chic V-neckline, this lime dress flatters your dcolletage while offering a sophisticated silhouette. The frilled detailing on the bust, neckline, and sleeves adds a touch of whimsical charm, creating a romantic aesthetic that is sure to turn heads. Crafted with meticulous attention to detail, this lime midi dress strikes the perfect balance between elegance and playfulness. The flare sleeves lend a graceful movement to your ensemble, enhancing its allure and charm. Whether you're attending a cocktail party, a garden wedding, or any semi-formal affair, this lime dress is guaranteed to make a statement. Embrace sophistication and femininity with our Flare Sleeve Frill Edge Midi dress, and leave a lasting impression wherever you go.",Dresses,56,Goddiva,24726,Women's Dresses & Skirts,198,https://images2.productserve.com/?w=200&h=200&bg=white&trim=5&t=letterbox&url=ssl%3Acdn.shopify.com%2Fs%2Ffiles%2F1%2F0487%2F8834%2F0899%2Ffiles%2Fimgpsh_fullsize_anim_20_288_29_1714557985.jpg&feedId=62769&k=a40c43de59ea2249cf7bd749a705946f02a092a0,USD,,"Over $120 - Free Delivery, Less than $120 - $12",https://goddiva.us/products/goddiva-flare-sleeve-frill-edge-midi-dress-lime,,,USD96,62769,Goddiva,1,,,,,,Womens,Dresses
https://www.awin1.com/pclick.php?p=37200389745&a=2771700&m=24726,Goddiva Flare Sleeve Frill Edge Midi Dress - Lime Green,37200389745,DR4313-LIME-10,https://cdn.shopify.com/s/files/1/0487/8834/0899/files/imgpsh_fullsize_anim_20_288_29_1714557985.jpg,"Discover the essence of feminine grace and charm with our Flare Sleeve Frill Edge Midi dress. This captivating lime green ensemble exudes timeless elegance and romantic detailing, making it an ideal choice for semi-formal occasions and as a stunning outfit for wedding guests. Featuring a chic V-neckline, this lime dress flatters your dcolletage while offering a sophisticated silhouette. The frilled detailing on the bust, neckline, and sleeves adds a touch of whimsical charm, creating a romantic aesthetic that is sure to turn heads. Crafted with meticulous attention to detail, this lime midi dress strikes the perfect balance between elegance and playfulness. The flare sleeves lend a graceful movement to your ensemble, enhancing its allure and charm. Whether you're attending a cocktail party, a garden wedding, or any semi-formal affair, this lime dress is guaranteed to make a statement. Embrace sophistication and femininity with our Flare Sleeve Frill Edge Midi dress, and leave a lasting impression wherever you go.",Dresses,56,Goddiva,24726,Women's Dresses & Skirts,198,https://images2.productserve.com/?w=200&h=200&bg=white&trim=5&t=letterbox&url=ssl%3Acdn.shopify.com%2Fs%2Ffiles%2F1%2F0487%2F8834%2F0899%2Ffiles%2Fimgpsh_fullsize_anim_20_288_29_1714557985.jpg&feedId=62769&k=a40c43de59ea2249cf7bd749a705946f02a092a0,USD,,"Over $120 - Free Delivery, Less than $120 - $12",https://goddiva.us/products/goddiva-flare-sleeve-frill-edge-midi-dress-lime,,,USD96,62769,Goddiva,1,,,,,,Womens,Dresses
https://www.awin1.com/pclick.php?p=37200389746&a=2771700&m=24726,Goddiva Flare Sleeve Frill Edge Midi Dress - Lime Green,37200389746,DR4313-LIME-12,https://cdn.shopify.com/s/files/1/0487/8834/0899/files/imgpsh_fullsize_anim_20_288_29_1714557985.jpg,"Discover the essence of feminine grace and charm with our Flare Sleeve Frill Edge Midi dress. This captivating lime green ensemble exudes timeless elegance and romantic detailing, making it an ideal choice for semi-formal occasions and as a stunning outfit for wedding guests. Featuring a chic V-neckline, this lime dress flatters your dcolletage while offering a sophisticated silhouette. The frilled detailing on the bust, neckline, and sleeves adds a touch of whimsical charm, creating a romantic aesthetic that is sure to turn heads. Crafted with meticulous attention to detail, this lime midi dress strikes the perfect balance between elegance and playfulness. The flare sleeves lend a graceful movement to your ensemble, enhancing its allure and charm. Whether you're attending a cocktail party, a garden wedding, or any semi-formal affair, this lime dress is guaranteed to make a statement. Embrace sophistication and femininity with our Flare Sleeve Frill Edge Midi dress, and leave a lasting impression wherever you go.",Dresses,56,Goddiva,24726,Women's Dresses & Skirts,198,https://images2.productserve.com/?w=200&h=200&bg=white&trim=5&t=letterbox&url=ssl%3Acdn.shopify.com%2Fs%2Ffiles%2F1%2F0487%2F8834%2F0899%2Ffiles%2Fimgpsh_fullsize_anim_20_288_29_1714557985.jpg&feedId=62769&k=a40c43de59ea2249cf7bd749a705946f02a092a0,USD,,"Over $120 - Free Delivery, Less than $120 - $12",https://goddiva.us/products/goddiva-flare-sleeve-frill-edge-midi-dress-lime,,,USD96,62769,Goddiva,1,,,,,,Womens,Dresses
https://www.awin1.com/pclick.php?p=37200389744&a=2771700&m=24726,Goddiva Flare Sleeve Frill Edge Midi Dress - Lime Green,37200389744,DR4313-LIME-8,https://cdn.shopify.com/s/files/1/0487/8834/0899/files/imgpsh_fullsize_anim_20_288_29_1714557985.jpg,"Discover the essence of feminine grace and charm with our Flare Sleeve Frill Edge Midi dress. This captivating lime green ensemble exudes timeless elegance and romantic detailing, making it an ideal choice for semi-formal occasions and as a stunning outfit for wedding guests. Featuring a chic V-neckline, this lime dress flatters your dcolletage while offering a sophisticated silhouette. The frilled detailing on the bust, neckline, and sleeves adds a touch of whimsical charm, creating a romantic aesthetic that is sure to turn heads. Crafted with meticulous attention to detail, this lime midi dress strikes the perfect balance between elegance and playfulness. The flare sleeves lend a graceful movement to your ensemble, enhancing its allure and charm. Whether you're attending a cocktail party, a garden wedding, or any semi-formal affair, this lime dress is guaranteed to make a statement. Embrace sophistication and femininity with our Flare Sleeve Frill Edge Midi dress, and leave a lasting impression wherever you go.",Dresses,56,Goddiva,24726,Women's Dresses & Skirts,198,https://images2.productserve.com/?w=200&h=200&bg=white&trim=5&t=letterbox&url=ssl%3Acdn.shopify.com%2Fs%2Ffiles%2F1%2F0487%2F8834%2F0899%2Ffiles%2Fimgpsh_fullsize_anim_20_288_29_1714557985.jpg&feedId=62769&k=a40c43de59ea2249cf7bd749a705946f02a092a0,USD,,"Over $120 - Free Delivery, Less than $120 - $12",https://goddiva.us/products/goddiva-flare-sleeve-frill-edge-midi-dress-lime,,,USD96,62769,Goddiva,1,,,,,,Womens,Dresses
https://www.awin1.com/pclick.php?p=37248862655&a=2771700&m=24726,Goddiva Scuba Crepe Twist Cutout Midi Dress - Hot Pink,37248862655,DR4351-HOTPINK-8,https://cdn.shopify.com/s/files/1/0487/8834/0899/files/DR4351_HOTPINK_1439_front_1770808905.jpg,"Step into effortless elegance with our Scuba Crepe Twist Cutout Midi Dress, a versatile piece designed to elevate your semi-formal wardrobe. Crafted from luxurious scuba crepe fabric, this hot pink dress boasts a figure-flattering skater silhouette that hits just above the knee, offering both comfort and style. The chic twist detailing on the bodice adds a touch of sophistication, while the strategically placed cutout detailing on the bust and short sleeves infuses the dress with modern charm. Perfect for a myriad of occasions, from romantic date nights to elegant brunches, this pink midi dress effortlessly transitions from day to evening. Whether you're attending a wedding as a guest, celebrating a christening, or gathering for a baby shower, this hot pink dress is sure to make a statement. Available in a range of stunning colors, the Scuba Crepe Twist Cutout Midi Dress is your go-to option for a polished and refined look on any occasion.",Dresses,56,Goddiva,24726,Women's Dresses & Skirts,198,https://images2.productserve.com/?w=200&h=200&bg=white&trim=5&t=letterbox&url=ssl%3Acdn.shopify.com%2Fs%2Ffiles%2F1%2F0487%2F8834%2F0899%2Ffiles%2FDR4351_HOTPINK_1439_front_1770808905.jpg&feedId=62769&k=ad835b71a17ccb5151e76bd12bfc09572d504a81,USD,,"Over $120 - Free Delivery, Less than $120 - $12",https://goddiva.us/products/goddiva-scuba-crepe-twist-cutout-midi-dress-hotpink,,,USD96,62769,Goddiva,1,,,,,,Womens,Dresses
https://www.awin1.com/pclick.php?p=37248862620&a=2771700&m=24726,Goddiva Off The Shoulder Pleated Waist Maxi Dress - Teal Blue,37248862620,DR2594G-TEALBLUE-8,https://cdn.shopify.com/s/files/1/0487/8834/0899/files/DR2594G_TEAL_FRONT_1713355204.jpg,"Feast your eyes on this hair raising off the shoulder pleated waist maxi dress. This teal number is the perfect companion for you for any occasion. This impressive blue occasion dress is the perfect piece for any formal evening occasion. This delightful Goddiva long evening dress is quirky and fun, yet classy and elegant. With its off-the-shoulder/one-shoulder design, this unique styled dress is the perfect choice for wedding guests, black tie events, and even for bridesmaids. Its long length and flattering scuba crepe material will show off your sensational figure. In its perfect teal color, this evening maxi dress will have your events covered, no matter the occasion or the season! Team with some sparkling heels and matching clutch to get the complete look.",Dresses,96,Goddiva,24726,Women's Dresses & Skirts,198,https://images2.productserve.com/?w=200&h=200&bg=white&trim=5&t=letterbox&url=ssl%3Acdn.shopify.com%2Fs%2Ffiles%2F1%2F0487%2F8834%2F0899%2Ffiles%2FDR2594G_TEAL_FRONT_1713355204.jpg&feedId=62769&k=1e4923963c704a888927fee94e1a0968ac9e3e79,USD,,"Over $120 - Free Delivery, Less than $120 - $12",https://goddiva.us/products/goddiva-off-the-shoulder-pleated-waist-maxi-dress-teal-blue,,,USD136,62769,Goddiva,1,,,,,,Womens,Dresses
https://www.awin1.com/pclick.php?p=37248862662&a=2771700&m=24726,Goddiva Scuba Crepe Twist Cutout Midi Dress - Teal Blue,37248862662,DR4351-TEALBLUE-10,https://cdn.shopify.com/s/files/1/0487/8834/0899/files/DR4351_TEALBLUE_1422_front_1770808982.jpg,"Step into effortless elegance with our Scuba Crepe Twist Cutout Midi Dress, a versatile piece designed to elevate your semi-formal wardrobe. Crafted from luxurious scuba crepe fabric, this teal dress boasts a figure-flattering skater silhouette that hits just above the knee, offering both comfort and style. The chic twist detailing on the bodice adds a touch of sophistication, while the strategically placed cutout detailing on the bust and short sleeves infuses the dress with modern charm. Perfect for a myriad of occasions, from romantic date nights to elegant brunches, this blue midi dress effortlessly transitions from day to evening. Whether you're attending a wedding as a guest, celebrating a christening, or gathering for a baby shower, this teal dress is sure to make a statement. Available in a range of stunning colors, the Scuba Crepe Twist Cutout Midi Dress is your go-to option for a polished and refined look on any occasion.",Dresses,56,Goddiva,24726,Women's Dresses & Skirts,198,https://images2.productserve.com/?w=200&h=200&bg=white&trim=5&t=letterbox&url=ssl%3Acdn.shopify.com%2Fs%2Ffiles%2F1%2F0487%2F8834%2F0899%2Ffiles%2FDR4351_TEALBLUE_1422_front_1770808982.jpg&feedId=62769&k=2440626b6373be00416db88782bac71e7e7fb5ec,USD,,"Over $120 - Free Delivery, Less than $120 - $12",https://goddiva.us/products/goddiva-scuba-crepe-twist-cutout-midi-dress-teal-blue,,,USD96,62769,Goddiva,1,,,,,,Womens,Dresses
https://www.awin1.com/pclick.php?p=37248862603&a=2771700&m=24726,Goddiva Diamante & Scalloped Lace Neck Maxi Dress - Cornflower Blue,37248862603,DR4120-CORNFLOWERBLUE-12,https://cdn.shopify.com/s/files/1/0487/8834/0899/files/DR4120_CornflowerBlue_1451_front_1749824442.jpg,"Our exquisite Diamante & Scalloped Lace Neck Maxi dress, a captivating blend of elegance and sophistication. Designed to grace any special occasion with unparalleled charm, this Cornflower dress is not just for bridesmaids but also for wedding guests and those seeking glamour at formal events. With its timeless design, this Blue dress stands as a top choice for prom nights as well. Crafted with meticulous attention to detail, the highlight of this Blue dress lies in its enchanting Scalloped Lace neckline decorated with diamantes, adding a touch of delicate femininity and a dash of sparkle. The soft touch jersey material hugs your curves in all the right places, allowing you to showcase your figure with confidence and grace. Make a statement at your next event with our Diamante & Scalloped Lace Neck Maxi, where timeless elegance meets modern allure.",Dresses,96,Goddiva,24726,Women's Dresses & Skirts,198,https://images2.productserve.com/?w=200&h=200&bg=white&trim=5&t=letterbox&url=ssl%3Acdn.shopify.com%2Fs%2Ffiles%2F1%2F0487%2F8834%2F0899%2Ffiles%2FDR4120_CornflowerBlue_1451_front_1749824442.jpg&feedId=62769&k=a7a33475e05d7ad21dfbc8433c29cea001e24914,USD,,"Over $120 - Free Delivery, Less than $120 - $12",https://goddiva.us/products/goddiva-diamante-scalloped-lace-neck-maxi-dress-cornflower-blue,,,USD96,62769,Goddiva,1,,,,,,Womens,Dresses
https://www.awin1.com/pclick.php?p=37248862646&a=2771700&m=24726,Goddiva Scuba Crepe Twist Cutout Maxi Dress - Teal Blue,37248862646,DR4374-TEALBLUE-14,https://cdn.shopify.com/s/files/1/0487/8834/0899/files/DR4374_TEALBLUE_3927_front_1770809082.jpg,"Elevate your evening wardrobe with our exquisite Scuba Crepe Twist Cutout Maxi Dress, a fusion of sophistication and allure destined to steal the spotlight. Crafted from sumptuous scuba crepe fabric, this teal dress offers a flawless fit with a hint of stretch for unparalleled comfort and movement. The intricate twist detailing on the bodice creates a captivating focal point, drawing attention to the dcolletage, while the chic cutout detailing adds a modern edge to the classic silhouette. Short sleeves provide just the right amount of coverage, enhancing the overall sophistication of the dress. With its fitted bodice and flowing mermaid hem, this blue dress exudes timeless glamour, making it perfect for a variety of events, including bridesmaid duties, black tie affairs, galas, and prom nights. Whether you're dancing the night away or making a grand entrance, this dress is sure to leave a lasting impression. This teal Scuba Crepe Twist Cutout Maxi Dress is your ultimate choice for an unforgettable evening look. Elevate your wardrobe and make a statement with this exquisite teal piece that seamlessly combines sophistication and allure.",Dresses,76,Goddiva,24726,Women's Dresses & Skirts,198,https://images2.productserve.com/?w=200&h=200&bg=white&trim=5&t=letterbox&url=ssl%3Acdn.shopify.com%2Fs%2Ffiles%2F1%2F0487%2F8834%2F0899%2Ffiles%2FDR4374_TEALBLUE_3927_front_1770809082.jpg&feedId=62769&k=638edece26d2a02563f46e61e03638b6ce10e1e5,USD,,"Over $120 - Free Delivery, Less than $120 - $12",https://goddiva.us/products/goddiva-scuba-crepe-twist-cutout-maxi-dress-teal-blue,,,USD116,62769,Goddiva,1,,,,,,Womens,Dresses
https://www.awin1.com/pclick.php?p=37248862601&a=2771700&m=24726,Goddiva Diamante & Scalloped Lace Neck Maxi Dress - Cornflower Blue,37248862601,DR4120-CORNFLOWERBLUE-8,https://cdn.shopify.com/s/files/1/0487/8834/0899/files/DR4120_CornflowerBlue_1451_front_1749824442.jpg,"Our exquisite Diamante & Scalloped Lace Neck Maxi dress, a captivating blend of elegance and sophistication. Designed to grace any special occasion with unparalleled charm, this Cornflower dress is not just for bridesmaids but also for wedding guests and those seeking glamour at formal events. With its timeless design, this Blue dress stands as a top choice for prom nights as well. Crafted with meticulous attention to detail, the highlight of this Blue dress lies in its enchanting Scalloped Lace neckline decorated with diamantes, adding a touch of delicate femininity and a dash of sparkle. The soft touch jersey material hugs your curves in all the right places, allowing you to showcase your figure with confidence and grace. Make a statement at your next event with our Diamante & Scalloped Lace Neck Maxi, where timeless elegance meets modern allure.",Dresses,96,Goddiva,24726,Women's Dresses & Skirts,198,https://images2.productserve.com/?w=200&h=200&bg=white&trim=5&t=letterbox&url=ssl%3Acdn.shopify.com%2Fs%2Ffiles%2F1%2F0487%2F8834%2F0899%2Ffiles%2FDR4120_CornflowerBlue_1451_front_1749824442.jpg&feedId=62769&k=a7a33475e05d7ad21dfbc8433c29cea001e24914,USD,,"Over $120 - Free Delivery, Less than $120 - $12",https://goddiva.us/products/goddiva-diamante-scalloped-lace-neck-maxi-dress-cornflower-blue,,,USD96,62769,Goddiva,1,,,,,,Womens,Dresses
https://www.awin1.com/pclick.php?p=37248862639&a=2771700&m=24726,Goddiva Scuba Crepe Twist Cutout Maxi Dress - Hot Pink,37248862639,DR4374-HOTPINK-12,https://cdn.shopify.com/s/files/1/0487/8834/0899/files/DR4374_HOTPINK_3926_front_1770809048.jpg,"Elevate your evening wardrobe with our exquisite Scuba Crepe Twist Cutout Maxi Dress, a fusion of sophistication and allure destined to steal the spotlight. Crafted from sumptuous scuba crepe fabric, this hot pink dress offers a flawless fit with a hint of stretch for unparalleled comfort and movement. The intricate twist detailing on the bodice creates a captivating focal point, drawing attention to the dcolletage, while the chic cutout detailing adds a modern edge to the classic silhouette. Short sleeves provide just the right amount of coverage, enhancing the overall sophistication of the dress. With its fitted bodice and flowing mermaid hem, this pink dress exudes timeless glamour, making it perfect for a variety of events, including bridesmaid duties, black tie affairs, galas, and prom nights. Whether you're dancing the night away or making a grand entrance, this dress is sure to leave a lasting impression. This hot pink Scuba Crepe Twist Cutout Maxi Dress is your ultimate choice for an unforgettable evening look. Elevate your wardrobe and make a statement with this exquisite hot pink piece that seamlessly combines sophistication and allure.",Dresses,76,Goddiva,24726,Women's Dresses & Skirts,198,https://images2.productserve.com/?w=200&h=200&bg=white&trim=5&t=letterbox&url=ssl%3Acdn.shopify.com%2Fs%2Ffiles%2F1%2F0487%2F8834%2F0899%2Ffiles%2FDR4374_HOTPINK_3926_front_1770809048.jpg&feedId=62769&k=be50d103eab4b3fd2fba2f13647a1f0ce373aad4,USD,,"Over $120 - Free Delivery, Less than $120 - $12",https://goddiva.us/products/goddiva-scuba-crepe-twist-cutout-maxi-dress-hotpink,,,USD116,62769,Goddiva,1,,,,,,Womens,Dresses
https://www.awin1.com/pclick.php?p=37248862640&a=2771700&m=24726,Goddiva Scuba Crepe Twist Cutout Maxi Dress - Hot Pink,37248862640,DR4374-HOTPINK-14,https://cdn.shopify.com/s/files/1/0487/8834/0899/files/DR4374_HOTPINK_3926_front_1770809048.jpg,"Elevate your evening wardrobe with our exquisite Scuba Crepe Twist Cutout Maxi Dress, a fusion of sophistication and allure destined to steal the spotlight. Crafted from sumptuous scuba crepe fabric, this hot pink dress offers a flawless fit with a hint of stretch for unparalleled comfort and movement. The intricate twist detailing on the bodice creates a captivating focal point, drawing attention to the dcolletage, while the chic cutout detailing adds a modern edge to the classic silhouette. Short sleeves provide just the right amount of coverage, enhancing the overall sophistication of the dress. With its fitted bodice and flowing mermaid hem, this pink dress exudes timeless glamour, making it perfect for a variety of events, including bridesmaid duties, black tie affairs, galas, and prom nights. Whether you're dancing the night away or making a grand entrance, this dress is sure to leave a lasting impression. This hot pink Scuba Crepe Twist Cutout Maxi Dress is your ultimate choice for an unforgettable evening look. Elevate your wardrobe and make a statement with this exquisite hot pink piece that seamlessly combines sophistication and allure.",Dresses,76,Goddiva,24726,Women's Dresses & Skirts,198,https://images2.productserve.com/?w=200&h=200&bg=white&trim=5&t=letterbox&url=ssl%3Acdn.shopify.com%2Fs%2Ffiles%2F1%2F0487%2F8834%2F0899%2Ffiles%2FDR4374_HOTPINK_3926_front_1770809048.jpg&feedId=62769&k=be50d103eab4b3fd2fba2f13647a1f0ce373aad4,USD,,"Over $120 - Free Delivery, Less than $120 - $12",https://goddiva.us/products/goddiva-scuba-crepe-twist-cutout-maxi-dress-hotpink,,,USD116,62769,Goddiva,1,,,,,,Womens,Dresses
https://www.awin1.com/pclick.php?p=37248862623&a=2771700&m=24726,Goddiva Off The Shoulder Pleated Waist Maxi Dress - Teal Blue,37248862623,DR2594G-TEALBLUE-14,https://cdn.shopify.com/s/files/1/0487/8834/0899/files/DR2594G_TEAL_FRONT_1713355204.jpg,"Feast your eyes on this hair raising off the shoulder pleated waist maxi dress. This teal number is the perfect companion for you for any occasion. This impressive blue occasion dress is the perfect piece for any formal evening occasion. This delightful Goddiva long evening dress is quirky and fun, yet classy and elegant. With its off-the-shoulder/one-shoulder design, this unique styled dress is the perfect choice for wedding guests, black tie events, and even for bridesmaids. Its long length and flattering scuba crepe material will show off your sensational figure. In its perfect teal color, this evening maxi dress will have your events covered, no matter the occasion or the season! Team with some sparkling heels and matching clutch to get the complete look.",Dresses,96,Goddiva,24726,Women's Dresses & Skirts,198,https://images2.productserve.com/?w=200&h=200&bg=white&trim=5&t=letterbox&url=ssl%3Acdn.shopify.com%2Fs%2Ffiles%2F1%2F0487%2F8834%2F0899%2Ffiles%2FDR2594G_TEAL_FRONT_1713355204.jpg&feedId=62769&k=1e4923963c704a888927fee94e1a0968ac9e3e79,USD,,"Over $120 - Free Delivery, Less than $120 - $12",https://goddiva.us/products/goddiva-off-the-shoulder-pleated-waist-maxi-dress-teal-blue,,,USD136,62769,Goddiva,1,,,,,,Womens,Dresses
https://www.awin1.com/pclick.php?p=37248862643&a=2771700&m=24726,Goddiva Scuba Crepe Twist Cutout Maxi Dress - Teal Blue,37248862643,DR4374-TEALBLUE-8,https://cdn.shopify.com/s/files/1/0487/8834/0899/files/DR4374_TEALBLUE_3927_front_1770809082.jpg,"Elevate your evening wardrobe with our exquisite Scuba Crepe Twist Cutout Maxi Dress, a fusion of sophistication and allure destined to steal the spotlight. Crafted from sumptuous scuba crepe fabric, this teal dress offers a flawless fit with a hint of stretch for unparalleled comfort and movement. The intricate twist detailing on the bodice creates a captivating focal point, drawing attention to the dcolletage, while the chic cutout detailing adds a modern edge to the classic silhouette. Short sleeves provide just the right amount of coverage, enhancing the overall sophistication of the dress. With its fitted bodice and flowing mermaid hem, this blue dress exudes timeless glamour, making it perfect for a variety of events, including bridesmaid duties, black tie affairs, galas, and prom nights. Whether you're dancing the night away or making a grand entrance, this dress is sure to leave a lasting impression. This teal Scuba Crepe Twist Cutout Maxi Dress is your ultimate choice for an unforgettable evening look. Elevate your wardrobe and make a statement with this exquisite teal piece that seamlessly combines sophistication and allure.",Dresses,76,Goddiva,24726,Women's Dresses & Skirts,198,https://images2.productserve.com/?w=200&h=200&bg=white&trim=5&t=letterbox&url=ssl%3Acdn.shopify.com%2Fs%2Ffiles%2F1%2F0487%2F8834%2F0899%2Ffiles%2FDR4374_TEALBLUE_3927_front_1770809082.jpg&feedId=62769&k=638edece26d2a02563f46e61e03638b6ce10e1e5,USD,,"Over $120 - Free Delivery, Less than $120 - $12",https://goddiva.us/products/goddiva-scuba-crepe-twist-cutout-maxi-dress-teal-blue,,,USD116,62769,Goddiva,1,,,,,,Womens,Dresses
https://www.awin1.com/pclick.php?p=37248862622&a=2771700&m=24726,Goddiva Off The Shoulder Pleated Waist Maxi Dress - Teal Blue,37248862622,DR2594G-TEALBLUE-12,https://cdn.shopify.com/s/files/1/0487/8834/0899/files/DR2594G_TEAL_FRONT_1713355204.jpg,"Feast your eyes on this hair raising off the shoulder pleated waist maxi dress. This teal number is the perfect companion for you for any occasion. This impressive blue occasion dress is the perfect piece for any formal evening occasion. This delightful Goddiva long evening dress is quirky and fun, yet classy and elegant. With its off-the-shoulder/one-shoulder design, this unique styled dress is the perfect choice for wedding guests, black tie events, and even for bridesmaids. Its long length and flattering scuba crepe material will show off your sensational figure. In its perfect teal color, this evening maxi dress will have your events covered, no matter the occasion or the season! Team with some sparkling heels and matching clutch to get the complete look.",Dresses,96,Goddiva,24726,Women's Dresses & Skirts,198,https://images2.productserve.com/?w=200&h=200&bg=white&trim=5&t=letterbox&url=ssl%3Acdn.shopify.com%2Fs%2Ffiles%2F1%2F0487%2F8834%2F0899%2Ffiles%2FDR2594G_TEAL_FRONT_1713355204.jpg&feedId=62769&k=1e4923963c704a888927fee94e1a0968ac9e3e79,USD,,"Over $120 - Free Delivery, Less than $120 - $12",https://goddiva.us/products/goddiva-off-the-shoulder-pleated-waist-maxi-dress-teal-blue,,,USD136,62769,Goddiva,1,,,,,,Womens,Dresses
https://www.awin1.com/pclick.php?p=37248862644&a=2771700&m=24726,Goddiva Scuba Crepe Twist Cutout Maxi Dress - Teal Blue,37248862644,DR4374-TEALBLUE-10,https://cdn.shopify.com/s/files/1/0487/8834/0899/files/DR4374_TEALBLUE_3927_front_1770809082.jpg,"Elevate your evening wardrobe with our exquisite Scuba Crepe Twist Cutout Maxi Dress, a fusion of sophistication and allure destined to steal the spotlight. Crafted from sumptuous scuba crepe fabric, this teal dress offers a flawless fit with a hint of stretch for unparalleled comfort and movement. The intricate twist detailing on the bodice creates a captivating focal point, drawing attention to the dcolletage, while the chic cutout detailing adds a modern edge to the classic silhouette. Short sleeves provide just the right amount of coverage, enhancing the overall sophistication of the dress. With its fitted bodice and flowing mermaid hem, this blue dress exudes timeless glamour, making it perfect for a variety of events, including bridesmaid duties, black tie affairs, galas, and prom nights. Whether you're dancing the night away or making a grand entrance, this dress is sure to leave a lasting impression. This teal Scuba Crepe Twist Cutout Maxi Dress is your ultimate choice for an unforgettable evening look. Elevate your wardrobe and make a statement with this exquisite teal piece that seamlessly combines sophistication and allure.",Dresses,76,Goddiva,24726,Women's Dresses & Skirts,198,https://images2.productserve.com/?w=200&h=200&bg=white&trim=5&t=letterbox&url=ssl%3Acdn.shopify.com%2Fs%2Ffiles%2F1%2F0487%2F8834%2F0899%2Ffiles%2FDR4374_TEALBLUE_3927_front_1770809082.jpg&feedId=62769&k=638edece26d2a02563f46e61e03638b6ce10e1e5,USD,,"Over $120 - Free Delivery, Less than $120 - $12",https://goddiva.us/products/goddiva-scuba-crepe-twist-cutout-maxi-dress-teal-blue,,,USD116,62769,Goddiva,1,,,,,,Womens,Dresses
https://www.awin1.com/pclick.php?p=37248862664&a=2771700&m=24726,Goddiva Scuba Crepe Twist Cutout Midi Dress - Teal Blue,37248862664,DR4351-TEALBLUE-14,https://cdn.shopify.com/s/files/1/0487/8834/0899/files/DR4351_TEALBLUE_1422_front_1770808982.jpg,"Step into effortless elegance with our Scuba Crepe Twist Cutout Midi Dress, a versatile piece designed to elevate your semi-formal wardrobe. Crafted from luxurious scuba crepe fabric, this teal dress boasts a figure-flattering skater silhouette that hits just above the knee, offering both comfort and style. The chic twist detailing on the bodice adds a touch of sophistication, while the strategically placed cutout detailing on the bust and short sleeves infuses the dress with modern charm. Perfect for a myriad of occasions, from romantic date nights to elegant brunches, this blue midi dress effortlessly transitions from day to evening. Whether you're attending a wedding as a guest, celebrating a christening, or gathering for a baby shower, this teal dress is sure to make a statement. Available in a range of stunning colors, the Scuba Crepe Twist Cutout Midi Dress is your go-to option for a polished and refined look on any occasion.",Dresses,56,Goddiva,24726,Women's Dresses & Skirts,198,https://images2.productserve.com/?w=200&h=200&bg=white&trim=5&t=letterbox&url=ssl%3Acdn.shopify.com%2Fs%2Ffiles%2F1%2F0487%2F8834%2F0899%2Ffiles%2FDR4351_TEALBLUE_1422_front_1770808982.jpg&feedId=62769&k=2440626b6373be00416db88782bac71e7e7fb5ec,USD,,"Over $120 - Free Delivery, Less than $120 - $12",https://goddiva.us/products/goddiva-scuba-crepe-twist-cutout-midi-dress-teal-blue,,,USD96,62769,Goddiva,1,,,,,,Womens,Dresses
https://www.awin1.com/pclick.php?p=37248862657&a=2771700&m=24726,Goddiva Scuba Crepe Twist Cutout Midi Dress - Hot Pink,37248862657,DR4351-HOTPINK-12,https://cdn.shopify.com/s/files/1/0487/8834/0899/files/DR4351_HOTPINK_1439_front_1770808905.jpg,"Step into effortless elegance with our Scuba Crepe Twist Cutout Midi Dress, a versatile piece designed to elevate your semi-formal wardrobe. Crafted from luxurious scuba crepe fabric, this hot pink dress boasts a figure-flattering skater silhouette that hits just above the knee, offering both comfort and style. The chic twist detailing on the bodice adds a touch of sophistication, while the strategically placed cutout detailing on the bust and short sleeves infuses the dress with modern charm. Perfect for a myriad of occasions, from romantic date nights to elegant brunches, this pink midi dress effortlessly transitions from day to evening. Whether you're attending a wedding as a guest, celebrating a christening, or gathering for a baby shower, this hot pink dress is sure to make a statement. Available in a range of stunning colors, the Scuba Crepe Twist Cutout Midi Dress is your go-to option for a polished and refined look on any occasion.",Dresses,56,Goddiva,24726,Women's Dresses & Skirts,198,https://images2.productserve.com/?w=200&h=200&bg=white&trim=5&t=letterbox&url=ssl%3Acdn.shopify.com%2Fs%2Ffiles%2F1%2F0487%2F8834%2F0899%2Ffiles%2FDR4351_HOTPINK_1439_front_1770808905.jpg&feedId=62769&k=ad835b71a17ccb5151e76bd12bfc09572d504a81,USD,,"Over $120 - Free Delivery, Less than $120 - $12",https://goddiva.us/products/goddiva-scuba-crepe-twist-cutout-midi-dress-hotpink,,,USD96,62769,Goddiva,1,,,,,,Womens,Dresses
https://www.awin1.com/pclick.php?p=37248862638&a=2771700&m=24726,Goddiva Scuba Crepe Twist Cutout Maxi Dress - Hot Pink,37248862638,DR4374-HOTPINK-10,https://cdn.shopify.com/s/files/1/0487/8834/0899/files/DR4374_HOTPINK_3926_front_1770809048.jpg,"Elevate your evening wardrobe with our exquisite Scuba Crepe Twist Cutout Maxi Dress, a fusion of sophistication and allure destined to steal the spotlight. Crafted from sumptuous scuba crepe fabric, this hot pink dress offers a flawless fit with a hint of stretch for unparalleled comfort and movement. The intricate twist detailing on the bodice creates a captivating focal point, drawing attention to the dcolletage, while the chic cutout detailing adds a modern edge to the classic silhouette. Short sleeves provide just the right amount of coverage, enhancing the overall sophistication of the dress. With its fitted bodice and flowing mermaid hem, this pink dress exudes timeless glamour, making it perfect for a variety of events, including bridesmaid duties, black tie affairs, galas, and prom nights. Whether you're dancing the night away or making a grand entrance, this dress is sure to leave a lasting impression. This hot pink Scuba Crepe Twist Cutout Maxi Dress is your ultimate choice for an unforgettable evening look. Elevate your wardrobe and make a statement with this exquisite hot pink piece that seamlessly combines sophistication and allure.",Dresses,76,Goddiva,24726,Women's Dresses & Skirts,198,https://images2.productserve.com/?w=200&h=200&bg=white&trim=5&t=letterbox&url=ssl%3Acdn.shopify.com%2Fs%2Ffiles%2F1%2F0487%2F8834%2F0899%2Ffiles%2FDR4374_HOTPINK_3926_front_1770809048.jpg&feedId=62769&k=be50d103eab4b3fd2fba2f13647a1f0ce373aad4,USD,,"Over $120 - Free Delivery, Less than $120 - $12",https://goddiva.us/products/goddiva-scuba-crepe-twist-cutout-maxi-dress-hotpink,,,USD116,62769,Goddiva,1,,,,,,Womens,Dresses
https://www.awin1.com/pclick.php?p=37248862658&a=2771700&m=24726,Goddiva Scuba Crepe Twist Cutout Midi Dress - Hot Pink,37248862658,DR4351-HOTPINK-14,https://cdn.shopify.com/s/files/1/0487/8834/0899/files/DR4351_HOTPINK_1439_front_1770808905.jpg,"Step into effortless elegance with our Scuba Crepe Twist Cutout Midi Dress, a versatile piece designed to elevate your semi-formal wardrobe. Crafted from luxurious scuba crepe fabric, this hot pink dress boasts a figure-flattering skater silhouette that hits just above the knee, offering both comfort and style. The chic twist detailing on the bodice adds a touch of sophistication, while the strategically placed cutout detailing on the bust and short sleeves infuses the dress with modern charm. Perfect for a myriad of occasions, from romantic date nights to elegant brunches, this pink midi dress effortlessly transitions from day to evening. Whether you're attending a wedding as a guest, celebrating a christening, or gathering for a baby shower, this hot pink dress is sure to make a statement. Available in a range of stunning colors, the Scuba Crepe Twist Cutout Midi Dress is your go-to option for a polished and refined look on any occasion.",Dresses,56,Goddiva,24726,Women's Dresses & Skirts,198,https://images2.productserve.com/?w=200&h=200&bg=white&trim=5&t=letterbox&url=ssl%3Acdn.shopify.com%2Fs%2Ffiles%2F1%2F0487%2F8834%2F0899%2Ffiles%2FDR4351_HOTPINK_1439_front_1770808905.jpg&feedId=62769&k=ad835b71a17ccb5151e76bd12bfc09572d504a81,USD,,"Over $120 - Free Delivery, Less than $120 - $12",https://goddiva.us/products/goddiva-scuba-crepe-twist-cutout-midi-dress-hotpink,,,USD96,62769,Goddiva,1,,,,,,Womens,Dresses
https://www.awin1.com/pclick.php?p=37248862663&a=2771700&m=24726,Goddiva Scuba Crepe Twist Cutout Midi Dress - Teal Blue,37248862663,DR4351-TEALBLUE-12,https://cdn.shopify.com/s/files/1/0487/8834/0899/files/DR4351_TEALBLUE_1422_front_1770808982.jpg,"Step into effortless elegance with our Scuba Crepe Twist Cutout Midi Dress, a versatile piece designed to elevate your semi-formal wardrobe. Crafted from luxurious scuba crepe fabric, this teal dress boasts a figure-flattering skater silhouette that hits just above the knee, offering both comfort and style. The chic twist detailing on the bodice adds a touch of sophistication, while the strategically placed cutout detailing on the bust and short sleeves infuses the dress with modern charm. Perfect for a myriad of occasions, from romantic date nights to elegant brunches, this blue midi dress effortlessly transitions from day to evening. Whether you're attending a wedding as a guest, celebrating a christening, or gathering for a baby shower, this teal dress is sure to make a statement. Available in a range of stunning colors, the Scuba Crepe Twist Cutout Midi Dress is your go-to option for a polished and refined look on any occasion.",Dresses,56,Goddiva,24726,Women's Dresses & Skirts,198,https://images2.productserve.com/?w=200&h=200&bg=white&trim=5&t=letterbox&url=ssl%3Acdn.shopify.com%2Fs%2Ffiles%2F1%2F0487%2F8834%2F0899%2Ffiles%2FDR4351_TEALBLUE_1422_front_1770808982.jpg&feedId=62769&k=2440626b6373be00416db88782bac71e7e7fb5ec,USD,,"Over $120 - Free Delivery, Less than $120 - $12",https://goddiva.us/products/goddiva-scuba-crepe-twist-cutout-midi-dress-teal-blue,,,USD96,62769,Goddiva,1,,,,,,Womens,Dresses
https://www.awin1.com/pclick.php?p=37248862602&a=2771700&m=24726,Goddiva Diamante & Scalloped Lace Neck Maxi Dress - Cornflower Blue,37248862602,DR4120-CORNFLOWERBLUE-10,https://cdn.shopify.com/s/files/1/0487/8834/0899/files/DR4120_CornflowerBlue_1451_front_1749824442.jpg,"Our exquisite Diamante & Scalloped Lace Neck Maxi dress, a captivating blend of elegance and sophistication. Designed to grace any special occasion with unparalleled charm, this Cornflower dress is not just for bridesmaids but also for wedding guests and those seeking glamour at formal events. With its timeless design, this Blue dress stands as a top choice for prom nights as well. Crafted with meticulous attention to detail, the highlight of this Blue dress lies in its enchanting Scalloped Lace neckline decorated with diamantes, adding a touch of delicate femininity and a dash of sparkle. The soft touch jersey material hugs your curves in all the right places, allowing you to showcase your figure with confidence and grace. Make a statement at your next event with our Diamante & Scalloped Lace Neck Maxi, where timeless elegance meets modern allure.",Dresses,96,Goddiva,24726,Women's Dresses & Skirts,198,https://images2.productserve.com/?w=200&h=200&bg=white&trim=5&t=letterbox&url=ssl%3Acdn.shopify.com%2Fs%2Ffiles%2F1%2F0487%2F8834%2F0899%2Ffiles%2FDR4120_CornflowerBlue_1451_front_1749824442.jpg&feedId=62769&k=a7a33475e05d7ad21dfbc8433c29cea001e24914,USD,,"Over $120 - Free Delivery, Less than $120 - $12",https://goddiva.us/products/goddiva-diamante-scalloped-lace-neck-maxi-dress-cornflower-blue,,,USD96,62769,Goddiva,1,,,,,,Womens,Dresses
https://www.awin1.com/pclick.php?p=37248862645&a=2771700&m=24726,Goddiva Scuba Crepe Twist Cutout Maxi Dress - Teal Blue,37248862645,DR4374-TEALBLUE-12,https://cdn.shopify.com/s/files/1/0487/8834/0899/files/DR4374_TEALBLUE_3927_front_1770809082.jpg,"Elevate your evening wardrobe with our exquisite Scuba Crepe Twist Cutout Maxi Dress, a fusion of sophistication and allure destined to steal the spotlight. Crafted from sumptuous scuba crepe fabric, this teal dress offers a flawless fit with a hint of stretch for unparalleled comfort and movement. The intricate twist detailing on the bodice creates a captivating focal point, drawing attention to the dcolletage, while the chic cutout detailing adds a modern edge to the classic silhouette. Short sleeves provide just the right amount of coverage, enhancing the overall sophistication of the dress. With its fitted bodice and flowing mermaid hem, this blue dress exudes timeless glamour, making it perfect for a variety of events, including bridesmaid duties, black tie affairs, galas, and prom nights. Whether you're dancing the night away or making a grand entrance, this dress is sure to leave a lasting impression. This teal Scuba Crepe Twist Cutout Maxi Dress is your ultimate choice for an unforgettable evening look. Elevate your wardrobe and make a statement with this exquisite teal piece that seamlessly combines sophistication and allure.",Dresses,76,Goddiva,24726,Women's Dresses & Skirts,198,https://images2.productserve.com/?w=200&h=200&bg=white&trim=5&t=letterbox&url=ssl%3Acdn.shopify.com%2Fs%2Ffiles%2F1%2F0487%2F8834%2F0899%2Ffiles%2FDR4374_TEALBLUE_3927_front_1770809082.jpg&feedId=62769&k=638edece26d2a02563f46e61e03638b6ce10e1e5,USD,,"Over $120 - Free Delivery, Less than $120 - $12",https://goddiva.us/products/goddiva-scuba-crepe-twist-cutout-maxi-dress-teal-blue,,,USD116,62769,Goddiva,1,,,,,,Womens,Dresses
https://www.awin1.com/pclick.php?p=37248862661&a=2771700&m=24726,Goddiva Scuba Crepe Twist Cutout Midi Dress - Teal Blue,37248862661,DR4351-TEALBLUE-8,https://cdn.shopify.com/s/files/1/0487/8834/0899/files/DR4351_TEALBLUE_1422_front_1770808982.jpg,"Step into effortless elegance with our Scuba Crepe Twist Cutout Midi Dress, a versatile piece designed to elevate your semi-formal wardrobe. Crafted from luxurious scuba crepe fabric, this teal dress boasts a figure-flattering skater silhouette that hits just above the knee, offering both comfort and style. The chic twist detailing on the bodice adds a touch of sophistication, while the strategically placed cutout detailing on the bust and short sleeves infuses the dress with modern charm. Perfect for a myriad of occasions, from romantic date nights to elegant brunches, this blue midi dress effortlessly transitions from day to evening. Whether you're attending a wedding as a guest, celebrating a christening, or gathering for a baby shower, this teal dress is sure to make a statement. Available in a range of stunning colors, the Scuba Crepe Twist Cutout Midi Dress is your go-to option for a polished and refined look on any occasion.",Dresses,56,Goddiva,24726,Women's Dresses & Skirts,198,https://images2.productserve.com/?w=200&h=200&bg=white&trim=5&t=letterbox&url=ssl%3Acdn.shopify.com%2Fs%2Ffiles%2F1%2F0487%2F8834%2F0899%2Ffiles%2FDR4351_TEALBLUE_1422_front_1770808982.jpg&feedId=62769&k=2440626b6373be00416db88782bac71e7e7fb5ec,USD,,"Over $120 - Free Delivery, Less than $120 - $12",https://goddiva.us/products/goddiva-scuba-crepe-twist-cutout-midi-dress-teal-blue,,,USD96,62769,Goddiva,1,,,,,,Womens,Dresses
https://www.awin1.com/pclick.php?p=37248862656&a=2771700&m=24726,Goddiva Scuba Crepe Twist Cutout Midi Dress - Hot Pink,37248862656,DR4351-HOTPINK-10,https://cdn.shopify.com/s/files/1/0487/8834/0899/files/DR4351_HOTPINK_1439_front_1770808905.jpg,"Step into effortless elegance with our Scuba Crepe Twist Cutout Midi Dress, a versatile piece designed to elevate your semi-formal wardrobe. Crafted from luxurious scuba crepe fabric, this hot pink dress boasts a figure-flattering skater silhouette that hits just above the knee, offering both comfort and style. The chic twist detailing on the bodice adds a touch of sophistication, while the strategically placed cutout detailing on the bust and short sleeves infuses the dress with modern charm. Perfect for a myriad of occasions, from romantic date nights to elegant brunches, this pink midi dress effortlessly transitions from day to evening. Whether you're attending a wedding as a guest, celebrating a christening, or gathering for a baby shower, this hot pink dress is sure to make a statement. Available in a range of stunning colors, the Scuba Crepe Twist Cutout Midi Dress is your go-to option for a polished and refined look on any occasion.",Dresses,56,Goddiva,24726,Women's Dresses & Skirts,198,https://images2.productserve.com/?w=200&h=200&bg=white&trim=5&t=letterbox&url=ssl%3Acdn.shopify.com%2Fs%2Ffiles%2F1%2F0487%2F8834%2F0899%2Ffiles%2FDR4351_HOTPINK_1439_front_1770808905.jpg&feedId=62769&k=ad835b71a17ccb5151e76bd12bfc09572d504a81,USD,,"Over $120 - Free Delivery, Less than $120 - $12",https://goddiva.us/products/goddiva-scuba-crepe-twist-cutout-midi-dress-hotpink,,,USD96,62769,Goddiva,1,,,,,,Womens,Dresses
https://www.awin1.com/pclick.php?p=37248862604&a=2771700&m=24726,Goddiva Diamante & Scalloped Lace Neck Maxi Dress - Cornflower Blue,37248862604,DR4120-CORNFLOWERBLUE-14,https://cdn.shopify.com/s/files/1/0487/8834/0899/files/DR4120_CornflowerBlue_1451_front_1749824442.jpg,"Our exquisite Diamante & Scalloped Lace Neck Maxi dress, a captivating blend of elegance and sophistication. Designed to grace any special occasion with unparalleled charm, this Cornflower dress is not just for bridesmaids but also for wedding guests and those seeking glamour at formal events. With its timeless design, this Blue dress stands as a top choice for prom nights as well. Crafted with meticulous attention to detail, the highlight of this Blue dress lies in its enchanting Scalloped Lace neckline decorated with diamantes, adding a touch of delicate femininity and a dash of sparkle. The soft touch jersey material hugs your curves in all the right places, allowing you to showcase your figure with confidence and grace. Make a statement at your next event with our Diamante & Scalloped Lace Neck Maxi, where timeless elegance meets modern allure.",Dresses,96,Goddiva,24726,Women's Dresses & Skirts,198,https://images2.productserve.com/?w=200&h=200&bg=white&trim=5&t=letterbox&url=ssl%3Acdn.shopify.com%2Fs%2Ffiles%2F1%2F0487%2F8834%2F0899%2Ffiles%2FDR4120_CornflowerBlue_1451_front_1749824442.jpg&feedId=62769&k=a7a33475e05d7ad21dfbc8433c29cea001e24914,USD,,"Over $120 - Free Delivery, Less than $120 - $12",https://goddiva.us/products/goddiva-diamante-scalloped-lace-neck-maxi-dress-cornflower-blue,,,USD96,62769,Goddiva,1,,,,,,Womens,Dresses
https://www.awin1.com/pclick.php?p=37248862621&a=2771700&m=24726,Goddiva Off The Shoulder Pleated Waist Maxi Dress - Teal Blue,37248862621,DR2594G-TEALBLUE-10,https://cdn.shopify.com/s/files/1/0487/8834/0899/files/DR2594G_TEAL_FRONT_1713355204.jpg,"Feast your eyes on this hair raising off the shoulder pleated waist maxi dress. This teal number is the perfect companion for you for any occasion. This impressive blue occasion dress is the perfect piece for any formal evening occasion. This delightful Goddiva long evening dress is quirky and fun, yet classy and elegant. With its off-the-shoulder/one-shoulder design, this unique styled dress is the perfect choice for wedding guests, black tie events, and even for bridesmaids. Its long length and flattering scuba crepe material will show off your sensational figure. In its perfect teal color, this evening maxi dress will have your events covered, no matter the occasion or the season! Team with some sparkling heels and matching clutch to get the complete look.",Dresses,96,Goddiva,24726,Women's Dresses & Skirts,198,https://images2.productserve.com/?w=200&h=200&bg=white&trim=5&t=letterbox&url=ssl%3Acdn.shopify.com%2Fs%2Ffiles%2F1%2F0487%2F8834%2F0899%2Ffiles%2FDR2594G_TEAL_FRONT_1713355204.jpg&feedId=62769&k=1e4923963c704a888927fee94e1a0968ac9e3e79,USD,,"Over $120 - Free Delivery, Less than $120 - $12",https://goddiva.us/products/goddiva-off-the-shoulder-pleated-waist-maxi-dress-teal-blue,,,USD136,62769,Goddiva,1,,,,,,Womens,Dresses
https://www.awin1.com/pclick.php?p=37248862637&a=2771700&m=24726,Goddiva Scuba Crepe Twist Cutout Maxi Dress - Hot Pink,37248862637,DR4374-HOTPINK-8,https://cdn.shopify.com/s/files/1/0487/8834/0899/files/DR4374_HOTPINK_3926_front_1770809048.jpg,"Elevate your evening wardrobe with our exquisite Scuba Crepe Twist Cutout Maxi Dress, a fusion of sophistication and allure destined to steal the spotlight. Crafted from sumptuous scuba crepe fabric, this hot pink dress offers a flawless fit with a hint of stretch for unparalleled comfort and movement. The intricate twist detailing on the bodice creates a captivating focal point, drawing attention to the dcolletage, while the chic cutout detailing adds a modern edge to the classic silhouette. Short sleeves provide just the right amount of coverage, enhancing the overall sophistication of the dress. With its fitted bodice and flowing mermaid hem, this pink dress exudes timeless glamour, making it perfect for a variety of events, including bridesmaid duties, black tie affairs, galas, and prom nights. Whether you're dancing the night away or making a grand entrance, this dress is sure to leave a lasting impression. This hot pink Scuba Crepe Twist Cutout Maxi Dress is your ultimate choice for an unforgettable evening look. Elevate your wardrobe and make a statement with this exquisite hot pink piece that seamlessly combines sophistication and allure.",Dresses,76,Goddiva,24726,Women's Dresses & Skirts,198,https://images2.productserve.com/?w=200&h=200&bg=white&trim=5&t=letterbox&url=ssl%3Acdn.shopify.com%2Fs%2Ffiles%2F1%2F0487%2F8834%2F0899%2Ffiles%2FDR4374_HOTPINK_3926_front_1770809048.jpg&feedId=62769&k=be50d103eab4b3fd2fba2f13647a1f0ce373aad4,USD,,"Over $120 - Free Delivery, Less than $120 - $12",https://goddiva.us/products/goddiva-scuba-crepe-twist-cutout-maxi-dress-hotpink,,,USD116,62769,Goddiva,1,,,,,,Womens,Dresses
https://www.awin1.com/pclick.php?p=37330916675&a=2771700&m=24726,Goddiva Asymmetric Flared Hem Midi Dress - Magenta,37330916675,DR4295-MAGENTA-10,https://cdn.shopify.com/s/files/1/0487/8834/0899/files/DR4295_MAGENTA_FRONT_1713361924.jpg,"Elevate your elegance with our Asymmetric Flared Hem Midi Dress, a stunning ensemble crafted to captivate at weddings, soires, and semi-formal affairs. This magenta dress exudes sophistication with its exquisite design, featuring an alluring asymmetric hemline and a timeless sweetheart neckline. This magenta midi dress boasts a flattering silhouette that accentuates your curves while providing comfort and ease of movement. The asymmetrical flared hem adds a touch of drama and flair, ensuring you stand out effortlessly amidst the crowd. Whether you're attending a romantic wedding or a chic cocktail party, this pink dress is sure to make a statement. Pair it with your favourite heels and accessories for a polished, head-turning look that exudes confidence and charm.",Dresses,76,Goddiva,24726,Women's Dresses & Skirts,198,https://images2.productserve.com/?w=200&h=200&bg=white&trim=5&t=letterbox&url=ssl%3Acdn.shopify.com%2Fs%2Ffiles%2F1%2F0487%2F8834%2F0899%2Ffiles%2FDR4295_MAGENTA_FRONT_1713361924.jpg&feedId=62769&k=f42ff38692bdbad518202bb3587fdeb0def0edfe,USD,,"Over $120 - Free Delivery, Less than $120 - $12",https://goddiva.us/products/goddiva-asymmetric-flared-hem-midi-dress-magenta,,,USD130,62769,Goddiva,1,,,,,,Womens,Dresses
https://www.awin1.com/pclick.php?p=37330916674&a=2771700&m=24726,Goddiva Asymmetric Flared Hem Midi Dress - Magenta,37330916674,DR4295-MAGENTA-8,https://cdn.shopify.com/s/files/1/0487/8834/0899/files/DR4295_MAGENTA_FRONT_1713361924.jpg,"Elevate your elegance with our Asymmetric Flared Hem Midi Dress, a stunning ensemble crafted to captivate at weddings, soires, and semi-formal affairs. This magenta dress exudes sophistication with its exquisite design, featuring an alluring asymmetric hemline and a timeless sweetheart neckline. This magenta midi dress boasts a flattering silhouette that accentuates your curves while providing comfort and ease of movement. The asymmetrical flared hem adds a touch of drama and flair, ensuring you stand out effortlessly amidst the crowd. Whether you're attending a romantic wedding or a chic cocktail party, this pink dress is sure to make a statement. Pair it with your favourite heels and accessories for a polished, head-turning look that exudes confidence and charm.",Dresses,76,Goddiva,24726,Women's Dresses & Skirts,198,https://images2.productserve.com/?w=200&h=200&bg=white&trim=5&t=letterbox&url=ssl%3Acdn.shopify.com%2Fs%2Ffiles%2F1%2F0487%2F8834%2F0899%2Ffiles%2FDR4295_MAGENTA_FRONT_1713361924.jpg&feedId=62769&k=f42ff38692bdbad518202bb3587fdeb0def0edfe,USD,,"Over $120 - Free Delivery, Less than $120 - $12",https://goddiva.us/products/goddiva-asymmetric-flared-hem-midi-dress-magenta,,,USD130,62769,Goddiva,1,,,,,,Womens,Dresses
https://www.awin1.com/pclick.php?p=37330916676&a=2771700&m=24726,Goddiva Asymmetric Flared Hem Midi Dress - Magenta,37330916676,DR4295-MAGENTA-12,https://cdn.shopify.com/s/files/1/0487/8834/0899/files/DR4295_MAGENTA_FRONT_1713361924.jpg,"Elevate your elegance with our Asymmetric Flared Hem Midi Dress, a stunning ensemble crafted to captivate at weddings, soires, and semi-formal affairs. This magenta dress exudes sophistication with its exquisite design, featuring an alluring asymmetric hemline and a timeless sweetheart neckline. This magenta midi dress boasts a flattering silhouette that accentuates your curves while providing comfort and ease of movement. The asymmetrical flared hem adds a touch of drama and flair, ensuring you stand out effortlessly amidst the crowd. Whether you're attending a romantic wedding or a chic cocktail party, this pink dress is sure to make a statement. Pair it with your favourite heels and accessories for a polished, head-turning look that exudes confidence and charm.",Dresses,76,Goddiva,24726,Women's Dresses & Skirts,198,https://images2.productserve.com/?w=200&h=200&bg=white&trim=5&t=letterbox&url=ssl%3Acdn.shopify.com%2Fs%2Ffiles%2F1%2F0487%2F8834%2F0899%2Ffiles%2FDR4295_MAGENTA_FRONT_1713361924.jpg&feedId=62769&k=f42ff38692bdbad518202bb3587fdeb0def0edfe,USD,,"Over $120 - Free Delivery, Less than $120 - $12",https://goddiva.us/products/goddiva-asymmetric-flared-hem-midi-dress-magenta,,,USD130,62769,Goddiva,1,,,,,,Womens,Dresses
https://www.awin1.com/pclick.php?p=37330916677&a=2771700&m=24726,Goddiva Asymmetric Flared Hem Midi Dress - Magenta,37330916677,DR4295-MAGENTA-14,https://cdn.shopify.com/s/files/1/0487/8834/0899/files/DR4295_MAGENTA_FRONT_1713361924.jpg,"Elevate your elegance with our Asymmetric Flared Hem Midi Dress, a stunning ensemble crafted to captivate at weddings, soires, and semi-formal affairs. This magenta dress exudes sophistication with its exquisite design, featuring an alluring asymmetric hemline and a timeless sweetheart neckline. This magenta midi dress boasts a flattering silhouette that accentuates your curves while providing comfort and ease of movement. The asymmetrical flared hem adds a touch of drama and flair, ensuring you stand out effortlessly amidst the crowd. Whether you're attending a romantic wedding or a chic cocktail party, this pink dress is sure to make a statement. Pair it with your favourite heels and accessories for a polished, head-turning look that exudes confidence and charm.",Dresses,76,Goddiva,24726,Women's Dresses & Skirts,198,https://images2.productserve.com/?w=200&h=200&bg=white&trim=5&t=letterbox&url=ssl%3Acdn.shopify.com%2Fs%2Ffiles%2F1%2F0487%2F8834%2F0899%2Ffiles%2FDR4295_MAGENTA_FRONT_1713361924.jpg&feedId=62769&k=f42ff38692bdbad518202bb3587fdeb0def0edfe,USD,,"Over $120 - Free Delivery, Less than $120 - $12",https://goddiva.us/products/goddiva-asymmetric-flared-hem-midi-dress-magenta,,,USD130,62769,Goddiva,1,,,,,,Womens,Dresses
https://www.awin1.com/pclick.php?p=37330916692&a=2771700&m=24726,Goddiva Bardot Pleated Maxi Dress - Teal Blue,37330916692,DR1092-TEALBLUE-8,https://cdn.shopify.com/s/files/1/0487/8834/0899/files/DR1092_TEAL_22011_1724762218.jpg,"Hello gorgeous! Thats exactly the greeting youll be getting in this beautiful off-the-shoulder maxi dress by Goddiva. This Bardot pleated maxi dress is the perfect piece to accompany you to any evening occasion. Its bold teal blue color and classic long length, not to mention its flattering pleating detail, this occasion dress is one that will suit all. This floor-length blue gown is perfect for those extra special occasions. Give your bridesmaids an extra elegant feel, or blossom as a wedding guest. This sophisticated dress is also the perfect companion for proms, graduations, and basically any occasion you have coming up. Bright and bold is exactly what is on trend right now, so this dress will make you feel like the Goddiva Goddess you are!",Dresses,90,Goddiva,24726,Women's Dresses & Skirts,198,https://images2.productserve.com/?w=200&h=200&bg=white&trim=5&t=letterbox&url=ssl%3Acdn.shopify.com%2Fs%2Ffiles%2F1%2F0487%2F8834%2F0899%2Ffiles%2FDR1092_TEAL_22011_1724762218.jpg&feedId=62769&k=4bc5ebd9b3eb475c35accfcf367e1f1c871a5583,USD,,"Over $120 - Free Delivery, Less than $120 - $12",https://goddiva.us/products/goddiva-bardot-pleated-maxi-dress-teal-blue,,,USD190,62769,Goddiva,1,,,,,,Womens,Dresses
https://www.awin1.com/pclick.php?p=37330916693&a=2771700&m=24726,Goddiva Bardot Pleated Maxi Dress - Teal Blue,37330916693,DR1092-TEALBLUE-10,https://cdn.shopify.com/s/files/1/0487/8834/0899/files/DR1092_TEAL_22011_1724762218.jpg,"Hello gorgeous! Thats exactly the greeting youll be getting in this beautiful off-the-shoulder maxi dress by Goddiva. This Bardot pleated maxi dress is the perfect piece to accompany you to any evening occasion. Its bold teal blue color and classic long length, not to mention its flattering pleating detail, this occasion dress is one that will suit all. This floor-length blue gown is perfect for those extra special occasions. Give your bridesmaids an extra elegant feel, or blossom as a wedding guest. This sophisticated dress is also the perfect companion for proms, graduations, and basically any occasion you have coming up. Bright and bold is exactly what is on trend right now, so this dress will make you feel like the Goddiva Goddess you are!",Dresses,90,Goddiva,24726,Women's Dresses & Skirts,198,https://images2.productserve.com/?w=200&h=200&bg=white&trim=5&t=letterbox&url=ssl%3Acdn.shopify.com%2Fs%2Ffiles%2F1%2F0487%2F8834%2F0899%2Ffiles%2FDR1092_TEAL_22011_1724762218.jpg&feedId=62769&k=4bc5ebd9b3eb475c35accfcf367e1f1c871a5583,USD,,"Over $120 - Free Delivery, Less than $120 - $12",https://goddiva.us/products/goddiva-bardot-pleated-maxi-dress-teal-blue,,,USD190,62769,Goddiva,1,,,,,,Womens,Dresses
https://www.awin1.com/pclick.php?p=37330916695&a=2771700&m=24726,Goddiva Bardot Pleated Maxi Dress - Teal Blue,37330916695,DR1092-TEALBLUE-14,https://cdn.shopify.com/s/files/1/0487/8834/0899/files/DR1092_TEAL_22011_1724762218.jpg,"Hello gorgeous! Thats exactly the greeting youll be getting in this beautiful off-the-shoulder maxi dress by Goddiva. This Bardot pleated maxi dress is the perfect piece to accompany you to any evening occasion. Its bold teal blue color and classic long length, not to mention its flattering pleating detail, this occasion dress is one that will suit all. This floor-length blue gown is perfect for those extra special occasions. Give your bridesmaids an extra elegant feel, or blossom as a wedding guest. This sophisticated dress is also the perfect companion for proms, graduations, and basically any occasion you have coming up. Bright and bold is exactly what is on trend right now, so this dress will make you feel like the Goddiva Goddess you are!",Dresses,90,Goddiva,24726,Women's Dresses & Skirts,198,https://images2.productserve.com/?w=200&h=200&bg=white&trim=5&t=letterbox&url=ssl%3Acdn.shopify.com%2Fs%2Ffiles%2F1%2F0487%2F8834%2F0899%2Ffiles%2FDR1092_TEAL_22011_1724762218.jpg&feedId=62769&k=4bc5ebd9b3eb475c35accfcf367e1f1c871a5583,USD,,"Over $120 - Free Delivery, Less than $120 - $12",https://goddiva.us/products/goddiva-bardot-pleated-maxi-dress-teal-blue,,,USD190,62769,Goddiva,1,,,,,,Womens,Dresses
https://www.awin1.com/pclick.php?p=37330916694&a=2771700&m=24726,Goddiva Bardot Pleated Maxi Dress - Teal Blue,37330916694,DR1092-TEALBLUE-12,https://cdn.shopify.com/s/files/1/0487/8834/0899/files/DR1092_TEAL_22011_1724762218.jpg,"Hello gorgeous! Thats exactly the greeting youll be getting in this beautiful off-the-shoulder maxi dress by Goddiva. This Bardot pleated maxi dress is the perfect piece to accompany you to any evening occasion. Its bold teal blue color and classic long length, not to mention its flattering pleating detail, this occasion dress is one that will suit all. This floor-length blue gown is perfect for those extra special occasions. Give your bridesmaids an extra elegant feel, or blossom as a wedding guest. This sophisticated dress is also the perfect companion for proms, graduations, and basically any occasion you have coming up. Bright and bold is exactly what is on trend right now, so this dress will make you feel like the Goddiva Goddess you are!",Dresses,90,Goddiva,24726,Women's Dresses & Skirts,198,https://images2.productserve.com/?w=200&h=200&bg=white&trim=5&t=letterbox&url=ssl%3Acdn.shopify.com%2Fs%2Ffiles%2F1%2F0487%2F8834%2F0899%2Ffiles%2FDR1092_TEAL_22011_1724762218.jpg&feedId=62769&k=4bc5ebd9b3eb475c35accfcf367e1f1c871a5583,USD,,"Over $120 - Free Delivery, Less than $120 - $12",https://goddiva.us/products/goddiva-bardot-pleated-maxi-dress-teal-blue,,,USD190,62769,Goddiva,1,,,,,,Womens,Dresses
https://www.awin1.com/pclick.php?p=37377281337&a=2771700&m=24726,Goddiva Asymmetric Gathered Skirt Midi Dress - Black,37377281337,DR4317-BLACK-10,https://cdn.shopify.com/s/files/1/0487/8834/0899/files/DR4317_BLACKPRINT_FRONT_1713182818.jpg,"*LEGGINGS SOLD SEPARATELY*Introducing our latest fashion must-have: the Asymmetric Gathered Skirt Midi Dress. Designed to seamlessly transition from day to night, this black dress offers versatility like no other. Crafted with a unique blend of style and comfort, it's the perfect addition to any modern wardrobe. Featuring an edgy asymmetrical hemline and a flattering gathered skirt, this black printed dress effortlessly combines elegance with a touch of attitude. But what truly sets it apart is its sheer mesh floral print, adding a hint of romance and femininity to its bold silhouette. What makes this dress truly special is its adaptability. Wear it with leggings for a modest and sophisticated look, ideal for brunches or casual outings. Alternatively, dare to bare it on its own for a more daring and captivating vibe, perfect for nights out with friends or intimate date nights. With this black dress, you're getting two outfits in one  allowing you to effortlessly transition between different occasions without sacrificing style or comfort. So whether you're aiming for a chic daytime ensemble or a head-turning evening look, the Asymmetric Gathered Skirt Midi Dress has got you covered. Flaunt your style and make a statement wherever you go.",Dresses,76,Goddiva,24726,Women's Dresses & Skirts,198,https://images2.productserve.com/?w=200&h=200&bg=white&trim=5&t=letterbox&url=ssl%3Acdn.shopify.com%2Fs%2Ffiles%2F1%2F0487%2F8834%2F0899%2Ffiles%2FDR4317_BLACKPRINT_FRONT_1713182818.jpg&feedId=62769&k=1150b0508054ac57a67d202806cf5506f37082b6,USD,,"Over $120 - Free Delivery, Less than $120 - $12",https://goddiva.us/products/goddiva-asymmetric-gathered-skirt-midi-dress-black,,,USD116,62769,Goddiva,1,,,,,,Womens,Dresses
https://www.awin1.com/pclick.php?p=37377281338&a=2771700&m=24726,Goddiva Asymmetric Gathered Skirt Midi Dress - Black,37377281338,DR4317-BLACK-12,https://cdn.shopify.com/s/files/1/0487/8834/0899/files/DR4317_BLACKPRINT_FRONT_1713182818.jpg,"*LEGGINGS SOLD SEPARATELY*Introducing our latest fashion must-have: the Asymmetric Gathered Skirt Midi Dress. Designed to seamlessly transition from day to night, this black dress offers versatility like no other. Crafted with a unique blend of style and comfort, it's the perfect addition to any modern wardrobe. Featuring an edgy asymmetrical hemline and a flattering gathered skirt, this black printed dress effortlessly combines elegance with a touch of attitude. But what truly sets it apart is its sheer mesh floral print, adding a hint of romance and femininity to its bold silhouette. What makes this dress truly special is its adaptability. Wear it with leggings for a modest and sophisticated look, ideal for brunches or casual outings. Alternatively, dare to bare it on its own for a more daring and captivating vibe, perfect for nights out with friends or intimate date nights. With this black dress, you're getting two outfits in one  allowing you to effortlessly transition between different occasions without sacrificing style or comfort. So whether you're aiming for a chic daytime ensemble or a head-turning evening look, the Asymmetric Gathered Skirt Midi Dress has got you covered. Flaunt your style and make a statement wherever you go.",Dresses,76,Goddiva,24726,Women's Dresses & Skirts,198,https://images2.productserve.com/?w=200&h=200&bg=white&trim=5&t=letterbox&url=ssl%3Acdn.shopify.com%2Fs%2Ffiles%2F1%2F0487%2F8834%2F0899%2Ffiles%2FDR4317_BLACKPRINT_FRONT_1713182818.jpg&feedId=62769&k=1150b0508054ac57a67d202806cf5506f37082b6,USD,,"Over $120 - Free Delivery, Less than $120 - $12",https://goddiva.us/products/goddiva-asymmetric-gathered-skirt-midi-dress-black,,,USD116,62769,Goddiva,1,,,,,,Womens,Dresses
https://www.awin1.com/pclick.php?p=37377281342&a=2771700&m=24726,Goddiva Asymmetric Gathered Skirt Midi Dress - Orange,37377281342,DR4317-ORANGE-8,https://cdn.shopify.com/s/files/1/0487/8834/0899/files/DR4317_ORANGEPRIN_FRONT_1713182922.jpg,"*LEGGINGS SOLD SEPARATELY*Introducing our latest fashion must-have: the Asymmetric Gathered Skirt Midi Dress. Designed to seamlessly transition from day to night, this orange dress offers versatility like no other. Crafted with a unique blend of style and comfort, it's the perfect addition to any modern wardrobe. Featuring an edgy asymmetrical hemline and a flattering gathered skirt, this orange-printed dress effortlessly combines elegance with a touch of attitude. But what truly sets it apart is its sheer mesh floral print, adding a hint of romance and femininity to its bold silhouette. What makes this dress truly special is its adaptability. Wear it with leggings for a modest and sophisticated look, ideal for brunches or casual outings. Alternatively, dare to bare it on its own for a more daring and captivating vibe, perfect for nights out with friends or intimate date nights. With this orange dress, you're getting two outfits in one  allowing you to effortlessly transition between different occasions without sacrificing style or comfort. So whether you're aiming for a chic daytime ensemble or a head-turning evening look, the Asymmetric Gathered Skirt Midi Dress has got you covered. Flaunt your style and make a statement wherever you go.",Dresses,76,Goddiva,24726,Women's Dresses & Skirts,198,https://images2.productserve.com/?w=200&h=200&bg=white&trim=5&t=letterbox&url=ssl%3Acdn.shopify.com%2Fs%2Ffiles%2F1%2F0487%2F8834%2F0899%2Ffiles%2FDR4317_ORANGEPRIN_FRONT_1713182922.jpg&feedId=62769&k=3e9847f693b17afab6d4be09547c79890e9ea0db,USD,,"Over $120 - Free Delivery, Less than $120 - $12",https://goddiva.us/products/goddiva-asymmetric-gathered-skirt-midi-dress-orange,,,USD116,62769,Goddiva,1,,,,,,Womens,Dresses
https://www.awin1.com/pclick.php?p=37377281345&a=2771700&m=24726,Goddiva Asymmetric Gathered Skirt Midi Dress - Orange,37377281345,DR4317-ORANGE-14,https://cdn.shopify.com/s/files/1/0487/8834/0899/files/DR4317_ORANGEPRIN_FRONT_1713182922.jpg,"*LEGGINGS SOLD SEPARATELY*Introducing our latest fashion must-have: the Asymmetric Gathered Skirt Midi Dress. Designed to seamlessly transition from day to night, this orange dress offers versatility like no other. Crafted with a unique blend of style and comfort, it's the perfect addition to any modern wardrobe. Featuring an edgy asymmetrical hemline and a flattering gathered skirt, this orange-printed dress effortlessly combines elegance with a touch of attitude. But what truly sets it apart is its sheer mesh floral print, adding a hint of romance and femininity to its bold silhouette. What makes this dress truly special is its adaptability. Wear it with leggings for a modest and sophisticated look, ideal for brunches or casual outings. Alternatively, dare to bare it on its own for a more daring and captivating vibe, perfect for nights out with friends or intimate date nights. With this orange dress, you're getting two outfits in one  allowing you to effortlessly transition between different occasions without sacrificing style or comfort. So whether you're aiming for a chic daytime ensemble or a head-turning evening look, the Asymmetric Gathered Skirt Midi Dress has got you covered. Flaunt your style and make a statement wherever you go.",Dresses,76,Goddiva,24726,Women's Dresses & Skirts,198,https://images2.productserve.com/?w=200&h=200&bg=white&trim=5&t=letterbox&url=ssl%3Acdn.shopify.com%2Fs%2Ffiles%2F1%2F0487%2F8834%2F0899%2Ffiles%2FDR4317_ORANGEPRIN_FRONT_1713182922.jpg&feedId=62769&k=3e9847f693b17afab6d4be09547c79890e9ea0db,USD,,"Over $120 - Free Delivery, Less than $120 - $12",https://goddiva.us/products/goddiva-asymmetric-gathered-skirt-midi-dress-orange,,,USD116,62769,Goddiva,1,,,,,,Womens,Dresses
https://www.awin1.com/pclick.php?p=37377281344&a=2771700&m=24726,Goddiva Asymmetric Gathered Skirt Midi Dress - Orange,37377281344,DR4317-ORANGE-12,https://cdn.shopify.com/s/files/1/0487/8834/0899/files/DR4317_ORANGEPRIN_FRONT_1713182922.jpg,"*LEGGINGS SOLD SEPARATELY*Introducing our latest fashion must-have: the Asymmetric Gathered Skirt Midi Dress. Designed to seamlessly transition from day to night, this orange dress offers versatility like no other. Crafted with a unique blend of style and comfort, it's the perfect addition to any modern wardrobe. Featuring an edgy asymmetrical hemline and a flattering gathered skirt, this orange-printed dress effortlessly combines elegance with a touch of attitude. But what truly sets it apart is its sheer mesh floral print, adding a hint of romance and femininity to its bold silhouette. What makes this dress truly special is its adaptability. Wear it with leggings for a modest and sophisticated look, ideal for brunches or casual outings. Alternatively, dare to bare it on its own for a more daring and captivating vibe, perfect for nights out with friends or intimate date nights. With this orange dress, you're getting two outfits in one  allowing you to effortlessly transition between different occasions without sacrificing style or comfort. So whether you're aiming for a chic daytime ensemble or a head-turning evening look, the Asymmetric Gathered Skirt Midi Dress has got you covered. Flaunt your style and make a statement wherever you go.",Dresses,76,Goddiva,24726,Women's Dresses & Skirts,198,https://images2.productserve.com/?w=200&h=200&bg=white&trim=5&t=letterbox&url=ssl%3Acdn.shopify.com%2Fs%2Ffiles%2F1%2F0487%2F8834%2F0899%2Ffiles%2FDR4317_ORANGEPRIN_FRONT_1713182922.jpg&feedId=62769&k=3e9847f693b17afab6d4be09547c79890e9ea0db,USD,,"Over $120 - Free Delivery, Less than $120 - $12",https://goddiva.us/products/goddiva-asymmetric-gathered-skirt-midi-dress-orange,,,USD116,62769,Goddiva,1,,,,,,Womens,Dresses
https://www.awin1.com/pclick.php?p=37377281343&a=2771700&m=24726,Goddiva Asymmetric Gathered Skirt Midi Dress - Orange,37377281343,DR4317-ORANGE-10,https://cdn.shopify.com/s/files/1/0487/8834/0899/files/DR4317_ORANGEPRIN_FRONT_1713182922.jpg,"*LEGGINGS SOLD SEPARATELY*Introducing our latest fashion must-have: the Asymmetric Gathered Skirt Midi Dress. Designed to seamlessly transition from day to night, this orange dress offers versatility like no other. Crafted with a unique blend of style and comfort, it's the perfect addition to any modern wardrobe. Featuring an edgy asymmetrical hemline and a flattering gathered skirt, this orange-printed dress effortlessly combines elegance with a touch of attitude. But what truly sets it apart is its sheer mesh floral print, adding a hint of romance and femininity to its bold silhouette. What makes this dress truly special is its adaptability. Wear it with leggings for a modest and sophisticated look, ideal for brunches or casual outings. Alternatively, dare to bare it on its own for a more daring and captivating vibe, perfect for nights out with friends or intimate date nights. With this orange dress, you're getting two outfits in one  allowing you to effortlessly transition between different occasions without sacrificing style or comfort. So whether you're aiming for a chic daytime ensemble or a head-turning evening look, the Asymmetric Gathered Skirt Midi Dress has got you covered. Flaunt your style and make a statement wherever you go.",Dresses,76,Goddiva,24726,Women's Dresses & Skirts,198,https://images2.productserve.com/?w=200&h=200&bg=white&trim=5&t=letterbox&url=ssl%3Acdn.shopify.com%2Fs%2Ffiles%2F1%2F0487%2F8834%2F0899%2Ffiles%2FDR4317_ORANGEPRIN_FRONT_1713182922.jpg&feedId=62769&k=3e9847f693b17afab6d4be09547c79890e9ea0db,USD,,"Over $120 - Free Delivery, Less than $120 - $12",https://goddiva.us/products/goddiva-asymmetric-gathered-skirt-midi-dress-orange,,,USD116,62769,Goddiva,1,,,,,,Womens,Dresses
https://www.awin1.com/pclick.php?p=37377281339&a=2771700&m=24726,Goddiva Asymmetric Gathered Skirt Midi Dress - Black,37377281339,DR4317-BLACK-14,https://cdn.shopify.com/s/files/1/0487/8834/0899/files/DR4317_BLACKPRINT_FRONT_1713182818.jpg,"*LEGGINGS SOLD SEPARATELY*Introducing our latest fashion must-have: the Asymmetric Gathered Skirt Midi Dress. Designed to seamlessly transition from day to night, this black dress offers versatility like no other. Crafted with a unique blend of style and comfort, it's the perfect addition to any modern wardrobe. Featuring an edgy asymmetrical hemline and a flattering gathered skirt, this black printed dress effortlessly combines elegance with a touch of attitude. But what truly sets it apart is its sheer mesh floral print, adding a hint of romance and femininity to its bold silhouette. What makes this dress truly special is its adaptability. Wear it with leggings for a modest and sophisticated look, ideal for brunches or casual outings. Alternatively, dare to bare it on its own for a more daring and captivating vibe, perfect for nights out with friends or intimate date nights. With this black dress, you're getting two outfits in one  allowing you to effortlessly transition between different occasions without sacrificing style or comfort. So whether you're aiming for a chic daytime ensemble or a head-turning evening look, the Asymmetric Gathered Skirt Midi Dress has got you covered. Flaunt your style and make a statement wherever you go.",Dresses,76,Goddiva,24726,Women's Dresses & Skirts,198,https://images2.productserve.com/?w=200&h=200&bg=white&trim=5&t=letterbox&url=ssl%3Acdn.shopify.com%2Fs%2Ffiles%2F1%2F0487%2F8834%2F0899%2Ffiles%2FDR4317_BLACKPRINT_FRONT_1713182818.jpg&feedId=62769&k=1150b0508054ac57a67d202806cf5506f37082b6,USD,,"Over $120 - Free Delivery, Less than $120 - $12",https://goddiva.us/products/goddiva-asymmetric-gathered-skirt-midi-dress-black,,,USD116,62769,Goddiva,1,,,,,,Womens,Dresses
https://www.awin1.com/pclick.php?p=37377281336&a=2771700&m=24726,Goddiva Asymmetric Gathered Skirt Midi Dress - Black,37377281336,DR4317-BLACK-8,https://cdn.shopify.com/s/files/1/0487/8834/0899/files/DR4317_BLACKPRINT_FRONT_1713182818.jpg,"*LEGGINGS SOLD SEPARATELY*Introducing our latest fashion must-have: the Asymmetric Gathered Skirt Midi Dress. Designed to seamlessly transition from day to night, this black dress offers versatility like no other. Crafted with a unique blend of style and comfort, it's the perfect addition to any modern wardrobe. Featuring an edgy asymmetrical hemline and a flattering gathered skirt, this black printed dress effortlessly combines elegance with a touch of attitude. But what truly sets it apart is its sheer mesh floral print, adding a hint of romance and femininity to its bold silhouette. What makes this dress truly special is its adaptability. Wear it with leggings for a modest and sophisticated look, ideal for brunches or casual outings. Alternatively, dare to bare it on its own for a more daring and captivating vibe, perfect for nights out with friends or intimate date nights. With this black dress, you're getting two outfits in one  allowing you to effortlessly transition between different occasions without sacrificing style or comfort. So whether you're aiming for a chic daytime ensemble or a head-turning evening look, the Asymmetric Gathered Skirt Midi Dress has got you covered. Flaunt your style and make a statement wherever you go.",Dresses,76,Goddiva,24726,Women's Dresses & Skirts,198,https://images2.productserve.com/?w=200&h=200&bg=white&trim=5&t=letterbox&url=ssl%3Acdn.shopify.com%2Fs%2Ffiles%2F1%2F0487%2F8834%2F0899%2Ffiles%2FDR4317_BLACKPRINT_FRONT_1713182818.jpg&feedId=62769&k=1150b0508054ac57a67d202806cf5506f37082b6,USD,,"Over $120 - Free Delivery, Less than $120 - $12",https://goddiva.us/products/goddiva-asymmetric-gathered-skirt-midi-dress-black,,,USD116,62769,Goddiva,1,,,,,,Womens,Dresses
https://www.awin1.com/pclick.php?p=37486069931&a=2771700&m=24726,Goddiva Printed Soft Mesh A-Line Maxi Dress - Orange,37486069931,DR4363-ORANGE-14,https://cdn.shopify.com/s/files/1/0487/8834/0899/files/DR4363_ORANGEPRINT_FRONT_1713191923.jpg,"Experience elegance and grace in our Printed Soft Mesh A-Line Maxi Dress, a quintessential style companion for your spring and summer affairs. Delicately crafted with attention to detail, this orange dress exudes sophistication and charm, making it an ideal choice for a myriad of occasions. With its long sheer sleeves, this orange dress offers a subtle allure while providing coverage. The all-over floral printed mesh shell adds a touch of whimsy and romance, evoking the essence of a blooming garden in full bloom. Beneath the sheer overlay lies a comfortable jersey lining, ensuring both style and comfort are seamlessly intertwined. Designed in an A-line silhouette, this orange dress flatters the figure with its gentle drape, offering a flattering fit for various body types. Whether you're attending a wedding as a cherished guest, indulging in summer soires, or savouring moments in garden parties, this orange dress effortlessly transitions from day to evening affairs with ease. Pair it with your favourite heels to elevate your ensemble and make a statement wherever you go. Embrace the beauty of the season in our Printed Soft Mesh A-Line Maxi Dress a timeless choice for semi-formal occasions that promises to leave a lasting impression.",Dresses,95,Goddiva,24726,Women's Dresses & Skirts,198,https://images2.productserve.com/?w=200&h=200&bg=white&trim=5&t=letterbox&url=ssl%3Acdn.shopify.com%2Fs%2Ffiles%2F1%2F0487%2F8834%2F0899%2Ffiles%2FDR4363_ORANGEPRINT_FRONT_1713191923.jpg&feedId=62769&k=a1c028faa64a819aff2e510b0f2c793dedd44d1c,USD,,"Over $120 - Free Delivery, Less than $120 - $12",https://goddiva.us/products/goddiva-printed-soft-mesh-a-line-maxi-dress-orange,,,USD136,62769,Goddiva,1,,,,,,Womens,Dresses
https://www.awin1.com/pclick.php?p=37486069928&a=2771700&m=24726,Goddiva Printed Soft Mesh A-Line Maxi Dress - Orange,37486069928,DR4363-ORANGE-8,https://cdn.shopify.com/s/files/1/0487/8834/0899/files/DR4363_ORANGEPRINT_FRONT_1713191923.jpg,"Experience elegance and grace in our Printed Soft Mesh A-Line Maxi Dress, a quintessential style companion for your spring and summer affairs. Delicately crafted with attention to detail, this orange dress exudes sophistication and charm, making it an ideal choice for a myriad of occasions. With its long sheer sleeves, this orange dress offers a subtle allure while providing coverage. The all-over floral printed mesh shell adds a touch of whimsy and romance, evoking the essence of a blooming garden in full bloom. Beneath the sheer overlay lies a comfortable jersey lining, ensuring both style and comfort are seamlessly intertwined. Designed in an A-line silhouette, this orange dress flatters the figure with its gentle drape, offering a flattering fit for various body types. Whether you're attending a wedding as a cherished guest, indulging in summer soires, or savouring moments in garden parties, this orange dress effortlessly transitions from day to evening affairs with ease. Pair it with your favourite heels to elevate your ensemble and make a statement wherever you go. Embrace the beauty of the season in our Printed Soft Mesh A-Line Maxi Dress a timeless choice for semi-formal occasions that promises to leave a lasting impression.",Dresses,95,Goddiva,24726,Women's Dresses & Skirts,198,https://images2.productserve.com/?w=200&h=200&bg=white&trim=5&t=letterbox&url=ssl%3Acdn.shopify.com%2Fs%2Ffiles%2F1%2F0487%2F8834%2F0899%2Ffiles%2FDR4363_ORANGEPRINT_FRONT_1713191923.jpg&feedId=62769&k=a1c028faa64a819aff2e510b0f2c793dedd44d1c,USD,,"Over $120 - Free Delivery, Less than $120 - $12",https://goddiva.us/products/goddiva-printed-soft-mesh-a-line-maxi-dress-orange,,,USD136,62769,Goddiva,1,,,,,,Womens,Dresses
https://www.awin1.com/pclick.php?p=37486069930&a=2771700&m=24726,Goddiva Printed Soft Mesh A-Line Maxi Dress - Orange,37486069930,DR4363-ORANGE-12,https://cdn.shopify.com/s/files/1/0487/8834/0899/files/DR4363_ORANGEPRINT_FRONT_1713191923.jpg,"Experience elegance and grace in our Printed Soft Mesh A-Line Maxi Dress, a quintessential style companion for your spring and summer affairs. Delicately crafted with attention to detail, this orange dress exudes sophistication and charm, making it an ideal choice for a myriad of occasions. With its long sheer sleeves, this orange dress offers a subtle allure while providing coverage. The all-over floral printed mesh shell adds a touch of whimsy and romance, evoking the essence of a blooming garden in full bloom. Beneath the sheer overlay lies a comfortable jersey lining, ensuring both style and comfort are seamlessly intertwined. Designed in an A-line silhouette, this orange dress flatters the figure with its gentle drape, offering a flattering fit for various body types. Whether you're attending a wedding as a cherished guest, indulging in summer soires, or savouring moments in garden parties, this orange dress effortlessly transitions from day to evening affairs with ease. Pair it with your favourite heels to elevate your ensemble and make a statement wherever you go. Embrace the beauty of the season in our Printed Soft Mesh A-Line Maxi Dress a timeless choice for semi-formal occasions that promises to leave a lasting impression.",Dresses,95,Goddiva,24726,Women's Dresses & Skirts,198,https://images2.productserve.com/?w=200&h=200&bg=white&trim=5&t=letterbox&url=ssl%3Acdn.shopify.com%2Fs%2Ffiles%2F1%2F0487%2F8834%2F0899%2Ffiles%2FDR4363_ORANGEPRINT_FRONT_1713191923.jpg&feedId=62769&k=a1c028faa64a819aff2e510b0f2c793dedd44d1c,USD,,"Over $120 - Free Delivery, Less than $120 - $12",https://goddiva.us/products/goddiva-printed-soft-mesh-a-line-maxi-dress-orange,,,USD136,62769,Goddiva,1,,,,,,Womens,Dresses
https://www.awin1.com/pclick.php?p=37486069929&a=2771700&m=24726,Goddiva Printed Soft Mesh A-Line Maxi Dress - Orange,37486069929,DR4363-ORANGE-10,https://cdn.shopify.com/s/files/1/0487/8834/0899/files/DR4363_ORANGEPRINT_FRONT_1713191923.jpg,"Experience elegance and grace in our Printed Soft Mesh A-Line Maxi Dress, a quintessential style companion for your spring and summer affairs. Delicately crafted with attention to detail, this orange dress exudes sophistication and charm, making it an ideal choice for a myriad of occasions. With its long sheer sleeves, this orange dress offers a subtle allure while providing coverage. The all-over floral printed mesh shell adds a touch of whimsy and romance, evoking the essence of a blooming garden in full bloom. Beneath the sheer overlay lies a comfortable jersey lining, ensuring both style and comfort are seamlessly intertwined. Designed in an A-line silhouette, this orange dress flatters the figure with its gentle drape, offering a flattering fit for various body types. Whether you're attending a wedding as a cherished guest, indulging in summer soires, or savouring moments in garden parties, this orange dress effortlessly transitions from day to evening affairs with ease. Pair it with your favourite heels to elevate your ensemble and make a statement wherever you go. Embrace the beauty of the season in our Printed Soft Mesh A-Line Maxi Dress a timeless choice for semi-formal occasions that promises to leave a lasting impression.",Dresses,95,Goddiva,24726,Women's Dresses & Skirts,198,https://images2.productserve.com/?w=200&h=200&bg=white&trim=5&t=letterbox&url=ssl%3Acdn.shopify.com%2Fs%2Ffiles%2F1%2F0487%2F8834%2F0899%2Ffiles%2FDR4363_ORANGEPRINT_FRONT_1713191923.jpg&feedId=62769&k=a1c028faa64a819aff2e510b0f2c793dedd44d1c,USD,,"Over $120 - Free Delivery, Less than $120 - $12",https://goddiva.us/products/goddiva-printed-soft-mesh-a-line-maxi-dress-orange,,,USD136,62769,Goddiva,1,,,,,,Womens,Dresses
https://www.awin1.com/pclick.php?p=37511088373&a=2771700&m=24726,Goddiva Plain Lurex Chiffon Tiered Dress - Pink,37511088373,DR3905QZ-PINK-12,https://cdn.shopify.com/s/files/1/0487/8834/0899/files/DR3906QZ_pink_front_l_1683129570_1711556402.jpg,"Elevate your wardrobe with our Plain Lurex Chiffon Tiered Dress in Pink, a stunning addition that exudes elegance and charm. Crafted from high-quality chiffon fabric with subtle lurex detailing, this dress offers a touch of shimmer and sophistication. The tiered design creates a graceful silhouette, while the vibrant pink hue adds a playful yet chic vibe to your look. Perfect for a variety of occasions, from daytime outings to evening events, this versatile dress is a must-have for any fashion-forward individual. Pair it with your favorite accessories to complete the ensemble and make a stylish statement wherever you go. Available now for retail, seize the opportunity to add this timeless piece to your collection.",Dresses,67,Goddiva,24726,Women's Dresses & Skirts,198,https://images2.productserve.com/?w=200&h=200&bg=white&trim=5&t=letterbox&url=ssl%3Acdn.shopify.com%2Fs%2Ffiles%2F1%2F0487%2F8834%2F0899%2Ffiles%2FDR3906QZ_pink_front_l_1683129570_1711556402.jpg&feedId=62769&k=f326d831d0b59b827bbaa4366e3b365c8166baf0,USD,,"Over $120 - Free Delivery, Less than $120 - $12",https://goddiva.us/products/goddiva-plain-lurex-chiffon-tiered-dress-pink,,,USD96,62769,Goddiva,1,,,,,,Womens,Dresses
https://www.awin1.com/pclick.php?p=37511088366&a=2771700&m=24726,Goddiva Plain Lurex Chiffon Tiered Dress - Light Blue,37511088366,DR3905QZ-LIGHTBLUE-10,https://cdn.shopify.com/s/files/1/0487/8834/0899/files/DR3905QZ_lightblue_32360_co_20_283_29_1767706431.jpg,"Elevate your wardrobe with our Plain Lurex Chiffon Tiered Dress in Light blue, a stunning addition that exudes elegance and charm. Crafted from high-quality chiffon fabric with subtle lurex detailing, this dress offers a touch of shimmer and sophistication. The tiered design creates a graceful silhouette, while the vibrant blue hue adds a playful yet chic vibe to your look. Perfect for a variety of occasions, from daytime outings to evening events, this versatile dress is a must-have for any fashion-forward individual. Pair it with your favorite accessories to complete the ensemble and make a stylish statement wherever you go. Available now for retail, seize the opportunity to add this timeless piece to your collection.",Dresses,96,Goddiva,24726,Women's Dresses & Skirts,198,https://images2.productserve.com/?w=200&h=200&bg=white&trim=5&t=letterbox&url=ssl%3Acdn.shopify.com%2Fs%2Ffiles%2F1%2F0487%2F8834%2F0899%2Ffiles%2FDR3905QZ_lightblue_32360_co_20_283_29_1767706431.jpg&feedId=62769&k=c245334769e4bd6ebb20fa137ac151ff2aea6f96,USD,,"Over $120 - Free Delivery, Less than $120 - $12",https://goddiva.us/products/goddiva-plain-lurex-chiffon-tiered-dress-light-blue,,,USD96,62769,Goddiva,1,,,,,,Womens,Dresses
https://www.awin1.com/pclick.php?p=37511088371&a=2771700&m=24726,Goddiva Plain Lurex Chiffon Tiered Dress - Pink,37511088371,DR3905QZ-PINK-8,https://cdn.shopify.com/s/files/1/0487/8834/0899/files/DR3906QZ_pink_front_l_1683129570_1711556402.jpg,"Elevate your wardrobe with our Plain Lurex Chiffon Tiered Dress in Pink, a stunning addition that exudes elegance and charm. Crafted from high-quality chiffon fabric with subtle lurex detailing, this dress offers a touch of shimmer and sophistication. The tiered design creates a graceful silhouette, while the vibrant pink hue adds a playful yet chic vibe to your look. Perfect for a variety of occasions, from daytime outings to evening events, this versatile dress is a must-have for any fashion-forward individual. Pair it with your favorite accessories to complete the ensemble and make a stylish statement wherever you go. Available now for retail, seize the opportunity to add this timeless piece to your collection.",Dresses,67,Goddiva,24726,Women's Dresses & Skirts,198,https://images2.productserve.com/?w=200&h=200&bg=white&trim=5&t=letterbox&url=ssl%3Acdn.shopify.com%2Fs%2Ffiles%2F1%2F0487%2F8834%2F0899%2Ffiles%2FDR3906QZ_pink_front_l_1683129570_1711556402.jpg&feedId=62769&k=f326d831d0b59b827bbaa4366e3b365c8166baf0,USD,,"Over $120 - Free Delivery, Less than $120 - $12",https://goddiva.us/products/goddiva-plain-lurex-chiffon-tiered-dress-pink,,,USD96,62769,Goddiva,1,,,,,,Womens,Dresses
https://www.awin1.com/pclick.php?p=37511088368&a=2771700&m=24726,Goddiva Plain Lurex Chiffon Tiered Dress - Light Blue,37511088368,DR3905QZ-LIGHTBLUE-14,https://cdn.shopify.com/s/files/1/0487/8834/0899/files/DR3905QZ_lightblue_32360_co_20_283_29_1767706431.jpg,"Elevate your wardrobe with our Plain Lurex Chiffon Tiered Dress in Light blue, a stunning addition that exudes elegance and charm. Crafted from high-quality chiffon fabric with subtle lurex detailing, this dress offers a touch of shimmer and sophistication. The tiered design creates a graceful silhouette, while the vibrant blue hue adds a playful yet chic vibe to your look. Perfect for a variety of occasions, from daytime outings to evening events, this versatile dress is a must-have for any fashion-forward individual. Pair it with your favorite accessories to complete the ensemble and make a stylish statement wherever you go. Available now for retail, seize the opportunity to add this timeless piece to your collection.",Dresses,96,Goddiva,24726,Women's Dresses & Skirts,198,https://images2.productserve.com/?w=200&h=200&bg=white&trim=5&t=letterbox&url=ssl%3Acdn.shopify.com%2Fs%2Ffiles%2F1%2F0487%2F8834%2F0899%2Ffiles%2FDR3905QZ_lightblue_32360_co_20_283_29_1767706431.jpg&feedId=62769&k=c245334769e4bd6ebb20fa137ac151ff2aea6f96,USD,,"Over $120 - Free Delivery, Less than $120 - $12",https://goddiva.us/products/goddiva-plain-lurex-chiffon-tiered-dress-light-blue,,,USD96,62769,Goddiva,1,,,,,,Womens,Dresses
https://www.awin1.com/pclick.php?p=37511088367&a=2771700&m=24726,Goddiva Plain Lurex Chiffon Tiered Dress - Light Blue,37511088367,DR3905QZ-LIGHTBLUE-12,https://cdn.shopify.com/s/files/1/0487/8834/0899/files/DR3905QZ_lightblue_32360_co_20_283_29_1767706431.jpg,"Elevate your wardrobe with our Plain Lurex Chiffon Tiered Dress in Light blue, a stunning addition that exudes elegance and charm. Crafted from high-quality chiffon fabric with subtle lurex detailing, this dress offers a touch of shimmer and sophistication. The tiered design creates a graceful silhouette, while the vibrant blue hue adds a playful yet chic vibe to your look. Perfect for a variety of occasions, from daytime outings to evening events, this versatile dress is a must-have for any fashion-forward individual. Pair it with your favorite accessories to complete the ensemble and make a stylish statement wherever you go. Available now for retail, seize the opportunity to add this timeless piece to your collection.",Dresses,96,Goddiva,24726,Women's Dresses & Skirts,198,https://images2.productserve.com/?w=200&h=200&bg=white&trim=5&t=letterbox&url=ssl%3Acdn.shopify.com%2Fs%2Ffiles%2F1%2F0487%2F8834%2F0899%2Ffiles%2FDR3905QZ_lightblue_32360_co_20_283_29_1767706431.jpg&feedId=62769&k=c245334769e4bd6ebb20fa137ac151ff2aea6f96,USD,,"Over $120 - Free Delivery, Less than $120 - $12",https://goddiva.us/products/goddiva-plain-lurex-chiffon-tiered-dress-light-blue,,,USD96,62769,Goddiva,1,,,,,,Womens,Dresses
https://www.awin1.com/pclick.php?p=37511088374&a=2771700&m=24726,Goddiva Plain Lurex Chiffon Tiered Dress - Pink,37511088374,DR3905QZ-PINK-14,https://cdn.shopify.com/s/files/1/0487/8834/0899/files/DR3906QZ_pink_front_l_1683129570_1711556402.jpg,"Elevate your wardrobe with our Plain Lurex Chiffon Tiered Dress in Pink, a stunning addition that exudes elegance and charm. Crafted from high-quality chiffon fabric with subtle lurex detailing, this dress offers a touch of shimmer and sophistication. The tiered design creates a graceful silhouette, while the vibrant pink hue adds a playful yet chic vibe to your look. Perfect for a variety of occasions, from daytime outings to evening events, this versatile dress is a must-have for any fashion-forward individual. Pair it with your favorite accessories to complete the ensemble and make a stylish statement wherever you go. Available now for retail, seize the opportunity to add this timeless piece to your collection.",Dresses,67,Goddiva,24726,Women's Dresses & Skirts,198,https://images2.productserve.com/?w=200&h=200&bg=white&trim=5&t=letterbox&url=ssl%3Acdn.shopify.com%2Fs%2Ffiles%2F1%2F0487%2F8834%2F0899%2Ffiles%2FDR3906QZ_pink_front_l_1683129570_1711556402.jpg&feedId=62769&k=f326d831d0b59b827bbaa4366e3b365c8166baf0,USD,,"Over $120 - Free Delivery, Less than $120 - $12",https://goddiva.us/products/goddiva-plain-lurex-chiffon-tiered-dress-pink,,,USD96,62769,Goddiva,1,,,,,,Womens,Dresses
https://www.awin1.com/pclick.php?p=37511088265&a=2771700&m=24726,Goddiva Chiffon Floral Border Print Midi Dress - Navy,37511088265,DR4402-NAVY-8,https://cdn.shopify.com/s/files/1/0487/8834/0899/files/DR4402_NAVY_257470_FRONT_1713342422_23a3b237-14d1-4b17-af6c-3e326ae26134.jpg,"Step into the vibrant allure of spring and summer with our Chiffon Floral Border Print Midi Dress. This enchanting ensemble embodies effortless elegance, transitioning seamlessly from casual outings to semi-formal affairs. Featuring delicate short flutter sleeves and a captivating floral-printed skirt, this navy dress exudes feminine charm and sophistication. The timeless wrap-style silhouette flatters every figure, offering a comfortable yet flattering fit. Whether you're attending a wedding, a summer soire, or a garden party, this versatile navy dress is sure to make a statement. Pair it with heels for a polished look or opt for sandals to exude relaxed sophistication in warmer weather. Embrace the essence of sunny days and balmy evenings with Chiffon Floral Border Print Midi Dress, your go-to choice for chic seasonal style.",Dresses,90,Goddiva,24726,Women's Dresses & Skirts,198,https://images2.productserve.com/?w=200&h=200&bg=white&trim=5&t=letterbox&url=ssl%3Acdn.shopify.com%2Fs%2Ffiles%2F1%2F0487%2F8834%2F0899%2Ffiles%2FDR4402_NAVY_257470_FRONT_1713342422_23a3b237-14d1-4b17-af6c-3e326ae26134.jpg&feedId=62769&k=a4db0c54b573df4588550639f092a796a305b31e,USD,,"Over $120 - Free Delivery, Less than $120 - $12",https://goddiva.us/products/goddiva-chiffon-floral-border-print-midi-dress-navy,,,USD110,62769,Goddiva,1,,,,,,Womens,Dresses
https://www.awin1.com/pclick.php?p=37511088267&a=2771700&m=24726,Goddiva Chiffon Floral Border Print Midi Dress - Navy,37511088267,DR4402-NAVY-12,https://cdn.shopify.com/s/files/1/0487/8834/0899/files/DR4402_NAVY_257470_FRONT_1713342422_23a3b237-14d1-4b17-af6c-3e326ae26134.jpg,"Step into the vibrant allure of spring and summer with our Chiffon Floral Border Print Midi Dress. This enchanting ensemble embodies effortless elegance, transitioning seamlessly from casual outings to semi-formal affairs. Featuring delicate short flutter sleeves and a captivating floral-printed skirt, this navy dress exudes feminine charm and sophistication. The timeless wrap-style silhouette flatters every figure, offering a comfortable yet flattering fit. Whether you're attending a wedding, a summer soire, or a garden party, this versatile navy dress is sure to make a statement. Pair it with heels for a polished look or opt for sandals to exude relaxed sophistication in warmer weather. Embrace the essence of sunny days and balmy evenings with Chiffon Floral Border Print Midi Dress, your go-to choice for chic seasonal style.",Dresses,90,Goddiva,24726,Women's Dresses & Skirts,198,https://images2.productserve.com/?w=200&h=200&bg=white&trim=5&t=letterbox&url=ssl%3Acdn.shopify.com%2Fs%2Ffiles%2F1%2F0487%2F8834%2F0899%2Ffiles%2FDR4402_NAVY_257470_FRONT_1713342422_23a3b237-14d1-4b17-af6c-3e326ae26134.jpg&feedId=62769&k=a4db0c54b573df4588550639f092a796a305b31e,USD,,"Over $120 - Free Delivery, Less than $120 - $12",https://goddiva.us/products/goddiva-chiffon-floral-border-print-midi-dress-navy,,,USD110,62769,Goddiva,1,,,,,,Womens,Dresses
https://www.awin1.com/pclick.php?p=37511088268&a=2771700&m=24726,Goddiva Chiffon Floral Border Print Midi Dress - Navy,37511088268,DR4402-NAVY-14,https://cdn.shopify.com/s/files/1/0487/8834/0899/files/DR4402_NAVY_257470_FRONT_1713342422_23a3b237-14d1-4b17-af6c-3e326ae26134.jpg,"Step into the vibrant allure of spring and summer with our Chiffon Floral Border Print Midi Dress. This enchanting ensemble embodies effortless elegance, transitioning seamlessly from casual outings to semi-formal affairs. Featuring delicate short flutter sleeves and a captivating floral-printed skirt, this navy dress exudes feminine charm and sophistication. The timeless wrap-style silhouette flatters every figure, offering a comfortable yet flattering fit. Whether you're attending a wedding, a summer soire, or a garden party, this versatile navy dress is sure to make a statement. Pair it with heels for a polished look or opt for sandals to exude relaxed sophistication in warmer weather. Embrace the essence of sunny days and balmy evenings with Chiffon Floral Border Print Midi Dress, your go-to choice for chic seasonal style.",Dresses,90,Goddiva,24726,Women's Dresses & Skirts,198,https://images2.productserve.com/?w=200&h=200&bg=white&trim=5&t=letterbox&url=ssl%3Acdn.shopify.com%2Fs%2Ffiles%2F1%2F0487%2F8834%2F0899%2Ffiles%2FDR4402_NAVY_257470_FRONT_1713342422_23a3b237-14d1-4b17-af6c-3e326ae26134.jpg&feedId=62769&k=a4db0c54b573df4588550639f092a796a305b31e,USD,,"Over $120 - Free Delivery, Less than $120 - $12",https://goddiva.us/products/goddiva-chiffon-floral-border-print-midi-dress-navy,,,USD110,62769,Goddiva,1,,,,,,Womens,Dresses
https://www.awin1.com/pclick.php?p=37511088372&a=2771700&m=24726,Goddiva Plain Lurex Chiffon Tiered Dress - Pink,37511088372,DR3905QZ-PINK-10,https://cdn.shopify.com/s/files/1/0487/8834/0899/files/DR3906QZ_pink_front_l_1683129570_1711556402.jpg,"Elevate your wardrobe with our Plain Lurex Chiffon Tiered Dress in Pink, a stunning addition that exudes elegance and charm. Crafted from high-quality chiffon fabric with subtle lurex detailing, this dress offers a touch of shimmer and sophistication. The tiered design creates a graceful silhouette, while the vibrant pink hue adds a playful yet chic vibe to your look. Perfect for a variety of occasions, from daytime outings to evening events, this versatile dress is a must-have for any fashion-forward individual. Pair it with your favorite accessories to complete the ensemble and make a stylish statement wherever you go. Available now for retail, seize the opportunity to add this timeless piece to your collection.",Dresses,67,Goddiva,24726,Women's Dresses & Skirts,198,https://images2.productserve.com/?w=200&h=200&bg=white&trim=5&t=letterbox&url=ssl%3Acdn.shopify.com%2Fs%2Ffiles%2F1%2F0487%2F8834%2F0899%2Ffiles%2FDR3906QZ_pink_front_l_1683129570_1711556402.jpg&feedId=62769&k=f326d831d0b59b827bbaa4366e3b365c8166baf0,USD,,"Over $120 - Free Delivery, Less than $120 - $12",https://goddiva.us/products/goddiva-plain-lurex-chiffon-tiered-dress-pink,,,USD96,62769,Goddiva,1,,,,,,Womens,Dresses
https://www.awin1.com/pclick.php?p=37511088266&a=2771700&m=24726,Goddiva Chiffon Floral Border Print Midi Dress - Navy,37511088266,DR4402-NAVY-10,https://cdn.shopify.com/s/files/1/0487/8834/0899/files/DR4402_NAVY_257470_FRONT_1713342422_23a3b237-14d1-4b17-af6c-3e326ae26134.jpg,"Step into the vibrant allure of spring and summer with our Chiffon Floral Border Print Midi Dress. This enchanting ensemble embodies effortless elegance, transitioning seamlessly from casual outings to semi-formal affairs. Featuring delicate short flutter sleeves and a captivating floral-printed skirt, this navy dress exudes feminine charm and sophistication. The timeless wrap-style silhouette flatters every figure, offering a comfortable yet flattering fit. Whether you're attending a wedding, a summer soire, or a garden party, this versatile navy dress is sure to make a statement. Pair it with heels for a polished look or opt for sandals to exude relaxed sophistication in warmer weather. Embrace the essence of sunny days and balmy evenings with Chiffon Floral Border Print Midi Dress, your go-to choice for chic seasonal style.",Dresses,90,Goddiva,24726,Women's Dresses & Skirts,198,https://images2.productserve.com/?w=200&h=200&bg=white&trim=5&t=letterbox&url=ssl%3Acdn.shopify.com%2Fs%2Ffiles%2F1%2F0487%2F8834%2F0899%2Ffiles%2FDR4402_NAVY_257470_FRONT_1713342422_23a3b237-14d1-4b17-af6c-3e326ae26134.jpg&feedId=62769&k=a4db0c54b573df4588550639f092a796a305b31e,USD,,"Over $120 - Free Delivery, Less than $120 - $12",https://goddiva.us/products/goddiva-chiffon-floral-border-print-midi-dress-navy,,,USD110,62769,Goddiva,1,,,,,,Womens,Dresses
https://www.awin1.com/pclick.php?p=37511088365&a=2771700&m=24726,Goddiva Plain Lurex Chiffon Tiered Dress - Light Blue,37511088365,DR3905QZ-LIGHTBLUE-8,https://cdn.shopify.com/s/files/1/0487/8834/0899/files/DR3905QZ_lightblue_32360_co_20_283_29_1767706431.jpg,"Elevate your wardrobe with our Plain Lurex Chiffon Tiered Dress in Light blue, a stunning addition that exudes elegance and charm. Crafted from high-quality chiffon fabric with subtle lurex detailing, this dress offers a touch of shimmer and sophistication. The tiered design creates a graceful silhouette, while the vibrant blue hue adds a playful yet chic vibe to your look. Perfect for a variety of occasions, from daytime outings to evening events, this versatile dress is a must-have for any fashion-forward individual. Pair it with your favorite accessories to complete the ensemble and make a stylish statement wherever you go. Available now for retail, seize the opportunity to add this timeless piece to your collection.",Dresses,96,Goddiva,24726,Women's Dresses & Skirts,198,https://images2.productserve.com/?w=200&h=200&bg=white&trim=5&t=letterbox&url=ssl%3Acdn.shopify.com%2Fs%2Ffiles%2F1%2F0487%2F8834%2F0899%2Ffiles%2FDR3905QZ_lightblue_32360_co_20_283_29_1767706431.jpg&feedId=62769&k=c245334769e4bd6ebb20fa137ac151ff2aea6f96,USD,,"Over $120 - Free Delivery, Less than $120 - $12",https://goddiva.us/products/goddiva-plain-lurex-chiffon-tiered-dress-light-blue,,,USD96,62769,Goddiva,1,,,,,,Womens,Dresses
https://www.awin1.com/pclick.php?p=37584600463&a=2771700&m=24726,Goddiva Frilled Halter Neck Strap Midi Dress - Cornflower Blue,37584600463,DR4205-CORNFLOWERBLUE-8,https://cdn.shopify.com/s/files/1/0487/8834/0899/files/IMG_1204_1721897937.jpg,"Elegance meets flair in our Frilled Halter Neck Strap Midi Dress, designed to make every occasion unforgettable. Whether you're attending a wedding, savouring a romantic date night, revelling in garden party festivities, or enjoying the thrill of the races, this Cornflower Blue dress ensures you stand out effortlessly. Embrace the allure of the halter neckline, exquisitely framing your shoulders and neckline while offering a touch of sophistication. The frilled detailing delicately adorns the bust, adding a whimsical charm to your ensemble. With its skater-style skirt, this light Blue dress gracefully flows with your movements, exuding grace and femininity with every step. The open back design adds a hint of allure, leaving a lasting impression as you turn heads with your entrance. Crafted for those who appreciate both style and comfort, this Cornflower Blue midi dress seamlessly combines chic aesthetics with a flattering silhouette. Embrace the allure of timeless elegance and make a statement wherever you go with our Frilled Halter Neck Strap Midi Dress.",Dresses,76,Goddiva,24726,Women's Dresses & Skirts,198,https://images2.productserve.com/?w=200&h=200&bg=white&trim=5&t=letterbox&url=ssl%3Acdn.shopify.com%2Fs%2Ffiles%2F1%2F0487%2F8834%2F0899%2Ffiles%2FIMG_1204_1721897937.jpg&feedId=62769&k=fc8a8a124c2f2cd642d2e519037d361c5db6fba7,USD,,"Over $120 - Free Delivery, Less than $120 - $12",https://goddiva.us/products/goddiva-halter-strap-midi-with-frill-corn-flower-blue,,,USD116,62769,Goddiva,1,,,,,,Womens,Dresses
https://www.awin1.com/pclick.php?p=37584600466&a=2771700&m=24726,Goddiva Frilled Halter Neck Strap Midi Dress - Cornflower Blue,37584600466,DR4205-CORNFLOWERBLUE-14,https://cdn.shopify.com/s/files/1/0487/8834/0899/files/IMG_1204_1721897937.jpg,"Elegance meets flair in our Frilled Halter Neck Strap Midi Dress, designed to make every occasion unforgettable. Whether you're attending a wedding, savouring a romantic date night, revelling in garden party festivities, or enjoying the thrill of the races, this Cornflower Blue dress ensures you stand out effortlessly. Embrace the allure of the halter neckline, exquisitely framing your shoulders and neckline while offering a touch of sophistication. The frilled detailing delicately adorns the bust, adding a whimsical charm to your ensemble. With its skater-style skirt, this light Blue dress gracefully flows with your movements, exuding grace and femininity with every step. The open back design adds a hint of allure, leaving a lasting impression as you turn heads with your entrance. Crafted for those who appreciate both style and comfort, this Cornflower Blue midi dress seamlessly combines chic aesthetics with a flattering silhouette. Embrace the allure of timeless elegance and make a statement wherever you go with our Frilled Halter Neck Strap Midi Dress.",Dresses,76,Goddiva,24726,Women's Dresses & Skirts,198,https://images2.productserve.com/?w=200&h=200&bg=white&trim=5&t=letterbox&url=ssl%3Acdn.shopify.com%2Fs%2Ffiles%2F1%2F0487%2F8834%2F0899%2Ffiles%2FIMG_1204_1721897937.jpg&feedId=62769&k=fc8a8a124c2f2cd642d2e519037d361c5db6fba7,USD,,"Over $120 - Free Delivery, Less than $120 - $12",https://goddiva.us/products/goddiva-halter-strap-midi-with-frill-corn-flower-blue,,,USD116,62769,Goddiva,1,,,,,,Womens,Dresses
https://www.awin1.com/pclick.php?p=37584600465&a=2771700&m=24726,Goddiva Frilled Halter Neck Strap Midi Dress - Cornflower Blue,37584600465,DR4205-CORNFLOWERBLUE-12,https://cdn.shopify.com/s/files/1/0487/8834/0899/files/IMG_1204_1721897937.jpg,"Elegance meets flair in our Frilled Halter Neck Strap Midi Dress, designed to make every occasion unforgettable. Whether you're attending a wedding, savouring a romantic date night, revelling in garden party festivities, or enjoying the thrill of the races, this Cornflower Blue dress ensures you stand out effortlessly. Embrace the allure of the halter neckline, exquisitely framing your shoulders and neckline while offering a touch of sophistication. The frilled detailing delicately adorns the bust, adding a whimsical charm to your ensemble. With its skater-style skirt, this light Blue dress gracefully flows with your movements, exuding grace and femininity with every step. The open back design adds a hint of allure, leaving a lasting impression as you turn heads with your entrance. Crafted for those who appreciate both style and comfort, this Cornflower Blue midi dress seamlessly combines chic aesthetics with a flattering silhouette. Embrace the allure of timeless elegance and make a statement wherever you go with our Frilled Halter Neck Strap Midi Dress.",Dresses,76,Goddiva,24726,Women's Dresses & Skirts,198,https://images2.productserve.com/?w=200&h=200&bg=white&trim=5&t=letterbox&url=ssl%3Acdn.shopify.com%2Fs%2Ffiles%2F1%2F0487%2F8834%2F0899%2Ffiles%2FIMG_1204_1721897937.jpg&feedId=62769&k=fc8a8a124c2f2cd642d2e519037d361c5db6fba7,USD,,"Over $120 - Free Delivery, Less than $120 - $12",https://goddiva.us/products/goddiva-halter-strap-midi-with-frill-corn-flower-blue,,,USD116,62769,Goddiva,1,,,,,,Womens,Dresses
https://www.awin1.com/pclick.php?p=37584600464&a=2771700&m=24726,Goddiva Frilled Halter Neck Strap Midi Dress - Cornflower Blue,37584600464,DR4205-CORNFLOWERBLUE-10,https://cdn.shopify.com/s/files/1/0487/8834/0899/files/IMG_1204_1721897937.jpg,"Elegance meets flair in our Frilled Halter Neck Strap Midi Dress, designed to make every occasion unforgettable. Whether you're attending a wedding, savouring a romantic date night, revelling in garden party festivities, or enjoying the thrill of the races, this Cornflower Blue dress ensures you stand out effortlessly. Embrace the allure of the halter neckline, exquisitely framing your shoulders and neckline while offering a touch of sophistication. The frilled detailing delicately adorns the bust, adding a whimsical charm to your ensemble. With its skater-style skirt, this light Blue dress gracefully flows with your movements, exuding grace and femininity with every step. The open back design adds a hint of allure, leaving a lasting impression as you turn heads with your entrance. Crafted for those who appreciate both style and comfort, this Cornflower Blue midi dress seamlessly combines chic aesthetics with a flattering silhouette. Embrace the allure of timeless elegance and make a statement wherever you go with our Frilled Halter Neck Strap Midi Dress.",Dresses,76,Goddiva,24726,Women's Dresses & Skirts,198,https://images2.productserve.com/?w=200&h=200&bg=white&trim=5&t=letterbox&url=ssl%3Acdn.shopify.com%2Fs%2Ffiles%2F1%2F0487%2F8834%2F0899%2Ffiles%2FIMG_1204_1721897937.jpg&feedId=62769&k=fc8a8a124c2f2cd642d2e519037d361c5db6fba7,USD,,"Over $120 - Free Delivery, Less than $120 - $12",https://goddiva.us/products/goddiva-halter-strap-midi-with-frill-corn-flower-blue,,,USD116,62769,Goddiva,1,,,,,,Womens,Dresses
https://www.awin1.com/pclick.php?p=37584600526&a=2771700&m=24726,Goddiva Off The Shoulder Frill Bodice Midi Dress - Rose Pink,37584600526,DR4255-ROSEPINK-14,https://cdn.shopify.com/s/files/1/0487/8834/0899/files/29320_1720711439.jpg,"Prepare to captivate hearts with this rose pink Off The Shoulder Frill Bodice Midi Dress, a mesmerising masterpiece destined for unforgettable moments. This exquisite rose pink creation effortlessly blends elegance with allure, ensuring you stand out like a radiant star on any occasion. Indulge in the luxurious sensation of its figure-hugging bodycon fit, sculpting your curves with divine precision. The off-the-shoulder neckline sets a tantalising tone, exuding timeless sophistication while igniting a sense of playful flirtation. With its playful yet delicate frills cascading gracefully across the bodice, adding a touch of whimsical charm to your ensemble. Whether you're attending a wedding as a distinguished guest, gracing the races with your presence, embarking on a romantic date night, or painting the town red with friends, this rose pink dress promises to be your ultimate companion. Immerse yourself in a realm of unparalleled style and confidence as you slip into this sensational piece. With its unparalleled allure and celestial charm, our Off The Shoulder Frill Bodice Midi Dress is more than just attire; it's a gateway to an extraordinary world of fashion.",Dresses,95,Goddiva,24726,Women's Dresses & Skirts,198,https://images2.productserve.com/?w=200&h=200&bg=white&trim=5&t=letterbox&url=ssl%3Acdn.shopify.com%2Fs%2Ffiles%2F1%2F0487%2F8834%2F0899%2Ffiles%2F29320_1720711439.jpg&feedId=62769&k=e77d0913da2a24f4554f8bd092e4e5e262ea16cd,USD,,"Over $120 - Free Delivery, Less than $120 - $12",https://goddiva.us/products/goddiva-off-the-shoulder-frill-bodice-midi-dress-rose-pink,,,USD136,62769,Goddiva,1,,,,,,Womens,Dresses
https://www.awin1.com/pclick.php?p=37584600566&a=2771700&m=24726,Goddiva Satin Corsage Scuba Crepe Maxi Dress - Black,37584600566,DR4215-BLACK-10,https://cdn.shopify.com/s/files/1/0487/8834/0899/files/DR4215-BLACK_1724765510.jpg,"Prepare to steal the spotlight with our exquisite Satin Corsage Scuba Crepe Maxi Dress, a breathtaking ensemble designed for those unforgettable moments. Whether you're a radiant bridesmaid, a star at a black-tie affair, or the belle of the prom, this Black dress is your ticket to timeless elegance and undeniable allure. At the heart of its charm lies a striking satin corsage delicately adorning the neckline, adding a touch of sophistication and glamour to your ensemble. With its classic fit, this Black dress effortlessly accentuates your silhouette, embracing your curves with grace and poise. The bandeau neckline exudes effortless chic, framing your shoulders and collarbone in a flattering manner that exudes confidence and allure. Made from high-quality scuba crepe fabric, this Black dress not only looks stunning but also feels luxuriously smooth against your skin, ensuring maximum comfort throughout the night. Step into the spotlight and make a statement with our Satin Corsage Scuba Crepe Maxi Dress. It's not just a dress; it's an embodiment of style, elegance, and unparalleled beauty. Embrace the enchantment and captivate hearts wherever you go.",Dresses,90,Goddiva,24726,Women's Dresses & Skirts,198,https://images2.productserve.com/?w=200&h=200&bg=white&trim=5&t=letterbox&url=ssl%3Acdn.shopify.com%2Fs%2Ffiles%2F1%2F0487%2F8834%2F0899%2Ffiles%2FDR4215-BLACK_1724765510.jpg&feedId=62769&k=46a50d27229009d92a8f809131dc01d8b2a37139,USD,,"Over $120 - Free Delivery, Less than $120 - $12",https://goddiva.us/products/goddiva-satin-corsage-scuba-crepe-maxi-dress-black,,,USD190,62769,Goddiva,1,,,,,,Womens,Dresses
https://www.awin1.com/pclick.php?p=37584600577&a=2771700&m=24726,Goddiva Satin Corsage Scuba Crepe Midi Dress - Black,37584600577,DR4254-BLACK-8,https://cdn.shopify.com/s/files/1/0487/8834/0899/files/DR4254_BLACK_17653_front_1773415470.jpg,"Elegance meets allure in our Satin Corsage Scuba Crepe Midi Dress, designed to captivate on every occasion. Picture yourself as the epitome of sophistication, whether you're attending a wedding, a chic party, or a romantic date night. The standout feature? A stunning satin corsage delicately adorning the neckline, setting you apart with its timeless allure. This Black dress boasts a classic bodycon fit that effortlessly accentuates your curves, ensuring you feel confident and glamorous all evening long. Embracing modern sophistication, the bandeau neckline adds a touch of contemporary flair, ensuring all eyes are on you as you make your grand entrance. Crafted with meticulous attention to detail, this Black dress exudes luxury and refinement without even trying. Step into the spotlight and make a statement with our Satin Corsage Scuba Crepe Midi Dress  the ultimate choice for those who demand nothing less than perfection in every moment.",Dresses,90,Goddiva,24726,Women's Dresses & Skirts,198,https://images2.productserve.com/?w=200&h=200&bg=white&trim=5&t=letterbox&url=ssl%3Acdn.shopify.com%2Fs%2Ffiles%2F1%2F0487%2F8834%2F0899%2Ffiles%2FDR4254_BLACK_17653_front_1773415470.jpg&feedId=62769&k=16486bcfde7be00019ad4e96876df1d1ec7b07e0,USD,,"Over $120 - Free Delivery, Less than $120 - $12",https://goddiva.us/products/goddiva-satin-corsage-scuba-crepe-midi-dress-black,,,USD116,62769,Goddiva,1,,,,,,Womens,Dresses
https://www.awin1.com/pclick.php?p=37584600585&a=2771700&m=24726,Goddiva Satin Corsage Scuba Crepe Midi Dress - Magenta,37584600585,DR4254-MAGENTA-12,https://cdn.shopify.com/s/files/1/0487/8834/0899/files/DR4254_MAGENTA_17661_front_1773415423.jpg,"Elegance meets allure in our Satin Corsage Scuba Crepe Midi Dress, designed to captivate on every occasion. Picture yourself as the epitome of sophistication, whether you're attending a wedding, a chic party, or a romantic date night. The standout feature? A stunning satin corsage delicately adorning the neckline, setting you apart with its timeless allure. This Magenta  dress boasts a classic bodycon fit that effortlessly accentuates your curves, ensuring you feel confident and glamorous all evening long. Embracing modern sophistication, the bandeau neckline adds a touch of contemporary flair, ensuring all eyes are on you as you make your grand entrance. Crafted with meticulous attention to detail, this Pink dress exudes luxury and refinement without even trying. Step into the spotlight and make a statement with our Satin Corsage Scuba Crepe Midi Dress  the ultimate choice for those who demand nothing less than perfection in every moment.",Dresses,90,Goddiva,24726,Women's Dresses & Skirts,198,https://images2.productserve.com/?w=200&h=200&bg=white&trim=5&t=letterbox&url=ssl%3Acdn.shopify.com%2Fs%2Ffiles%2F1%2F0487%2F8834%2F0899%2Ffiles%2FDR4254_MAGENTA_17661_front_1773415423.jpg&feedId=62769&k=82b434d4bdd76919fed587aa0051f01f1799a0d5,USD,,"Over $120 - Free Delivery, Less than $120 - $12",https://goddiva.us/products/goddiva-satin-corsage-scuba-crepe-midi-dress-magenta,,,USD116,62769,Goddiva,1,,,,,,Womens,Dresses
https://www.awin1.com/pclick.php?p=37584600524&a=2771700&m=24726,Goddiva Off The Shoulder Frill Bodice Midi Dress - Rose Pink,37584600524,DR4255-ROSEPINK-10,https://cdn.shopify.com/s/files/1/0487/8834/0899/files/29320_1720711439.jpg,"Prepare to captivate hearts with this rose pink Off The Shoulder Frill Bodice Midi Dress, a mesmerising masterpiece destined for unforgettable moments. This exquisite rose pink creation effortlessly blends elegance with allure, ensuring you stand out like a radiant star on any occasion. Indulge in the luxurious sensation of its figure-hugging bodycon fit, sculpting your curves with divine precision. The off-the-shoulder neckline sets a tantalising tone, exuding timeless sophistication while igniting a sense of playful flirtation. With its playful yet delicate frills cascading gracefully across the bodice, adding a touch of whimsical charm to your ensemble. Whether you're attending a wedding as a distinguished guest, gracing the races with your presence, embarking on a romantic date night, or painting the town red with friends, this rose pink dress promises to be your ultimate companion. Immerse yourself in a realm of unparalleled style and confidence as you slip into this sensational piece. With its unparalleled allure and celestial charm, our Off The Shoulder Frill Bodice Midi Dress is more than just attire; it's a gateway to an extraordinary world of fashion.",Dresses,95,Goddiva,24726,Women's Dresses & Skirts,198,https://images2.productserve.com/?w=200&h=200&bg=white&trim=5&t=letterbox&url=ssl%3Acdn.shopify.com%2Fs%2Ffiles%2F1%2F0487%2F8834%2F0899%2Ffiles%2F29320_1720711439.jpg&feedId=62769&k=e77d0913da2a24f4554f8bd092e4e5e262ea16cd,USD,,"Over $120 - Free Delivery, Less than $120 - $12",https://goddiva.us/products/goddiva-off-the-shoulder-frill-bodice-midi-dress-rose-pink,,,USD136,62769,Goddiva,1,,,,,,Womens,Dresses
https://www.awin1.com/pclick.php?p=37584600568&a=2771700&m=24726,Goddiva Satin Corsage Scuba Crepe Maxi Dress - Black,37584600568,DR4215-BLACK-14,https://cdn.shopify.com/s/files/1/0487/8834/0899/files/DR4215-BLACK_1724765510.jpg,"Prepare to steal the spotlight with our exquisite Satin Corsage Scuba Crepe Maxi Dress, a breathtaking ensemble designed for those unforgettable moments. Whether you're a radiant bridesmaid, a star at a black-tie affair, or the belle of the prom, this Black dress is your ticket to timeless elegance and undeniable allure. At the heart of its charm lies a striking satin corsage delicately adorning the neckline, adding a touch of sophistication and glamour to your ensemble. With its classic fit, this Black dress effortlessly accentuates your silhouette, embracing your curves with grace and poise. The bandeau neckline exudes effortless chic, framing your shoulders and collarbone in a flattering manner that exudes confidence and allure. Made from high-quality scuba crepe fabric, this Black dress not only looks stunning but also feels luxuriously smooth against your skin, ensuring maximum comfort throughout the night. Step into the spotlight and make a statement with our Satin Corsage Scuba Crepe Maxi Dress. It's not just a dress; it's an embodiment of style, elegance, and unparalleled beauty. Embrace the enchantment and captivate hearts wherever you go.",Dresses,90,Goddiva,24726,Women's Dresses & Skirts,198,https://images2.productserve.com/?w=200&h=200&bg=white&trim=5&t=letterbox&url=ssl%3Acdn.shopify.com%2Fs%2Ffiles%2F1%2F0487%2F8834%2F0899%2Ffiles%2FDR4215-BLACK_1724765510.jpg&feedId=62769&k=46a50d27229009d92a8f809131dc01d8b2a37139,USD,,"Over $120 - Free Delivery, Less than $120 - $12",https://goddiva.us/products/goddiva-satin-corsage-scuba-crepe-maxi-dress-black,,,USD190,62769,Goddiva,1,,,,,,Womens,Dresses
https://www.awin1.com/pclick.php?p=37584600571&a=2771700&m=24726,Goddiva Satin Corsage Scuba Crepe Maxi Dress - Magenta,37584600571,DR4215-MAGENTA-8,https://cdn.shopify.com/s/files/1/0487/8834/0899/files/DR4215_magenta_23626_1724763973.jpg,"Prepare to steal the spotlight with our exquisite Satin Corsage Scuba Crepe Maxi Dress, a breathtaking ensemble designed for those unforgettable moments. Whether you're a radiant bridesmaid, a star at a black-tie affair, or the belle of the prom, this Magenta dress is your ticket to timeless elegance and undeniable allure. At the heart of its charm lies a striking satin corsage delicately adorning the neckline, adding a touch of sophistication and glamour to your ensemble. With its classic fit, this Pink dress effortlessly accentuates your silhouette, embracing your curves with grace and poise. The bandeau neckline exudes effortless chic, framing your shoulders and collarbone in a flattering manner that exudes confidence and allure. Made from high-quality scuba crepe fabric, this Magenta dress not only looks stunning but also feels luxuriously smooth against your skin, ensuring maximum comfort throughout the night. Step into the spotlight and make a statement with our Satin Corsage Scuba Crepe Maxi Dress. It's not just a dress; it's an embodiment of style, elegance, and unparalleled beauty. Embrace the enchantment and captivate hearts wherever you go.",Dresses,90,Goddiva,24726,Women's Dresses & Skirts,198,https://images2.productserve.com/?w=200&h=200&bg=white&trim=5&t=letterbox&url=ssl%3Acdn.shopify.com%2Fs%2Ffiles%2F1%2F0487%2F8834%2F0899%2Ffiles%2FDR4215_magenta_23626_1724763973.jpg&feedId=62769&k=980e7416ab4477623859580d171dad33d66d374b,USD,,"Over $120 - Free Delivery, Less than $120 - $12",https://goddiva.us/products/goddiva-satin-corsage-scuba-crepe-maxi-dress-magenta,,,USD190,62769,Goddiva,1,,,,,,Womens,Dresses
https://www.awin1.com/pclick.php?p=37584600574&a=2771700&m=24726,Goddiva Satin Corsage Scuba Crepe Maxi Dress - Magenta,37584600574,DR4215-MAGENTA-14,https://cdn.shopify.com/s/files/1/0487/8834/0899/files/DR4215_magenta_23626_1724763973.jpg,"Prepare to steal the spotlight with our exquisite Satin Corsage Scuba Crepe Maxi Dress, a breathtaking ensemble designed for those unforgettable moments. Whether you're a radiant bridesmaid, a star at a black-tie affair, or the belle of the prom, this Magenta dress is your ticket to timeless elegance and undeniable allure. At the heart of its charm lies a striking satin corsage delicately adorning the neckline, adding a touch of sophistication and glamour to your ensemble. With its classic fit, this Pink dress effortlessly accentuates your silhouette, embracing your curves with grace and poise. The bandeau neckline exudes effortless chic, framing your shoulders and collarbone in a flattering manner that exudes confidence and allure. Made from high-quality scuba crepe fabric, this Magenta dress not only looks stunning but also feels luxuriously smooth against your skin, ensuring maximum comfort throughout the night. Step into the spotlight and make a statement with our Satin Corsage Scuba Crepe Maxi Dress. It's not just a dress; it's an embodiment of style, elegance, and unparalleled beauty. Embrace the enchantment and captivate hearts wherever you go.",Dresses,90,Goddiva,24726,Women's Dresses & Skirts,198,https://images2.productserve.com/?w=200&h=200&bg=white&trim=5&t=letterbox&url=ssl%3Acdn.shopify.com%2Fs%2Ffiles%2F1%2F0487%2F8834%2F0899%2Ffiles%2FDR4215_magenta_23626_1724763973.jpg&feedId=62769&k=980e7416ab4477623859580d171dad33d66d374b,USD,,"Over $120 - Free Delivery, Less than $120 - $12",https://goddiva.us/products/goddiva-satin-corsage-scuba-crepe-maxi-dress-magenta,,,USD190,62769,Goddiva,1,,,,,,Womens,Dresses
https://www.awin1.com/pclick.php?p=37584600583&a=2771700&m=24726,Goddiva Satin Corsage Scuba Crepe Midi Dress - Magenta,37584600583,DR4254-MAGENTA-8,https://cdn.shopify.com/s/files/1/0487/8834/0899/files/DR4254_MAGENTA_17661_front_1773415423.jpg,"Elegance meets allure in our Satin Corsage Scuba Crepe Midi Dress, designed to captivate on every occasion. Picture yourself as the epitome of sophistication, whether you're attending a wedding, a chic party, or a romantic date night. The standout feature? A stunning satin corsage delicately adorning the neckline, setting you apart with its timeless allure. This Magenta  dress boasts a classic bodycon fit that effortlessly accentuates your curves, ensuring you feel confident and glamorous all evening long. Embracing modern sophistication, the bandeau neckline adds a touch of contemporary flair, ensuring all eyes are on you as you make your grand entrance. Crafted with meticulous attention to detail, this Pink dress exudes luxury and refinement without even trying. Step into the spotlight and make a statement with our Satin Corsage Scuba Crepe Midi Dress  the ultimate choice for those who demand nothing less than perfection in every moment.",Dresses,90,Goddiva,24726,Women's Dresses & Skirts,198,https://images2.productserve.com/?w=200&h=200&bg=white&trim=5&t=letterbox&url=ssl%3Acdn.shopify.com%2Fs%2Ffiles%2F1%2F0487%2F8834%2F0899%2Ffiles%2FDR4254_MAGENTA_17661_front_1773415423.jpg&feedId=62769&k=82b434d4bdd76919fed587aa0051f01f1799a0d5,USD,,"Over $120 - Free Delivery, Less than $120 - $12",https://goddiva.us/products/goddiva-satin-corsage-scuba-crepe-midi-dress-magenta,,,USD116,62769,Goddiva,1,,,,,,Womens,Dresses
https://www.awin1.com/pclick.php?p=37584600586&a=2771700&m=24726,Goddiva Satin Corsage Scuba Crepe Midi Dress - Magenta,37584600586,DR4254-MAGENTA-14,https://cdn.shopify.com/s/files/1/0487/8834/0899/files/DR4254_MAGENTA_17661_front_1773415423.jpg,"Elegance meets allure in our Satin Corsage Scuba Crepe Midi Dress, designed to captivate on every occasion. Picture yourself as the epitome of sophistication, whether you're attending a wedding, a chic party, or a romantic date night. The standout feature? A stunning satin corsage delicately adorning the neckline, setting you apart with its timeless allure. This Magenta  dress boasts a classic bodycon fit that effortlessly accentuates your curves, ensuring you feel confident and glamorous all evening long. Embracing modern sophistication, the bandeau neckline adds a touch of contemporary flair, ensuring all eyes are on you as you make your grand entrance. Crafted with meticulous attention to detail, this Pink dress exudes luxury and refinement without even trying. Step into the spotlight and make a statement with our Satin Corsage Scuba Crepe Midi Dress  the ultimate choice for those who demand nothing less than perfection in every moment.",Dresses,90,Goddiva,24726,Women's Dresses & Skirts,198,https://images2.productserve.com/?w=200&h=200&bg=white&trim=5&t=letterbox&url=ssl%3Acdn.shopify.com%2Fs%2Ffiles%2F1%2F0487%2F8834%2F0899%2Ffiles%2FDR4254_MAGENTA_17661_front_1773415423.jpg&feedId=62769&k=82b434d4bdd76919fed587aa0051f01f1799a0d5,USD,,"Over $120 - Free Delivery, Less than $120 - $12",https://goddiva.us/products/goddiva-satin-corsage-scuba-crepe-midi-dress-magenta,,,USD116,62769,Goddiva,1,,,,,,Womens,Dresses
https://www.awin1.com/pclick.php?p=37584600525&a=2771700&m=24726,Goddiva Off The Shoulder Frill Bodice Midi Dress - Rose Pink,37584600525,DR4255-ROSEPINK-12,https://cdn.shopify.com/s/files/1/0487/8834/0899/files/29320_1720711439.jpg,"Prepare to captivate hearts with this rose pink Off The Shoulder Frill Bodice Midi Dress, a mesmerising masterpiece destined for unforgettable moments. This exquisite rose pink creation effortlessly blends elegance with allure, ensuring you stand out like a radiant star on any occasion. Indulge in the luxurious sensation of its figure-hugging bodycon fit, sculpting your curves with divine precision. The off-the-shoulder neckline sets a tantalising tone, exuding timeless sophistication while igniting a sense of playful flirtation. With its playful yet delicate frills cascading gracefully across the bodice, adding a touch of whimsical charm to your ensemble. Whether you're attending a wedding as a distinguished guest, gracing the races with your presence, embarking on a romantic date night, or painting the town red with friends, this rose pink dress promises to be your ultimate companion. Immerse yourself in a realm of unparalleled style and confidence as you slip into this sensational piece. With its unparalleled allure and celestial charm, our Off The Shoulder Frill Bodice Midi Dress is more than just attire; it's a gateway to an extraordinary world of fashion.",Dresses,95,Goddiva,24726,Women's Dresses & Skirts,198,https://images2.productserve.com/?w=200&h=200&bg=white&trim=5&t=letterbox&url=ssl%3Acdn.shopify.com%2Fs%2Ffiles%2F1%2F0487%2F8834%2F0899%2Ffiles%2F29320_1720711439.jpg&feedId=62769&k=e77d0913da2a24f4554f8bd092e4e5e262ea16cd,USD,,"Over $120 - Free Delivery, Less than $120 - $12",https://goddiva.us/products/goddiva-off-the-shoulder-frill-bodice-midi-dress-rose-pink,,,USD136,62769,Goddiva,1,,,,,,Womens,Dresses
https://www.awin1.com/pclick.php?p=37584600573&a=2771700&m=24726,Goddiva Satin Corsage Scuba Crepe Maxi Dress - Magenta,37584600573,DR4215-MAGENTA-12,https://cdn.shopify.com/s/files/1/0487/8834/0899/files/DR4215_magenta_23626_1724763973.jpg,"Prepare to steal the spotlight with our exquisite Satin Corsage Scuba Crepe Maxi Dress, a breathtaking ensemble designed for those unforgettable moments. Whether you're a radiant bridesmaid, a star at a black-tie affair, or the belle of the prom, this Magenta dress is your ticket to timeless elegance and undeniable allure. At the heart of its charm lies a striking satin corsage delicately adorning the neckline, adding a touch of sophistication and glamour to your ensemble. With its classic fit, this Pink dress effortlessly accentuates your silhouette, embracing your curves with grace and poise. The bandeau neckline exudes effortless chic, framing your shoulders and collarbone in a flattering manner that exudes confidence and allure. Made from high-quality scuba crepe fabric, this Magenta dress not only looks stunning but also feels luxuriously smooth against your skin, ensuring maximum comfort throughout the night. Step into the spotlight and make a statement with our Satin Corsage Scuba Crepe Maxi Dress. It's not just a dress; it's an embodiment of style, elegance, and unparalleled beauty. Embrace the enchantment and captivate hearts wherever you go.",Dresses,90,Goddiva,24726,Women's Dresses & Skirts,198,https://images2.productserve.com/?w=200&h=200&bg=white&trim=5&t=letterbox&url=ssl%3Acdn.shopify.com%2Fs%2Ffiles%2F1%2F0487%2F8834%2F0899%2Ffiles%2FDR4215_magenta_23626_1724763973.jpg&feedId=62769&k=980e7416ab4477623859580d171dad33d66d374b,USD,,"Over $120 - Free Delivery, Less than $120 - $12",https://goddiva.us/products/goddiva-satin-corsage-scuba-crepe-maxi-dress-magenta,,,USD190,62769,Goddiva,1,,,,,,Womens,Dresses
https://www.awin1.com/pclick.php?p=37584600578&a=2771700&m=24726,Goddiva Satin Corsage Scuba Crepe Midi Dress - Black,37584600578,DR4254-BLACK-10,https://cdn.shopify.com/s/files/1/0487/8834/0899/files/DR4254_BLACK_17653_front_1773415470.jpg,"Elegance meets allure in our Satin Corsage Scuba Crepe Midi Dress, designed to captivate on every occasion. Picture yourself as the epitome of sophistication, whether you're attending a wedding, a chic party, or a romantic date night. The standout feature? A stunning satin corsage delicately adorning the neckline, setting you apart with its timeless allure. This Black dress boasts a classic bodycon fit that effortlessly accentuates your curves, ensuring you feel confident and glamorous all evening long. Embracing modern sophistication, the bandeau neckline adds a touch of contemporary flair, ensuring all eyes are on you as you make your grand entrance. Crafted with meticulous attention to detail, this Black dress exudes luxury and refinement without even trying. Step into the spotlight and make a statement with our Satin Corsage Scuba Crepe Midi Dress  the ultimate choice for those who demand nothing less than perfection in every moment.",Dresses,90,Goddiva,24726,Women's Dresses & Skirts,198,https://images2.productserve.com/?w=200&h=200&bg=white&trim=5&t=letterbox&url=ssl%3Acdn.shopify.com%2Fs%2Ffiles%2F1%2F0487%2F8834%2F0899%2Ffiles%2FDR4254_BLACK_17653_front_1773415470.jpg&feedId=62769&k=16486bcfde7be00019ad4e96876df1d1ec7b07e0,USD,,"Over $120 - Free Delivery, Less than $120 - $12",https://goddiva.us/products/goddiva-satin-corsage-scuba-crepe-midi-dress-black,,,USD116,62769,Goddiva,1,,,,,,Womens,Dresses
https://www.awin1.com/pclick.php?p=37584600572&a=2771700&m=24726,Goddiva Satin Corsage Scuba Crepe Maxi Dress - Magenta,37584600572,DR4215-MAGENTA-10,https://cdn.shopify.com/s/files/1/0487/8834/0899/files/DR4215_magenta_23626_1724763973.jpg,"Prepare to steal the spotlight with our exquisite Satin Corsage Scuba Crepe Maxi Dress, a breathtaking ensemble designed for those unforgettable moments. Whether you're a radiant bridesmaid, a star at a black-tie affair, or the belle of the prom, this Magenta dress is your ticket to timeless elegance and undeniable allure. At the heart of its charm lies a striking satin corsage delicately adorning the neckline, adding a touch of sophistication and glamour to your ensemble. With its classic fit, this Pink dress effortlessly accentuates your silhouette, embracing your curves with grace and poise. The bandeau neckline exudes effortless chic, framing your shoulders and collarbone in a flattering manner that exudes confidence and allure. Made from high-quality scuba crepe fabric, this Magenta dress not only looks stunning but also feels luxuriously smooth against your skin, ensuring maximum comfort throughout the night. Step into the spotlight and make a statement with our Satin Corsage Scuba Crepe Maxi Dress. It's not just a dress; it's an embodiment of style, elegance, and unparalleled beauty. Embrace the enchantment and captivate hearts wherever you go.",Dresses,90,Goddiva,24726,Women's Dresses & Skirts,198,https://images2.productserve.com/?w=200&h=200&bg=white&trim=5&t=letterbox&url=ssl%3Acdn.shopify.com%2Fs%2Ffiles%2F1%2F0487%2F8834%2F0899%2Ffiles%2FDR4215_magenta_23626_1724763973.jpg&feedId=62769&k=980e7416ab4477623859580d171dad33d66d374b,USD,,"Over $120 - Free Delivery, Less than $120 - $12",https://goddiva.us/products/goddiva-satin-corsage-scuba-crepe-maxi-dress-magenta,,,USD190,62769,Goddiva,1,,,,,,Womens,Dresses
https://www.awin1.com/pclick.php?p=37584600565&a=2771700&m=24726,Goddiva Satin Corsage Scuba Crepe Maxi Dress - Black,37584600565,DR4215-BLACK-8,https://cdn.shopify.com/s/files/1/0487/8834/0899/files/DR4215-BLACK_1724765510.jpg,"Prepare to steal the spotlight with our exquisite Satin Corsage Scuba Crepe Maxi Dress, a breathtaking ensemble designed for those unforgettable moments. Whether you're a radiant bridesmaid, a star at a black-tie affair, or the belle of the prom, this Black dress is your ticket to timeless elegance and undeniable allure. At the heart of its charm lies a striking satin corsage delicately adorning the neckline, adding a touch of sophistication and glamour to your ensemble. With its classic fit, this Black dress effortlessly accentuates your silhouette, embracing your curves with grace and poise. The bandeau neckline exudes effortless chic, framing your shoulders and collarbone in a flattering manner that exudes confidence and allure. Made from high-quality scuba crepe fabric, this Black dress not only looks stunning but also feels luxuriously smooth against your skin, ensuring maximum comfort throughout the night. Step into the spotlight and make a statement with our Satin Corsage Scuba Crepe Maxi Dress. It's not just a dress; it's an embodiment of style, elegance, and unparalleled beauty. Embrace the enchantment and captivate hearts wherever you go.",Dresses,90,Goddiva,24726,Women's Dresses & Skirts,198,https://images2.productserve.com/?w=200&h=200&bg=white&trim=5&t=letterbox&url=ssl%3Acdn.shopify.com%2Fs%2Ffiles%2F1%2F0487%2F8834%2F0899%2Ffiles%2FDR4215-BLACK_1724765510.jpg&feedId=62769&k=46a50d27229009d92a8f809131dc01d8b2a37139,USD,,"Over $120 - Free Delivery, Less than $120 - $12",https://goddiva.us/products/goddiva-satin-corsage-scuba-crepe-maxi-dress-black,,,USD190,62769,Goddiva,1,,,,,,Womens,Dresses
https://www.awin1.com/pclick.php?p=37584600567&a=2771700&m=24726,Goddiva Satin Corsage Scuba Crepe Maxi Dress - Black,37584600567,DR4215-BLACK-12,https://cdn.shopify.com/s/files/1/0487/8834/0899/files/DR4215-BLACK_1724765510.jpg,"Prepare to steal the spotlight with our exquisite Satin Corsage Scuba Crepe Maxi Dress, a breathtaking ensemble designed for those unforgettable moments. Whether you're a radiant bridesmaid, a star at a black-tie affair, or the belle of the prom, this Black dress is your ticket to timeless elegance and undeniable allure. At the heart of its charm lies a striking satin corsage delicately adorning the neckline, adding a touch of sophistication and glamour to your ensemble. With its classic fit, this Black dress effortlessly accentuates your silhouette, embracing your curves with grace and poise. The bandeau neckline exudes effortless chic, framing your shoulders and collarbone in a flattering manner that exudes confidence and allure. Made from high-quality scuba crepe fabric, this Black dress not only looks stunning but also feels luxuriously smooth against your skin, ensuring maximum comfort throughout the night. Step into the spotlight and make a statement with our Satin Corsage Scuba Crepe Maxi Dress. It's not just a dress; it's an embodiment of style, elegance, and unparalleled beauty. Embrace the enchantment and captivate hearts wherever you go.",Dresses,90,Goddiva,24726,Women's Dresses & Skirts,198,https://images2.productserve.com/?w=200&h=200&bg=white&trim=5&t=letterbox&url=ssl%3Acdn.shopify.com%2Fs%2Ffiles%2F1%2F0487%2F8834%2F0899%2Ffiles%2FDR4215-BLACK_1724765510.jpg&feedId=62769&k=46a50d27229009d92a8f809131dc01d8b2a37139,USD,,"Over $120 - Free Delivery, Less than $120 - $12",https://goddiva.us/products/goddiva-satin-corsage-scuba-crepe-maxi-dress-black,,,USD190,62769,Goddiva,1,,,,,,Womens,Dresses
https://www.awin1.com/pclick.php?p=37584600580&a=2771700&m=24726,Goddiva Satin Corsage Scuba Crepe Midi Dress - Black,37584600580,DR4254-BLACK-14,https://cdn.shopify.com/s/files/1/0487/8834/0899/files/DR4254_BLACK_17653_front_1773415470.jpg,"Elegance meets allure in our Satin Corsage Scuba Crepe Midi Dress, designed to captivate on every occasion. Picture yourself as the epitome of sophistication, whether you're attending a wedding, a chic party, or a romantic date night. The standout feature? A stunning satin corsage delicately adorning the neckline, setting you apart with its timeless allure. This Black dress boasts a classic bodycon fit that effortlessly accentuates your curves, ensuring you feel confident and glamorous all evening long. Embracing modern sophistication, the bandeau neckline adds a touch of contemporary flair, ensuring all eyes are on you as you make your grand entrance. Crafted with meticulous attention to detail, this Black dress exudes luxury and refinement without even trying. Step into the spotlight and make a statement with our Satin Corsage Scuba Crepe Midi Dress  the ultimate choice for those who demand nothing less than perfection in every moment.",Dresses,90,Goddiva,24726,Women's Dresses & Skirts,198,https://images2.productserve.com/?w=200&h=200&bg=white&trim=5&t=letterbox&url=ssl%3Acdn.shopify.com%2Fs%2Ffiles%2F1%2F0487%2F8834%2F0899%2Ffiles%2FDR4254_BLACK_17653_front_1773415470.jpg&feedId=62769&k=16486bcfde7be00019ad4e96876df1d1ec7b07e0,USD,,"Over $120 - Free Delivery, Less than $120 - $12",https://goddiva.us/products/goddiva-satin-corsage-scuba-crepe-midi-dress-black,,,USD116,62769,Goddiva,1,,,,,,Womens,Dresses
https://www.awin1.com/pclick.php?p=37584600523&a=2771700&m=24726,Goddiva Off The Shoulder Frill Bodice Midi Dress - Rose Pink,37584600523,DR4255-ROSEPINK-8,https://cdn.shopify.com/s/files/1/0487/8834/0899/files/29320_1720711439.jpg,"Prepare to captivate hearts with this rose pink Off The Shoulder Frill Bodice Midi Dress, a mesmerising masterpiece destined for unforgettable moments. This exquisite rose pink creation effortlessly blends elegance with allure, ensuring you stand out like a radiant star on any occasion. Indulge in the luxurious sensation of its figure-hugging bodycon fit, sculpting your curves with divine precision. The off-the-shoulder neckline sets a tantalising tone, exuding timeless sophistication while igniting a sense of playful flirtation. With its playful yet delicate frills cascading gracefully across the bodice, adding a touch of whimsical charm to your ensemble. Whether you're attending a wedding as a distinguished guest, gracing the races with your presence, embarking on a romantic date night, or painting the town red with friends, this rose pink dress promises to be your ultimate companion. Immerse yourself in a realm of unparalleled style and confidence as you slip into this sensational piece. With its unparalleled allure and celestial charm, our Off The Shoulder Frill Bodice Midi Dress is more than just attire; it's a gateway to an extraordinary world of fashion.",Dresses,95,Goddiva,24726,Women's Dresses & Skirts,198,https://images2.productserve.com/?w=200&h=200&bg=white&trim=5&t=letterbox&url=ssl%3Acdn.shopify.com%2Fs%2Ffiles%2F1%2F0487%2F8834%2F0899%2Ffiles%2F29320_1720711439.jpg&feedId=62769&k=e77d0913da2a24f4554f8bd092e4e5e262ea16cd,USD,,"Over $120 - Free Delivery, Less than $120 - $12",https://goddiva.us/products/goddiva-off-the-shoulder-frill-bodice-midi-dress-rose-pink,,,USD136,62769,Goddiva,1,,,,,,Womens,Dresses
https://www.awin1.com/pclick.php?p=37584600579&a=2771700&m=24726,Goddiva Satin Corsage Scuba Crepe Midi Dress - Black,37584600579,DR4254-BLACK-12,https://cdn.shopify.com/s/files/1/0487/8834/0899/files/DR4254_BLACK_17653_front_1773415470.jpg,"Elegance meets allure in our Satin Corsage Scuba Crepe Midi Dress, designed to captivate on every occasion. Picture yourself as the epitome of sophistication, whether you're attending a wedding, a chic party, or a romantic date night. The standout feature? A stunning satin corsage delicately adorning the neckline, setting you apart with its timeless allure. This Black dress boasts a classic bodycon fit that effortlessly accentuates your curves, ensuring you feel confident and glamorous all evening long. Embracing modern sophistication, the bandeau neckline adds a touch of contemporary flair, ensuring all eyes are on you as you make your grand entrance. Crafted with meticulous attention to detail, this Black dress exudes luxury and refinement without even trying. Step into the spotlight and make a statement with our Satin Corsage Scuba Crepe Midi Dress  the ultimate choice for those who demand nothing less than perfection in every moment.",Dresses,90,Goddiva,24726,Women's Dresses & Skirts,198,https://images2.productserve.com/?w=200&h=200&bg=white&trim=5&t=letterbox&url=ssl%3Acdn.shopify.com%2Fs%2Ffiles%2F1%2F0487%2F8834%2F0899%2Ffiles%2FDR4254_BLACK_17653_front_1773415470.jpg&feedId=62769&k=16486bcfde7be00019ad4e96876df1d1ec7b07e0,USD,,"Over $120 - Free Delivery, Less than $120 - $12",https://goddiva.us/products/goddiva-satin-corsage-scuba-crepe-midi-dress-black,,,USD116,62769,Goddiva,1,,,,,,Womens,Dresses
https://www.awin1.com/pclick.php?p=37584600584&a=2771700&m=24726,Goddiva Satin Corsage Scuba Crepe Midi Dress - Magenta,37584600584,DR4254-MAGENTA-10,https://cdn.shopify.com/s/files/1/0487/8834/0899/files/DR4254_MAGENTA_17661_front_1773415423.jpg,"Elegance meets allure in our Satin Corsage Scuba Crepe Midi Dress, designed to captivate on every occasion. Picture yourself as the epitome of sophistication, whether you're attending a wedding, a chic party, or a romantic date night. The standout feature? A stunning satin corsage delicately adorning the neckline, setting you apart with its timeless allure. This Magenta  dress boasts a classic bodycon fit that effortlessly accentuates your curves, ensuring you feel confident and glamorous all evening long. Embracing modern sophistication, the bandeau neckline adds a touch of contemporary flair, ensuring all eyes are on you as you make your grand entrance. Crafted with meticulous attention to detail, this Pink dress exudes luxury and refinement without even trying. Step into the spotlight and make a statement with our Satin Corsage Scuba Crepe Midi Dress  the ultimate choice for those who demand nothing less than perfection in every moment.",Dresses,90,Goddiva,24726,Women's Dresses & Skirts,198,https://images2.productserve.com/?w=200&h=200&bg=white&trim=5&t=letterbox&url=ssl%3Acdn.shopify.com%2Fs%2Ffiles%2F1%2F0487%2F8834%2F0899%2Ffiles%2FDR4254_MAGENTA_17661_front_1773415423.jpg&feedId=62769&k=82b434d4bdd76919fed587aa0051f01f1799a0d5,USD,,"Over $120 - Free Delivery, Less than $120 - $12",https://goddiva.us/products/goddiva-satin-corsage-scuba-crepe-midi-dress-magenta,,,USD116,62769,Goddiva,1,,,,,,Womens,Dresses
https://www.awin1.com/pclick.php?p=37591343453&a=2771700&m=24726,Goddiva Front Knot Twist  Maxi Dress - Lime Green,37591343453,DR4418-LIME-8,https://cdn.shopify.com/s/files/1/0487/8834/0899/files/DR4418_lime_front_1730381426.jpg,"Elevate your elegance with our stunning Front Knot Twist Maxi Dress, the ultimate choice for wedding guests, bridesmaids, prom, and formal events. With its captivating design, this Lime dress effortlessly combines sophistication with modern flair. Featuring a timeless Bardot neckline, this green dress exudes classic charm while adding a touch of allure to your look. The intricate knot front detailing on the bust creates a focal point that accentuates your figure with tasteful elegance. Created to hug your curves in all the right places, the bodycon fit of this Lime dress flatters your silhouette, offering a sleek and stylish aesthetic. The fishtail hem adds a touch of drama, creating graceful movement with every step you take. Whether you're attending a wedding, standing by your best friend as a bridesmaid, or making a statement at a formal event, our Front Knot Twist Maxi Dress is sure to turn heads and leave a lasting impression. Embrace sophistication and style with this remarkable green piece that embodies effortless beauty and refined glamour.",Dresses,76,Goddiva,24726,Women's Dresses & Skirts,198,https://images2.productserve.com/?w=200&h=200&bg=white&trim=5&t=letterbox&url=ssl%3Acdn.shopify.com%2Fs%2Ffiles%2F1%2F0487%2F8834%2F0899%2Ffiles%2FDR4418_lime_front_1730381426.jpg&feedId=62769&k=837d2d39b9a1bf0e8980f89b09929eb570448a40,USD,,"Over $120 - Free Delivery, Less than $120 - $12",https://goddiva.us/products/goddiva-front-knot-twist-maxi-dress-lime,,,USD96,62769,Goddiva,1,,,,,,Womens,Dresses
https://www.awin1.com/pclick.php?p=37591343447&a=2771700&m=24726,Goddiva Front Knot Twist Maxi Dress - Black,37591343447,DR4418-BLACK-8,https://cdn.shopify.com/s/files/1/0487/8834/0899/files/DR4418_black_01050_1731951551.jpg,"Elevate your elegance with our stunning Front Knot Twist Maxi Dress, the ultimate choice for wedding guests, bridesmaids, prom, and formal events. With its captivating design, this Black dress effortlessly combines sophistication with modern flair. Featuring a timeless Bardot neckline, this black dress exudes classic charm while adding a touch of allure to your look. The intricate knot front detailing on the bust creates a focal point that accentuates your figure with tasteful elegance. Created to hug your curves in all the right places, the bodycon fit of this Black dress flatters your silhouette, offering a sleek and stylish aesthetic. The fishtail hem adds a touch of drama, creating graceful movement with every step you take. Whether you're attending a wedding, standing by your best friend as a bridesmaid, or making a statement at a formal event, our Front Knot Twist Maxi Dress is sure to turn heads and leave a lasting impression. Embrace sophistication and style with this remarkable black piece that embodies effortless beauty and refined glamour.",Dresses,76,Goddiva,24726,Women's Dresses & Skirts,198,https://images2.productserve.com/?w=200&h=200&bg=white&trim=5&t=letterbox&url=ssl%3Acdn.shopify.com%2Fs%2Ffiles%2F1%2F0487%2F8834%2F0899%2Ffiles%2FDR4418_black_01050_1731951551.jpg&feedId=62769&k=088e0a654a88de234c4a9ed485dc77a2bcbd9bed,USD,,"Over $120 - Free Delivery, Less than $120 - $12",https://goddiva.us/products/goddiva-front-knot-twist-maxi-dress-black,,,USD96,62769,Goddiva,1,,,,,,Womens,Dresses
https://www.awin1.com/pclick.php?p=37591343448&a=2771700&m=24726,Goddiva Front Knot Twist Maxi Dress - Black,37591343448,DR4418-BLACK-10,https://cdn.shopify.com/s/files/1/0487/8834/0899/files/DR4418_black_01050_1731951551.jpg,"Elevate your elegance with our stunning Front Knot Twist Maxi Dress, the ultimate choice for wedding guests, bridesmaids, prom, and formal events. With its captivating design, this Black dress effortlessly combines sophistication with modern flair. Featuring a timeless Bardot neckline, this black dress exudes classic charm while adding a touch of allure to your look. The intricate knot front detailing on the bust creates a focal point that accentuates your figure with tasteful elegance. Created to hug your curves in all the right places, the bodycon fit of this Black dress flatters your silhouette, offering a sleek and stylish aesthetic. The fishtail hem adds a touch of drama, creating graceful movement with every step you take. Whether you're attending a wedding, standing by your best friend as a bridesmaid, or making a statement at a formal event, our Front Knot Twist Maxi Dress is sure to turn heads and leave a lasting impression. Embrace sophistication and style with this remarkable black piece that embodies effortless beauty and refined glamour.",Dresses,76,Goddiva,24726,Women's Dresses & Skirts,198,https://images2.productserve.com/?w=200&h=200&bg=white&trim=5&t=letterbox&url=ssl%3Acdn.shopify.com%2Fs%2Ffiles%2F1%2F0487%2F8834%2F0899%2Ffiles%2FDR4418_black_01050_1731951551.jpg&feedId=62769&k=088e0a654a88de234c4a9ed485dc77a2bcbd9bed,USD,,"Over $120 - Free Delivery, Less than $120 - $12",https://goddiva.us/products/goddiva-front-knot-twist-maxi-dress-black,,,USD96,62769,Goddiva,1,,,,,,Womens,Dresses
https://www.awin1.com/pclick.php?p=37591343450&a=2771700&m=24726,Goddiva Front Knot Twist Maxi Dress - Black,37591343450,DR4418-BLACK-14,https://cdn.shopify.com/s/files/1/0487/8834/0899/files/DR4418_black_01050_1731951551.jpg,"Elevate your elegance with our stunning Front Knot Twist Maxi Dress, the ultimate choice for wedding guests, bridesmaids, prom, and formal events. With its captivating design, this Black dress effortlessly combines sophistication with modern flair. Featuring a timeless Bardot neckline, this black dress exudes classic charm while adding a touch of allure to your look. The intricate knot front detailing on the bust creates a focal point that accentuates your figure with tasteful elegance. Created to hug your curves in all the right places, the bodycon fit of this Black dress flatters your silhouette, offering a sleek and stylish aesthetic. The fishtail hem adds a touch of drama, creating graceful movement with every step you take. Whether you're attending a wedding, standing by your best friend as a bridesmaid, or making a statement at a formal event, our Front Knot Twist Maxi Dress is sure to turn heads and leave a lasting impression. Embrace sophistication and style with this remarkable black piece that embodies effortless beauty and refined glamour.",Dresses,76,Goddiva,24726,Women's Dresses & Skirts,198,https://images2.productserve.com/?w=200&h=200&bg=white&trim=5&t=letterbox&url=ssl%3Acdn.shopify.com%2Fs%2Ffiles%2F1%2F0487%2F8834%2F0899%2Ffiles%2FDR4418_black_01050_1731951551.jpg&feedId=62769&k=088e0a654a88de234c4a9ed485dc77a2bcbd9bed,USD,,"Over $120 - Free Delivery, Less than $120 - $12",https://goddiva.us/products/goddiva-front-knot-twist-maxi-dress-black,,,USD96,62769,Goddiva,1,,,,,,Womens,Dresses
https://www.awin1.com/pclick.php?p=37591343449&a=2771700&m=24726,Goddiva Front Knot Twist Maxi Dress - Black,37591343449,DR4418-BLACK-12,https://cdn.shopify.com/s/files/1/0487/8834/0899/files/DR4418_black_01050_1731951551.jpg,"Elevate your elegance with our stunning Front Knot Twist Maxi Dress, the ultimate choice for wedding guests, bridesmaids, prom, and formal events. With its captivating design, this Black dress effortlessly combines sophistication with modern flair. Featuring a timeless Bardot neckline, this black dress exudes classic charm while adding a touch of allure to your look. The intricate knot front detailing on the bust creates a focal point that accentuates your figure with tasteful elegance. Created to hug your curves in all the right places, the bodycon fit of this Black dress flatters your silhouette, offering a sleek and stylish aesthetic. The fishtail hem adds a touch of drama, creating graceful movement with every step you take. Whether you're attending a wedding, standing by your best friend as a bridesmaid, or making a statement at a formal event, our Front Knot Twist Maxi Dress is sure to turn heads and leave a lasting impression. Embrace sophistication and style with this remarkable black piece that embodies effortless beauty and refined glamour.",Dresses,76,Goddiva,24726,Women's Dresses & Skirts,198,https://images2.productserve.com/?w=200&h=200&bg=white&trim=5&t=letterbox&url=ssl%3Acdn.shopify.com%2Fs%2Ffiles%2F1%2F0487%2F8834%2F0899%2Ffiles%2FDR4418_black_01050_1731951551.jpg&feedId=62769&k=088e0a654a88de234c4a9ed485dc77a2bcbd9bed,USD,,"Over $120 - Free Delivery, Less than $120 - $12",https://goddiva.us/products/goddiva-front-knot-twist-maxi-dress-black,,,USD96,62769,Goddiva,1,,,,,,Womens,Dresses
https://www.awin1.com/pclick.php?p=37591343455&a=2771700&m=24726,Goddiva Front Knot Twist  Maxi Dress - Lime Green,37591343455,DR4418-LIME-12,https://cdn.shopify.com/s/files/1/0487/8834/0899/files/DR4418_lime_front_1730381426.jpg,"Elevate your elegance with our stunning Front Knot Twist Maxi Dress, the ultimate choice for wedding guests, bridesmaids, prom, and formal events. With its captivating design, this Lime dress effortlessly combines sophistication with modern flair. Featuring a timeless Bardot neckline, this green dress exudes classic charm while adding a touch of allure to your look. The intricate knot front detailing on the bust creates a focal point that accentuates your figure with tasteful elegance. Created to hug your curves in all the right places, the bodycon fit of this Lime dress flatters your silhouette, offering a sleek and stylish aesthetic. The fishtail hem adds a touch of drama, creating graceful movement with every step you take. Whether you're attending a wedding, standing by your best friend as a bridesmaid, or making a statement at a formal event, our Front Knot Twist Maxi Dress is sure to turn heads and leave a lasting impression. Embrace sophistication and style with this remarkable green piece that embodies effortless beauty and refined glamour.",Dresses,76,Goddiva,24726,Women's Dresses & Skirts,198,https://images2.productserve.com/?w=200&h=200&bg=white&trim=5&t=letterbox&url=ssl%3Acdn.shopify.com%2Fs%2Ffiles%2F1%2F0487%2F8834%2F0899%2Ffiles%2FDR4418_lime_front_1730381426.jpg&feedId=62769&k=837d2d39b9a1bf0e8980f89b09929eb570448a40,USD,,"Over $120 - Free Delivery, Less than $120 - $12",https://goddiva.us/products/goddiva-front-knot-twist-maxi-dress-lime,,,USD96,62769,Goddiva,1,,,,,,Womens,Dresses
https://www.awin1.com/pclick.php?p=37591343454&a=2771700&m=24726,Goddiva Front Knot Twist  Maxi Dress - Lime Green,37591343454,DR4418-LIME-10,https://cdn.shopify.com/s/files/1/0487/8834/0899/files/DR4418_lime_front_1730381426.jpg,"Elevate your elegance with our stunning Front Knot Twist Maxi Dress, the ultimate choice for wedding guests, bridesmaids, prom, and formal events. With its captivating design, this Lime dress effortlessly combines sophistication with modern flair. Featuring a timeless Bardot neckline, this green dress exudes classic charm while adding a touch of allure to your look. The intricate knot front detailing on the bust creates a focal point that accentuates your figure with tasteful elegance. Created to hug your curves in all the right places, the bodycon fit of this Lime dress flatters your silhouette, offering a sleek and stylish aesthetic. The fishtail hem adds a touch of drama, creating graceful movement with every step you take. Whether you're attending a wedding, standing by your best friend as a bridesmaid, or making a statement at a formal event, our Front Knot Twist Maxi Dress is sure to turn heads and leave a lasting impression. Embrace sophistication and style with this remarkable green piece that embodies effortless beauty and refined glamour.",Dresses,76,Goddiva,24726,Women's Dresses & Skirts,198,https://images2.productserve.com/?w=200&h=200&bg=white&trim=5&t=letterbox&url=ssl%3Acdn.shopify.com%2Fs%2Ffiles%2F1%2F0487%2F8834%2F0899%2Ffiles%2FDR4418_lime_front_1730381426.jpg&feedId=62769&k=837d2d39b9a1bf0e8980f89b09929eb570448a40,USD,,"Over $120 - Free Delivery, Less than $120 - $12",https://goddiva.us/products/goddiva-front-knot-twist-maxi-dress-lime,,,USD96,62769,Goddiva,1,,,,,,Womens,Dresses
https://www.awin1.com/pclick.php?p=37591343456&a=2771700&m=24726,Goddiva Front Knot Twist  Maxi Dress - Lime Green,37591343456,DR4418-LIME-14,https://cdn.shopify.com/s/files/1/0487/8834/0899/files/DR4418_lime_front_1730381426.jpg,"Elevate your elegance with our stunning Front Knot Twist Maxi Dress, the ultimate choice for wedding guests, bridesmaids, prom, and formal events. With its captivating design, this Lime dress effortlessly combines sophistication with modern flair. Featuring a timeless Bardot neckline, this green dress exudes classic charm while adding a touch of allure to your look. The intricate knot front detailing on the bust creates a focal point that accentuates your figure with tasteful elegance. Created to hug your curves in all the right places, the bodycon fit of this Lime dress flatters your silhouette, offering a sleek and stylish aesthetic. The fishtail hem adds a touch of drama, creating graceful movement with every step you take. Whether you're attending a wedding, standing by your best friend as a bridesmaid, or making a statement at a formal event, our Front Knot Twist Maxi Dress is sure to turn heads and leave a lasting impression. Embrace sophistication and style with this remarkable green piece that embodies effortless beauty and refined glamour.",Dresses,76,Goddiva,24726,Women's Dresses & Skirts,198,https://images2.productserve.com/?w=200&h=200&bg=white&trim=5&t=letterbox&url=ssl%3Acdn.shopify.com%2Fs%2Ffiles%2F1%2F0487%2F8834%2F0899%2Ffiles%2FDR4418_lime_front_1730381426.jpg&feedId=62769&k=837d2d39b9a1bf0e8980f89b09929eb570448a40,USD,,"Over $120 - Free Delivery, Less than $120 - $12",https://goddiva.us/products/goddiva-front-knot-twist-maxi-dress-lime,,,USD96,62769,Goddiva,1,,,,,,Womens,Dresses
https://www.awin1.com/pclick.php?p=37670171244&a=2771700&m=24726,Goddiva Multiway Mini Dress - Powder Blue,37670171244,DR2361C-POWDERBLUE-8,https://cdn.shopify.com/s/files/1/0487/8834/0899/files/26536_1722504623.jpg,"Introducing the epitome of versatility and style: the Multiway Mini Dress in Powder Blue from Goddiva. This stunning piece offers endless possibilities, allowing you to create a look that's uniquely yours for any occasion. Crafted with meticulous attention to detail, this dress features a flattering mini length that showcases your legs while offering a youthful and playful vibe. The soft powder blue hue exudes a sense of serenity and elegance, making it the perfect choice for any season. What sets this dress apart is its multiway design, allowing you to style it in a variety of ways to suit your mood and personal style. Whether you prefer a classic halter neck, an elegant one-shoulder drape, or a daring cross-back design, the possibilities are endless. Versatile and effortlessly chic, the Multiway Mini Dress in Powder Blue from Goddiva is a must-have addition to your wardrobe. Embrace your creativity and elevate your look with this stylish and versatile piece that's sure to turn heads wherever you go.",Dresses,70,Goddiva,24726,Women's Dresses & Skirts,198,https://images2.productserve.com/?w=200&h=200&bg=white&trim=5&t=letterbox&url=ssl%3Acdn.shopify.com%2Fs%2Ffiles%2F1%2F0487%2F8834%2F0899%2Ffiles%2F26536_1722504623.jpg&feedId=62769&k=dd2b713fdbda88afb3c30453619e756c4c00df6a,USD,,"Over $120 - Free Delivery, Less than $120 - $12",https://goddiva.us/products/goddiva-multiway-mini-dress-powder-blue,,,USD70,62769,Goddiva,1,,,,,,Womens,Dresses
https://www.awin1.com/pclick.php?p=37670171243&a=2771700&m=24726,Goddiva Multiway Mini Dress - Powder Blue,37670171243,DR2361C-POWDERBLUE-6,https://cdn.shopify.com/s/files/1/0487/8834/0899/files/26536_1722504623.jpg,"Introducing the epitome of versatility and style: the Multiway Mini Dress in Powder Blue from Goddiva. This stunning piece offers endless possibilities, allowing you to create a look that's uniquely yours for any occasion. Crafted with meticulous attention to detail, this dress features a flattering mini length that showcases your legs while offering a youthful and playful vibe. The soft powder blue hue exudes a sense of serenity and elegance, making it the perfect choice for any season. What sets this dress apart is its multiway design, allowing you to style it in a variety of ways to suit your mood and personal style. Whether you prefer a classic halter neck, an elegant one-shoulder drape, or a daring cross-back design, the possibilities are endless. Versatile and effortlessly chic, the Multiway Mini Dress in Powder Blue from Goddiva is a must-have addition to your wardrobe. Embrace your creativity and elevate your look with this stylish and versatile piece that's sure to turn heads wherever you go.",Dresses,70,Goddiva,24726,Women's Dresses & Skirts,198,https://images2.productserve.com/?w=200&h=200&bg=white&trim=5&t=letterbox&url=ssl%3Acdn.shopify.com%2Fs%2Ffiles%2F1%2F0487%2F8834%2F0899%2Ffiles%2F26536_1722504623.jpg&feedId=62769&k=dd2b713fdbda88afb3c30453619e756c4c00df6a,USD,,"Over $120 - Free Delivery, Less than $120 - $12",https://goddiva.us/products/goddiva-multiway-mini-dress-powder-blue,,,USD70,62769,Goddiva,1,,,,,,Womens,Dresses
https://www.awin1.com/pclick.php?p=37670171245&a=2771700&m=24726,Goddiva Multiway Mini Dress - Powder Blue,37670171245,DR2361C-POWDERBLUE-10,https://cdn.shopify.com/s/files/1/0487/8834/0899/files/26536_1722504623.jpg,"Introducing the epitome of versatility and style: the Multiway Mini Dress in Powder Blue from Goddiva. This stunning piece offers endless possibilities, allowing you to create a look that's uniquely yours for any occasion. Crafted with meticulous attention to detail, this dress features a flattering mini length that showcases your legs while offering a youthful and playful vibe. The soft powder blue hue exudes a sense of serenity and elegance, making it the perfect choice for any season. What sets this dress apart is its multiway design, allowing you to style it in a variety of ways to suit your mood and personal style. Whether you prefer a classic halter neck, an elegant one-shoulder drape, or a daring cross-back design, the possibilities are endless. Versatile and effortlessly chic, the Multiway Mini Dress in Powder Blue from Goddiva is a must-have addition to your wardrobe. Embrace your creativity and elevate your look with this stylish and versatile piece that's sure to turn heads wherever you go.",Dresses,70,Goddiva,24726,Women's Dresses & Skirts,198,https://images2.productserve.com/?w=200&h=200&bg=white&trim=5&t=letterbox&url=ssl%3Acdn.shopify.com%2Fs%2Ffiles%2F1%2F0487%2F8834%2F0899%2Ffiles%2F26536_1722504623.jpg&feedId=62769&k=dd2b713fdbda88afb3c30453619e756c4c00df6a,USD,,"Over $120 - Free Delivery, Less than $120 - $12",https://goddiva.us/products/goddiva-multiway-mini-dress-powder-blue,,,USD70,62769,Goddiva,1,,,,,,Womens,Dresses
https://www.awin1.com/pclick.php?p=37676196704&a=2771700&m=24726,Goddiva Denim Frayed Asymmetric Sleeveless Midaxi Shirt Dress - Blue Denim,37676196704,DR4130-BLUEDENIM-8,https://cdn.shopify.com/s/files/1/0487/8834/0899/files/IMG_3724_1_1718627403.jpg,"Dive into effortless chic with our Denim Frayed Asymmetric Sleeveless Shirt Dress. This versatile piece effortlessly blends casual charm with a touch of edgy sophistication, making it your go-to choice from day to night. This navy denim dress exudes laid-back vibes while maintaining a stylish edge. The button-up bodice adds a classic touch, while the asymmetric raw hem and raw edges on the sleeves inject a modern twist. Transition seamlessly from casual daytime outings to elegant evening affairs by simply changing your footwear. Pair this navy denim style with sneakers or sandals for a relaxed daytime look, then elevate your style with heels for a night out on the town. With its unique design and versatile appeal, our Denim Frayed Asymmetric Sleeveless Shirt Dress is a must-have addition to your wardrobe, promising comfort, style, and effortless sophistication every step of the way.",Dresses,77,Goddiva,24726,Women's Dresses & Skirts,198,https://images2.productserve.com/?w=200&h=200&bg=white&trim=5&t=letterbox&url=ssl%3Acdn.shopify.com%2Fs%2Ffiles%2F1%2F0487%2F8834%2F0899%2Ffiles%2FIMG_3724_1_1718627403.jpg&feedId=62769&k=d98a95b096010aae7609f935bf6694768210f1d8,USD,,"Over $120 - Free Delivery, Less than $120 - $12",https://goddiva.us/products/goddiva-denim-frayed-asymmetric-sleeveless-midaxi-shirt-dress-blue-denim,,,USD110,62769,Goddiva,1,,,,,,Womens,Dresses
https://www.awin1.com/pclick.php?p=37676196706&a=2771700&m=24726,Goddiva Denim Frayed Asymmetric Sleeveless Midaxi Shirt Dress - Blue Denim,37676196706,DR4130-BLUEDENIM-12,https://cdn.shopify.com/s/files/1/0487/8834/0899/files/IMG_3724_1_1718627403.jpg,"Dive into effortless chic with our Denim Frayed Asymmetric Sleeveless Shirt Dress. This versatile piece effortlessly blends casual charm with a touch of edgy sophistication, making it your go-to choice from day to night. This navy denim dress exudes laid-back vibes while maintaining a stylish edge. The button-up bodice adds a classic touch, while the asymmetric raw hem and raw edges on the sleeves inject a modern twist. Transition seamlessly from casual daytime outings to elegant evening affairs by simply changing your footwear. Pair this navy denim style with sneakers or sandals for a relaxed daytime look, then elevate your style with heels for a night out on the town. With its unique design and versatile appeal, our Denim Frayed Asymmetric Sleeveless Shirt Dress is a must-have addition to your wardrobe, promising comfort, style, and effortless sophistication every step of the way.",Dresses,77,Goddiva,24726,Women's Dresses & Skirts,198,https://images2.productserve.com/?w=200&h=200&bg=white&trim=5&t=letterbox&url=ssl%3Acdn.shopify.com%2Fs%2Ffiles%2F1%2F0487%2F8834%2F0899%2Ffiles%2FIMG_3724_1_1718627403.jpg&feedId=62769&k=d98a95b096010aae7609f935bf6694768210f1d8,USD,,"Over $120 - Free Delivery, Less than $120 - $12",https://goddiva.us/products/goddiva-denim-frayed-asymmetric-sleeveless-midaxi-shirt-dress-blue-denim,,,USD110,62769,Goddiva,1,,,,,,Womens,Dresses
https://www.awin1.com/pclick.php?p=37676196705&a=2771700&m=24726,Goddiva Denim Frayed Asymmetric Sleeveless Midaxi Shirt Dress - Blue Denim,37676196705,DR4130-BLUEDENIM-10,https://cdn.shopify.com/s/files/1/0487/8834/0899/files/IMG_3724_1_1718627403.jpg,"Dive into effortless chic with our Denim Frayed Asymmetric Sleeveless Shirt Dress. This versatile piece effortlessly blends casual charm with a touch of edgy sophistication, making it your go-to choice from day to night. This navy denim dress exudes laid-back vibes while maintaining a stylish edge. The button-up bodice adds a classic touch, while the asymmetric raw hem and raw edges on the sleeves inject a modern twist. Transition seamlessly from casual daytime outings to elegant evening affairs by simply changing your footwear. Pair this navy denim style with sneakers or sandals for a relaxed daytime look, then elevate your style with heels for a night out on the town. With its unique design and versatile appeal, our Denim Frayed Asymmetric Sleeveless Shirt Dress is a must-have addition to your wardrobe, promising comfort, style, and effortless sophistication every step of the way.",Dresses,77,Goddiva,24726,Women's Dresses & Skirts,198,https://images2.productserve.com/?w=200&h=200&bg=white&trim=5&t=letterbox&url=ssl%3Acdn.shopify.com%2Fs%2Ffiles%2F1%2F0487%2F8834%2F0899%2Ffiles%2FIMG_3724_1_1718627403.jpg&feedId=62769&k=d98a95b096010aae7609f935bf6694768210f1d8,USD,,"Over $120 - Free Delivery, Less than $120 - $12",https://goddiva.us/products/goddiva-denim-frayed-asymmetric-sleeveless-midaxi-shirt-dress-blue-denim,,,USD110,62769,Goddiva,1,,,,,,Womens,Dresses
https://www.awin1.com/pclick.php?p=37676196707&a=2771700&m=24726,Goddiva Denim Frayed Asymmetric Sleeveless Midaxi Shirt Dress - Blue Denim,37676196707,DR4130-BLUEDENIM-14,https://cdn.shopify.com/s/files/1/0487/8834/0899/files/IMG_3724_1_1718627403.jpg,"Dive into effortless chic with our Denim Frayed Asymmetric Sleeveless Shirt Dress. This versatile piece effortlessly blends casual charm with a touch of edgy sophistication, making it your go-to choice from day to night. This navy denim dress exudes laid-back vibes while maintaining a stylish edge. The button-up bodice adds a classic touch, while the asymmetric raw hem and raw edges on the sleeves inject a modern twist. Transition seamlessly from casual daytime outings to elegant evening affairs by simply changing your footwear. Pair this navy denim style with sneakers or sandals for a relaxed daytime look, then elevate your style with heels for a night out on the town. With its unique design and versatile appeal, our Denim Frayed Asymmetric Sleeveless Shirt Dress is a must-have addition to your wardrobe, promising comfort, style, and effortless sophistication every step of the way.",Dresses,77,Goddiva,24726,Women's Dresses & Skirts,198,https://images2.productserve.com/?w=200&h=200&bg=white&trim=5&t=letterbox&url=ssl%3Acdn.shopify.com%2Fs%2Ffiles%2F1%2F0487%2F8834%2F0899%2Ffiles%2FIMG_3724_1_1718627403.jpg&feedId=62769&k=d98a95b096010aae7609f935bf6694768210f1d8,USD,,"Over $120 - Free Delivery, Less than $120 - $12",https://goddiva.us/products/goddiva-denim-frayed-asymmetric-sleeveless-midaxi-shirt-dress-blue-denim,,,USD110,62769,Goddiva,1,,,,,,Womens,Dresses
https://www.awin1.com/pclick.php?p=37723045091&a=2771700&m=24726,Goddiva Ombre Front Wrap Bardot Midi Dress - Light Blue,37723045091,DR4222QZ-LIGHTBLUE-10,https://cdn.shopify.com/s/files/1/0487/8834/0899/files/DR4222QZ_LIGHTBLUE_259250_FRONT_1714661283.jpg,"Step into summer with effortless grace in our Ombre Front Wrap Bardot Midi Dress. Designed for those who adore chic simplicity, this Light Blue dress boasts an off-the-shoulder style and a figure-hugging bodycon fit, ensuring you radiate confidence with every step. What sets this dress apart is its stunning two-toned coloured ombre style, creating a captivating gradient effect that will turn heads wherever you go. Whether you're attending a summer wedding, enjoying a romantic date night, or celebrating special occasions, this  Blue dress is your go-to choice for elegance and charm. The midi length adds a touch of sophistication, while the front wrap detail adds a subtle hint of allure. Pair it with your favorite heels and accessories for a look that's effortlessly stylish and undeniably chic. Embrace the warmth of the season in style with our  Light Blue Ombre Front Wrap Bardot Midi Dress, your ultimate summer wardrobe essential.",Dresses,91,Goddiva,24726,Women's Dresses & Skirts,198,https://images2.productserve.com/?w=200&h=200&bg=white&trim=5&t=letterbox&url=ssl%3Acdn.shopify.com%2Fs%2Ffiles%2F1%2F0487%2F8834%2F0899%2Ffiles%2FDR4222QZ_LIGHTBLUE_259250_FRONT_1714661283.jpg&feedId=62769&k=e71cf90e4e7ce4b9215858632b099fc353944c65,USD,,"Over $120 - Free Delivery, Less than $120 - $12",https://goddiva.us/products/goddiva-ombre-front-wrap-bardot-midi-dress-light-blue,,,USD130,62769,Goddiva,1,,,,,,Womens,Dresses
https://www.awin1.com/pclick.php?p=37723045089&a=2771700&m=24726,Goddiva Ombre Front Wrap Bardot Midi Dress - Light Blue,37723045089,DR4222QZ-LIGHTBLUE-6,https://cdn.shopify.com/s/files/1/0487/8834/0899/files/DR4222QZ_LIGHTBLUE_259250_FRONT_1714661283.jpg,"Step into summer with effortless grace in our Ombre Front Wrap Bardot Midi Dress. Designed for those who adore chic simplicity, this Light Blue dress boasts an off-the-shoulder style and a figure-hugging bodycon fit, ensuring you radiate confidence with every step. What sets this dress apart is its stunning two-toned coloured ombre style, creating a captivating gradient effect that will turn heads wherever you go. Whether you're attending a summer wedding, enjoying a romantic date night, or celebrating special occasions, this  Blue dress is your go-to choice for elegance and charm. The midi length adds a touch of sophistication, while the front wrap detail adds a subtle hint of allure. Pair it with your favorite heels and accessories for a look that's effortlessly stylish and undeniably chic. Embrace the warmth of the season in style with our  Light Blue Ombre Front Wrap Bardot Midi Dress, your ultimate summer wardrobe essential.",Dresses,91,Goddiva,24726,Women's Dresses & Skirts,198,https://images2.productserve.com/?w=200&h=200&bg=white&trim=5&t=letterbox&url=ssl%3Acdn.shopify.com%2Fs%2Ffiles%2F1%2F0487%2F8834%2F0899%2Ffiles%2FDR4222QZ_LIGHTBLUE_259250_FRONT_1714661283.jpg&feedId=62769&k=e71cf90e4e7ce4b9215858632b099fc353944c65,USD,,"Over $120 - Free Delivery, Less than $120 - $12",https://goddiva.us/products/goddiva-ombre-front-wrap-bardot-midi-dress-light-blue,,,USD130,62769,Goddiva,1,,,,,,Womens,Dresses
https://www.awin1.com/pclick.php?p=37723045092&a=2771700&m=24726,Goddiva Ombre Front Wrap Bardot Midi Dress - Light Blue,37723045092,DR4222QZ-LIGHTBLUE-12,https://cdn.shopify.com/s/files/1/0487/8834/0899/files/DR4222QZ_LIGHTBLUE_259250_FRONT_1714661283.jpg,"Step into summer with effortless grace in our Ombre Front Wrap Bardot Midi Dress. Designed for those who adore chic simplicity, this Light Blue dress boasts an off-the-shoulder style and a figure-hugging bodycon fit, ensuring you radiate confidence with every step. What sets this dress apart is its stunning two-toned coloured ombre style, creating a captivating gradient effect that will turn heads wherever you go. Whether you're attending a summer wedding, enjoying a romantic date night, or celebrating special occasions, this  Blue dress is your go-to choice for elegance and charm. The midi length adds a touch of sophistication, while the front wrap detail adds a subtle hint of allure. Pair it with your favorite heels and accessories for a look that's effortlessly stylish and undeniably chic. Embrace the warmth of the season in style with our  Light Blue Ombre Front Wrap Bardot Midi Dress, your ultimate summer wardrobe essential.",Dresses,91,Goddiva,24726,Women's Dresses & Skirts,198,https://images2.productserve.com/?w=200&h=200&bg=white&trim=5&t=letterbox&url=ssl%3Acdn.shopify.com%2Fs%2Ffiles%2F1%2F0487%2F8834%2F0899%2Ffiles%2FDR4222QZ_LIGHTBLUE_259250_FRONT_1714661283.jpg&feedId=62769&k=e71cf90e4e7ce4b9215858632b099fc353944c65,USD,,"Over $120 - Free Delivery, Less than $120 - $12",https://goddiva.us/products/goddiva-ombre-front-wrap-bardot-midi-dress-light-blue,,,USD130,62769,Goddiva,1,,,,,,Womens,Dresses
https://www.awin1.com/pclick.php?p=37723045090&a=2771700&m=24726,Goddiva Ombre Front Wrap Bardot Midi Dress - Light Blue,37723045090,DR4222QZ-LIGHTBLUE-8,https://cdn.shopify.com/s/files/1/0487/8834/0899/files/DR4222QZ_LIGHTBLUE_259250_FRONT_1714661283.jpg,"Step into summer with effortless grace in our Ombre Front Wrap Bardot Midi Dress. Designed for those who adore chic simplicity, this Light Blue dress boasts an off-the-shoulder style and a figure-hugging bodycon fit, ensuring you radiate confidence with every step. What sets this dress apart is its stunning two-toned coloured ombre style, creating a captivating gradient effect that will turn heads wherever you go. Whether you're attending a summer wedding, enjoying a romantic date night, or celebrating special occasions, this  Blue dress is your go-to choice for elegance and charm. The midi length adds a touch of sophistication, while the front wrap detail adds a subtle hint of allure. Pair it with your favorite heels and accessories for a look that's effortlessly stylish and undeniably chic. Embrace the warmth of the season in style with our  Light Blue Ombre Front Wrap Bardot Midi Dress, your ultimate summer wardrobe essential.",Dresses,91,Goddiva,24726,Women's Dresses & Skirts,198,https://images2.productserve.com/?w=200&h=200&bg=white&trim=5&t=letterbox&url=ssl%3Acdn.shopify.com%2Fs%2Ffiles%2F1%2F0487%2F8834%2F0899%2Ffiles%2FDR4222QZ_LIGHTBLUE_259250_FRONT_1714661283.jpg&feedId=62769&k=e71cf90e4e7ce4b9215858632b099fc353944c65,USD,,"Over $120 - Free Delivery, Less than $120 - $12",https://goddiva.us/products/goddiva-ombre-front-wrap-bardot-midi-dress-light-blue,,,USD130,62769,Goddiva,1,,,,,,Womens,Dresses
https://www.awin1.com/pclick.php?p=37723045093&a=2771700&m=24726,Goddiva Ombre Front Wrap Bardot Midi Dress - Light Blue,37723045093,DR4222QZ-LIGHTBLUE-14,https://cdn.shopify.com/s/files/1/0487/8834/0899/files/DR4222QZ_LIGHTBLUE_259250_FRONT_1714661283.jpg,"Step into summer with effortless grace in our Ombre Front Wrap Bardot Midi Dress. Designed for those who adore chic simplicity, this Light Blue dress boasts an off-the-shoulder style and a figure-hugging bodycon fit, ensuring you radiate confidence with every step. What sets this dress apart is its stunning two-toned coloured ombre style, creating a captivating gradient effect that will turn heads wherever you go. Whether you're attending a summer wedding, enjoying a romantic date night, or celebrating special occasions, this  Blue dress is your go-to choice for elegance and charm. The midi length adds a touch of sophistication, while the front wrap detail adds a subtle hint of allure. Pair it with your favorite heels and accessories for a look that's effortlessly stylish and undeniably chic. Embrace the warmth of the season in style with our  Light Blue Ombre Front Wrap Bardot Midi Dress, your ultimate summer wardrobe essential.",Dresses,91,Goddiva,24726,Women's Dresses & Skirts,198,https://images2.productserve.com/?w=200&h=200&bg=white&trim=5&t=letterbox&url=ssl%3Acdn.shopify.com%2Fs%2Ffiles%2F1%2F0487%2F8834%2F0899%2Ffiles%2FDR4222QZ_LIGHTBLUE_259250_FRONT_1714661283.jpg&feedId=62769&k=e71cf90e4e7ce4b9215858632b099fc353944c65,USD,,"Over $120 - Free Delivery, Less than $120 - $12",https://goddiva.us/products/goddiva-ombre-front-wrap-bardot-midi-dress-light-blue,,,USD130,62769,Goddiva,1,,,,,,Womens,Dresses
https://www.awin1.com/pclick.php?p=37728943322&a=2771700&m=24726,Goddiva Cap Sleeve Frill Edge Midi Dress - Lime Green,37728943322,DR4223-LIME-12,https://cdn.shopify.com/s/files/1/0487/8834/0899/files/DR4223_LIME_259_front_1761302789.jpg,"Step into sophistication and charm with our Cap Sleeve Frill Edge Midi Dress, where every detail whispers elegance. Adorned with a delightful frilled sweetheart neckline, this lime dress exudes femininity and grace, framing your neckline with a touch of playful allure. The bodycon fit effortlessly accentuates your curves, while the short capped sleeves add a subtle hint of chicness. Whether you're attending a wedding, christening, baby shower, dinner, or a romantic date night, this green dress is your perfect companion for semi-formal occasions. Its versatile design effortlessly transitions from day to night, ensuring you look and feel your best from dawn to dusk. This lime midi dress combines style and comfort seamlessly. Elevate your ensemble and make a statement with our Cap Sleeve Frill Edge Midi Dress, your go-to choice for unforgettable moments.",Dresses,76,Goddiva,24726,Women's Dresses & Skirts,198,https://images2.productserve.com/?w=200&h=200&bg=white&trim=5&t=letterbox&url=ssl%3Acdn.shopify.com%2Fs%2Ffiles%2F1%2F0487%2F8834%2F0899%2Ffiles%2FDR4223_LIME_259_front_1761302789.jpg&feedId=62769&k=f6359ba0270617868d7aa3c77ddad1ae395d5c19,USD,,"Over $120 - Free Delivery, Less than $120 - $12",https://goddiva.us/products/goddiva-cap-sleeve-frill-edge-midi-dress-lime-green,,,USD96,62769,Goddiva,1,,,,,,Womens,Dresses
https://www.awin1.com/pclick.php?p=37728943320&a=2771700&m=24726,Goddiva Cap Sleeve Frill Edge Midi Dress - Lime Green,37728943320,DR4223-LIME-8,https://cdn.shopify.com/s/files/1/0487/8834/0899/files/DR4223_LIME_259_front_1761302789.jpg,"Step into sophistication and charm with our Cap Sleeve Frill Edge Midi Dress, where every detail whispers elegance. Adorned with a delightful frilled sweetheart neckline, this lime dress exudes femininity and grace, framing your neckline with a touch of playful allure. The bodycon fit effortlessly accentuates your curves, while the short capped sleeves add a subtle hint of chicness. Whether you're attending a wedding, christening, baby shower, dinner, or a romantic date night, this green dress is your perfect companion for semi-formal occasions. Its versatile design effortlessly transitions from day to night, ensuring you look and feel your best from dawn to dusk. This lime midi dress combines style and comfort seamlessly. Elevate your ensemble and make a statement with our Cap Sleeve Frill Edge Midi Dress, your go-to choice for unforgettable moments.",Dresses,76,Goddiva,24726,Women's Dresses & Skirts,198,https://images2.productserve.com/?w=200&h=200&bg=white&trim=5&t=letterbox&url=ssl%3Acdn.shopify.com%2Fs%2Ffiles%2F1%2F0487%2F8834%2F0899%2Ffiles%2FDR4223_LIME_259_front_1761302789.jpg&feedId=62769&k=f6359ba0270617868d7aa3c77ddad1ae395d5c19,USD,,"Over $120 - Free Delivery, Less than $120 - $12",https://goddiva.us/products/goddiva-cap-sleeve-frill-edge-midi-dress-lime-green,,,USD96,62769,Goddiva,1,,,,,,Womens,Dresses
https://www.awin1.com/pclick.php?p=37728943323&a=2771700&m=24726,Goddiva Cap Sleeve Frill Edge Midi Dress - Lime Green,37728943323,DR4223-LIME-14,https://cdn.shopify.com/s/files/1/0487/8834/0899/files/DR4223_LIME_259_front_1761302789.jpg,"Step into sophistication and charm with our Cap Sleeve Frill Edge Midi Dress, where every detail whispers elegance. Adorned with a delightful frilled sweetheart neckline, this lime dress exudes femininity and grace, framing your neckline with a touch of playful allure. The bodycon fit effortlessly accentuates your curves, while the short capped sleeves add a subtle hint of chicness. Whether you're attending a wedding, christening, baby shower, dinner, or a romantic date night, this green dress is your perfect companion for semi-formal occasions. Its versatile design effortlessly transitions from day to night, ensuring you look and feel your best from dawn to dusk. This lime midi dress combines style and comfort seamlessly. Elevate your ensemble and make a statement with our Cap Sleeve Frill Edge Midi Dress, your go-to choice for unforgettable moments.",Dresses,76,Goddiva,24726,Women's Dresses & Skirts,198,https://images2.productserve.com/?w=200&h=200&bg=white&trim=5&t=letterbox&url=ssl%3Acdn.shopify.com%2Fs%2Ffiles%2F1%2F0487%2F8834%2F0899%2Ffiles%2FDR4223_LIME_259_front_1761302789.jpg&feedId=62769&k=f6359ba0270617868d7aa3c77ddad1ae395d5c19,USD,,"Over $120 - Free Delivery, Less than $120 - $12",https://goddiva.us/products/goddiva-cap-sleeve-frill-edge-midi-dress-lime-green,,,USD96,62769,Goddiva,1,,,,,,Womens,Dresses
https://www.awin1.com/pclick.php?p=37728943326&a=2771700&m=24726,Goddiva Cap Sleeve Frill Edge Midi Dress - Royal Blue,37728943326,DR4223-ROYALBLUE-8,https://cdn.shopify.com/s/files/1/0487/8834/0899/files/DR4223_ROYALBLUE_214_front_1761302822.jpg,"Step into sophistication and charm with our Cap Sleeve Frill Edge Midi Dress, where every detail whispers elegance. Adorned with a delightful frilled sweetheart neckline, this royal blue dress exudes femininity and grace, framing your neckline with a touch of playful allure. The bodycon fit effortlessly accentuates your curves, while the short capped sleeves add a subtle hint of chicness. Whether you're attending a wedding, christening, baby shower, dinner, or a romantic date night, this blue dress is your perfect companion for semi-formal occasions. Its versatile design effortlessly transitions from day to night, ensuring you look and feel your best from dawn to dusk. This royal blue midi dress combines style and comfort seamlessly. Elevate your ensemble and make a statement with our Cap Sleeve Frill Edge Midi Dress, your go-to choice for unforgettable moments.",Dresses,76,Goddiva,24726,Women's Dresses & Skirts,198,https://images2.productserve.com/?w=200&h=200&bg=white&trim=5&t=letterbox&url=ssl%3Acdn.shopify.com%2Fs%2Ffiles%2F1%2F0487%2F8834%2F0899%2Ffiles%2FDR4223_ROYALBLUE_214_front_1761302822.jpg&feedId=62769&k=6fc01e67e2f099a2c6f4b52a9a6799bbcdca49a8,USD,,"Over $120 - Free Delivery, Less than $120 - $12",https://goddiva.us/products/goddiva-cap-sleeve-frill-edge-midi-dress-royal-blue,,,USD96,62769,Goddiva,1,,,,,,Womens,Dresses
https://www.awin1.com/pclick.php?p=37728943334&a=2771700&m=24726,Goddiva Denim Sleeveless High And Low Midaxi Dress - Navy Denim,37728943334,DR4131-NAVYDENIM-12,https://cdn.shopify.com/s/files/1/0487/8834/0899/files/IMG_4299_1_1718627477.jpg,"Step into effortless chic with our Denim Sleeveless Raw Hem High And Low Dress. This versatile piece seamlessly blends casual comfort with contemporary style, making it a wardrobe essential for any modern woman. This casual navy denim dress boasts a unique high-low design that exudes both flair and sophistication. The sleeveless cut and raw hem detailing add a touch of edginess, while the button-up bodice provides a classic and timeless appeal. Transition effortlessly from day to night with this must-have garment. Pair it with your favourite sneakers or sandals for a relaxed daytime look, then elevate your ensemble by swapping to heels for an evening out. Whether you're running errands during the day or hitting the town at night, this dress is sure to turn heads wherever you go. Embrace comfort, style, and versatility with our Denim Sleeveless Raw Hem High And Low Dress. Upgrade your wardrobe with this statement piece today!",Dresses,98,Goddiva,24726,Women's Dresses & Skirts,198,https://images2.productserve.com/?w=200&h=200&bg=white&trim=5&t=letterbox&url=ssl%3Acdn.shopify.com%2Fs%2Ffiles%2F1%2F0487%2F8834%2F0899%2Ffiles%2FIMG_4299_1_1718627477.jpg&feedId=62769&k=e1c6ae691d6eebad220552348ded5f47face203a,USD,,"Over $120 - Free Delivery, Less than $120 - $12",https://goddiva.us/products/goddiva-denim-sleeveless-high-and-low-midaxi-dress-navy-denim,,,USD130,62769,Goddiva,1,,,,,,Womens,Dresses
https://www.awin1.com/pclick.php?p=37728943321&a=2771700&m=24726,Goddiva Cap Sleeve Frill Edge Midi Dress - Lime Green,37728943321,DR4223-LIME-10,https://cdn.shopify.com/s/files/1/0487/8834/0899/files/DR4223_LIME_259_front_1761302789.jpg,"Step into sophistication and charm with our Cap Sleeve Frill Edge Midi Dress, where every detail whispers elegance. Adorned with a delightful frilled sweetheart neckline, this lime dress exudes femininity and grace, framing your neckline with a touch of playful allure. The bodycon fit effortlessly accentuates your curves, while the short capped sleeves add a subtle hint of chicness. Whether you're attending a wedding, christening, baby shower, dinner, or a romantic date night, this green dress is your perfect companion for semi-formal occasions. Its versatile design effortlessly transitions from day to night, ensuring you look and feel your best from dawn to dusk. This lime midi dress combines style and comfort seamlessly. Elevate your ensemble and make a statement with our Cap Sleeve Frill Edge Midi Dress, your go-to choice for unforgettable moments.",Dresses,76,Goddiva,24726,Women's Dresses & Skirts,198,https://images2.productserve.com/?w=200&h=200&bg=white&trim=5&t=letterbox&url=ssl%3Acdn.shopify.com%2Fs%2Ffiles%2F1%2F0487%2F8834%2F0899%2Ffiles%2FDR4223_LIME_259_front_1761302789.jpg&feedId=62769&k=f6359ba0270617868d7aa3c77ddad1ae395d5c19,USD,,"Over $120 - Free Delivery, Less than $120 - $12",https://goddiva.us/products/goddiva-cap-sleeve-frill-edge-midi-dress-lime-green,,,USD96,62769,Goddiva,1,,,,,,Womens,Dresses
https://www.awin1.com/pclick.php?p=37728943327&a=2771700&m=24726,Goddiva Cap Sleeve Frill Edge Midi Dress - Royal Blue,37728943327,DR4223-ROYALBLUE-10,https://cdn.shopify.com/s/files/1/0487/8834/0899/files/DR4223_ROYALBLUE_214_front_1761302822.jpg,"Step into sophistication and charm with our Cap Sleeve Frill Edge Midi Dress, where every detail whispers elegance. Adorned with a delightful frilled sweetheart neckline, this royal blue dress exudes femininity and grace, framing your neckline with a touch of playful allure. The bodycon fit effortlessly accentuates your curves, while the short capped sleeves add a subtle hint of chicness. Whether you're attending a wedding, christening, baby shower, dinner, or a romantic date night, this blue dress is your perfect companion for semi-formal occasions. Its versatile design effortlessly transitions from day to night, ensuring you look and feel your best from dawn to dusk. This royal blue midi dress combines style and comfort seamlessly. Elevate your ensemble and make a statement with our Cap Sleeve Frill Edge Midi Dress, your go-to choice for unforgettable moments.",Dresses,76,Goddiva,24726,Women's Dresses & Skirts,198,https://images2.productserve.com/?w=200&h=200&bg=white&trim=5&t=letterbox&url=ssl%3Acdn.shopify.com%2Fs%2Ffiles%2F1%2F0487%2F8834%2F0899%2Ffiles%2FDR4223_ROYALBLUE_214_front_1761302822.jpg&feedId=62769&k=6fc01e67e2f099a2c6f4b52a9a6799bbcdca49a8,USD,,"Over $120 - Free Delivery, Less than $120 - $12",https://goddiva.us/products/goddiva-cap-sleeve-frill-edge-midi-dress-royal-blue,,,USD96,62769,Goddiva,1,,,,,,Womens,Dresses
https://www.awin1.com/pclick.php?p=37728943332&a=2771700&m=24726,Goddiva Denim Sleeveless High And Low Midaxi Dress - Navy Denim,37728943332,DR4131-NAVYDENIM-8,https://cdn.shopify.com/s/files/1/0487/8834/0899/files/IMG_4299_1_1718627477.jpg,"Step into effortless chic with our Denim Sleeveless Raw Hem High And Low Dress. This versatile piece seamlessly blends casual comfort with contemporary style, making it a wardrobe essential for any modern woman. This casual navy denim dress boasts a unique high-low design that exudes both flair and sophistication. The sleeveless cut and raw hem detailing add a touch of edginess, while the button-up bodice provides a classic and timeless appeal. Transition effortlessly from day to night with this must-have garment. Pair it with your favourite sneakers or sandals for a relaxed daytime look, then elevate your ensemble by swapping to heels for an evening out. Whether you're running errands during the day or hitting the town at night, this dress is sure to turn heads wherever you go. Embrace comfort, style, and versatility with our Denim Sleeveless Raw Hem High And Low Dress. Upgrade your wardrobe with this statement piece today!",Dresses,98,Goddiva,24726,Women's Dresses & Skirts,198,https://images2.productserve.com/?w=200&h=200&bg=white&trim=5&t=letterbox&url=ssl%3Acdn.shopify.com%2Fs%2Ffiles%2F1%2F0487%2F8834%2F0899%2Ffiles%2FIMG_4299_1_1718627477.jpg&feedId=62769&k=e1c6ae691d6eebad220552348ded5f47face203a,USD,,"Over $120 - Free Delivery, Less than $120 - $12",https://goddiva.us/products/goddiva-denim-sleeveless-high-and-low-midaxi-dress-navy-denim,,,USD130,62769,Goddiva,1,,,,,,Womens,Dresses
https://www.awin1.com/pclick.php?p=37728943333&a=2771700&m=24726,Goddiva Denim Sleeveless High And Low Midaxi Dress - Navy Denim,37728943333,DR4131-NAVYDENIM-10,https://cdn.shopify.com/s/files/1/0487/8834/0899/files/IMG_4299_1_1718627477.jpg,"Step into effortless chic with our Denim Sleeveless Raw Hem High And Low Dress. This versatile piece seamlessly blends casual comfort with contemporary style, making it a wardrobe essential for any modern woman. This casual navy denim dress boasts a unique high-low design that exudes both flair and sophistication. The sleeveless cut and raw hem detailing add a touch of edginess, while the button-up bodice provides a classic and timeless appeal. Transition effortlessly from day to night with this must-have garment. Pair it with your favourite sneakers or sandals for a relaxed daytime look, then elevate your ensemble by swapping to heels for an evening out. Whether you're running errands during the day or hitting the town at night, this dress is sure to turn heads wherever you go. Embrace comfort, style, and versatility with our Denim Sleeveless Raw Hem High And Low Dress. Upgrade your wardrobe with this statement piece today!",Dresses,98,Goddiva,24726,Women's Dresses & Skirts,198,https://images2.productserve.com/?w=200&h=200&bg=white&trim=5&t=letterbox&url=ssl%3Acdn.shopify.com%2Fs%2Ffiles%2F1%2F0487%2F8834%2F0899%2Ffiles%2FIMG_4299_1_1718627477.jpg&feedId=62769&k=e1c6ae691d6eebad220552348ded5f47face203a,USD,,"Over $120 - Free Delivery, Less than $120 - $12",https://goddiva.us/products/goddiva-denim-sleeveless-high-and-low-midaxi-dress-navy-denim,,,USD130,62769,Goddiva,1,,,,,,Womens,Dresses
https://www.awin1.com/pclick.php?p=37728943328&a=2771700&m=24726,Goddiva Cap Sleeve Frill Edge Midi Dress - Royal Blue,37728943328,DR4223-ROYALBLUE-12,https://cdn.shopify.com/s/files/1/0487/8834/0899/files/DR4223_ROYALBLUE_214_front_1761302822.jpg,"Step into sophistication and charm with our Cap Sleeve Frill Edge Midi Dress, where every detail whispers elegance. Adorned with a delightful frilled sweetheart neckline, this royal blue dress exudes femininity and grace, framing your neckline with a touch of playful allure. The bodycon fit effortlessly accentuates your curves, while the short capped sleeves add a subtle hint of chicness. Whether you're attending a wedding, christening, baby shower, dinner, or a romantic date night, this blue dress is your perfect companion for semi-formal occasions. Its versatile design effortlessly transitions from day to night, ensuring you look and feel your best from dawn to dusk. This royal blue midi dress combines style and comfort seamlessly. Elevate your ensemble and make a statement with our Cap Sleeve Frill Edge Midi Dress, your go-to choice for unforgettable moments.",Dresses,76,Goddiva,24726,Women's Dresses & Skirts,198,https://images2.productserve.com/?w=200&h=200&bg=white&trim=5&t=letterbox&url=ssl%3Acdn.shopify.com%2Fs%2Ffiles%2F1%2F0487%2F8834%2F0899%2Ffiles%2FDR4223_ROYALBLUE_214_front_1761302822.jpg&feedId=62769&k=6fc01e67e2f099a2c6f4b52a9a6799bbcdca49a8,USD,,"Over $120 - Free Delivery, Less than $120 - $12",https://goddiva.us/products/goddiva-cap-sleeve-frill-edge-midi-dress-royal-blue,,,USD96,62769,Goddiva,1,,,,,,Womens,Dresses
https://www.awin1.com/pclick.php?p=37728943335&a=2771700&m=24726,Goddiva Denim Sleeveless High And Low Midaxi Dress - Navy Denim,37728943335,DR4131-NAVYDENIM-14,https://cdn.shopify.com/s/files/1/0487/8834/0899/files/IMG_4299_1_1718627477.jpg,"Step into effortless chic with our Denim Sleeveless Raw Hem High And Low Dress. This versatile piece seamlessly blends casual comfort with contemporary style, making it a wardrobe essential for any modern woman. This casual navy denim dress boasts a unique high-low design that exudes both flair and sophistication. The sleeveless cut and raw hem detailing add a touch of edginess, while the button-up bodice provides a classic and timeless appeal. Transition effortlessly from day to night with this must-have garment. Pair it with your favourite sneakers or sandals for a relaxed daytime look, then elevate your ensemble by swapping to heels for an evening out. Whether you're running errands during the day or hitting the town at night, this dress is sure to turn heads wherever you go. Embrace comfort, style, and versatility with our Denim Sleeveless Raw Hem High And Low Dress. Upgrade your wardrobe with this statement piece today!",Dresses,98,Goddiva,24726,Women's Dresses & Skirts,198,https://images2.productserve.com/?w=200&h=200&bg=white&trim=5&t=letterbox&url=ssl%3Acdn.shopify.com%2Fs%2Ffiles%2F1%2F0487%2F8834%2F0899%2Ffiles%2FIMG_4299_1_1718627477.jpg&feedId=62769&k=e1c6ae691d6eebad220552348ded5f47face203a,USD,,"Over $120 - Free Delivery, Less than $120 - $12",https://goddiva.us/products/goddiva-denim-sleeveless-high-and-low-midaxi-dress-navy-denim,,,USD130,62769,Goddiva,1,,,,,,Womens,Dresses
https://www.awin1.com/pclick.php?p=37728943329&a=2771700&m=24726,Goddiva Cap Sleeve Frill Edge Midi Dress - Royal Blue,37728943329,DR4223-ROYALBLUE-14,https://cdn.shopify.com/s/files/1/0487/8834/0899/files/DR4223_ROYALBLUE_214_front_1761302822.jpg,"Step into sophistication and charm with our Cap Sleeve Frill Edge Midi Dress, where every detail whispers elegance. Adorned with a delightful frilled sweetheart neckline, this royal blue dress exudes femininity and grace, framing your neckline with a touch of playful allure. The bodycon fit effortlessly accentuates your curves, while the short capped sleeves add a subtle hint of chicness. Whether you're attending a wedding, christening, baby shower, dinner, or a romantic date night, this blue dress is your perfect companion for semi-formal occasions. Its versatile design effortlessly transitions from day to night, ensuring you look and feel your best from dawn to dusk. This royal blue midi dress combines style and comfort seamlessly. Elevate your ensemble and make a statement with our Cap Sleeve Frill Edge Midi Dress, your go-to choice for unforgettable moments.",Dresses,76,Goddiva,24726,Women's Dresses & Skirts,198,https://images2.productserve.com/?w=200&h=200&bg=white&trim=5&t=letterbox&url=ssl%3Acdn.shopify.com%2Fs%2Ffiles%2F1%2F0487%2F8834%2F0899%2Ffiles%2FDR4223_ROYALBLUE_214_front_1761302822.jpg&feedId=62769&k=6fc01e67e2f099a2c6f4b52a9a6799bbcdca49a8,USD,,"Over $120 - Free Delivery, Less than $120 - $12",https://goddiva.us/products/goddiva-cap-sleeve-frill-edge-midi-dress-royal-blue,,,USD96,62769,Goddiva,1,,,,,,Womens,Dresses
https://www.awin1.com/pclick.php?p=37748831232&a=2771700&m=24726,Goddiva Bardot Pleated Maxi With Metal Trim Maxi Dress - Black,37748831232,DR4306-BLACK-14,https://cdn.shopify.com/s/files/1/0487/8834/0899/products/14171_1708445511.jpg,"Elevate your evening attire with our stunning Bardot Pleated Maxi with Metal Trim. This exquisite black gown exudes elegance with its off-the-shoulder style, showcasing your shoulders and collarbone while providing a touch of allure. Crafted with meticulous attention to detail, the bodice features upward pleating that adds dimension and texture, flattering your figure and creating a graceful silhouette. The metal trim detail on the bust adds a hint of glamour and sophistication, catching the light as you move. Perfect for a variety of occasions, this versatile black dress is the number one choice for bridesmaids, prom, evening soires, cruises, and formal events. Whether you're attending a wedding, dancing the night away at a prom, or enjoying a luxurious cruise, this black Bardot Pleated Maxi will ensure you stand out with timeless elegance and style. This black dress offers both comfort and chic sophistication, making it a wardrobe essential for any fashion-forward individual. Make a statement and turn heads wherever you go in our Bardot Pleated Maxi with Metal Trim.",Dresses,90,Goddiva,24726,Women's Dresses & Skirts,198,https://images2.productserve.com/?w=200&h=200&bg=white&trim=5&t=letterbox&url=ssl%3Acdn.shopify.com%2Fs%2Ffiles%2F1%2F0487%2F8834%2F0899%2Fproducts%2F14171_1708445511.jpg&feedId=62769&k=b80542468348039c94992d97b39d5f0f4250f693,USD,,"Over $120 - Free Delivery, Less than $120 - $12",https://goddiva.us/products/goddiva-bardot-pleated-maxi-with-metal-trim-black,,,USD136,62769,Goddiva,1,,,,,,Womens,Dresses
https://www.awin1.com/pclick.php?p=37748831236&a=2771700&m=24726,Goddiva Bardot Pleated Maxi With Metal Trim Maxi Dress - Red,37748831236,DR4306-RED-10,https://cdn.shopify.com/s/files/1/0487/8834/0899/products/14173_1708446024.jpg,"Elevate your evening attire with our stunning Bardot Pleated Maxi with Metal Trim. This exquisite red gown exudes elegance with its off-the-shoulder style, showcasing your shoulders and collarbone while providing a touch of allure. Crafted with meticulous attention to detail, the bodice features upward pleating that adds dimension and texture, flattering your figure and creating a graceful silhouette. The metal trim detail on the bust adds a hint of glamour and sophistication, catching the light as you move. Perfect for a variety of occasions, this versatile red dress is the number one choice for bridesmaids, prom, evening soires, cruises, and formal events. Whether you're attending a wedding, dancing the night away at a prom, or enjoying a luxurious cruise, this red Bardot Pleated Maxi will ensure you stand out with timeless elegance and style. This red dress offers both comfort and chic sophistication, making it a wardrobe essential for any fashion-forward individual. Make a statement and turn heads wherever you go in our Bardot Pleated Maxi with Metal Trim.",Dresses,90,Goddiva,24726,Women's Dresses & Skirts,198,https://images2.productserve.com/?w=200&h=200&bg=white&trim=5&t=letterbox&url=ssl%3Acdn.shopify.com%2Fs%2Ffiles%2F1%2F0487%2F8834%2F0899%2Fproducts%2F14173_1708446024.jpg&feedId=62769&k=4b5ddc562b4bd35482300652a0250c83239ede2a,USD,,"Over $120 - Free Delivery, Less than $120 - $12",https://goddiva.us/products/goddiva-bardot-pleated-maxi-with-metal-trim-maxi-dress-red,,,USD136,62769,Goddiva,1,,,,,,Womens,Dresses
https://www.awin1.com/pclick.php?p=37748831235&a=2771700&m=24726,Goddiva Bardot Pleated Maxi With Metal Trim Maxi Dress - Red,37748831235,DR4306-RED-8,https://cdn.shopify.com/s/files/1/0487/8834/0899/products/14173_1708446024.jpg,"Elevate your evening attire with our stunning Bardot Pleated Maxi with Metal Trim. This exquisite red gown exudes elegance with its off-the-shoulder style, showcasing your shoulders and collarbone while providing a touch of allure. Crafted with meticulous attention to detail, the bodice features upward pleating that adds dimension and texture, flattering your figure and creating a graceful silhouette. The metal trim detail on the bust adds a hint of glamour and sophistication, catching the light as you move. Perfect for a variety of occasions, this versatile red dress is the number one choice for bridesmaids, prom, evening soires, cruises, and formal events. Whether you're attending a wedding, dancing the night away at a prom, or enjoying a luxurious cruise, this red Bardot Pleated Maxi will ensure you stand out with timeless elegance and style. This red dress offers both comfort and chic sophistication, making it a wardrobe essential for any fashion-forward individual. Make a statement and turn heads wherever you go in our Bardot Pleated Maxi with Metal Trim.",Dresses,90,Goddiva,24726,Women's Dresses & Skirts,198,https://images2.productserve.com/?w=200&h=200&bg=white&trim=5&t=letterbox&url=ssl%3Acdn.shopify.com%2Fs%2Ffiles%2F1%2F0487%2F8834%2F0899%2Fproducts%2F14173_1708446024.jpg&feedId=62769&k=4b5ddc562b4bd35482300652a0250c83239ede2a,USD,,"Over $120 - Free Delivery, Less than $120 - $12",https://goddiva.us/products/goddiva-bardot-pleated-maxi-with-metal-trim-maxi-dress-red,,,USD136,62769,Goddiva,1,,,,,,Womens,Dresses
https://www.awin1.com/pclick.php?p=37748831401&a=2771700&m=24726,Goddiva Scuba Crepe Rose Frill Maxi Dress - Cornflower Blue,37748831401,DR4281-CORNFLOWERBLUE-14,https://cdn.shopify.com/s/files/1/0487/8834/0899/files/DR4281_CORNFLOWER_20BLUE_2895_front_1767716259.jpg,"Dive into elegance with our Scuba Crepe Rose Frill Maxi Dress, a stunning piece designed to make you stand out at any formal occasion. This cornflower blue dress boasts an alluring off-the-shoulder style, enhancing your neckline and shoulders with effortless charm. Its bodycon fit accentuates your curves, while the frill rose corsage detailing adds a touch of romantic flair. Perfect for wedding guests, bridesmaids, proms, and black tie events, this dress exudes sophistication and grace. Whether you're dancing the night away or making a grand entrance, this blue maxi dress ensures you look and feel your absolute best. This cornflower blue evening dress combines comfort and style seamlessly, allowing you to move with ease while turning heads wherever you go. Make a statement and leave a lasting impression with our Scuba Crepe Rose Frill Maxi Dress.",Dresses,76,Goddiva,24726,Women's Dresses & Skirts,198,https://images2.productserve.com/?w=200&h=200&bg=white&trim=5&t=letterbox&url=ssl%3Acdn.shopify.com%2Fs%2Ffiles%2F1%2F0487%2F8834%2F0899%2Ffiles%2FDR4281_CORNFLOWER_20BLUE_2895_front_1767716259.jpg&feedId=62769&k=ba45cbc10937f2cce83fae19b851e2d3dba95fa4,USD,,"Over $120 - Free Delivery, Less than $120 - $12",https://goddiva.us/products/goddiva-scuba-crepe-rose-frill-maxi-dress-cornflower-blue,,,USD116,62769,Goddiva,1,,,,,,Womens,Dresses
https://www.awin1.com/pclick.php?p=37748831231&a=2771700&m=24726,Goddiva Bardot Pleated Maxi With Metal Trim Maxi Dress - Black,37748831231,DR4306-BLACK-12,https://cdn.shopify.com/s/files/1/0487/8834/0899/products/14171_1708445511.jpg,"Elevate your evening attire with our stunning Bardot Pleated Maxi with Metal Trim. This exquisite black gown exudes elegance with its off-the-shoulder style, showcasing your shoulders and collarbone while providing a touch of allure. Crafted with meticulous attention to detail, the bodice features upward pleating that adds dimension and texture, flattering your figure and creating a graceful silhouette. The metal trim detail on the bust adds a hint of glamour and sophistication, catching the light as you move. Perfect for a variety of occasions, this versatile black dress is the number one choice for bridesmaids, prom, evening soires, cruises, and formal events. Whether you're attending a wedding, dancing the night away at a prom, or enjoying a luxurious cruise, this black Bardot Pleated Maxi will ensure you stand out with timeless elegance and style. This black dress offers both comfort and chic sophistication, making it a wardrobe essential for any fashion-forward individual. Make a statement and turn heads wherever you go in our Bardot Pleated Maxi with Metal Trim.",Dresses,90,Goddiva,24726,Women's Dresses & Skirts,198,https://images2.productserve.com/?w=200&h=200&bg=white&trim=5&t=letterbox&url=ssl%3Acdn.shopify.com%2Fs%2Ffiles%2F1%2F0487%2F8834%2F0899%2Fproducts%2F14171_1708445511.jpg&feedId=62769&k=b80542468348039c94992d97b39d5f0f4250f693,USD,,"Over $120 - Free Delivery, Less than $120 - $12",https://goddiva.us/products/goddiva-bardot-pleated-maxi-with-metal-trim-black,,,USD136,62769,Goddiva,1,,,,,,Womens,Dresses
https://www.awin1.com/pclick.php?p=37200389712&a=2771700&m=24726,Goddiva Bardot Pleated Maxi With Metal Trim Maxi Dress - Lime Green,37200389712,DR4306-LIME-8,https://cdn.shopify.com/s/files/1/0487/8834/0899/files/23552_1715093123.jpg,"Elevate your evening attire with our stunning Bardot Pleated Maxi with Metal Trim. This exquisite lime green gown exudes elegance with its off-the-shoulder style, showcasing your shoulders and collarbone while providing a touch of allure. Crafted with meticulous attention to detail, the bodice features upward pleating that adds dimension and texture, flattering your figure and creating a graceful silhouette. The metal trim detail on the bust adds a hint of glamour and sophistication, catching the light as you move. Perfect for a variety of occasions, this versatile lime dress is the number one choice for bridesmaids, prom, evening soires, cruises, and formal events. Whether you're attending a wedding, dancing the night away at a prom, or enjoying a luxurious cruise, this lime Bardot Pleated Maxi will ensure you stand out with timeless elegance and style. This lime dress offers both comfort and chic sophistication, making it a wardrobe essential for any fashion-forward individual. Make a statement and turn heads wherever you go in our Bardot Pleated Maxi with Metal Trim.",Dresses,90,Goddiva,24726,Women's Dresses & Skirts,198,https://images2.productserve.com/?w=200&h=200&bg=white&trim=5&t=letterbox&url=ssl%3Acdn.shopify.com%2Fs%2Ffiles%2F1%2F0487%2F8834%2F0899%2Ffiles%2F23552_1715093123.jpg&feedId=62769&k=27b8422875146aa8f846238277b353f4d5b43e65,USD,,"Over $120 - Free Delivery, Less than $120 - $12",https://goddiva.us/products/goddiva-bardot-pleated-maxi-with-metal-trim-maxi-dress-lime,,,USD136,62769,Goddiva,1,,,,,,Womens,Dresses
https://www.awin1.com/pclick.php?p=37748831399&a=2771700&m=24726,Goddiva Scuba Crepe Rose Frill Maxi Dress - Cornflower Blue,37748831399,DR4281-CORNFLOWERBLUE-10,https://cdn.shopify.com/s/files/1/0487/8834/0899/files/DR4281_CORNFLOWER_20BLUE_2895_front_1767716259.jpg,"Dive into elegance with our Scuba Crepe Rose Frill Maxi Dress, a stunning piece designed to make you stand out at any formal occasion. This cornflower blue dress boasts an alluring off-the-shoulder style, enhancing your neckline and shoulders with effortless charm. Its bodycon fit accentuates your curves, while the frill rose corsage detailing adds a touch of romantic flair. Perfect for wedding guests, bridesmaids, proms, and black tie events, this dress exudes sophistication and grace. Whether you're dancing the night away or making a grand entrance, this blue maxi dress ensures you look and feel your absolute best. This cornflower blue evening dress combines comfort and style seamlessly, allowing you to move with ease while turning heads wherever you go. Make a statement and leave a lasting impression with our Scuba Crepe Rose Frill Maxi Dress.",Dresses,76,Goddiva,24726,Women's Dresses & Skirts,198,https://images2.productserve.com/?w=200&h=200&bg=white&trim=5&t=letterbox&url=ssl%3Acdn.shopify.com%2Fs%2Ffiles%2F1%2F0487%2F8834%2F0899%2Ffiles%2FDR4281_CORNFLOWER_20BLUE_2895_front_1767716259.jpg&feedId=62769&k=ba45cbc10937f2cce83fae19b851e2d3dba95fa4,USD,,"Over $120 - Free Delivery, Less than $120 - $12",https://goddiva.us/products/goddiva-scuba-crepe-rose-frill-maxi-dress-cornflower-blue,,,USD116,62769,Goddiva,1,,,,,,Womens,Dresses
https://www.awin1.com/pclick.php?p=37748831404&a=2771700&m=24726,Goddiva Scuba Crepe Rose Frill Maxi Dress - Magenta,37748831404,DR4281-MAGENTA-8,https://cdn.shopify.com/s/files/1/0487/8834/0899/files/DR4281_Magenta_2901_front_1767716204.jpg,"Dive into elegance with our Scuba Crepe Rose Frill Maxi Dress, a stunning piece designed to make you stand out at any formal occasion. This magenta dress boasts an alluring off-the-shoulder style, enhancing your neckline and shoulders with effortless charm. Its bodycon fit accentuates your curves, while the frill rose corsage detailing adds a touch of romantic flair. Perfect for wedding guests, bridesmaids, proms, and black tie events, this dress exudes sophistication and grace. Whether you're dancing the night away or making a grand entrance, this pink maxi dress ensures you look and feel your absolute best. This magenta evening dress combines comfort and style seamlessly, allowing you to move with ease while turning heads wherever you go. Make a statement and leave a lasting impression with our Scuba Crepe Rose Frill Maxi Dress.",Dresses,76,Goddiva,24726,Women's Dresses & Skirts,198,https://images2.productserve.com/?w=200&h=200&bg=white&trim=5&t=letterbox&url=ssl%3Acdn.shopify.com%2Fs%2Ffiles%2F1%2F0487%2F8834%2F0899%2Ffiles%2FDR4281_Magenta_2901_front_1767716204.jpg&feedId=62769&k=40891d2e0543df612acff4715bb7428e8e6ecf61,USD,,"Over $120 - Free Delivery, Less than $120 - $12",https://goddiva.us/products/goddiva-scuba-crepe-rose-frill-maxi-dress-magenta,,,USD116,62769,Goddiva,1,,,,,,Womens,Dresses
https://www.awin1.com/pclick.php?p=37748831237&a=2771700&m=24726,Goddiva Bardot Pleated Maxi With Metal Trim Maxi Dress - Red,37748831237,DR4306-RED-12,https://cdn.shopify.com/s/files/1/0487/8834/0899/products/14173_1708446024.jpg,"Elevate your evening attire with our stunning Bardot Pleated Maxi with Metal Trim. This exquisite red gown exudes elegance with its off-the-shoulder style, showcasing your shoulders and collarbone while providing a touch of allure. Crafted with meticulous attention to detail, the bodice features upward pleating that adds dimension and texture, flattering your figure and creating a graceful silhouette. The metal trim detail on the bust adds a hint of glamour and sophistication, catching the light as you move. Perfect for a variety of occasions, this versatile red dress is the number one choice for bridesmaids, prom, evening soires, cruises, and formal events. Whether you're attending a wedding, dancing the night away at a prom, or enjoying a luxurious cruise, this red Bardot Pleated Maxi will ensure you stand out with timeless elegance and style. This red dress offers both comfort and chic sophistication, making it a wardrobe essential for any fashion-forward individual. Make a statement and turn heads wherever you go in our Bardot Pleated Maxi with Metal Trim.",Dresses,90,Goddiva,24726,Women's Dresses & Skirts,198,https://images2.productserve.com/?w=200&h=200&bg=white&trim=5&t=letterbox&url=ssl%3Acdn.shopify.com%2Fs%2Ffiles%2F1%2F0487%2F8834%2F0899%2Fproducts%2F14173_1708446024.jpg&feedId=62769&k=4b5ddc562b4bd35482300652a0250c83239ede2a,USD,,"Over $120 - Free Delivery, Less than $120 - $12",https://goddiva.us/products/goddiva-bardot-pleated-maxi-with-metal-trim-maxi-dress-red,,,USD136,62769,Goddiva,1,,,,,,Womens,Dresses
https://www.awin1.com/pclick.php?p=37748831405&a=2771700&m=24726,Goddiva Scuba Crepe Rose Frill Maxi Dress - Magenta,37748831405,DR4281-MAGENTA-10,https://cdn.shopify.com/s/files/1/0487/8834/0899/files/DR4281_Magenta_2901_front_1767716204.jpg,"Dive into elegance with our Scuba Crepe Rose Frill Maxi Dress, a stunning piece designed to make you stand out at any formal occasion. This magenta dress boasts an alluring off-the-shoulder style, enhancing your neckline and shoulders with effortless charm. Its bodycon fit accentuates your curves, while the frill rose corsage detailing adds a touch of romantic flair. Perfect for wedding guests, bridesmaids, proms, and black tie events, this dress exudes sophistication and grace. Whether you're dancing the night away or making a grand entrance, this pink maxi dress ensures you look and feel your absolute best. This magenta evening dress combines comfort and style seamlessly, allowing you to move with ease while turning heads wherever you go. Make a statement and leave a lasting impression with our Scuba Crepe Rose Frill Maxi Dress.",Dresses,76,Goddiva,24726,Women's Dresses & Skirts,198,https://images2.productserve.com/?w=200&h=200&bg=white&trim=5&t=letterbox&url=ssl%3Acdn.shopify.com%2Fs%2Ffiles%2F1%2F0487%2F8834%2F0899%2Ffiles%2FDR4281_Magenta_2901_front_1767716204.jpg&feedId=62769&k=40891d2e0543df612acff4715bb7428e8e6ecf61,USD,,"Over $120 - Free Delivery, Less than $120 - $12",https://goddiva.us/products/goddiva-scuba-crepe-rose-frill-maxi-dress-magenta,,,USD116,62769,Goddiva,1,,,,,,Womens,Dresses
https://www.awin1.com/pclick.php?p=37200389715&a=2771700&m=24726,Goddiva Bardot Pleated Maxi With Metal Trim Maxi Dress - Lime Green,37200389715,DR4306-LIME-14,https://cdn.shopify.com/s/files/1/0487/8834/0899/files/23552_1715093123.jpg,"Elevate your evening attire with our stunning Bardot Pleated Maxi with Metal Trim. This exquisite lime green gown exudes elegance with its off-the-shoulder style, showcasing your shoulders and collarbone while providing a touch of allure. Crafted with meticulous attention to detail, the bodice features upward pleating that adds dimension and texture, flattering your figure and creating a graceful silhouette. The metal trim detail on the bust adds a hint of glamour and sophistication, catching the light as you move. Perfect for a variety of occasions, this versatile lime dress is the number one choice for bridesmaids, prom, evening soires, cruises, and formal events. Whether you're attending a wedding, dancing the night away at a prom, or enjoying a luxurious cruise, this lime Bardot Pleated Maxi will ensure you stand out with timeless elegance and style. This lime dress offers both comfort and chic sophistication, making it a wardrobe essential for any fashion-forward individual. Make a statement and turn heads wherever you go in our Bardot Pleated Maxi with Metal Trim.",Dresses,90,Goddiva,24726,Women's Dresses & Skirts,198,https://images2.productserve.com/?w=200&h=200&bg=white&trim=5&t=letterbox&url=ssl%3Acdn.shopify.com%2Fs%2Ffiles%2F1%2F0487%2F8834%2F0899%2Ffiles%2F23552_1715093123.jpg&feedId=62769&k=27b8422875146aa8f846238277b353f4d5b43e65,USD,,"Over $120 - Free Delivery, Less than $120 - $12",https://goddiva.us/products/goddiva-bardot-pleated-maxi-with-metal-trim-maxi-dress-lime,,,USD136,62769,Goddiva,1,,,,,,Womens,Dresses
https://www.awin1.com/pclick.php?p=37748831406&a=2771700&m=24726,Goddiva Scuba Crepe Rose Frill Maxi Dress - Magenta,37748831406,DR4281-MAGENTA-12,https://cdn.shopify.com/s/files/1/0487/8834/0899/files/DR4281_Magenta_2901_front_1767716204.jpg,"Dive into elegance with our Scuba Crepe Rose Frill Maxi Dress, a stunning piece designed to make you stand out at any formal occasion. This magenta dress boasts an alluring off-the-shoulder style, enhancing your neckline and shoulders with effortless charm. Its bodycon fit accentuates your curves, while the frill rose corsage detailing adds a touch of romantic flair. Perfect for wedding guests, bridesmaids, proms, and black tie events, this dress exudes sophistication and grace. Whether you're dancing the night away or making a grand entrance, this pink maxi dress ensures you look and feel your absolute best. This magenta evening dress combines comfort and style seamlessly, allowing you to move with ease while turning heads wherever you go. Make a statement and leave a lasting impression with our Scuba Crepe Rose Frill Maxi Dress.",Dresses,76,Goddiva,24726,Women's Dresses & Skirts,198,https://images2.productserve.com/?w=200&h=200&bg=white&trim=5&t=letterbox&url=ssl%3Acdn.shopify.com%2Fs%2Ffiles%2F1%2F0487%2F8834%2F0899%2Ffiles%2FDR4281_Magenta_2901_front_1767716204.jpg&feedId=62769&k=40891d2e0543df612acff4715bb7428e8e6ecf61,USD,,"Over $120 - Free Delivery, Less than $120 - $12",https://goddiva.us/products/goddiva-scuba-crepe-rose-frill-maxi-dress-magenta,,,USD116,62769,Goddiva,1,,,,,,Womens,Dresses
https://www.awin1.com/pclick.php?p=37200389714&a=2771700&m=24726,Goddiva Bardot Pleated Maxi With Metal Trim Maxi Dress - Lime Green,37200389714,DR4306-LIME-12,https://cdn.shopify.com/s/files/1/0487/8834/0899/files/23552_1715093123.jpg,"Elevate your evening attire with our stunning Bardot Pleated Maxi with Metal Trim. This exquisite lime green gown exudes elegance with its off-the-shoulder style, showcasing your shoulders and collarbone while providing a touch of allure. Crafted with meticulous attention to detail, the bodice features upward pleating that adds dimension and texture, flattering your figure and creating a graceful silhouette. The metal trim detail on the bust adds a hint of glamour and sophistication, catching the light as you move. Perfect for a variety of occasions, this versatile lime dress is the number one choice for bridesmaids, prom, evening soires, cruises, and formal events. Whether you're attending a wedding, dancing the night away at a prom, or enjoying a luxurious cruise, this lime Bardot Pleated Maxi will ensure you stand out with timeless elegance and style. This lime dress offers both comfort and chic sophistication, making it a wardrobe essential for any fashion-forward individual. Make a statement and turn heads wherever you go in our Bardot Pleated Maxi with Metal Trim.",Dresses,90,Goddiva,24726,Women's Dresses & Skirts,198,https://images2.productserve.com/?w=200&h=200&bg=white&trim=5&t=letterbox&url=ssl%3Acdn.shopify.com%2Fs%2Ffiles%2F1%2F0487%2F8834%2F0899%2Ffiles%2F23552_1715093123.jpg&feedId=62769&k=27b8422875146aa8f846238277b353f4d5b43e65,USD,,"Over $120 - Free Delivery, Less than $120 - $12",https://goddiva.us/products/goddiva-bardot-pleated-maxi-with-metal-trim-maxi-dress-lime,,,USD136,62769,Goddiva,1,,,,,,Womens,Dresses
https://www.awin1.com/pclick.php?p=37748831238&a=2771700&m=24726,Goddiva Bardot Pleated Maxi With Metal Trim Maxi Dress - Red,37748831238,DR4306-RED-14,https://cdn.shopify.com/s/files/1/0487/8834/0899/products/14173_1708446024.jpg,"Elevate your evening attire with our stunning Bardot Pleated Maxi with Metal Trim. This exquisite red gown exudes elegance with its off-the-shoulder style, showcasing your shoulders and collarbone while providing a touch of allure. Crafted with meticulous attention to detail, the bodice features upward pleating that adds dimension and texture, flattering your figure and creating a graceful silhouette. The metal trim detail on the bust adds a hint of glamour and sophistication, catching the light as you move. Perfect for a variety of occasions, this versatile red dress is the number one choice for bridesmaids, prom, evening soires, cruises, and formal events. Whether you're attending a wedding, dancing the night away at a prom, or enjoying a luxurious cruise, this red Bardot Pleated Maxi will ensure you stand out with timeless elegance and style. This red dress offers both comfort and chic sophistication, making it a wardrobe essential for any fashion-forward individual. Make a statement and turn heads wherever you go in our Bardot Pleated Maxi with Metal Trim.",Dresses,90,Goddiva,24726,Women's Dresses & Skirts,198,https://images2.productserve.com/?w=200&h=200&bg=white&trim=5&t=letterbox&url=ssl%3Acdn.shopify.com%2Fs%2Ffiles%2F1%2F0487%2F8834%2F0899%2Fproducts%2F14173_1708446024.jpg&feedId=62769&k=4b5ddc562b4bd35482300652a0250c83239ede2a,USD,,"Over $120 - Free Delivery, Less than $120 - $12",https://goddiva.us/products/goddiva-bardot-pleated-maxi-with-metal-trim-maxi-dress-red,,,USD136,62769,Goddiva,1,,,,,,Womens,Dresses
https://www.awin1.com/pclick.php?p=37748831400&a=2771700&m=24726,Goddiva Scuba Crepe Rose Frill Maxi Dress - Cornflower Blue,37748831400,DR4281-CORNFLOWERBLUE-12,https://cdn.shopify.com/s/files/1/0487/8834/0899/files/DR4281_CORNFLOWER_20BLUE_2895_front_1767716259.jpg,"Dive into elegance with our Scuba Crepe Rose Frill Maxi Dress, a stunning piece designed to make you stand out at any formal occasion. This cornflower blue dress boasts an alluring off-the-shoulder style, enhancing your neckline and shoulders with effortless charm. Its bodycon fit accentuates your curves, while the frill rose corsage detailing adds a touch of romantic flair. Perfect for wedding guests, bridesmaids, proms, and black tie events, this dress exudes sophistication and grace. Whether you're dancing the night away or making a grand entrance, this blue maxi dress ensures you look and feel your absolute best. This cornflower blue evening dress combines comfort and style seamlessly, allowing you to move with ease while turning heads wherever you go. Make a statement and leave a lasting impression with our Scuba Crepe Rose Frill Maxi Dress.",Dresses,76,Goddiva,24726,Women's Dresses & Skirts,198,https://images2.productserve.com/?w=200&h=200&bg=white&trim=5&t=letterbox&url=ssl%3Acdn.shopify.com%2Fs%2Ffiles%2F1%2F0487%2F8834%2F0899%2Ffiles%2FDR4281_CORNFLOWER_20BLUE_2895_front_1767716259.jpg&feedId=62769&k=ba45cbc10937f2cce83fae19b851e2d3dba95fa4,USD,,"Over $120 - Free Delivery, Less than $120 - $12",https://goddiva.us/products/goddiva-scuba-crepe-rose-frill-maxi-dress-cornflower-blue,,,USD116,62769,Goddiva,1,,,,,,Womens,Dresses
https://www.awin1.com/pclick.php?p=37748831407&a=2771700&m=24726,Goddiva Scuba Crepe Rose Frill Maxi Dress - Magenta,37748831407,DR4281-MAGENTA-14,https://cdn.shopify.com/s/files/1/0487/8834/0899/files/DR4281_Magenta_2901_front_1767716204.jpg,"Dive into elegance with our Scuba Crepe Rose Frill Maxi Dress, a stunning piece designed to make you stand out at any formal occasion. This magenta dress boasts an alluring off-the-shoulder style, enhancing your neckline and shoulders with effortless charm. Its bodycon fit accentuates your curves, while the frill rose corsage detailing adds a touch of romantic flair. Perfect for wedding guests, bridesmaids, proms, and black tie events, this dress exudes sophistication and grace. Whether you're dancing the night away or making a grand entrance, this pink maxi dress ensures you look and feel your absolute best. This magenta evening dress combines comfort and style seamlessly, allowing you to move with ease while turning heads wherever you go. Make a statement and leave a lasting impression with our Scuba Crepe Rose Frill Maxi Dress.",Dresses,76,Goddiva,24726,Women's Dresses & Skirts,198,https://images2.productserve.com/?w=200&h=200&bg=white&trim=5&t=letterbox&url=ssl%3Acdn.shopify.com%2Fs%2Ffiles%2F1%2F0487%2F8834%2F0899%2Ffiles%2FDR4281_Magenta_2901_front_1767716204.jpg&feedId=62769&k=40891d2e0543df612acff4715bb7428e8e6ecf61,USD,,"Over $120 - Free Delivery, Less than $120 - $12",https://goddiva.us/products/goddiva-scuba-crepe-rose-frill-maxi-dress-magenta,,,USD116,62769,Goddiva,1,,,,,,Womens,Dresses
https://www.awin1.com/pclick.php?p=37748831229&a=2771700&m=24726,Goddiva Bardot Pleated Maxi With Metal Trim Maxi Dress - Black,37748831229,DR4306-BLACK-8,https://cdn.shopify.com/s/files/1/0487/8834/0899/products/14171_1708445511.jpg,"Elevate your evening attire with our stunning Bardot Pleated Maxi with Metal Trim. This exquisite black gown exudes elegance with its off-the-shoulder style, showcasing your shoulders and collarbone while providing a touch of allure. Crafted with meticulous attention to detail, the bodice features upward pleating that adds dimension and texture, flattering your figure and creating a graceful silhouette. The metal trim detail on the bust adds a hint of glamour and sophistication, catching the light as you move. Perfect for a variety of occasions, this versatile black dress is the number one choice for bridesmaids, prom, evening soires, cruises, and formal events. Whether you're attending a wedding, dancing the night away at a prom, or enjoying a luxurious cruise, this black Bardot Pleated Maxi will ensure you stand out with timeless elegance and style. This black dress offers both comfort and chic sophistication, making it a wardrobe essential for any fashion-forward individual. Make a statement and turn heads wherever you go in our Bardot Pleated Maxi with Metal Trim.",Dresses,90,Goddiva,24726,Women's Dresses & Skirts,198,https://images2.productserve.com/?w=200&h=200&bg=white&trim=5&t=letterbox&url=ssl%3Acdn.shopify.com%2Fs%2Ffiles%2F1%2F0487%2F8834%2F0899%2Fproducts%2F14171_1708445511.jpg&feedId=62769&k=b80542468348039c94992d97b39d5f0f4250f693,USD,,"Over $120 - Free Delivery, Less than $120 - $12",https://goddiva.us/products/goddiva-bardot-pleated-maxi-with-metal-trim-black,,,USD136,62769,Goddiva,1,,,,,,Womens,Dresses
https://www.awin1.com/pclick.php?p=37748831230&a=2771700&m=24726,Goddiva Bardot Pleated Maxi With Metal Trim Maxi Dress - Black,37748831230,DR4306-BLACK-10,https://cdn.shopify.com/s/files/1/0487/8834/0899/products/14171_1708445511.jpg,"Elevate your evening attire with our stunning Bardot Pleated Maxi with Metal Trim. This exquisite black gown exudes elegance with its off-the-shoulder style, showcasing your shoulders and collarbone while providing a touch of allure. Crafted with meticulous attention to detail, the bodice features upward pleating that adds dimension and texture, flattering your figure and creating a graceful silhouette. The metal trim detail on the bust adds a hint of glamour and sophistication, catching the light as you move. Perfect for a variety of occasions, this versatile black dress is the number one choice for bridesmaids, prom, evening soires, cruises, and formal events. Whether you're attending a wedding, dancing the night away at a prom, or enjoying a luxurious cruise, this black Bardot Pleated Maxi will ensure you stand out with timeless elegance and style. This black dress offers both comfort and chic sophistication, making it a wardrobe essential for any fashion-forward individual. Make a statement and turn heads wherever you go in our Bardot Pleated Maxi with Metal Trim.",Dresses,90,Goddiva,24726,Women's Dresses & Skirts,198,https://images2.productserve.com/?w=200&h=200&bg=white&trim=5&t=letterbox&url=ssl%3Acdn.shopify.com%2Fs%2Ffiles%2F1%2F0487%2F8834%2F0899%2Fproducts%2F14171_1708445511.jpg&feedId=62769&k=b80542468348039c94992d97b39d5f0f4250f693,USD,,"Over $120 - Free Delivery, Less than $120 - $12",https://goddiva.us/products/goddiva-bardot-pleated-maxi-with-metal-trim-black,,,USD136,62769,Goddiva,1,,,,,,Womens,Dresses
https://www.awin1.com/pclick.php?p=37200389713&a=2771700&m=24726,Goddiva Bardot Pleated Maxi With Metal Trim Maxi Dress - Lime Green,37200389713,DR4306-LIME-10,https://cdn.shopify.com/s/files/1/0487/8834/0899/files/23552_1715093123.jpg,"Elevate your evening attire with our stunning Bardot Pleated Maxi with Metal Trim. This exquisite lime green gown exudes elegance with its off-the-shoulder style, showcasing your shoulders and collarbone while providing a touch of allure. Crafted with meticulous attention to detail, the bodice features upward pleating that adds dimension and texture, flattering your figure and creating a graceful silhouette. The metal trim detail on the bust adds a hint of glamour and sophistication, catching the light as you move. Perfect for a variety of occasions, this versatile lime dress is the number one choice for bridesmaids, prom, evening soires, cruises, and formal events. Whether you're attending a wedding, dancing the night away at a prom, or enjoying a luxurious cruise, this lime Bardot Pleated Maxi will ensure you stand out with timeless elegance and style. This lime dress offers both comfort and chic sophistication, making it a wardrobe essential for any fashion-forward individual. Make a statement and turn heads wherever you go in our Bardot Pleated Maxi with Metal Trim.",Dresses,90,Goddiva,24726,Women's Dresses & Skirts,198,https://images2.productserve.com/?w=200&h=200&bg=white&trim=5&t=letterbox&url=ssl%3Acdn.shopify.com%2Fs%2Ffiles%2F1%2F0487%2F8834%2F0899%2Ffiles%2F23552_1715093123.jpg&feedId=62769&k=27b8422875146aa8f846238277b353f4d5b43e65,USD,,"Over $120 - Free Delivery, Less than $120 - $12",https://goddiva.us/products/goddiva-bardot-pleated-maxi-with-metal-trim-maxi-dress-lime,,,USD136,62769,Goddiva,1,,,,,,Womens,Dresses
https://www.awin1.com/pclick.php?p=37748831398&a=2771700&m=24726,Goddiva Scuba Crepe Rose Frill Maxi Dress - Cornflower Blue,37748831398,DR4281-CORNFLOWERBLUE-8,https://cdn.shopify.com/s/files/1/0487/8834/0899/files/DR4281_CORNFLOWER_20BLUE_2895_front_1767716259.jpg,"Dive into elegance with our Scuba Crepe Rose Frill Maxi Dress, a stunning piece designed to make you stand out at any formal occasion. This cornflower blue dress boasts an alluring off-the-shoulder style, enhancing your neckline and shoulders with effortless charm. Its bodycon fit accentuates your curves, while the frill rose corsage detailing adds a touch of romantic flair. Perfect for wedding guests, bridesmaids, proms, and black tie events, this dress exudes sophistication and grace. Whether you're dancing the night away or making a grand entrance, this blue maxi dress ensures you look and feel your absolute best. This cornflower blue evening dress combines comfort and style seamlessly, allowing you to move with ease while turning heads wherever you go. Make a statement and leave a lasting impression with our Scuba Crepe Rose Frill Maxi Dress.",Dresses,76,Goddiva,24726,Women's Dresses & Skirts,198,https://images2.productserve.com/?w=200&h=200&bg=white&trim=5&t=letterbox&url=ssl%3Acdn.shopify.com%2Fs%2Ffiles%2F1%2F0487%2F8834%2F0899%2Ffiles%2FDR4281_CORNFLOWER_20BLUE_2895_front_1767716259.jpg&feedId=62769&k=ba45cbc10937f2cce83fae19b851e2d3dba95fa4,USD,,"Over $120 - Free Delivery, Less than $120 - $12",https://goddiva.us/products/goddiva-scuba-crepe-rose-frill-maxi-dress-cornflower-blue,,,USD116,62769,Goddiva,1,,,,,,Womens,Dresses
https://www.awin1.com/pclick.php?p=37759610351&a=2771700&m=24726,Goddiva Front Knot Twist  Maxi Dress - Magenta,37759610351,DR4418-MAGENTA-10,https://cdn.shopify.com/s/files/1/0487/8834/0899/files/DR4418_MAGENTA_3440_front_1768906420.jpg,"Elevate your elegance with our stunning Front Knot Twist Maxi Dress, the ultimate choice for wedding guests, bridesmaids, prom, and formal events. With its captivating design, this Magenta dress effortlessly combines sophistication with modern flair. Featuring a timeless Bardot neckline, this pink dress exudes classic charm while adding a touch of allure to your look. The intricate knot front detailing on the bust creates a focal point that accentuates your figure with tasteful elegance. Created to hug your curves in all the right places, the bodycon fit of this Magenta dress flatters your silhouette, offering a sleek and stylish aesthetic. The fishtail hem adds a touch of drama, creating graceful movement with every step you take. Whether you're attending a wedding, standing by your best friend as a bridesmaid, or making a statement at a formal event, our Front Knot Twist Maxi Dress is sure to turn heads and leave a lasting impression. Embrace sophistication and style with this remarkable pink piece that embodies effortless beauty and refined glamour.",Dresses,76,Goddiva,24726,Women's Dresses & Skirts,198,https://images2.productserve.com/?w=200&h=200&bg=white&trim=5&t=letterbox&url=ssl%3Acdn.shopify.com%2Fs%2Ffiles%2F1%2F0487%2F8834%2F0899%2Ffiles%2FDR4418_MAGENTA_3440_front_1768906420.jpg&feedId=62769&k=b42c63e9df20fed68cbb3d51708fad04eb65b8bd,USD,,"Over $120 - Free Delivery, Less than $120 - $12",https://goddiva.us/products/goddiva-front-knot-twist-maxi-dress-magenta,,,USD96,62769,Goddiva,1,,,,,,Womens,Dresses
https://www.awin1.com/pclick.php?p=37759610350&a=2771700&m=24726,Goddiva Front Knot Twist  Maxi Dress - Magenta,37759610350,DR4418-MAGENTA-8,https://cdn.shopify.com/s/files/1/0487/8834/0899/files/DR4418_MAGENTA_3440_front_1768906420.jpg,"Elevate your elegance with our stunning Front Knot Twist Maxi Dress, the ultimate choice for wedding guests, bridesmaids, prom, and formal events. With its captivating design, this Magenta dress effortlessly combines sophistication with modern flair. Featuring a timeless Bardot neckline, this pink dress exudes classic charm while adding a touch of allure to your look. The intricate knot front detailing on the bust creates a focal point that accentuates your figure with tasteful elegance. Created to hug your curves in all the right places, the bodycon fit of this Magenta dress flatters your silhouette, offering a sleek and stylish aesthetic. The fishtail hem adds a touch of drama, creating graceful movement with every step you take. Whether you're attending a wedding, standing by your best friend as a bridesmaid, or making a statement at a formal event, our Front Knot Twist Maxi Dress is sure to turn heads and leave a lasting impression. Embrace sophistication and style with this remarkable pink piece that embodies effortless beauty and refined glamour.",Dresses,76,Goddiva,24726,Women's Dresses & Skirts,198,https://images2.productserve.com/?w=200&h=200&bg=white&trim=5&t=letterbox&url=ssl%3Acdn.shopify.com%2Fs%2Ffiles%2F1%2F0487%2F8834%2F0899%2Ffiles%2FDR4418_MAGENTA_3440_front_1768906420.jpg&feedId=62769&k=b42c63e9df20fed68cbb3d51708fad04eb65b8bd,USD,,"Over $120 - Free Delivery, Less than $120 - $12",https://goddiva.us/products/goddiva-front-knot-twist-maxi-dress-magenta,,,USD96,62769,Goddiva,1,,,,,,Womens,Dresses
https://www.awin1.com/pclick.php?p=37759610352&a=2771700&m=24726,Goddiva Front Knot Twist  Maxi Dress - Magenta,37759610352,DR4418-MAGENTA-12,https://cdn.shopify.com/s/files/1/0487/8834/0899/files/DR4418_MAGENTA_3440_front_1768906420.jpg,"Elevate your elegance with our stunning Front Knot Twist Maxi Dress, the ultimate choice for wedding guests, bridesmaids, prom, and formal events. With its captivating design, this Magenta dress effortlessly combines sophistication with modern flair. Featuring a timeless Bardot neckline, this pink dress exudes classic charm while adding a touch of allure to your look. The intricate knot front detailing on the bust creates a focal point that accentuates your figure with tasteful elegance. Created to hug your curves in all the right places, the bodycon fit of this Magenta dress flatters your silhouette, offering a sleek and stylish aesthetic. The fishtail hem adds a touch of drama, creating graceful movement with every step you take. Whether you're attending a wedding, standing by your best friend as a bridesmaid, or making a statement at a formal event, our Front Knot Twist Maxi Dress is sure to turn heads and leave a lasting impression. Embrace sophistication and style with this remarkable pink piece that embodies effortless beauty and refined glamour.",Dresses,76,Goddiva,24726,Women's Dresses & Skirts,198,https://images2.productserve.com/?w=200&h=200&bg=white&trim=5&t=letterbox&url=ssl%3Acdn.shopify.com%2Fs%2Ffiles%2F1%2F0487%2F8834%2F0899%2Ffiles%2FDR4418_MAGENTA_3440_front_1768906420.jpg&feedId=62769&k=b42c63e9df20fed68cbb3d51708fad04eb65b8bd,USD,,"Over $120 - Free Delivery, Less than $120 - $12",https://goddiva.us/products/goddiva-front-knot-twist-maxi-dress-magenta,,,USD96,62769,Goddiva,1,,,,,,Womens,Dresses
https://www.awin1.com/pclick.php?p=37759610353&a=2771700&m=24726,Goddiva Front Knot Twist  Maxi Dress - Magenta,37759610353,DR4418-MAGENTA-14,https://cdn.shopify.com/s/files/1/0487/8834/0899/files/DR4418_MAGENTA_3440_front_1768906420.jpg,"Elevate your elegance with our stunning Front Knot Twist Maxi Dress, the ultimate choice for wedding guests, bridesmaids, prom, and formal events. With its captivating design, this Magenta dress effortlessly combines sophistication with modern flair. Featuring a timeless Bardot neckline, this pink dress exudes classic charm while adding a touch of allure to your look. The intricate knot front detailing on the bust creates a focal point that accentuates your figure with tasteful elegance. Created to hug your curves in all the right places, the bodycon fit of this Magenta dress flatters your silhouette, offering a sleek and stylish aesthetic. The fishtail hem adds a touch of drama, creating graceful movement with every step you take. Whether you're attending a wedding, standing by your best friend as a bridesmaid, or making a statement at a formal event, our Front Knot Twist Maxi Dress is sure to turn heads and leave a lasting impression. Embrace sophistication and style with this remarkable pink piece that embodies effortless beauty and refined glamour.",Dresses,76,Goddiva,24726,Women's Dresses & Skirts,198,https://images2.productserve.com/?w=200&h=200&bg=white&trim=5&t=letterbox&url=ssl%3Acdn.shopify.com%2Fs%2Ffiles%2F1%2F0487%2F8834%2F0899%2Ffiles%2FDR4418_MAGENTA_3440_front_1768906420.jpg&feedId=62769&k=b42c63e9df20fed68cbb3d51708fad04eb65b8bd,USD,,"Over $120 - Free Delivery, Less than $120 - $12",https://goddiva.us/products/goddiva-front-knot-twist-maxi-dress-magenta,,,USD96,62769,Goddiva,1,,,,,,Womens,Dresses
https://www.awin1.com/pclick.php?p=37767130928&a=2771700&m=24726,Goddiva Denim Gathered Angel Sleeve Midi Shirt Dress - Sky Denim,37767130928,DR4116-SKYDENIM-8,https://cdn.shopify.com/s/files/1/0487/8834/0899/files/IMG_3747_1_1718627251.jpg,"Step into effortless elegance with our Denim Gathered Angel Sleeve Midi Shirt Dress. This versatile blue denim piece effortlessly blends style and comfort, making it your go-to choice from day to night. This sky blue dress features a button-down bodice that flows gracefully into a flattering midi skirt. The elasticated waistband cinches at just the right spot, accentuating your silhouette while ensuring all-day comfort. Short angel sleeves add a touch of whimsy to this fitted style dress, creating a chic and feminine look. Transition seamlessly from casual outings to evening soires by pairing it with sneakers or sandals during the day, then elevate your ensemble with heels for a night on the town. Whether you're strolling through the city streets or enjoying a dinner date, our sky blue Denim Gathered Angel Sleeve Midi Shirt Dress promises style and sophistication without sacrificing comfort. Experience the perfect blend of versatility and elegance with this wardrobe essential.",Dresses,76,Goddiva,24726,Women's Dresses & Skirts,198,https://images2.productserve.com/?w=200&h=200&bg=white&trim=5&t=letterbox&url=ssl%3Acdn.shopify.com%2Fs%2Ffiles%2F1%2F0487%2F8834%2F0899%2Ffiles%2FIMG_3747_1_1718627251.jpg&feedId=62769&k=f2d6d765b112607723affa34323b737d97286666,USD,,"Over $120 - Free Delivery, Less than $120 - $12",https://goddiva.us/products/goddiva-denim-gathered-angel-sleeve-midi-shirt-dress-sky-denim,,,USD90,62769,Goddiva,1,,,,,,Womens,Dresses
https://www.awin1.com/pclick.php?p=37767130930&a=2771700&m=24726,Goddiva Denim Gathered Angel Sleeve Midi Shirt Dress - Sky Denim,37767130930,DR4116-SKYDENIM-12,https://cdn.shopify.com/s/files/1/0487/8834/0899/files/IMG_3747_1_1718627251.jpg,"Step into effortless elegance with our Denim Gathered Angel Sleeve Midi Shirt Dress. This versatile blue denim piece effortlessly blends style and comfort, making it your go-to choice from day to night. This sky blue dress features a button-down bodice that flows gracefully into a flattering midi skirt. The elasticated waistband cinches at just the right spot, accentuating your silhouette while ensuring all-day comfort. Short angel sleeves add a touch of whimsy to this fitted style dress, creating a chic and feminine look. Transition seamlessly from casual outings to evening soires by pairing it with sneakers or sandals during the day, then elevate your ensemble with heels for a night on the town. Whether you're strolling through the city streets or enjoying a dinner date, our sky blue Denim Gathered Angel Sleeve Midi Shirt Dress promises style and sophistication without sacrificing comfort. Experience the perfect blend of versatility and elegance with this wardrobe essential.",Dresses,76,Goddiva,24726,Women's Dresses & Skirts,198,https://images2.productserve.com/?w=200&h=200&bg=white&trim=5&t=letterbox&url=ssl%3Acdn.shopify.com%2Fs%2Ffiles%2F1%2F0487%2F8834%2F0899%2Ffiles%2FIMG_3747_1_1718627251.jpg&feedId=62769&k=f2d6d765b112607723affa34323b737d97286666,USD,,"Over $120 - Free Delivery, Less than $120 - $12",https://goddiva.us/products/goddiva-denim-gathered-angel-sleeve-midi-shirt-dress-sky-denim,,,USD90,62769,Goddiva,1,,,,,,Womens,Dresses
https://www.awin1.com/pclick.php?p=37767130929&a=2771700&m=24726,Goddiva Denim Gathered Angel Sleeve Midi Shirt Dress - Sky Denim,37767130929,DR4116-SKYDENIM-10,https://cdn.shopify.com/s/files/1/0487/8834/0899/files/IMG_3747_1_1718627251.jpg,"Step into effortless elegance with our Denim Gathered Angel Sleeve Midi Shirt Dress. This versatile blue denim piece effortlessly blends style and comfort, making it your go-to choice from day to night. This sky blue dress features a button-down bodice that flows gracefully into a flattering midi skirt. The elasticated waistband cinches at just the right spot, accentuating your silhouette while ensuring all-day comfort. Short angel sleeves add a touch of whimsy to this fitted style dress, creating a chic and feminine look. Transition seamlessly from casual outings to evening soires by pairing it with sneakers or sandals during the day, then elevate your ensemble with heels for a night on the town. Whether you're strolling through the city streets or enjoying a dinner date, our sky blue Denim Gathered Angel Sleeve Midi Shirt Dress promises style and sophistication without sacrificing comfort. Experience the perfect blend of versatility and elegance with this wardrobe essential.",Dresses,76,Goddiva,24726,Women's Dresses & Skirts,198,https://images2.productserve.com/?w=200&h=200&bg=white&trim=5&t=letterbox&url=ssl%3Acdn.shopify.com%2Fs%2Ffiles%2F1%2F0487%2F8834%2F0899%2Ffiles%2FIMG_3747_1_1718627251.jpg&feedId=62769&k=f2d6d765b112607723affa34323b737d97286666,USD,,"Over $120 - Free Delivery, Less than $120 - $12",https://goddiva.us/products/goddiva-denim-gathered-angel-sleeve-midi-shirt-dress-sky-denim,,,USD90,62769,Goddiva,1,,,,,,Womens,Dresses
https://www.awin1.com/pclick.php?p=37767130931&a=2771700&m=24726,Goddiva Denim Gathered Angel Sleeve Midi Shirt Dress - Sky Denim,37767130931,DR4116-SKYDENIM-14,https://cdn.shopify.com/s/files/1/0487/8834/0899/files/IMG_3747_1_1718627251.jpg,"Step into effortless elegance with our Denim Gathered Angel Sleeve Midi Shirt Dress. This versatile blue denim piece effortlessly blends style and comfort, making it your go-to choice from day to night. This sky blue dress features a button-down bodice that flows gracefully into a flattering midi skirt. The elasticated waistband cinches at just the right spot, accentuating your silhouette while ensuring all-day comfort. Short angel sleeves add a touch of whimsy to this fitted style dress, creating a chic and feminine look. Transition seamlessly from casual outings to evening soires by pairing it with sneakers or sandals during the day, then elevate your ensemble with heels for a night on the town. Whether you're strolling through the city streets or enjoying a dinner date, our sky blue Denim Gathered Angel Sleeve Midi Shirt Dress promises style and sophistication without sacrificing comfort. Experience the perfect blend of versatility and elegance with this wardrobe essential.",Dresses,76,Goddiva,24726,Women's Dresses & Skirts,198,https://images2.productserve.com/?w=200&h=200&bg=white&trim=5&t=letterbox&url=ssl%3Acdn.shopify.com%2Fs%2Ffiles%2F1%2F0487%2F8834%2F0899%2Ffiles%2FIMG_3747_1_1718627251.jpg&feedId=62769&k=f2d6d765b112607723affa34323b737d97286666,USD,,"Over $120 - Free Delivery, Less than $120 - $12",https://goddiva.us/products/goddiva-denim-gathered-angel-sleeve-midi-shirt-dress-sky-denim,,,USD90,62769,Goddiva,1,,,,,,Womens,Dresses
https://www.awin1.com/pclick.php?p=37796209228&a=2771700&m=24726,Goddiva Scuba Crepe Bandeau Rose Maxi Dress - Lime Green,37796209228,DR4243-LIME-8,https://cdn.shopify.com/s/files/1/0487/8834/0899/files/24512_1715593175.jpg,"Step into the epitome of elegance with our Scuba Crepe Bandeau Rose Maxi Dress, a breath-taking ensemble designed to captivate every eye in the room. This lime sleeveless masterpiece features a timeless bandeau style, delicately tailored to accentuate your silhouette with grace and poise. Adorned with a mesmerising rose corsage detailing, this lime green dress exudes romance and sophistication, adding a touch of whimsical charm to your ensemble. The intricate craftsmanship showcases the finest attention to detail, ensuring you radiate confidence and allure with every step you take. Designed to make a statement at any occasion, whether you're gracing the aisle as a bridesmaid, making a grand entrance at prom, standing as the maid of honour, or attending a prestigious black-tie affair, this dress effortlessly commands attention. Embrace the allure of the fishtail hem, as it cascades elegantly behind you, creating a dramatic yet graceful movement that will leave onlookers in awe. With its luxurious scuba crepe fabric, this lime dress offers a flawless fit and unparalleled comfort, allowing you to dance the night away with effortless grace.",Dresses,90,Goddiva,24726,Women's Dresses & Skirts,198,https://images2.productserve.com/?w=200&h=200&bg=white&trim=5&t=letterbox&url=ssl%3Acdn.shopify.com%2Fs%2Ffiles%2F1%2F0487%2F8834%2F0899%2Ffiles%2F24512_1715593175.jpg&feedId=62769&k=cf9771789951bdd8e6fc6a4f8dc68e85d89e4ddb,USD,,"Over $120 - Free Delivery, Less than $120 - $12",https://goddiva.us/products/goddiva-scuba-crepe-bandeau-rose-maxi-dress-lime,,,USD170,62769,Goddiva,1,,,,,,Womens,Dresses
https://www.awin1.com/pclick.php?p=37796209168&a=2771700&m=24726,Goddiva Frilled Off The Shoulder Scuba Maxi Dress - Rose Pink,37796209168,DR4293-ROSEPINK-8,https://cdn.shopify.com/s/files/1/0487/8834/0899/files/25106_1715593880.jpg,"Step into elegance and grace with our Frilled Off The Shoulder Scuba Maxi Dress, a masterpiece designed to captivate every eye and steal every heart. With its exquisite off-the-shoulder style and delicate frilled detailing adorning the shoulders, this rose pink dress exudes sophistication and allure from every angle. The scuba fabric embraces your curves in all the right places, offering a flattering silhouette that accentuates your natural beauty. The mesmerising fishtail hem adds a touch of drama, cascading gracefully with every step you take, leaving a trail of enchantment in your wake. Whether you're a radiant bridesmaid, a belle of the prom, a trusted maid of honour, or gracing a black-tie affair, this dress is your unequivocal statement of elegance and refinement. It whispers of whispered conversations and stolen glances, of memories to be cherished and moments to be remembered. Radiate confidence and poise as you glide across the room, drawing admiration and awe with every movement. This pink dress isn't just attire; it's a symphony of style and sophistication, a testament to your unparalleled taste and timeless allure. Elevate your ensemble to unparalleled heights with our Frilled Off The Shoulder Scuba Maxi Dress  because when you step into this enchanting garment, you're not just wearing a dress; you're embodying the essence of elegance itself.",Dresses,96,Goddiva,24726,Women's Dresses & Skirts,198,https://images2.productserve.com/?w=200&h=200&bg=white&trim=5&t=letterbox&url=ssl%3Acdn.shopify.com%2Fs%2Ffiles%2F1%2F0487%2F8834%2F0899%2Ffiles%2F25106_1715593880.jpg&feedId=62769&k=a8ec6c609e27179182584dc037287c73a6806a79,USD,,"Over $120 - Free Delivery, Less than $120 - $12",https://goddiva.us/products/goddiva-frilled-off-the-shoulder-scuba-maxi-dress-rose-pink,,,USD170,62769,Goddiva,1,,,,,,Womens,Dresses
https://www.awin1.com/pclick.php?p=37796209231&a=2771700&m=24726,Goddiva Scuba Crepe Bandeau Rose Maxi Dress - Lime Green,37796209231,DR4243-LIME-14,https://cdn.shopify.com/s/files/1/0487/8834/0899/files/24512_1715593175.jpg,"Step into the epitome of elegance with our Scuba Crepe Bandeau Rose Maxi Dress, a breath-taking ensemble designed to captivate every eye in the room. This lime sleeveless masterpiece features a timeless bandeau style, delicately tailored to accentuate your silhouette with grace and poise. Adorned with a mesmerising rose corsage detailing, this lime green dress exudes romance and sophistication, adding a touch of whimsical charm to your ensemble. The intricate craftsmanship showcases the finest attention to detail, ensuring you radiate confidence and allure with every step you take. Designed to make a statement at any occasion, whether you're gracing the aisle as a bridesmaid, making a grand entrance at prom, standing as the maid of honour, or attending a prestigious black-tie affair, this dress effortlessly commands attention. Embrace the allure of the fishtail hem, as it cascades elegantly behind you, creating a dramatic yet graceful movement that will leave onlookers in awe. With its luxurious scuba crepe fabric, this lime dress offers a flawless fit and unparalleled comfort, allowing you to dance the night away with effortless grace.",Dresses,90,Goddiva,24726,Women's Dresses & Skirts,198,https://images2.productserve.com/?w=200&h=200&bg=white&trim=5&t=letterbox&url=ssl%3Acdn.shopify.com%2Fs%2Ffiles%2F1%2F0487%2F8834%2F0899%2Ffiles%2F24512_1715593175.jpg&feedId=62769&k=cf9771789951bdd8e6fc6a4f8dc68e85d89e4ddb,USD,,"Over $120 - Free Delivery, Less than $120 - $12",https://goddiva.us/products/goddiva-scuba-crepe-bandeau-rose-maxi-dress-lime,,,USD170,62769,Goddiva,1,,,,,,Womens,Dresses
https://www.awin1.com/pclick.php?p=37796209225&a=2771700&m=24726,Goddiva Scuba Crepe Bandeau Rose Maxi Dress - Black,37796209225,DR4243-BLACK-14,https://cdn.shopify.com/s/files/1/0487/8834/0899/files/23808_1715592102.jpg,"Step into the epitome of elegance with our Scuba Crepe Bandeau Rose Maxi Dress, a breathtaking ensemble designed to captivate every eye in the room. This black sleeveless masterpiece features a timeless bandeau style, delicately tailored to accentuate your silhouette with grace and poise. Adorned with a mesmerising rose corsage detailing, this black dress exudes romance and sophistication, adding a touch of whimsical charm to your ensemble. The intricate craftsmanship showcases the finest attention to detail, ensuring you radiate confidence and allure with every step you take. Designed to make a statement at any occasion, whether you're gracing the aisle as a bridesmaid, making a grand entrance at prom, standing as the maid of honour, or attending a prestigious black-tie affair, this dress effortlessly commands attention. Embrace the allure of the fishtail hem, as it cascades elegantly behind you, creating a dramatic yet graceful movement that will leave onlookers in awe. With its luxurious scuba crepe fabric, this black dress offers a flawless fit and unparalleled comfort, allowing you to dance the night away with effortless grace.",Dresses,90,Goddiva,24726,Women's Dresses & Skirts,198,https://images2.productserve.com/?w=200&h=200&bg=white&trim=5&t=letterbox&url=ssl%3Acdn.shopify.com%2Fs%2Ffiles%2F1%2F0487%2F8834%2F0899%2Ffiles%2F23808_1715592102.jpg&feedId=62769&k=c3f4a5e61454520738ade32d72fef4b01864cd06,USD,,"Over $120 - Free Delivery, Less than $120 - $12",https://goddiva.us/products/goddiva-scuba-crepe-bandeau-rose-maxi-dress-black,,,USD170,62769,Goddiva,1,,,,,,Womens,Dresses
https://www.awin1.com/pclick.php?p=37796209170&a=2771700&m=24726,Goddiva Frilled Off The Shoulder Scuba Maxi Dress - Rose Pink,37796209170,DR4293-ROSEPINK-12,https://cdn.shopify.com/s/files/1/0487/8834/0899/files/25106_1715593880.jpg,"Step into elegance and grace with our Frilled Off The Shoulder Scuba Maxi Dress, a masterpiece designed to captivate every eye and steal every heart. With its exquisite off-the-shoulder style and delicate frilled detailing adorning the shoulders, this rose pink dress exudes sophistication and allure from every angle. The scuba fabric embraces your curves in all the right places, offering a flattering silhouette that accentuates your natural beauty. The mesmerising fishtail hem adds a touch of drama, cascading gracefully with every step you take, leaving a trail of enchantment in your wake. Whether you're a radiant bridesmaid, a belle of the prom, a trusted maid of honour, or gracing a black-tie affair, this dress is your unequivocal statement of elegance and refinement. It whispers of whispered conversations and stolen glances, of memories to be cherished and moments to be remembered. Radiate confidence and poise as you glide across the room, drawing admiration and awe with every movement. This pink dress isn't just attire; it's a symphony of style and sophistication, a testament to your unparalleled taste and timeless allure. Elevate your ensemble to unparalleled heights with our Frilled Off The Shoulder Scuba Maxi Dress  because when you step into this enchanting garment, you're not just wearing a dress; you're embodying the essence of elegance itself.",Dresses,96,Goddiva,24726,Women's Dresses & Skirts,198,https://images2.productserve.com/?w=200&h=200&bg=white&trim=5&t=letterbox&url=ssl%3Acdn.shopify.com%2Fs%2Ffiles%2F1%2F0487%2F8834%2F0899%2Ffiles%2F25106_1715593880.jpg&feedId=62769&k=a8ec6c609e27179182584dc037287c73a6806a79,USD,,"Over $120 - Free Delivery, Less than $120 - $12",https://goddiva.us/products/goddiva-frilled-off-the-shoulder-scuba-maxi-dress-rose-pink,,,USD170,62769,Goddiva,1,,,,,,Womens,Dresses
https://www.awin1.com/pclick.php?p=37796209229&a=2771700&m=24726,Goddiva Scuba Crepe Bandeau Rose Maxi Dress - Lime Green,37796209229,DR4243-LIME-10,https://cdn.shopify.com/s/files/1/0487/8834/0899/files/24512_1715593175.jpg,"Step into the epitome of elegance with our Scuba Crepe Bandeau Rose Maxi Dress, a breath-taking ensemble designed to captivate every eye in the room. This lime sleeveless masterpiece features a timeless bandeau style, delicately tailored to accentuate your silhouette with grace and poise. Adorned with a mesmerising rose corsage detailing, this lime green dress exudes romance and sophistication, adding a touch of whimsical charm to your ensemble. The intricate craftsmanship showcases the finest attention to detail, ensuring you radiate confidence and allure with every step you take. Designed to make a statement at any occasion, whether you're gracing the aisle as a bridesmaid, making a grand entrance at prom, standing as the maid of honour, or attending a prestigious black-tie affair, this dress effortlessly commands attention. Embrace the allure of the fishtail hem, as it cascades elegantly behind you, creating a dramatic yet graceful movement that will leave onlookers in awe. With its luxurious scuba crepe fabric, this lime dress offers a flawless fit and unparalleled comfort, allowing you to dance the night away with effortless grace.",Dresses,90,Goddiva,24726,Women's Dresses & Skirts,198,https://images2.productserve.com/?w=200&h=200&bg=white&trim=5&t=letterbox&url=ssl%3Acdn.shopify.com%2Fs%2Ffiles%2F1%2F0487%2F8834%2F0899%2Ffiles%2F24512_1715593175.jpg&feedId=62769&k=cf9771789951bdd8e6fc6a4f8dc68e85d89e4ddb,USD,,"Over $120 - Free Delivery, Less than $120 - $12",https://goddiva.us/products/goddiva-scuba-crepe-bandeau-rose-maxi-dress-lime,,,USD170,62769,Goddiva,1,,,,,,Womens,Dresses
https://www.awin1.com/pclick.php?p=37796209169&a=2771700&m=24726,Goddiva Frilled Off The Shoulder Scuba Maxi Dress - Rose Pink,37796209169,DR4293-ROSEPINK-10,https://cdn.shopify.com/s/files/1/0487/8834/0899/files/25106_1715593880.jpg,"Step into elegance and grace with our Frilled Off The Shoulder Scuba Maxi Dress, a masterpiece designed to captivate every eye and steal every heart. With its exquisite off-the-shoulder style and delicate frilled detailing adorning the shoulders, this rose pink dress exudes sophistication and allure from every angle. The scuba fabric embraces your curves in all the right places, offering a flattering silhouette that accentuates your natural beauty. The mesmerising fishtail hem adds a touch of drama, cascading gracefully with every step you take, leaving a trail of enchantment in your wake. Whether you're a radiant bridesmaid, a belle of the prom, a trusted maid of honour, or gracing a black-tie affair, this dress is your unequivocal statement of elegance and refinement. It whispers of whispered conversations and stolen glances, of memories to be cherished and moments to be remembered. Radiate confidence and poise as you glide across the room, drawing admiration and awe with every movement. This pink dress isn't just attire; it's a symphony of style and sophistication, a testament to your unparalleled taste and timeless allure. Elevate your ensemble to unparalleled heights with our Frilled Off The Shoulder Scuba Maxi Dress  because when you step into this enchanting garment, you're not just wearing a dress; you're embodying the essence of elegance itself.",Dresses,96,Goddiva,24726,Women's Dresses & Skirts,198,https://images2.productserve.com/?w=200&h=200&bg=white&trim=5&t=letterbox&url=ssl%3Acdn.shopify.com%2Fs%2Ffiles%2F1%2F0487%2F8834%2F0899%2Ffiles%2F25106_1715593880.jpg&feedId=62769&k=a8ec6c609e27179182584dc037287c73a6806a79,USD,,"Over $120 - Free Delivery, Less than $120 - $12",https://goddiva.us/products/goddiva-frilled-off-the-shoulder-scuba-maxi-dress-rose-pink,,,USD170,62769,Goddiva,1,,,,,,Womens,Dresses
https://www.awin1.com/pclick.php?p=37796209224&a=2771700&m=24726,Goddiva Scuba Crepe Bandeau Rose Maxi Dress - Black,37796209224,DR4243-BLACK-12,https://cdn.shopify.com/s/files/1/0487/8834/0899/files/23808_1715592102.jpg,"Step into the epitome of elegance with our Scuba Crepe Bandeau Rose Maxi Dress, a breathtaking ensemble designed to captivate every eye in the room. This black sleeveless masterpiece features a timeless bandeau style, delicately tailored to accentuate your silhouette with grace and poise. Adorned with a mesmerising rose corsage detailing, this black dress exudes romance and sophistication, adding a touch of whimsical charm to your ensemble. The intricate craftsmanship showcases the finest attention to detail, ensuring you radiate confidence and allure with every step you take. Designed to make a statement at any occasion, whether you're gracing the aisle as a bridesmaid, making a grand entrance at prom, standing as the maid of honour, or attending a prestigious black-tie affair, this dress effortlessly commands attention. Embrace the allure of the fishtail hem, as it cascades elegantly behind you, creating a dramatic yet graceful movement that will leave onlookers in awe. With its luxurious scuba crepe fabric, this black dress offers a flawless fit and unparalleled comfort, allowing you to dance the night away with effortless grace.",Dresses,90,Goddiva,24726,Women's Dresses & Skirts,198,https://images2.productserve.com/?w=200&h=200&bg=white&trim=5&t=letterbox&url=ssl%3Acdn.shopify.com%2Fs%2Ffiles%2F1%2F0487%2F8834%2F0899%2Ffiles%2F23808_1715592102.jpg&feedId=62769&k=c3f4a5e61454520738ade32d72fef4b01864cd06,USD,,"Over $120 - Free Delivery, Less than $120 - $12",https://goddiva.us/products/goddiva-scuba-crepe-bandeau-rose-maxi-dress-black,,,USD170,62769,Goddiva,1,,,,,,Womens,Dresses
https://www.awin1.com/pclick.php?p=37796209203&a=2771700&m=24726,Goddiva One Shoulder Satin Band Bodycon Midi Dress - Magenta,37796209203,DR3483-MAGENTA-12,https://cdn.shopify.com/s/files/1/0487/8834/0899/files/DR3483_MAGENTA33587_front_1767715918.jpg,"Get ready to turn heads in our stunning one-shoulder satin band bodycon dress, designed to fit you like a dream. With its flattering midi length and form-fitting silhouette, this Magenta dress is your go-to choice for any special occasion, whether it's a concert, wedding, or a night out on the town. Exuding major girl crush vibes, this Pink one-shoulder  dress is guaranteed to make you stand out from the crowd. The satin band detail adds a touch of glamour, while the scuba crepe fabric ensures you stay comfortable all night long. Versatile and effortlessly chic, this Magenta dress is a must-have in every girl's wardrobe. Perfect for date nights, clubbing, wedding festivities, or birthday celebrations, it's the ultimate go-to piece for any event. Pair it with your favourite heels and jewellery, and get ready to make a statement wherever you go. With our one-shoulder satin band bodycon dress, heads will turn from dusk 'til dawn.",Dresses,76,Goddiva,24726,Women's Dresses & Skirts,198,https://images2.productserve.com/?w=200&h=200&bg=white&trim=5&t=letterbox&url=ssl%3Acdn.shopify.com%2Fs%2Ffiles%2F1%2F0487%2F8834%2F0899%2Ffiles%2FDR3483_MAGENTA33587_front_1767715918.jpg&feedId=62769&k=ceb4668f8d20cdc89f5d9e8fa683d9652bae989d,USD,,"Over $120 - Free Delivery, Less than $120 - $12",https://goddiva.us/products/goddiva-one-shoulder-satin-band-bodycon-midi-dress-magenta,,,USD96,62769,Goddiva,1,,,,,,Womens,Dresses
https://www.awin1.com/pclick.php?p=37796209201&a=2771700&m=24726,Goddiva One Shoulder Satin Band Bodycon Midi Dress - Magenta,37796209201,DR3483-MAGENTA-8,https://cdn.shopify.com/s/files/1/0487/8834/0899/files/DR3483_MAGENTA33587_front_1767715918.jpg,"Get ready to turn heads in our stunning one-shoulder satin band bodycon dress, designed to fit you like a dream. With its flattering midi length and form-fitting silhouette, this Magenta dress is your go-to choice for any special occasion, whether it's a concert, wedding, or a night out on the town. Exuding major girl crush vibes, this Pink one-shoulder  dress is guaranteed to make you stand out from the crowd. The satin band detail adds a touch of glamour, while the scuba crepe fabric ensures you stay comfortable all night long. Versatile and effortlessly chic, this Magenta dress is a must-have in every girl's wardrobe. Perfect for date nights, clubbing, wedding festivities, or birthday celebrations, it's the ultimate go-to piece for any event. Pair it with your favourite heels and jewellery, and get ready to make a statement wherever you go. With our one-shoulder satin band bodycon dress, heads will turn from dusk 'til dawn.",Dresses,76,Goddiva,24726,Women's Dresses & Skirts,198,https://images2.productserve.com/?w=200&h=200&bg=white&trim=5&t=letterbox&url=ssl%3Acdn.shopify.com%2Fs%2Ffiles%2F1%2F0487%2F8834%2F0899%2Ffiles%2FDR3483_MAGENTA33587_front_1767715918.jpg&feedId=62769&k=ceb4668f8d20cdc89f5d9e8fa683d9652bae989d,USD,,"Over $120 - Free Delivery, Less than $120 - $12",https://goddiva.us/products/goddiva-one-shoulder-satin-band-bodycon-midi-dress-magenta,,,USD96,62769,Goddiva,1,,,,,,Womens,Dresses
https://www.awin1.com/pclick.php?p=37796209223&a=2771700&m=24726,Goddiva Scuba Crepe Bandeau Rose Maxi Dress - Black,37796209223,DR4243-BLACK-10,https://cdn.shopify.com/s/files/1/0487/8834/0899/files/23808_1715592102.jpg,"Step into the epitome of elegance with our Scuba Crepe Bandeau Rose Maxi Dress, a breathtaking ensemble designed to captivate every eye in the room. This black sleeveless masterpiece features a timeless bandeau style, delicately tailored to accentuate your silhouette with grace and poise. Adorned with a mesmerising rose corsage detailing, this black dress exudes romance and sophistication, adding a touch of whimsical charm to your ensemble. The intricate craftsmanship showcases the finest attention to detail, ensuring you radiate confidence and allure with every step you take. Designed to make a statement at any occasion, whether you're gracing the aisle as a bridesmaid, making a grand entrance at prom, standing as the maid of honour, or attending a prestigious black-tie affair, this dress effortlessly commands attention. Embrace the allure of the fishtail hem, as it cascades elegantly behind you, creating a dramatic yet graceful movement that will leave onlookers in awe. With its luxurious scuba crepe fabric, this black dress offers a flawless fit and unparalleled comfort, allowing you to dance the night away with effortless grace.",Dresses,90,Goddiva,24726,Women's Dresses & Skirts,198,https://images2.productserve.com/?w=200&h=200&bg=white&trim=5&t=letterbox&url=ssl%3Acdn.shopify.com%2Fs%2Ffiles%2F1%2F0487%2F8834%2F0899%2Ffiles%2F23808_1715592102.jpg&feedId=62769&k=c3f4a5e61454520738ade32d72fef4b01864cd06,USD,,"Over $120 - Free Delivery, Less than $120 - $12",https://goddiva.us/products/goddiva-scuba-crepe-bandeau-rose-maxi-dress-black,,,USD170,62769,Goddiva,1,,,,,,Womens,Dresses
https://www.awin1.com/pclick.php?p=37796209202&a=2771700&m=24726,Goddiva One Shoulder Satin Band Bodycon Midi Dress - Magenta,37796209202,DR3483-MAGENTA-10,https://cdn.shopify.com/s/files/1/0487/8834/0899/files/DR3483_MAGENTA33587_front_1767715918.jpg,"Get ready to turn heads in our stunning one-shoulder satin band bodycon dress, designed to fit you like a dream. With its flattering midi length and form-fitting silhouette, this Magenta dress is your go-to choice for any special occasion, whether it's a concert, wedding, or a night out on the town. Exuding major girl crush vibes, this Pink one-shoulder  dress is guaranteed to make you stand out from the crowd. The satin band detail adds a touch of glamour, while the scuba crepe fabric ensures you stay comfortable all night long. Versatile and effortlessly chic, this Magenta dress is a must-have in every girl's wardrobe. Perfect for date nights, clubbing, wedding festivities, or birthday celebrations, it's the ultimate go-to piece for any event. Pair it with your favourite heels and jewellery, and get ready to make a statement wherever you go. With our one-shoulder satin band bodycon dress, heads will turn from dusk 'til dawn.",Dresses,76,Goddiva,24726,Women's Dresses & Skirts,198,https://images2.productserve.com/?w=200&h=200&bg=white&trim=5&t=letterbox&url=ssl%3Acdn.shopify.com%2Fs%2Ffiles%2F1%2F0487%2F8834%2F0899%2Ffiles%2FDR3483_MAGENTA33587_front_1767715918.jpg&feedId=62769&k=ceb4668f8d20cdc89f5d9e8fa683d9652bae989d,USD,,"Over $120 - Free Delivery, Less than $120 - $12",https://goddiva.us/products/goddiva-one-shoulder-satin-band-bodycon-midi-dress-magenta,,,USD96,62769,Goddiva,1,,,,,,Womens,Dresses
https://www.awin1.com/pclick.php?p=37796209204&a=2771700&m=24726,Goddiva One Shoulder Satin Band Bodycon Midi Dress - Magenta,37796209204,DR3483-MAGENTA-14,https://cdn.shopify.com/s/files/1/0487/8834/0899/files/DR3483_MAGENTA33587_front_1767715918.jpg,"Get ready to turn heads in our stunning one-shoulder satin band bodycon dress, designed to fit you like a dream. With its flattering midi length and form-fitting silhouette, this Magenta dress is your go-to choice for any special occasion, whether it's a concert, wedding, or a night out on the town. Exuding major girl crush vibes, this Pink one-shoulder  dress is guaranteed to make you stand out from the crowd. The satin band detail adds a touch of glamour, while the scuba crepe fabric ensures you stay comfortable all night long. Versatile and effortlessly chic, this Magenta dress is a must-have in every girl's wardrobe. Perfect for date nights, clubbing, wedding festivities, or birthday celebrations, it's the ultimate go-to piece for any event. Pair it with your favourite heels and jewellery, and get ready to make a statement wherever you go. With our one-shoulder satin band bodycon dress, heads will turn from dusk 'til dawn.",Dresses,76,Goddiva,24726,Women's Dresses & Skirts,198,https://images2.productserve.com/?w=200&h=200&bg=white&trim=5&t=letterbox&url=ssl%3Acdn.shopify.com%2Fs%2Ffiles%2F1%2F0487%2F8834%2F0899%2Ffiles%2FDR3483_MAGENTA33587_front_1767715918.jpg&feedId=62769&k=ceb4668f8d20cdc89f5d9e8fa683d9652bae989d,USD,,"Over $120 - Free Delivery, Less than $120 - $12",https://goddiva.us/products/goddiva-one-shoulder-satin-band-bodycon-midi-dress-magenta,,,USD96,62769,Goddiva,1,,,,,,Womens,Dresses
https://www.awin1.com/pclick.php?p=37796209230&a=2771700&m=24726,Goddiva Scuba Crepe Bandeau Rose Maxi Dress - Lime Green,37796209230,DR4243-LIME-12,https://cdn.shopify.com/s/files/1/0487/8834/0899/files/24512_1715593175.jpg,"Step into the epitome of elegance with our Scuba Crepe Bandeau Rose Maxi Dress, a breath-taking ensemble designed to captivate every eye in the room. This lime sleeveless masterpiece features a timeless bandeau style, delicately tailored to accentuate your silhouette with grace and poise. Adorned with a mesmerising rose corsage detailing, this lime green dress exudes romance and sophistication, adding a touch of whimsical charm to your ensemble. The intricate craftsmanship showcases the finest attention to detail, ensuring you radiate confidence and allure with every step you take. Designed to make a statement at any occasion, whether you're gracing the aisle as a bridesmaid, making a grand entrance at prom, standing as the maid of honour, or attending a prestigious black-tie affair, this dress effortlessly commands attention. Embrace the allure of the fishtail hem, as it cascades elegantly behind you, creating a dramatic yet graceful movement that will leave onlookers in awe. With its luxurious scuba crepe fabric, this lime dress offers a flawless fit and unparalleled comfort, allowing you to dance the night away with effortless grace.",Dresses,90,Goddiva,24726,Women's Dresses & Skirts,198,https://images2.productserve.com/?w=200&h=200&bg=white&trim=5&t=letterbox&url=ssl%3Acdn.shopify.com%2Fs%2Ffiles%2F1%2F0487%2F8834%2F0899%2Ffiles%2F24512_1715593175.jpg&feedId=62769&k=cf9771789951bdd8e6fc6a4f8dc68e85d89e4ddb,USD,,"Over $120 - Free Delivery, Less than $120 - $12",https://goddiva.us/products/goddiva-scuba-crepe-bandeau-rose-maxi-dress-lime,,,USD170,62769,Goddiva,1,,,,,,Womens,Dresses
https://www.awin1.com/pclick.php?p=37796209171&a=2771700&m=24726,Goddiva Frilled Off The Shoulder Scuba Maxi Dress - Rose Pink,37796209171,DR4293-ROSEPINK-14,https://cdn.shopify.com/s/files/1/0487/8834/0899/files/25106_1715593880.jpg,"Step into elegance and grace with our Frilled Off The Shoulder Scuba Maxi Dress, a masterpiece designed to captivate every eye and steal every heart. With its exquisite off-the-shoulder style and delicate frilled detailing adorning the shoulders, this rose pink dress exudes sophistication and allure from every angle. The scuba fabric embraces your curves in all the right places, offering a flattering silhouette that accentuates your natural beauty. The mesmerising fishtail hem adds a touch of drama, cascading gracefully with every step you take, leaving a trail of enchantment in your wake. Whether you're a radiant bridesmaid, a belle of the prom, a trusted maid of honour, or gracing a black-tie affair, this dress is your unequivocal statement of elegance and refinement. It whispers of whispered conversations and stolen glances, of memories to be cherished and moments to be remembered. Radiate confidence and poise as you glide across the room, drawing admiration and awe with every movement. This pink dress isn't just attire; it's a symphony of style and sophistication, a testament to your unparalleled taste and timeless allure. Elevate your ensemble to unparalleled heights with our Frilled Off The Shoulder Scuba Maxi Dress  because when you step into this enchanting garment, you're not just wearing a dress; you're embodying the essence of elegance itself.",Dresses,96,Goddiva,24726,Women's Dresses & Skirts,198,https://images2.productserve.com/?w=200&h=200&bg=white&trim=5&t=letterbox&url=ssl%3Acdn.shopify.com%2Fs%2Ffiles%2F1%2F0487%2F8834%2F0899%2Ffiles%2F25106_1715593880.jpg&feedId=62769&k=a8ec6c609e27179182584dc037287c73a6806a79,USD,,"Over $120 - Free Delivery, Less than $120 - $12",https://goddiva.us/products/goddiva-frilled-off-the-shoulder-scuba-maxi-dress-rose-pink,,,USD170,62769,Goddiva,1,,,,,,Womens,Dresses
https://www.awin1.com/pclick.php?p=37796209222&a=2771700&m=24726,Goddiva Scuba Crepe Bandeau Rose Maxi Dress - Black,37796209222,DR4243-BLACK-8,https://cdn.shopify.com/s/files/1/0487/8834/0899/files/23808_1715592102.jpg,"Step into the epitome of elegance with our Scuba Crepe Bandeau Rose Maxi Dress, a breathtaking ensemble designed to captivate every eye in the room. This black sleeveless masterpiece features a timeless bandeau style, delicately tailored to accentuate your silhouette with grace and poise. Adorned with a mesmerising rose corsage detailing, this black dress exudes romance and sophistication, adding a touch of whimsical charm to your ensemble. The intricate craftsmanship showcases the finest attention to detail, ensuring you radiate confidence and allure with every step you take. Designed to make a statement at any occasion, whether you're gracing the aisle as a bridesmaid, making a grand entrance at prom, standing as the maid of honour, or attending a prestigious black-tie affair, this dress effortlessly commands attention. Embrace the allure of the fishtail hem, as it cascades elegantly behind you, creating a dramatic yet graceful movement that will leave onlookers in awe. With its luxurious scuba crepe fabric, this black dress offers a flawless fit and unparalleled comfort, allowing you to dance the night away with effortless grace.",Dresses,90,Goddiva,24726,Women's Dresses & Skirts,198,https://images2.productserve.com/?w=200&h=200&bg=white&trim=5&t=letterbox&url=ssl%3Acdn.shopify.com%2Fs%2Ffiles%2F1%2F0487%2F8834%2F0899%2Ffiles%2F23808_1715592102.jpg&feedId=62769&k=c3f4a5e61454520738ade32d72fef4b01864cd06,USD,,"Over $120 - Free Delivery, Less than $120 - $12",https://goddiva.us/products/goddiva-scuba-crepe-bandeau-rose-maxi-dress-black,,,USD170,62769,Goddiva,1,,,,,,Womens,Dresses
https://www.awin1.com/pclick.php?p=37897003280&a=2771700&m=24726,Goddiva Slinky Satin One Shoulder Split Maxi Dress - Royal Blue,37897003280,DR4388-ROYALBLUE-12,https://cdn.shopify.com/s/files/1/0487/8834/0899/files/DR4388_ROYALBLUE_3270_front_1768905576.jpg,"Step into the spotlight with our Slinky Satin One Shoulder Split Maxi Dress, a captivating ensemble that exudes sophistication and allure effortlessly. Picture yourself gliding across the room, commanding attention with every step, as the luxurious satin fabric drapes gracefully around you. This royal blue dress features a chic one-shoulder design that adds a touch of allure, while the front thigh split adorned with a delicate waterfall frill creates an alluring silhouette that is both elegant and enchanting. With its figure-flattering fit and long sleeves, this blue dress is designed to accentuate your curves and provide the perfect balance of comfort and style. Whether you're attending a glamorous prom, standing by your best friend's side as a bridesmaid, or gracing any other formal occasion, this royal blue dress is sure to make a statement. Don't miss out on the opportunity to elevate your wardrobe with this affordable yet luxurious style. Embrace the elegance and sophistication of our Slinky Satin One Shoulder Split royal blue Maxi Dress and step into the limelight with confidence and poise. Order yours now and experience the enchantment firsthand.",Dresses,76,Goddiva,24726,Women's Dresses & Skirts,198,https://images2.productserve.com/?w=200&h=200&bg=white&trim=5&t=letterbox&url=ssl%3Acdn.shopify.com%2Fs%2Ffiles%2F1%2F0487%2F8834%2F0899%2Ffiles%2FDR4388_ROYALBLUE_3270_front_1768905576.jpg&feedId=62769&k=110bed2444b45d90aeab99318d9f43ca088a82b5,USD,,"Over $120 - Free Delivery, Less than $120 - $12",https://goddiva.us/products/goddiva-slinky-satin-one-shoulder-split-maxi-dress-royal-blue,,,USD96,62769,Goddiva,1,,,,,,Womens,Dresses
https://www.awin1.com/pclick.php?p=37897003279&a=2771700&m=24726,Goddiva Slinky Satin One Shoulder Split Maxi Dress - Royal Blue,37897003279,DR4388-ROYALBLUE-10,https://cdn.shopify.com/s/files/1/0487/8834/0899/files/DR4388_ROYALBLUE_3270_front_1768905576.jpg,"Step into the spotlight with our Slinky Satin One Shoulder Split Maxi Dress, a captivating ensemble that exudes sophistication and allure effortlessly. Picture yourself gliding across the room, commanding attention with every step, as the luxurious satin fabric drapes gracefully around you. This royal blue dress features a chic one-shoulder design that adds a touch of allure, while the front thigh split adorned with a delicate waterfall frill creates an alluring silhouette that is both elegant and enchanting. With its figure-flattering fit and long sleeves, this blue dress is designed to accentuate your curves and provide the perfect balance of comfort and style. Whether you're attending a glamorous prom, standing by your best friend's side as a bridesmaid, or gracing any other formal occasion, this royal blue dress is sure to make a statement. Don't miss out on the opportunity to elevate your wardrobe with this affordable yet luxurious style. Embrace the elegance and sophistication of our Slinky Satin One Shoulder Split royal blue Maxi Dress and step into the limelight with confidence and poise. Order yours now and experience the enchantment firsthand.",Dresses,76,Goddiva,24726,Women's Dresses & Skirts,198,https://images2.productserve.com/?w=200&h=200&bg=white&trim=5&t=letterbox&url=ssl%3Acdn.shopify.com%2Fs%2Ffiles%2F1%2F0487%2F8834%2F0899%2Ffiles%2FDR4388_ROYALBLUE_3270_front_1768905576.jpg&feedId=62769&k=110bed2444b45d90aeab99318d9f43ca088a82b5,USD,,"Over $120 - Free Delivery, Less than $120 - $12",https://goddiva.us/products/goddiva-slinky-satin-one-shoulder-split-maxi-dress-royal-blue,,,USD96,62769,Goddiva,1,,,,,,Womens,Dresses
https://www.awin1.com/pclick.php?p=37897003278&a=2771700&m=24726,Goddiva Slinky Satin One Shoulder Split Maxi Dress - Royal Blue,37897003278,DR4388-ROYALBLUE-8,https://cdn.shopify.com/s/files/1/0487/8834/0899/files/DR4388_ROYALBLUE_3270_front_1768905576.jpg,"Step into the spotlight with our Slinky Satin One Shoulder Split Maxi Dress, a captivating ensemble that exudes sophistication and allure effortlessly. Picture yourself gliding across the room, commanding attention with every step, as the luxurious satin fabric drapes gracefully around you. This royal blue dress features a chic one-shoulder design that adds a touch of allure, while the front thigh split adorned with a delicate waterfall frill creates an alluring silhouette that is both elegant and enchanting. With its figure-flattering fit and long sleeves, this blue dress is designed to accentuate your curves and provide the perfect balance of comfort and style. Whether you're attending a glamorous prom, standing by your best friend's side as a bridesmaid, or gracing any other formal occasion, this royal blue dress is sure to make a statement. Don't miss out on the opportunity to elevate your wardrobe with this affordable yet luxurious style. Embrace the elegance and sophistication of our Slinky Satin One Shoulder Split royal blue Maxi Dress and step into the limelight with confidence and poise. Order yours now and experience the enchantment firsthand.",Dresses,76,Goddiva,24726,Women's Dresses & Skirts,198,https://images2.productserve.com/?w=200&h=200&bg=white&trim=5&t=letterbox&url=ssl%3Acdn.shopify.com%2Fs%2Ffiles%2F1%2F0487%2F8834%2F0899%2Ffiles%2FDR4388_ROYALBLUE_3270_front_1768905576.jpg&feedId=62769&k=110bed2444b45d90aeab99318d9f43ca088a82b5,USD,,"Over $120 - Free Delivery, Less than $120 - $12",https://goddiva.us/products/goddiva-slinky-satin-one-shoulder-split-maxi-dress-royal-blue,,,USD96,62769,Goddiva,1,,,,,,Womens,Dresses
https://www.awin1.com/pclick.php?p=37897003281&a=2771700&m=24726,Goddiva Slinky Satin One Shoulder Split Maxi Dress - Royal Blue,37897003281,DR4388-ROYALBLUE-14,https://cdn.shopify.com/s/files/1/0487/8834/0899/files/DR4388_ROYALBLUE_3270_front_1768905576.jpg,"Step into the spotlight with our Slinky Satin One Shoulder Split Maxi Dress, a captivating ensemble that exudes sophistication and allure effortlessly. Picture yourself gliding across the room, commanding attention with every step, as the luxurious satin fabric drapes gracefully around you. This royal blue dress features a chic one-shoulder design that adds a touch of allure, while the front thigh split adorned with a delicate waterfall frill creates an alluring silhouette that is both elegant and enchanting. With its figure-flattering fit and long sleeves, this blue dress is designed to accentuate your curves and provide the perfect balance of comfort and style. Whether you're attending a glamorous prom, standing by your best friend's side as a bridesmaid, or gracing any other formal occasion, this royal blue dress is sure to make a statement. Don't miss out on the opportunity to elevate your wardrobe with this affordable yet luxurious style. Embrace the elegance and sophistication of our Slinky Satin One Shoulder Split royal blue Maxi Dress and step into the limelight with confidence and poise. Order yours now and experience the enchantment firsthand.",Dresses,76,Goddiva,24726,Women's Dresses & Skirts,198,https://images2.productserve.com/?w=200&h=200&bg=white&trim=5&t=letterbox&url=ssl%3Acdn.shopify.com%2Fs%2Ffiles%2F1%2F0487%2F8834%2F0899%2Ffiles%2FDR4388_ROYALBLUE_3270_front_1768905576.jpg&feedId=62769&k=110bed2444b45d90aeab99318d9f43ca088a82b5,USD,,"Over $120 - Free Delivery, Less than $120 - $12",https://goddiva.us/products/goddiva-slinky-satin-one-shoulder-split-maxi-dress-royal-blue,,,USD96,62769,Goddiva,1,,,,,,Womens,Dresses
https://www.awin1.com/pclick.php?p=37914500789&a=2771700&m=24726,Goddiva Chiffon Wrap Border Floral Print Midi Dress - Pink,37914500789,DR4333-PINK-10,https://cdn.shopify.com/s/files/1/0487/8834/0899/files/DR4333_PINK_0080_front_1770735202.jpg,"Wrap yourself in effortless charm with our Chiffon Wrap Border Floral Print Midi Dress. Embrace the sunny days ahead with its delightful combination of style and comfort. Designed with a flattering V-neckline and three-quarter sleeves, this black dress exudes a timeless appeal. The shirred waistband accentuates your silhouette while ensuring a comfortable fit for all-day wear. Elevate your summer wardrobe with the playful flair of balloon sleeves, finished with an elasticated cuff for added detail. The delicate floral print and wrap border add a touch of femininity, making it the perfect choice for holidays, picnics, and leisurely strolls under the sun. Whether you're exploring new destinations or enjoying a relaxed day out, this black dress effortlessly transitions from casual to chic. Don't miss out on this affordable style that effortlessly captures the essence of summer. Add it to your wardrobe now and embrace the season with confidence and style!",Dresses,56,Goddiva,24726,Women's Dresses & Skirts,198,https://images2.productserve.com/?w=200&h=200&bg=white&trim=5&t=letterbox&url=ssl%3Acdn.shopify.com%2Fs%2Ffiles%2F1%2F0487%2F8834%2F0899%2Ffiles%2FDR4333_PINK_0080_front_1770735202.jpg&feedId=62769&k=bb0da8213664baa50b762a926778fc6ffa66863e,USD,,"Over $120 - Free Delivery, Less than $120 - $12",https://goddiva.us/products/goddiva-chiffon-wrap-border-floral-print-midi-dress-pink-2,,,USD76,62769,Goddiva,1,,,,,,Womens,Dresses
https://www.awin1.com/pclick.php?p=37914500790&a=2771700&m=24726,Goddiva Chiffon Wrap Border Floral Print Midi Dress - Pink,37914500790,DR4333-PINK-12,https://cdn.shopify.com/s/files/1/0487/8834/0899/files/DR4333_PINK_0080_front_1770735202.jpg,"Wrap yourself in effortless charm with our Chiffon Wrap Border Floral Print Midi Dress. Embrace the sunny days ahead with its delightful combination of style and comfort. Designed with a flattering V-neckline and three-quarter sleeves, this black dress exudes a timeless appeal. The shirred waistband accentuates your silhouette while ensuring a comfortable fit for all-day wear. Elevate your summer wardrobe with the playful flair of balloon sleeves, finished with an elasticated cuff for added detail. The delicate floral print and wrap border add a touch of femininity, making it the perfect choice for holidays, picnics, and leisurely strolls under the sun. Whether you're exploring new destinations or enjoying a relaxed day out, this black dress effortlessly transitions from casual to chic. Don't miss out on this affordable style that effortlessly captures the essence of summer. Add it to your wardrobe now and embrace the season with confidence and style!",Dresses,56,Goddiva,24726,Women's Dresses & Skirts,198,https://images2.productserve.com/?w=200&h=200&bg=white&trim=5&t=letterbox&url=ssl%3Acdn.shopify.com%2Fs%2Ffiles%2F1%2F0487%2F8834%2F0899%2Ffiles%2FDR4333_PINK_0080_front_1770735202.jpg&feedId=62769&k=bb0da8213664baa50b762a926778fc6ffa66863e,USD,,"Over $120 - Free Delivery, Less than $120 - $12",https://goddiva.us/products/goddiva-chiffon-wrap-border-floral-print-midi-dress-pink-2,,,USD76,62769,Goddiva,1,,,,,,Womens,Dresses
https://www.awin1.com/pclick.php?p=37914500831&a=2771700&m=24726,Goddiva Pleated Satin Bodice High And Low Dress - Navy,37914500831,DR3337QZ-NAVY-8,https://cdn.shopify.com/s/files/1/0487/8834/0899/files/DR3337_NAVY_1633_front_1763479878.jpg,"Indulge in timeless elegance with our Pleated Satin Bodice High And Low Dress  a captivating blend of sophistication and grace designed for weddings, semi-formal occasions, and chic gatherings. The pleated satin bodice of this navy number exudes opulence and refinement, offering a luxurious touch to your ensemble. The structured bodice provides a flattering fit, highlighting your silhouette with poise and class. The high and low hemline adds a contemporary twist, ensuring you make a stylish statement at any event. Perfect for wedding guests and semi-formal affairs, this dress strikes the ideal balance between glamour and subtlety. The carefully crafted design ensures comfort without compromising on style, making it an excellent choice for those who appreciate both fashion and practicality. Embrace the allure of this exquisite navy dress, where every pleat and seam is a testament to impeccable craftsmanship. Elevate your presence at weddings, semi-formal occasions, and gatherings with this navy dress that seamlessly combines sophistication and modern flair.",Dresses,91,Goddiva,24726,Women's Dresses & Skirts,198,https://images2.productserve.com/?w=200&h=200&bg=white&trim=5&t=letterbox&url=ssl%3Acdn.shopify.com%2Fs%2Ffiles%2F1%2F0487%2F8834%2F0899%2Ffiles%2FDR3337_NAVY_1633_front_1763479878.jpg&feedId=62769&k=08e14231124c4061a72dfed93634777ee68a0cbd,USD,,"Over $120 - Free Delivery, Less than $120 - $12",https://goddiva.us/products/goddiva-pleated-satin-bodice-high-and-low-dress-navy,,,USD130,62769,Goddiva,1,,,,,,Womens,Dresses
https://www.awin1.com/pclick.php?p=37914500782&a=2771700&m=24726,Goddiva Chiffon Wrap Border Floral Print Midi Dress - Black,37914500782,DR4333-BLACK-8,https://cdn.shopify.com/s/files/1/0487/8834/0899/files/DR4333_BLACK_0101_front_1770735156.jpg,"Wrap yourself in effortless charm with our Chiffon Wrap Border Floral Print Midi Dress. Embrace the sunny days ahead with its delightful combination of style and comfort. Designed with a flattering V-neckline and three-quarter sleeves, this black dress exudes a timeless appeal. The shirred waistband accentuates your silhouette while ensuring a comfortable fit for all-day wear. Elevate your summer wardrobe with the playful flair of balloon sleeves, finished with an elasticated cuff for added detail. The delicate floral print and wrap border add a touch of femininity, making it the perfect choice for holidays, picnics, and leisurely strolls under the sun. Whether you're exploring new destinations or enjoying a relaxed day out, this black dress effortlessly transitions from casual to chic. Don't miss out on this affordable style that effortlessly captures the essence of summer. Add it to your wardrobe now and embrace the season with confidence and style!",Dresses,56,Goddiva,24726,Women's Dresses & Skirts,198,https://images2.productserve.com/?w=200&h=200&bg=white&trim=5&t=letterbox&url=ssl%3Acdn.shopify.com%2Fs%2Ffiles%2F1%2F0487%2F8834%2F0899%2Ffiles%2FDR4333_BLACK_0101_front_1770735156.jpg&feedId=62769&k=5805879955f5848e8cc80d738aadb30c6b35790d,USD,,"Over $120 - Free Delivery, Less than $120 - $12",https://goddiva.us/products/goddiva-chiffon-wrap-border-floral-print-midi-dress-black-2,,,USD76,62769,Goddiva,1,,,,,,Womens,Dresses
https://www.awin1.com/pclick.php?p=37914500791&a=2771700&m=24726,Goddiva Chiffon Wrap Border Floral Print Midi Dress - Pink,37914500791,DR4333-PINK-14,https://cdn.shopify.com/s/files/1/0487/8834/0899/files/DR4333_PINK_0080_front_1770735202.jpg,"Wrap yourself in effortless charm with our Chiffon Wrap Border Floral Print Midi Dress. Embrace the sunny days ahead with its delightful combination of style and comfort. Designed with a flattering V-neckline and three-quarter sleeves, this black dress exudes a timeless appeal. The shirred waistband accentuates your silhouette while ensuring a comfortable fit for all-day wear. Elevate your summer wardrobe with the playful flair of balloon sleeves, finished with an elasticated cuff for added detail. The delicate floral print and wrap border add a touch of femininity, making it the perfect choice for holidays, picnics, and leisurely strolls under the sun. Whether you're exploring new destinations or enjoying a relaxed day out, this black dress effortlessly transitions from casual to chic. Don't miss out on this affordable style that effortlessly captures the essence of summer. Add it to your wardrobe now and embrace the season with confidence and style!",Dresses,56,Goddiva,24726,Women's Dresses & Skirts,198,https://images2.productserve.com/?w=200&h=200&bg=white&trim=5&t=letterbox&url=ssl%3Acdn.shopify.com%2Fs%2Ffiles%2F1%2F0487%2F8834%2F0899%2Ffiles%2FDR4333_PINK_0080_front_1770735202.jpg&feedId=62769&k=bb0da8213664baa50b762a926778fc6ffa66863e,USD,,"Over $120 - Free Delivery, Less than $120 - $12",https://goddiva.us/products/goddiva-chiffon-wrap-border-floral-print-midi-dress-pink-2,,,USD76,62769,Goddiva,1,,,,,,Womens,Dresses
https://www.awin1.com/pclick.php?p=37914500830&a=2771700&m=24726,Goddiva Pleated Satin Bodice High And Low Dress - Navy,37914500830,DR3337QZ-NAVY-6,https://cdn.shopify.com/s/files/1/0487/8834/0899/files/DR3337_NAVY_1633_front_1763479878.jpg,"Indulge in timeless elegance with our Pleated Satin Bodice High And Low Dress  a captivating blend of sophistication and grace designed for weddings, semi-formal occasions, and chic gatherings. The pleated satin bodice of this navy number exudes opulence and refinement, offering a luxurious touch to your ensemble. The structured bodice provides a flattering fit, highlighting your silhouette with poise and class. The high and low hemline adds a contemporary twist, ensuring you make a stylish statement at any event. Perfect for wedding guests and semi-formal affairs, this dress strikes the ideal balance between glamour and subtlety. The carefully crafted design ensures comfort without compromising on style, making it an excellent choice for those who appreciate both fashion and practicality. Embrace the allure of this exquisite navy dress, where every pleat and seam is a testament to impeccable craftsmanship. Elevate your presence at weddings, semi-formal occasions, and gatherings with this navy dress that seamlessly combines sophistication and modern flair.",Dresses,91,Goddiva,24726,Women's Dresses & Skirts,198,https://images2.productserve.com/?w=200&h=200&bg=white&trim=5&t=letterbox&url=ssl%3Acdn.shopify.com%2Fs%2Ffiles%2F1%2F0487%2F8834%2F0899%2Ffiles%2FDR3337_NAVY_1633_front_1763479878.jpg&feedId=62769&k=08e14231124c4061a72dfed93634777ee68a0cbd,USD,,"Over $120 - Free Delivery, Less than $120 - $12",https://goddiva.us/products/goddiva-pleated-satin-bodice-high-and-low-dress-navy,,,USD130,62769,Goddiva,1,,,,,,Womens,Dresses
https://www.awin1.com/pclick.php?p=37914500784&a=2771700&m=24726,Goddiva Chiffon Wrap Border Floral Print Midi Dress - Black,37914500784,DR4333-BLACK-12,https://cdn.shopify.com/s/files/1/0487/8834/0899/files/DR4333_BLACK_0101_front_1770735156.jpg,"Wrap yourself in effortless charm with our Chiffon Wrap Border Floral Print Midi Dress. Embrace the sunny days ahead with its delightful combination of style and comfort. Designed with a flattering V-neckline and three-quarter sleeves, this black dress exudes a timeless appeal. The shirred waistband accentuates your silhouette while ensuring a comfortable fit for all-day wear. Elevate your summer wardrobe with the playful flair of balloon sleeves, finished with an elasticated cuff for added detail. The delicate floral print and wrap border add a touch of femininity, making it the perfect choice for holidays, picnics, and leisurely strolls under the sun. Whether you're exploring new destinations or enjoying a relaxed day out, this black dress effortlessly transitions from casual to chic. Don't miss out on this affordable style that effortlessly captures the essence of summer. Add it to your wardrobe now and embrace the season with confidence and style!",Dresses,56,Goddiva,24726,Women's Dresses & Skirts,198,https://images2.productserve.com/?w=200&h=200&bg=white&trim=5&t=letterbox&url=ssl%3Acdn.shopify.com%2Fs%2Ffiles%2F1%2F0487%2F8834%2F0899%2Ffiles%2FDR4333_BLACK_0101_front_1770735156.jpg&feedId=62769&k=5805879955f5848e8cc80d738aadb30c6b35790d,USD,,"Over $120 - Free Delivery, Less than $120 - $12",https://goddiva.us/products/goddiva-chiffon-wrap-border-floral-print-midi-dress-black-2,,,USD76,62769,Goddiva,1,,,,,,Womens,Dresses
https://www.awin1.com/pclick.php?p=37914500833&a=2771700&m=24726,Goddiva Pleated Satin Bodice High And Low Dress - Navy,37914500833,DR3337QZ-NAVY-12,https://cdn.shopify.com/s/files/1/0487/8834/0899/files/DR3337_NAVY_1633_front_1763479878.jpg,"Indulge in timeless elegance with our Pleated Satin Bodice High And Low Dress  a captivating blend of sophistication and grace designed for weddings, semi-formal occasions, and chic gatherings. The pleated satin bodice of this navy number exudes opulence and refinement, offering a luxurious touch to your ensemble. The structured bodice provides a flattering fit, highlighting your silhouette with poise and class. The high and low hemline adds a contemporary twist, ensuring you make a stylish statement at any event. Perfect for wedding guests and semi-formal affairs, this dress strikes the ideal balance between glamour and subtlety. The carefully crafted design ensures comfort without compromising on style, making it an excellent choice for those who appreciate both fashion and practicality. Embrace the allure of this exquisite navy dress, where every pleat and seam is a testament to impeccable craftsmanship. Elevate your presence at weddings, semi-formal occasions, and gatherings with this navy dress that seamlessly combines sophistication and modern flair.",Dresses,91,Goddiva,24726,Women's Dresses & Skirts,198,https://images2.productserve.com/?w=200&h=200&bg=white&trim=5&t=letterbox&url=ssl%3Acdn.shopify.com%2Fs%2Ffiles%2F1%2F0487%2F8834%2F0899%2Ffiles%2FDR3337_NAVY_1633_front_1763479878.jpg&feedId=62769&k=08e14231124c4061a72dfed93634777ee68a0cbd,USD,,"Over $120 - Free Delivery, Less than $120 - $12",https://goddiva.us/products/goddiva-pleated-satin-bodice-high-and-low-dress-navy,,,USD130,62769,Goddiva,1,,,,,,Womens,Dresses
https://www.awin1.com/pclick.php?p=37914500837&a=2771700&m=24726,Goddiva Sleeveless Asymmetric Wrap Midi Dress - Black,37914500837,DR4322-BLACK-8,https://cdn.shopify.com/s/files/1/0487/8834/0899/files/DR4322_BLACK_553_front_1759921494.jpg,"Step into sophistication with the Sleeveless Asymmetric Wrap Midi Dress, a masterpiece of modern elegance and versatility. Featuring a refined round neckline and chic shoulder pads, this black dress offers a contemporary twist on classic style. The wrap-style asymmetric skirt adds an eye-catching element, ensuring you stand out in any crowd. Perfectly designed for seamless transitions, this LBD dress effortlessly takes you from day to night, from office meetings to after-work cocktails. Its polished look makes it ideal for semi-formal occasions and romantic date nights, and its an impeccable choice for wedding guests seeking something unique yet sophisticated. The luxurious feel of this black dress, combined with its affordable price, makes it a must-have addition to your wardrobe. Don't let this versatile and stylish piece slip awayadd the Sleeveless Asymmetric Wrap Midi Dress to your collection now and experience the perfect blend of style and functionality. Embrace the opportunity to look and feel extraordinary, no matter the occasion.",Dresses,67,Goddiva,24726,Women's Dresses & Skirts,198,https://images2.productserve.com/?w=200&h=200&bg=white&trim=5&t=letterbox&url=ssl%3Acdn.shopify.com%2Fs%2Ffiles%2F1%2F0487%2F8834%2F0899%2Ffiles%2FDR4322_BLACK_553_front_1759921494.jpg&feedId=62769&k=4b0e29ead78775aab5de57d232a879f1b0bd7eae,USD,,"Over $120 - Free Delivery, Less than $120 - $12",https://goddiva.us/products/goddiva-sleeveless-asymmetric-wrap-midi-dress-black,,,USD96,62769,Goddiva,1,,,,,,Womens,Dresses
https://www.awin1.com/pclick.php?p=37914500846&a=2771700&m=24726,Goddiva Slinky Satin One Shoulder Split Maxi Dress - Red,37914500846,DR4388-RED-14,https://cdn.shopify.com/s/files/1/0487/8834/0899/files/DR4388_RED_3286_front_1768905548.jpg,"Step into the spotlight with our Slinky Satin One Shoulder Split Maxi Dress, a captivating ensemble that exudes sophistication and allure effortlessly. Picture yourself gliding across the room, commanding attention with every step, as the luxurious satin fabric drapes gracefully around you. This red dress features a chic one-shoulder design that adds a touch of allure, while the front thigh split adorned with a delicate waterfall frill creates an alluring silhouette that is both elegant and enchanting. With its figure-flattering fit and long sleeves, this red dress is designed to accentuate your curves and provide the perfect balance of comfort and style. Whether you're attending a glamorous prom, standing by your best friend's side as a bridesmaid, or gracing any other formal occasion, this red dress is sure to make a statement. Don't miss out on the opportunity to elevate your wardrobe with this affordable yet luxurious style. Embrace the elegance and sophistication of our Slinky Satin One Shoulder Split red Maxi Dress and step into the limelight with confidence and poise. Order yours now and experience the enchantment firsthand.",Dresses,76,Goddiva,24726,Women's Dresses & Skirts,198,https://images2.productserve.com/?w=200&h=200&bg=white&trim=5&t=letterbox&url=ssl%3Acdn.shopify.com%2Fs%2Ffiles%2F1%2F0487%2F8834%2F0899%2Ffiles%2FDR4388_RED_3286_front_1768905548.jpg&feedId=62769&k=0c19176aaa10c25ce21e299dd566c09f8b608ad4,USD,,"Over $120 - Free Delivery, Less than $120 - $12",https://goddiva.us/products/goddiva-slinky-satin-one-shoulder-split-maxi-dress-red,,,USD96,62769,Goddiva,1,,,,,,Womens,Dresses
https://www.awin1.com/pclick.php?p=37914500783&a=2771700&m=24726,Goddiva Chiffon Wrap Border Floral Print Midi Dress - Black,37914500783,DR4333-BLACK-10,https://cdn.shopify.com/s/files/1/0487/8834/0899/files/DR4333_BLACK_0101_front_1770735156.jpg,"Wrap yourself in effortless charm with our Chiffon Wrap Border Floral Print Midi Dress. Embrace the sunny days ahead with its delightful combination of style and comfort. Designed with a flattering V-neckline and three-quarter sleeves, this black dress exudes a timeless appeal. The shirred waistband accentuates your silhouette while ensuring a comfortable fit for all-day wear. Elevate your summer wardrobe with the playful flair of balloon sleeves, finished with an elasticated cuff for added detail. The delicate floral print and wrap border add a touch of femininity, making it the perfect choice for holidays, picnics, and leisurely strolls under the sun. Whether you're exploring new destinations or enjoying a relaxed day out, this black dress effortlessly transitions from casual to chic. Don't miss out on this affordable style that effortlessly captures the essence of summer. Add it to your wardrobe now and embrace the season with confidence and style!",Dresses,56,Goddiva,24726,Women's Dresses & Skirts,198,https://images2.productserve.com/?w=200&h=200&bg=white&trim=5&t=letterbox&url=ssl%3Acdn.shopify.com%2Fs%2Ffiles%2F1%2F0487%2F8834%2F0899%2Ffiles%2FDR4333_BLACK_0101_front_1770735156.jpg&feedId=62769&k=5805879955f5848e8cc80d738aadb30c6b35790d,USD,,"Over $120 - Free Delivery, Less than $120 - $12",https://goddiva.us/products/goddiva-chiffon-wrap-border-floral-print-midi-dress-black-2,,,USD76,62769,Goddiva,1,,,,,,Womens,Dresses
https://www.awin1.com/pclick.php?p=37914500832&a=2771700&m=24726,Goddiva Pleated Satin Bodice High And Low Dress - Navy,37914500832,DR3337QZ-NAVY-10,https://cdn.shopify.com/s/files/1/0487/8834/0899/files/DR3337_NAVY_1633_front_1763479878.jpg,"Indulge in timeless elegance with our Pleated Satin Bodice High And Low Dress  a captivating blend of sophistication and grace designed for weddings, semi-formal occasions, and chic gatherings. The pleated satin bodice of this navy number exudes opulence and refinement, offering a luxurious touch to your ensemble. The structured bodice provides a flattering fit, highlighting your silhouette with poise and class. The high and low hemline adds a contemporary twist, ensuring you make a stylish statement at any event. Perfect for wedding guests and semi-formal affairs, this dress strikes the ideal balance between glamour and subtlety. The carefully crafted design ensures comfort without compromising on style, making it an excellent choice for those who appreciate both fashion and practicality. Embrace the allure of this exquisite navy dress, where every pleat and seam is a testament to impeccable craftsmanship. Elevate your presence at weddings, semi-formal occasions, and gatherings with this navy dress that seamlessly combines sophistication and modern flair.",Dresses,91,Goddiva,24726,Women's Dresses & Skirts,198,https://images2.productserve.com/?w=200&h=200&bg=white&trim=5&t=letterbox&url=ssl%3Acdn.shopify.com%2Fs%2Ffiles%2F1%2F0487%2F8834%2F0899%2Ffiles%2FDR3337_NAVY_1633_front_1763479878.jpg&feedId=62769&k=08e14231124c4061a72dfed93634777ee68a0cbd,USD,,"Over $120 - Free Delivery, Less than $120 - $12",https://goddiva.us/products/goddiva-pleated-satin-bodice-high-and-low-dress-navy,,,USD130,62769,Goddiva,1,,,,,,Womens,Dresses
https://www.awin1.com/pclick.php?p=37914500845&a=2771700&m=24726,Goddiva Slinky Satin One Shoulder Split Maxi Dress - Red,37914500845,DR4388-RED-12,https://cdn.shopify.com/s/files/1/0487/8834/0899/files/DR4388_RED_3286_front_1768905548.jpg,"Step into the spotlight with our Slinky Satin One Shoulder Split Maxi Dress, a captivating ensemble that exudes sophistication and allure effortlessly. Picture yourself gliding across the room, commanding attention with every step, as the luxurious satin fabric drapes gracefully around you. This red dress features a chic one-shoulder design that adds a touch of allure, while the front thigh split adorned with a delicate waterfall frill creates an alluring silhouette that is both elegant and enchanting. With its figure-flattering fit and long sleeves, this red dress is designed to accentuate your curves and provide the perfect balance of comfort and style. Whether you're attending a glamorous prom, standing by your best friend's side as a bridesmaid, or gracing any other formal occasion, this red dress is sure to make a statement. Don't miss out on the opportunity to elevate your wardrobe with this affordable yet luxurious style. Embrace the elegance and sophistication of our Slinky Satin One Shoulder Split red Maxi Dress and step into the limelight with confidence and poise. Order yours now and experience the enchantment firsthand.",Dresses,76,Goddiva,24726,Women's Dresses & Skirts,198,https://images2.productserve.com/?w=200&h=200&bg=white&trim=5&t=letterbox&url=ssl%3Acdn.shopify.com%2Fs%2Ffiles%2F1%2F0487%2F8834%2F0899%2Ffiles%2FDR4388_RED_3286_front_1768905548.jpg&feedId=62769&k=0c19176aaa10c25ce21e299dd566c09f8b608ad4,USD,,"Over $120 - Free Delivery, Less than $120 - $12",https://goddiva.us/products/goddiva-slinky-satin-one-shoulder-split-maxi-dress-red,,,USD96,62769,Goddiva,1,,,,,,Womens,Dresses
https://www.awin1.com/pclick.php?p=37914500843&a=2771700&m=24726,Goddiva Slinky Satin One Shoulder Split Maxi Dress - Red,37914500843,DR4388-RED-8,https://cdn.shopify.com/s/files/1/0487/8834/0899/files/DR4388_RED_3286_front_1768905548.jpg,"Step into the spotlight with our Slinky Satin One Shoulder Split Maxi Dress, a captivating ensemble that exudes sophistication and allure effortlessly. Picture yourself gliding across the room, commanding attention with every step, as the luxurious satin fabric drapes gracefully around you. This red dress features a chic one-shoulder design that adds a touch of allure, while the front thigh split adorned with a delicate waterfall frill creates an alluring silhouette that is both elegant and enchanting. With its figure-flattering fit and long sleeves, this red dress is designed to accentuate your curves and provide the perfect balance of comfort and style. Whether you're attending a glamorous prom, standing by your best friend's side as a bridesmaid, or gracing any other formal occasion, this red dress is sure to make a statement. Don't miss out on the opportunity to elevate your wardrobe with this affordable yet luxurious style. Embrace the elegance and sophistication of our Slinky Satin One Shoulder Split red Maxi Dress and step into the limelight with confidence and poise. Order yours now and experience the enchantment firsthand.",Dresses,76,Goddiva,24726,Women's Dresses & Skirts,198,https://images2.productserve.com/?w=200&h=200&bg=white&trim=5&t=letterbox&url=ssl%3Acdn.shopify.com%2Fs%2Ffiles%2F1%2F0487%2F8834%2F0899%2Ffiles%2FDR4388_RED_3286_front_1768905548.jpg&feedId=62769&k=0c19176aaa10c25ce21e299dd566c09f8b608ad4,USD,,"Over $120 - Free Delivery, Less than $120 - $12",https://goddiva.us/products/goddiva-slinky-satin-one-shoulder-split-maxi-dress-red,,,USD96,62769,Goddiva,1,,,,,,Womens,Dresses
https://www.awin1.com/pclick.php?p=37914500785&a=2771700&m=24726,Goddiva Chiffon Wrap Border Floral Print Midi Dress - Black,37914500785,DR4333-BLACK-14,https://cdn.shopify.com/s/files/1/0487/8834/0899/files/DR4333_BLACK_0101_front_1770735156.jpg,"Wrap yourself in effortless charm with our Chiffon Wrap Border Floral Print Midi Dress. Embrace the sunny days ahead with its delightful combination of style and comfort. Designed with a flattering V-neckline and three-quarter sleeves, this black dress exudes a timeless appeal. The shirred waistband accentuates your silhouette while ensuring a comfortable fit for all-day wear. Elevate your summer wardrobe with the playful flair of balloon sleeves, finished with an elasticated cuff for added detail. The delicate floral print and wrap border add a touch of femininity, making it the perfect choice for holidays, picnics, and leisurely strolls under the sun. Whether you're exploring new destinations or enjoying a relaxed day out, this black dress effortlessly transitions from casual to chic. Don't miss out on this affordable style that effortlessly captures the essence of summer. Add it to your wardrobe now and embrace the season with confidence and style!",Dresses,56,Goddiva,24726,Women's Dresses & Skirts,198,https://images2.productserve.com/?w=200&h=200&bg=white&trim=5&t=letterbox&url=ssl%3Acdn.shopify.com%2Fs%2Ffiles%2F1%2F0487%2F8834%2F0899%2Ffiles%2FDR4333_BLACK_0101_front_1770735156.jpg&feedId=62769&k=5805879955f5848e8cc80d738aadb30c6b35790d,USD,,"Over $120 - Free Delivery, Less than $120 - $12",https://goddiva.us/products/goddiva-chiffon-wrap-border-floral-print-midi-dress-black-2,,,USD76,62769,Goddiva,1,,,,,,Womens,Dresses
https://www.awin1.com/pclick.php?p=37914500838&a=2771700&m=24726,Goddiva Sleeveless Asymmetric Wrap Midi Dress - Black,37914500838,DR4322-BLACK-10,https://cdn.shopify.com/s/files/1/0487/8834/0899/files/DR4322_BLACK_553_front_1759921494.jpg,"Step into sophistication with the Sleeveless Asymmetric Wrap Midi Dress, a masterpiece of modern elegance and versatility. Featuring a refined round neckline and chic shoulder pads, this black dress offers a contemporary twist on classic style. The wrap-style asymmetric skirt adds an eye-catching element, ensuring you stand out in any crowd. Perfectly designed for seamless transitions, this LBD dress effortlessly takes you from day to night, from office meetings to after-work cocktails. Its polished look makes it ideal for semi-formal occasions and romantic date nights, and its an impeccable choice for wedding guests seeking something unique yet sophisticated. The luxurious feel of this black dress, combined with its affordable price, makes it a must-have addition to your wardrobe. Don't let this versatile and stylish piece slip awayadd the Sleeveless Asymmetric Wrap Midi Dress to your collection now and experience the perfect blend of style and functionality. Embrace the opportunity to look and feel extraordinary, no matter the occasion.",Dresses,67,Goddiva,24726,Women's Dresses & Skirts,198,https://images2.productserve.com/?w=200&h=200&bg=white&trim=5&t=letterbox&url=ssl%3Acdn.shopify.com%2Fs%2Ffiles%2F1%2F0487%2F8834%2F0899%2Ffiles%2FDR4322_BLACK_553_front_1759921494.jpg&feedId=62769&k=4b0e29ead78775aab5de57d232a879f1b0bd7eae,USD,,"Over $120 - Free Delivery, Less than $120 - $12",https://goddiva.us/products/goddiva-sleeveless-asymmetric-wrap-midi-dress-black,,,USD96,62769,Goddiva,1,,,,,,Womens,Dresses
https://www.awin1.com/pclick.php?p=37914500840&a=2771700&m=24726,Goddiva Sleeveless Asymmetric Wrap Midi Dress - Black,37914500840,DR4322-BLACK-14,https://cdn.shopify.com/s/files/1/0487/8834/0899/files/DR4322_BLACK_553_front_1759921494.jpg,"Step into sophistication with the Sleeveless Asymmetric Wrap Midi Dress, a masterpiece of modern elegance and versatility. Featuring a refined round neckline and chic shoulder pads, this black dress offers a contemporary twist on classic style. The wrap-style asymmetric skirt adds an eye-catching element, ensuring you stand out in any crowd. Perfectly designed for seamless transitions, this LBD dress effortlessly takes you from day to night, from office meetings to after-work cocktails. Its polished look makes it ideal for semi-formal occasions and romantic date nights, and its an impeccable choice for wedding guests seeking something unique yet sophisticated. The luxurious feel of this black dress, combined with its affordable price, makes it a must-have addition to your wardrobe. Don't let this versatile and stylish piece slip awayadd the Sleeveless Asymmetric Wrap Midi Dress to your collection now and experience the perfect blend of style and functionality. Embrace the opportunity to look and feel extraordinary, no matter the occasion.",Dresses,67,Goddiva,24726,Women's Dresses & Skirts,198,https://images2.productserve.com/?w=200&h=200&bg=white&trim=5&t=letterbox&url=ssl%3Acdn.shopify.com%2Fs%2Ffiles%2F1%2F0487%2F8834%2F0899%2Ffiles%2FDR4322_BLACK_553_front_1759921494.jpg&feedId=62769&k=4b0e29ead78775aab5de57d232a879f1b0bd7eae,USD,,"Over $120 - Free Delivery, Less than $120 - $12",https://goddiva.us/products/goddiva-sleeveless-asymmetric-wrap-midi-dress-black,,,USD96,62769,Goddiva,1,,,,,,Womens,Dresses
https://www.awin1.com/pclick.php?p=37914500839&a=2771700&m=24726,Goddiva Sleeveless Asymmetric Wrap Midi Dress - Black,37914500839,DR4322-BLACK-12,https://cdn.shopify.com/s/files/1/0487/8834/0899/files/DR4322_BLACK_553_front_1759921494.jpg,"Step into sophistication with the Sleeveless Asymmetric Wrap Midi Dress, a masterpiece of modern elegance and versatility. Featuring a refined round neckline and chic shoulder pads, this black dress offers a contemporary twist on classic style. The wrap-style asymmetric skirt adds an eye-catching element, ensuring you stand out in any crowd. Perfectly designed for seamless transitions, this LBD dress effortlessly takes you from day to night, from office meetings to after-work cocktails. Its polished look makes it ideal for semi-formal occasions and romantic date nights, and its an impeccable choice for wedding guests seeking something unique yet sophisticated. The luxurious feel of this black dress, combined with its affordable price, makes it a must-have addition to your wardrobe. Don't let this versatile and stylish piece slip awayadd the Sleeveless Asymmetric Wrap Midi Dress to your collection now and experience the perfect blend of style and functionality. Embrace the opportunity to look and feel extraordinary, no matter the occasion.",Dresses,67,Goddiva,24726,Women's Dresses & Skirts,198,https://images2.productserve.com/?w=200&h=200&bg=white&trim=5&t=letterbox&url=ssl%3Acdn.shopify.com%2Fs%2Ffiles%2F1%2F0487%2F8834%2F0899%2Ffiles%2FDR4322_BLACK_553_front_1759921494.jpg&feedId=62769&k=4b0e29ead78775aab5de57d232a879f1b0bd7eae,USD,,"Over $120 - Free Delivery, Less than $120 - $12",https://goddiva.us/products/goddiva-sleeveless-asymmetric-wrap-midi-dress-black,,,USD96,62769,Goddiva,1,,,,,,Womens,Dresses
https://www.awin1.com/pclick.php?p=37914500844&a=2771700&m=24726,Goddiva Slinky Satin One Shoulder Split Maxi Dress - Red,37914500844,DR4388-RED-10,https://cdn.shopify.com/s/files/1/0487/8834/0899/files/DR4388_RED_3286_front_1768905548.jpg,"Step into the spotlight with our Slinky Satin One Shoulder Split Maxi Dress, a captivating ensemble that exudes sophistication and allure effortlessly. Picture yourself gliding across the room, commanding attention with every step, as the luxurious satin fabric drapes gracefully around you. This red dress features a chic one-shoulder design that adds a touch of allure, while the front thigh split adorned with a delicate waterfall frill creates an alluring silhouette that is both elegant and enchanting. With its figure-flattering fit and long sleeves, this red dress is designed to accentuate your curves and provide the perfect balance of comfort and style. Whether you're attending a glamorous prom, standing by your best friend's side as a bridesmaid, or gracing any other formal occasion, this red dress is sure to make a statement. Don't miss out on the opportunity to elevate your wardrobe with this affordable yet luxurious style. Embrace the elegance and sophistication of our Slinky Satin One Shoulder Split red Maxi Dress and step into the limelight with confidence and poise. Order yours now and experience the enchantment firsthand.",Dresses,76,Goddiva,24726,Women's Dresses & Skirts,198,https://images2.productserve.com/?w=200&h=200&bg=white&trim=5&t=letterbox&url=ssl%3Acdn.shopify.com%2Fs%2Ffiles%2F1%2F0487%2F8834%2F0899%2Ffiles%2FDR4388_RED_3286_front_1768905548.jpg&feedId=62769&k=0c19176aaa10c25ce21e299dd566c09f8b608ad4,USD,,"Over $120 - Free Delivery, Less than $120 - $12",https://goddiva.us/products/goddiva-slinky-satin-one-shoulder-split-maxi-dress-red,,,USD96,62769,Goddiva,1,,,,,,Womens,Dresses
https://www.awin1.com/pclick.php?p=37914500788&a=2771700&m=24726,Goddiva Chiffon Wrap Border Floral Print Midi Dress - Pink,37914500788,DR4333-PINK-8,https://cdn.shopify.com/s/files/1/0487/8834/0899/files/DR4333_PINK_0080_front_1770735202.jpg,"Wrap yourself in effortless charm with our Chiffon Wrap Border Floral Print Midi Dress. Embrace the sunny days ahead with its delightful combination of style and comfort. Designed with a flattering V-neckline and three-quarter sleeves, this black dress exudes a timeless appeal. The shirred waistband accentuates your silhouette while ensuring a comfortable fit for all-day wear. Elevate your summer wardrobe with the playful flair of balloon sleeves, finished with an elasticated cuff for added detail. The delicate floral print and wrap border add a touch of femininity, making it the perfect choice for holidays, picnics, and leisurely strolls under the sun. Whether you're exploring new destinations or enjoying a relaxed day out, this black dress effortlessly transitions from casual to chic. Don't miss out on this affordable style that effortlessly captures the essence of summer. Add it to your wardrobe now and embrace the season with confidence and style!",Dresses,56,Goddiva,24726,Women's Dresses & Skirts,198,https://images2.productserve.com/?w=200&h=200&bg=white&trim=5&t=letterbox&url=ssl%3Acdn.shopify.com%2Fs%2Ffiles%2F1%2F0487%2F8834%2F0899%2Ffiles%2FDR4333_PINK_0080_front_1770735202.jpg&feedId=62769&k=bb0da8213664baa50b762a926778fc6ffa66863e,USD,,"Over $120 - Free Delivery, Less than $120 - $12",https://goddiva.us/products/goddiva-chiffon-wrap-border-floral-print-midi-dress-pink-2,,,USD76,62769,Goddiva,1,,,,,,Womens,Dresses
https://www.awin1.com/pclick.php?p=37932446795&a=2771700&m=24726,Goddiva Chiffon Wrap Border Floral Print Maxi Dress - Pink,37932446795,DR4394-PINK-10,https://cdn.shopify.com/s/files/1/0487/8834/0899/files/DR4394_PINK_0128_front_1770735372.jpg,"Wrap yourself in effortless elegance with our Chiffon Wrap Border Floral Print Maxi Dress. Embrace the allure of summer with its vibrant floral print and flattering silhouette. Featuring a chic V-neckline and graceful three-quarter sleeves, this pink dress exudes timeless charm. The shirred waistband accentuates your figure while ensuring comfort all day long. But what sets this pink dress apart are its exquisite details: balloon sleeves finished with an elasticated cuff add a touch of whimsy and sophistication to your look. Ideal for holidays, leisurely strolls, picnics, and any sun-filled escapade, this pink maxi dress is a must-have addition to your wardrobe. Don't miss out on this affordable style that effortlessly transitions from day to night. Elevate your summer wardrobe with our Chiffon Wrap Border Floral Print Maxi Dress. Order now and seize the season in style!",Dresses,96,Goddiva,24726,Women's Dresses & Skirts,198,https://images2.productserve.com/?w=200&h=200&bg=white&trim=5&t=letterbox&url=ssl%3Acdn.shopify.com%2Fs%2Ffiles%2F1%2F0487%2F8834%2F0899%2Ffiles%2FDR4394_PINK_0128_front_1770735372.jpg&feedId=62769&k=2df2beae10777f0c99c160c86fa24733e99b95ff,USD,,"Over $120 - Free Delivery, Less than $120 - $12",https://goddiva.us/products/goddiva-chiffon-wrap-border-floral-print-maxi-dress-pink-1,,,USD110,62769,Goddiva,1,,,,,,Womens,Dresses
https://www.awin1.com/pclick.php?p=37932446794&a=2771700&m=24726,Goddiva Chiffon Wrap Border Floral Print Maxi Dress - Pink,37932446794,DR4394-PINK-8,https://cdn.shopify.com/s/files/1/0487/8834/0899/files/DR4394_PINK_0128_front_1770735372.jpg,"Wrap yourself in effortless elegance with our Chiffon Wrap Border Floral Print Maxi Dress. Embrace the allure of summer with its vibrant floral print and flattering silhouette. Featuring a chic V-neckline and graceful three-quarter sleeves, this pink dress exudes timeless charm. The shirred waistband accentuates your figure while ensuring comfort all day long. But what sets this pink dress apart are its exquisite details: balloon sleeves finished with an elasticated cuff add a touch of whimsy and sophistication to your look. Ideal for holidays, leisurely strolls, picnics, and any sun-filled escapade, this pink maxi dress is a must-have addition to your wardrobe. Don't miss out on this affordable style that effortlessly transitions from day to night. Elevate your summer wardrobe with our Chiffon Wrap Border Floral Print Maxi Dress. Order now and seize the season in style!",Dresses,96,Goddiva,24726,Women's Dresses & Skirts,198,https://images2.productserve.com/?w=200&h=200&bg=white&trim=5&t=letterbox&url=ssl%3Acdn.shopify.com%2Fs%2Ffiles%2F1%2F0487%2F8834%2F0899%2Ffiles%2FDR4394_PINK_0128_front_1770735372.jpg&feedId=62769&k=2df2beae10777f0c99c160c86fa24733e99b95ff,USD,,"Over $120 - Free Delivery, Less than $120 - $12",https://goddiva.us/products/goddiva-chiffon-wrap-border-floral-print-maxi-dress-pink-1,,,USD110,62769,Goddiva,1,,,,,,Womens,Dresses
https://www.awin1.com/pclick.php?p=37932446797&a=2771700&m=24726,Goddiva Chiffon Wrap Border Floral Print Maxi Dress - Pink,37932446797,DR4394-PINK-14,https://cdn.shopify.com/s/files/1/0487/8834/0899/files/DR4394_PINK_0128_front_1770735372.jpg,"Wrap yourself in effortless elegance with our Chiffon Wrap Border Floral Print Maxi Dress. Embrace the allure of summer with its vibrant floral print and flattering silhouette. Featuring a chic V-neckline and graceful three-quarter sleeves, this pink dress exudes timeless charm. The shirred waistband accentuates your figure while ensuring comfort all day long. But what sets this pink dress apart are its exquisite details: balloon sleeves finished with an elasticated cuff add a touch of whimsy and sophistication to your look. Ideal for holidays, leisurely strolls, picnics, and any sun-filled escapade, this pink maxi dress is a must-have addition to your wardrobe. Don't miss out on this affordable style that effortlessly transitions from day to night. Elevate your summer wardrobe with our Chiffon Wrap Border Floral Print Maxi Dress. Order now and seize the season in style!",Dresses,96,Goddiva,24726,Women's Dresses & Skirts,198,https://images2.productserve.com/?w=200&h=200&bg=white&trim=5&t=letterbox&url=ssl%3Acdn.shopify.com%2Fs%2Ffiles%2F1%2F0487%2F8834%2F0899%2Ffiles%2FDR4394_PINK_0128_front_1770735372.jpg&feedId=62769&k=2df2beae10777f0c99c160c86fa24733e99b95ff,USD,,"Over $120 - Free Delivery, Less than $120 - $12",https://goddiva.us/products/goddiva-chiffon-wrap-border-floral-print-maxi-dress-pink-1,,,USD110,62769,Goddiva,1,,,,,,Womens,Dresses
https://www.awin1.com/pclick.php?p=37932446791&a=2771700&m=24726,Goddiva Chiffon Wrap Border Floral Print Maxi Dress - Black,37932446791,DR4394-BLACK-14,https://cdn.shopify.com/s/files/1/0487/8834/0899/files/DR4394_BLACK_0117_back_1770735321.jpg,"Wrap yourself in effortless elegance with our Chiffon Wrap Border Floral Print Maxi Dress. Embrace the allure of summer with its vibrant floral print and flattering silhouette. Featuring a chic V-neckline and graceful three-quarter sleeves, this black dress exudes timeless charm. The shirred waistband accentuates your figure while ensuring comfort all day long. But what sets this black dress apart are its exquisite details: balloon sleeves finished with an elasticated cuff add a touch of whimsy and sophistication to your look. Ideal for holidays, leisurely strolls, picnics, and any sun-filled escapade, this black  maxi dress is a must-have addition to your wardrobe. Don't miss out on this affordable style that effortlessly transitions from day to night. Elevate your summer wardrobe with our Chiffon Wrap Border Floral Print Maxi Dress. Order now and seize the season in style!",Dresses,96,Goddiva,24726,Women's Dresses & Skirts,198,https://images2.productserve.com/?w=200&h=200&bg=white&trim=5&t=letterbox&url=ssl%3Acdn.shopify.com%2Fs%2Ffiles%2F1%2F0487%2F8834%2F0899%2Ffiles%2FDR4394_BLACK_0117_back_1770735321.jpg&feedId=62769&k=c2f63ae6f178aeacd62e392ed1e25b3d957c6459,USD,,"Over $120 - Free Delivery, Less than $120 - $12",https://goddiva.us/products/goddiva-chiffon-wrap-border-floral-print-maxi-dress-black-1,,,USD110,62769,Goddiva,1,,,,,,Womens,Dresses
https://www.awin1.com/pclick.php?p=37932446789&a=2771700&m=24726,Goddiva Chiffon Wrap Border Floral Print Maxi Dress - Black,37932446789,DR4394-BLACK-10,https://cdn.shopify.com/s/files/1/0487/8834/0899/files/DR4394_BLACK_0117_back_1770735321.jpg,"Wrap yourself in effortless elegance with our Chiffon Wrap Border Floral Print Maxi Dress. Embrace the allure of summer with its vibrant floral print and flattering silhouette. Featuring a chic V-neckline and graceful three-quarter sleeves, this black dress exudes timeless charm. The shirred waistband accentuates your figure while ensuring comfort all day long. But what sets this black dress apart are its exquisite details: balloon sleeves finished with an elasticated cuff add a touch of whimsy and sophistication to your look. Ideal for holidays, leisurely strolls, picnics, and any sun-filled escapade, this black  maxi dress is a must-have addition to your wardrobe. Don't miss out on this affordable style that effortlessly transitions from day to night. Elevate your summer wardrobe with our Chiffon Wrap Border Floral Print Maxi Dress. Order now and seize the season in style!",Dresses,96,Goddiva,24726,Women's Dresses & Skirts,198,https://images2.productserve.com/?w=200&h=200&bg=white&trim=5&t=letterbox&url=ssl%3Acdn.shopify.com%2Fs%2Ffiles%2F1%2F0487%2F8834%2F0899%2Ffiles%2FDR4394_BLACK_0117_back_1770735321.jpg&feedId=62769&k=c2f63ae6f178aeacd62e392ed1e25b3d957c6459,USD,,"Over $120 - Free Delivery, Less than $120 - $12",https://goddiva.us/products/goddiva-chiffon-wrap-border-floral-print-maxi-dress-black-1,,,USD110,62769,Goddiva,1,,,,,,Womens,Dresses
https://www.awin1.com/pclick.php?p=37932446790&a=2771700&m=24726,Goddiva Chiffon Wrap Border Floral Print Maxi Dress - Black,37932446790,DR4394-BLACK-12,https://cdn.shopify.com/s/files/1/0487/8834/0899/files/DR4394_BLACK_0117_back_1770735321.jpg,"Wrap yourself in effortless elegance with our Chiffon Wrap Border Floral Print Maxi Dress. Embrace the allure of summer with its vibrant floral print and flattering silhouette. Featuring a chic V-neckline and graceful three-quarter sleeves, this black dress exudes timeless charm. The shirred waistband accentuates your figure while ensuring comfort all day long. But what sets this black dress apart are its exquisite details: balloon sleeves finished with an elasticated cuff add a touch of whimsy and sophistication to your look. Ideal for holidays, leisurely strolls, picnics, and any sun-filled escapade, this black  maxi dress is a must-have addition to your wardrobe. Don't miss out on this affordable style that effortlessly transitions from day to night. Elevate your summer wardrobe with our Chiffon Wrap Border Floral Print Maxi Dress. Order now and seize the season in style!",Dresses,96,Goddiva,24726,Women's Dresses & Skirts,198,https://images2.productserve.com/?w=200&h=200&bg=white&trim=5&t=letterbox&url=ssl%3Acdn.shopify.com%2Fs%2Ffiles%2F1%2F0487%2F8834%2F0899%2Ffiles%2FDR4394_BLACK_0117_back_1770735321.jpg&feedId=62769&k=c2f63ae6f178aeacd62e392ed1e25b3d957c6459,USD,,"Over $120 - Free Delivery, Less than $120 - $12",https://goddiva.us/products/goddiva-chiffon-wrap-border-floral-print-maxi-dress-black-1,,,USD110,62769,Goddiva,1,,,,,,Womens,Dresses
https://www.awin1.com/pclick.php?p=37932446796&a=2771700&m=24726,Goddiva Chiffon Wrap Border Floral Print Maxi Dress - Pink,37932446796,DR4394-PINK-12,https://cdn.shopify.com/s/files/1/0487/8834/0899/files/DR4394_PINK_0128_front_1770735372.jpg,"Wrap yourself in effortless elegance with our Chiffon Wrap Border Floral Print Maxi Dress. Embrace the allure of summer with its vibrant floral print and flattering silhouette. Featuring a chic V-neckline and graceful three-quarter sleeves, this pink dress exudes timeless charm. The shirred waistband accentuates your figure while ensuring comfort all day long. But what sets this pink dress apart are its exquisite details: balloon sleeves finished with an elasticated cuff add a touch of whimsy and sophistication to your look. Ideal for holidays, leisurely strolls, picnics, and any sun-filled escapade, this pink maxi dress is a must-have addition to your wardrobe. Don't miss out on this affordable style that effortlessly transitions from day to night. Elevate your summer wardrobe with our Chiffon Wrap Border Floral Print Maxi Dress. Order now and seize the season in style!",Dresses,96,Goddiva,24726,Women's Dresses & Skirts,198,https://images2.productserve.com/?w=200&h=200&bg=white&trim=5&t=letterbox&url=ssl%3Acdn.shopify.com%2Fs%2Ffiles%2F1%2F0487%2F8834%2F0899%2Ffiles%2FDR4394_PINK_0128_front_1770735372.jpg&feedId=62769&k=2df2beae10777f0c99c160c86fa24733e99b95ff,USD,,"Over $120 - Free Delivery, Less than $120 - $12",https://goddiva.us/products/goddiva-chiffon-wrap-border-floral-print-maxi-dress-pink-1,,,USD110,62769,Goddiva,1,,,,,,Womens,Dresses
https://www.awin1.com/pclick.php?p=37932446788&a=2771700&m=24726,Goddiva Chiffon Wrap Border Floral Print Maxi Dress - Black,37932446788,DR4394-BLACK-8,https://cdn.shopify.com/s/files/1/0487/8834/0899/files/DR4394_BLACK_0117_back_1770735321.jpg,"Wrap yourself in effortless elegance with our Chiffon Wrap Border Floral Print Maxi Dress. Embrace the allure of summer with its vibrant floral print and flattering silhouette. Featuring a chic V-neckline and graceful three-quarter sleeves, this black dress exudes timeless charm. The shirred waistband accentuates your figure while ensuring comfort all day long. But what sets this black dress apart are its exquisite details: balloon sleeves finished with an elasticated cuff add a touch of whimsy and sophistication to your look. Ideal for holidays, leisurely strolls, picnics, and any sun-filled escapade, this black  maxi dress is a must-have addition to your wardrobe. Don't miss out on this affordable style that effortlessly transitions from day to night. Elevate your summer wardrobe with our Chiffon Wrap Border Floral Print Maxi Dress. Order now and seize the season in style!",Dresses,96,Goddiva,24726,Women's Dresses & Skirts,198,https://images2.productserve.com/?w=200&h=200&bg=white&trim=5&t=letterbox&url=ssl%3Acdn.shopify.com%2Fs%2Ffiles%2F1%2F0487%2F8834%2F0899%2Ffiles%2FDR4394_BLACK_0117_back_1770735321.jpg&feedId=62769&k=c2f63ae6f178aeacd62e392ed1e25b3d957c6459,USD,,"Over $120 - Free Delivery, Less than $120 - $12",https://goddiva.us/products/goddiva-chiffon-wrap-border-floral-print-maxi-dress-black-1,,,USD110,62769,Goddiva,1,,,,,,Womens,Dresses
https://www.awin1.com/pclick.php?p=35240812975&a=2771700&m=24726,Goddiva Bardot Sequin & Lace High Low Midi - Blush,35240812975,DR3675-BLUSH-10,https://cdn.shopify.com/s/files/1/0487/8834/0899/files/DR3675_Blush_1427_front_1749821202.jpg,"Goddiva's Scalloped Bardot Sequin & Lace High Low Midi Dress is an elegantly chic, and timeless piece that will easily become your essential cocktail dress. This breathtaking blush number features scalloped detailing on the neckline and hem of the skirt, A-line cut with dipped hem, and sequin and lace detailing throughout. This scalloped Goddiva dress is a showstopper! The beautifully embellished bodice, high low skirt and off-the-shoulder neckline are sure to turn heads no matter the occasion. Whether it be for bridesmaids, prom or a formal function, this pink dress is the perfect choice. Team with heels and minimal jewellery for the ultimate look.",Dresses,98,Goddiva,24726,Women's Dresses & Skirts,198,https://images2.productserve.com/?w=200&h=200&bg=white&trim=5&t=letterbox&url=ssl%3Acdn.shopify.com%2Fs%2Ffiles%2F1%2F0487%2F8834%2F0899%2Ffiles%2FDR3675_Blush_1427_front_1749821202.jpg&feedId=62769&k=fccc0921a3aa23e3dde9d719d1956d5b3c0a4338,USD,,"Over $120 - Free Delivery, Less than $120 - $12",https://goddiva.us/products/goddiva-bardot-sequin-lace-high-low-midi-blush,,,USD170,62769,Goddiva,1,,,,,,Womens,Dresses
https://www.awin1.com/pclick.php?p=35457893936&a=2771700&m=24726,Goddiva Bardot Sequin & Lace High Low Midi - Champagne,35457893936,DR3675-CHAMPAGNE-14,https://cdn.shopify.com/s/files/1/0487/8834/0899/files/DR3675_Champagne_1364_front_1749821424.jpg,"Goddiva's Scalloped Bardot Sequin & Lace High Low Midi Dress is an elegantly chic, and timeless piece that will easily become your essential cocktail dress. This breathtaking champagne number features scalloped detailing on the neckline and hem of the skirt, A-line cut with dipped hem, and sequin and lace detailing throughout. This scalloped Goddiva dress is a showstopper! The beautifully embellished bodice, high low skirt and off-the-shoulder neckline are sure to turn heads no matter the occasion. Whether it be for bridesmaids, prom or a formal function, this gold dress is the perfect choice. Team with heels and minimal jewellery for the ultimate look.",Dresses,98,Goddiva,24726,Women's Dresses & Skirts,198,https://images2.productserve.com/?w=200&h=200&bg=white&trim=5&t=letterbox&url=ssl%3Acdn.shopify.com%2Fs%2Ffiles%2F1%2F0487%2F8834%2F0899%2Ffiles%2FDR3675_Champagne_1364_front_1749821424.jpg&feedId=62769&k=5cec9ff6fe703f563d21abe283b33c55591364c1,USD,,"Over $120 - Free Delivery, Less than $120 - $12",https://goddiva.us/products/goddiva-bardot-sequin-lace-high-low-midi-champagne,,,USD170,62769,Goddiva,1,,,,,,Womens,Dresses
https://www.awin1.com/pclick.php?p=35849225788&a=2771700&m=24726,Goddiva Cowl Back Satin Maxi Dress - Black,35849225788,DR3920-BLACK-8,https://cdn.shopify.com/s/files/1/0487/8834/0899/files/DR3920_black_front_1729684419.jpg,"This stunning Cowl Back Satin Maxi Dress is the perfect choice for any elegant evening occasion. Made from luxurious satin fabric with a subtle sheen and soft, silky texture, this black dress exudes a sophisticated and glamorous vibe. The sexy cowl back design adds a touch of allure and sensuality, making this dress a standout choice for special events such as weddings, galas, or proms. It's also a popular option for bridesmaids who want to look their best while complementing the bride's wedding theme. Crafted with attention to detail and a focus on style, this black dress is sure to turn heads and make you feel confident and beautiful. The satin fabric  of this black gown drapes elegantly over your curves, creating a flattering silhouette that flares out into a graceful maxi length. Whether you're attending a black-tie event or a formal evening out, this Cowl Back Satin Maxi Dress is the epitome of sophistication and style. So why settle for anything less? Order yours today and experience the timeless elegance of this stunning dress.",Dresses,58,Goddiva,24726,Women's Dresses & Skirts,198,https://images2.productserve.com/?w=200&h=200&bg=white&trim=5&t=letterbox&url=ssl%3Acdn.shopify.com%2Fs%2Ffiles%2F1%2F0487%2F8834%2F0899%2Ffiles%2FDR3920_black_front_1729684419.jpg&feedId=62769&k=2ef7625ed12c6f35d58514809e47b653062dbf83,USD,,"Over $120 - Free Delivery, Less than $120 - $12",https://goddiva.us/products/goddiva-cowl-back-satin-maxi-dress-black,,,USD76,62769,Goddiva,1,,,,,,Womens,Dresses
https://www.awin1.com/pclick.php?p=36302415901&a=2771700&m=24726,Goddiva Crochet & Pleated Top High Low Maxi - Burgundy,36302415901,DR3820-BURGUNDY-8,https://cdn.shopify.com/s/files/1/0487/8834/0899/files/DR3820_Burgundy_front_20_281_29_1729679115.jpg,"A harmonious fusion of elegance and charm the goddiva crochet & pleated top high low maxi is crafted with meticulous attention to detail, this wine dress showcases a timeless round neckline that frames your neckline with grace. The captivating crochet detail on the bust adds a touch of sophistication, while the alluring keyhole detail on the back lends a subtle hint of allure. Designed to sway with your every step, the pleated chiffon skirt flows gracefully, exuding an ethereal aura. The Capped Sleeves offer comfort and style, perfect for any occasion. The dipped hem adds a touch of drama, allowing you to make a lasting impression wherever you go. This burgundy maxi dress embraces your silhouette in a gentle embrace, celebrating your beauty in a blend of textures. With a design that seamlessly marries classic elegance with modern chic, is destined to become your go-to choice for weddings, parties, and special events.",Dresses,90,Goddiva,24726,Women's Dresses & Skirts,198,https://images2.productserve.com/?w=200&h=200&bg=white&trim=5&t=letterbox&url=ssl%3Acdn.shopify.com%2Fs%2Ffiles%2F1%2F0487%2F8834%2F0899%2Ffiles%2FDR3820_Burgundy_front_20_281_29_1729679115.jpg&feedId=62769&k=69b824ae0d90102310158d108aad18e6a4ceb148,USD,,"Over $120 - Free Delivery, Less than $120 - $12",https://goddiva.us/products/goddiva-crochet-pleated-top-high-low-maxi-burgundy,,,USD150,62769,Goddiva,1,,,,,,Womens,Dresses
https://www.awin1.com/pclick.php?p=36302415903&a=2771700&m=24726,Goddiva Crochet & Pleated Top High Low Maxi - Burgundy,36302415903,DR3820-BURGUNDY-12,https://cdn.shopify.com/s/files/1/0487/8834/0899/files/DR3820_Burgundy_front_20_281_29_1729679115.jpg,"A harmonious fusion of elegance and charm the goddiva crochet & pleated top high low maxi is crafted with meticulous attention to detail, this wine dress showcases a timeless round neckline that frames your neckline with grace. The captivating crochet detail on the bust adds a touch of sophistication, while the alluring keyhole detail on the back lends a subtle hint of allure. Designed to sway with your every step, the pleated chiffon skirt flows gracefully, exuding an ethereal aura. The Capped Sleeves offer comfort and style, perfect for any occasion. The dipped hem adds a touch of drama, allowing you to make a lasting impression wherever you go. This burgundy maxi dress embraces your silhouette in a gentle embrace, celebrating your beauty in a blend of textures. With a design that seamlessly marries classic elegance with modern chic, is destined to become your go-to choice for weddings, parties, and special events.",Dresses,90,Goddiva,24726,Women's Dresses & Skirts,198,https://images2.productserve.com/?w=200&h=200&bg=white&trim=5&t=letterbox&url=ssl%3Acdn.shopify.com%2Fs%2Ffiles%2F1%2F0487%2F8834%2F0899%2Ffiles%2FDR3820_Burgundy_front_20_281_29_1729679115.jpg&feedId=62769&k=69b824ae0d90102310158d108aad18e6a4ceb148,USD,,"Over $120 - Free Delivery, Less than $120 - $12",https://goddiva.us/products/goddiva-crochet-pleated-top-high-low-maxi-burgundy,,,USD150,62769,Goddiva,1,,,,,,Womens,Dresses
https://www.awin1.com/pclick.php?p=33948208893&a=2771700&m=24726,Goddiva Flutter Sleeve Printed Midi Dress - Navy Print,33948208893,DR3462-NAVYPRINT-10,https://cdn.shopify.com/s/files/1/0487/8834/0899/files/DR3462_NavyPrint_33100_front_1767705726.jpg,"Spring is right around the corner, so why not start getting in the mood for the season. This fresh new navy print design from Goddiva is definitely one of the top picks for this upcoming season. This blue wrap style flutter sleeve printed midi dress is the perfect choice for the season's occasions, be it for wedding guests, brunches, dinners, date nights or any semi-formal occasion, this navy blue color midi dress is for you. With its classically faultless leopard color, this floaty summer dress is also a perfect pick for holidays. Its all-over print brings a vibrant touch to this already elegant dress, not to mention its darling flutter sleeves which add a softer finish to this design. A wrap-style dress is most likely the most flattering of styles for a woman as it helps to show off that incredible figure, with the belt on the waist giving you the opportunity to indulge in showcasing your darling silhouette. Teamed with the right shoes and accessories, this printed dress will be your favourite thing in the whole wide world, so bring some life back to your wardrobe.",Dresses,56,Goddiva,24726,Women's Dresses & Skirts,198,https://images2.productserve.com/?w=200&h=200&bg=white&trim=5&t=letterbox&url=ssl%3Acdn.shopify.com%2Fs%2Ffiles%2F1%2F0487%2F8834%2F0899%2Ffiles%2FDR3462_NavyPrint_33100_front_1767705726.jpg&feedId=62769&k=62b83696803dc50d7a15cd6b045aacddadfbfcb7,USD,,"Over $120 - Free Delivery, Less than $120 - $12",https://goddiva.us/products/goddiva-flutter-sleeve-printed-midi-dress-navy-print,,,USD56,62769,Goddiva,1,,,,,,Womens,Dresses
https://www.awin1.com/pclick.php?p=36302415890&a=2771700&m=24726,Goddiva Crochet & Pleated Top High Low Maxi - Black,36302415890,DR3820-BLACK-10,https://cdn.shopify.com/s/files/1/0487/8834/0899/files/DR3820_black_front_1729679370.jpg,"A harmonious fusion of elegance and charm the goddiva crochet & pleated top high low maxi is crafted with meticulous attention to detail, this black dress showcases a timeless round neckline that frames your neckline with grace. The captivating crochet detail on the bust adds a touch of sophistication, while the alluring keyhole detail on the back lends a subtle hint of allure. Designed to sway with your every step, the pleated chiffon skirt flows gracefully, exuding an ethereal aura. The Capped Sleeves offer comfort and style, perfect for any occasion. The dipped hem adds a touch of drama, allowing you to make a lasting impression wherever you go. This black maxi dress embraces your silhouette in a gentle embrace, celebrating your beauty in a blend of textures. With a design that seamlessly marries classic elegance with modern chic, is destined to become your go-to choice for weddings, parties, and special events.",Dresses,90,Goddiva,24726,Women's Dresses & Skirts,198,https://images2.productserve.com/?w=200&h=200&bg=white&trim=5&t=letterbox&url=ssl%3Acdn.shopify.com%2Fs%2Ffiles%2F1%2F0487%2F8834%2F0899%2Ffiles%2FDR3820_black_front_1729679370.jpg&feedId=62769&k=67703b57ee8d1e5a8f3d3ae99c15de73617f01d0,USD,,"Over $120 - Free Delivery, Less than $120 - $12",https://goddiva.us/products/goddiva-crochet-pleated-top-high-low-maxi-black,,,USD150,62769,Goddiva,1,,,,,,Womens,Dresses
https://www.awin1.com/pclick.php?p=36302415904&a=2771700&m=24726,Goddiva Crochet & Pleated Top High Low Maxi - Burgundy,36302415904,DR3820-BURGUNDY-14,https://cdn.shopify.com/s/files/1/0487/8834/0899/files/DR3820_Burgundy_front_20_281_29_1729679115.jpg,"A harmonious fusion of elegance and charm the goddiva crochet & pleated top high low maxi is crafted with meticulous attention to detail, this wine dress showcases a timeless round neckline that frames your neckline with grace. The captivating crochet detail on the bust adds a touch of sophistication, while the alluring keyhole detail on the back lends a subtle hint of allure. Designed to sway with your every step, the pleated chiffon skirt flows gracefully, exuding an ethereal aura. The Capped Sleeves offer comfort and style, perfect for any occasion. The dipped hem adds a touch of drama, allowing you to make a lasting impression wherever you go. This burgundy maxi dress embraces your silhouette in a gentle embrace, celebrating your beauty in a blend of textures. With a design that seamlessly marries classic elegance with modern chic, is destined to become your go-to choice for weddings, parties, and special events.",Dresses,90,Goddiva,24726,Women's Dresses & Skirts,198,https://images2.productserve.com/?w=200&h=200&bg=white&trim=5&t=letterbox&url=ssl%3Acdn.shopify.com%2Fs%2Ffiles%2F1%2F0487%2F8834%2F0899%2Ffiles%2FDR3820_Burgundy_front_20_281_29_1729679115.jpg&feedId=62769&k=69b824ae0d90102310158d108aad18e6a4ceb148,USD,,"Over $120 - Free Delivery, Less than $120 - $12",https://goddiva.us/products/goddiva-crochet-pleated-top-high-low-maxi-burgundy,,,USD150,62769,Goddiva,1,,,,,,Womens,Dresses
https://www.awin1.com/pclick.php?p=35754887267&a=2771700&m=24726,Goddiva Embroidered Top Flutter Sleeve Maxi - Sage Green,35754887267,DR3799-SAGEGREEN-14,https://cdn.shopify.com/s/files/1/0487/8834/0899/files/DR3799_SAGE-GREEN_FRONT_1713345269.jpg,"This stunning sage green embroidered top flutter sleeve maxi is the perfect choice for any special occasion, whether you're a bridesmaid, mother of the bride, or heading to prom. The beautiful floral design adds a touch of elegance to the dress, while the flutter sleeves give it a playful and feminine touch. With its maxi length, this green dress is both stylish and comfortable, allowing you to dance the night away with ease. Whether you're attending a wedding, prom, or other special event, this Embroidered Top Flutter Sleeve Maxi is sure to make you feel like the belle of the ball.",Dresses,98,Goddiva,24726,Women's Dresses & Skirts,198,https://images2.productserve.com/?w=200&h=200&bg=white&trim=5&t=letterbox&url=ssl%3Acdn.shopify.com%2Fs%2Ffiles%2F1%2F0487%2F8834%2F0899%2Ffiles%2FDR3799_SAGE-GREEN_FRONT_1713345269.jpg&feedId=62769&k=bd5a7bed2ba9d3402a3ed2470bcca92e69f593a7,USD,,"Over $120 - Free Delivery, Less than $120 - $12",https://goddiva.us/products/goddiva-embroidered-top-flutter-sleeve-maxi-sagegreen,,,USD170,62769,Goddiva,1,,,,,,Womens,Dresses
https://www.awin1.com/pclick.php?p=33948208891&a=2771700&m=24726,Goddiva Flutter Sleeve Printed Midi Dress - Navy Print,33948208891,DR3462-NAVYPRINT-8,https://cdn.shopify.com/s/files/1/0487/8834/0899/files/DR3462_NavyPrint_33100_front_1767705726.jpg,"Spring is right around the corner, so why not start getting in the mood for the season. This fresh new navy print design from Goddiva is definitely one of the top picks for this upcoming season. This blue wrap style flutter sleeve printed midi dress is the perfect choice for the season's occasions, be it for wedding guests, brunches, dinners, date nights or any semi-formal occasion, this navy blue color midi dress is for you. With its classically faultless leopard color, this floaty summer dress is also a perfect pick for holidays. Its all-over print brings a vibrant touch to this already elegant dress, not to mention its darling flutter sleeves which add a softer finish to this design. A wrap-style dress is most likely the most flattering of styles for a woman as it helps to show off that incredible figure, with the belt on the waist giving you the opportunity to indulge in showcasing your darling silhouette. Teamed with the right shoes and accessories, this printed dress will be your favourite thing in the whole wide world, so bring some life back to your wardrobe.",Dresses,56,Goddiva,24726,Women's Dresses & Skirts,198,https://images2.productserve.com/?w=200&h=200&bg=white&trim=5&t=letterbox&url=ssl%3Acdn.shopify.com%2Fs%2Ffiles%2F1%2F0487%2F8834%2F0899%2Ffiles%2FDR3462_NavyPrint_33100_front_1767705726.jpg&feedId=62769&k=62b83696803dc50d7a15cd6b045aacddadfbfcb7,USD,,"Over $120 - Free Delivery, Less than $120 - $12",https://goddiva.us/products/goddiva-flutter-sleeve-printed-midi-dress-navy-print,,,USD56,62769,Goddiva,1,,,,,,Womens,Dresses
https://www.awin1.com/pclick.php?p=33948208895&a=2771700&m=24726,Goddiva Flutter Sleeve Printed Midi Dress - Navy Print,33948208895,DR3462-NAVYPRINT-12,https://cdn.shopify.com/s/files/1/0487/8834/0899/files/DR3462_NavyPrint_33100_front_1767705726.jpg,"Spring is right around the corner, so why not start getting in the mood for the season. This fresh new navy print design from Goddiva is definitely one of the top picks for this upcoming season. This blue wrap style flutter sleeve printed midi dress is the perfect choice for the season's occasions, be it for wedding guests, brunches, dinners, date nights or any semi-formal occasion, this navy blue color midi dress is for you. With its classically faultless leopard color, this floaty summer dress is also a perfect pick for holidays. Its all-over print brings a vibrant touch to this already elegant dress, not to mention its darling flutter sleeves which add a softer finish to this design. A wrap-style dress is most likely the most flattering of styles for a woman as it helps to show off that incredible figure, with the belt on the waist giving you the opportunity to indulge in showcasing your darling silhouette. Teamed with the right shoes and accessories, this printed dress will be your favourite thing in the whole wide world, so bring some life back to your wardrobe.",Dresses,56,Goddiva,24726,Women's Dresses & Skirts,198,https://images2.productserve.com/?w=200&h=200&bg=white&trim=5&t=letterbox&url=ssl%3Acdn.shopify.com%2Fs%2Ffiles%2F1%2F0487%2F8834%2F0899%2Ffiles%2FDR3462_NavyPrint_33100_front_1767705726.jpg&feedId=62769&k=62b83696803dc50d7a15cd6b045aacddadfbfcb7,USD,,"Over $120 - Free Delivery, Less than $120 - $12",https://goddiva.us/products/goddiva-flutter-sleeve-printed-midi-dress-navy-print,,,USD56,62769,Goddiva,1,,,,,,Womens,Dresses
https://www.awin1.com/pclick.php?p=36302415902&a=2771700&m=24726,Goddiva Crochet & Pleated Top High Low Maxi - Burgundy,36302415902,DR3820-BURGUNDY-10,https://cdn.shopify.com/s/files/1/0487/8834/0899/files/DR3820_Burgundy_front_20_281_29_1729679115.jpg,"A harmonious fusion of elegance and charm the goddiva crochet & pleated top high low maxi is crafted with meticulous attention to detail, this wine dress showcases a timeless round neckline that frames your neckline with grace. The captivating crochet detail on the bust adds a touch of sophistication, while the alluring keyhole detail on the back lends a subtle hint of allure. Designed to sway with your every step, the pleated chiffon skirt flows gracefully, exuding an ethereal aura. The Capped Sleeves offer comfort and style, perfect for any occasion. The dipped hem adds a touch of drama, allowing you to make a lasting impression wherever you go. This burgundy maxi dress embraces your silhouette in a gentle embrace, celebrating your beauty in a blend of textures. With a design that seamlessly marries classic elegance with modern chic, is destined to become your go-to choice for weddings, parties, and special events.",Dresses,90,Goddiva,24726,Women's Dresses & Skirts,198,https://images2.productserve.com/?w=200&h=200&bg=white&trim=5&t=letterbox&url=ssl%3Acdn.shopify.com%2Fs%2Ffiles%2F1%2F0487%2F8834%2F0899%2Ffiles%2FDR3820_Burgundy_front_20_281_29_1729679115.jpg&feedId=62769&k=69b824ae0d90102310158d108aad18e6a4ceb148,USD,,"Over $120 - Free Delivery, Less than $120 - $12",https://goddiva.us/products/goddiva-crochet-pleated-top-high-low-maxi-burgundy,,,USD150,62769,Goddiva,1,,,,,,Womens,Dresses
https://www.awin1.com/pclick.php?p=35754887241&a=2771700&m=24726,Goddiva Embroidered Top Flutter Sleeve Maxi - Burgundy,35754887241,DR3799-BURGUNDY-10,https://cdn.shopify.com/s/files/1/0487/8834/0899/files/DR3799_BURGUNDY_FRONT_1713343017.jpg,"This stunning burgundy embroidered top flutter sleeve maxi is the perfect choice for any special occasion, whether you're a bridesmaid, mother of the bride, or heading to prom. The beautiful floral design adds a touch of elegance to the dress, while the flutter sleeves give it a playful and feminine touch. With its maxi length, this wine dress is both stylish and comfortable, allowing you to dance the night away with ease. Whether you're attending a wedding, prom, or other special event, this Embroidered Top Flutter Sleeve Maxi is sure to make you feel like the belle of the ball.",Dresses,98,Goddiva,24726,Women's Dresses & Skirts,198,https://images2.productserve.com/?w=200&h=200&bg=white&trim=5&t=letterbox&url=ssl%3Acdn.shopify.com%2Fs%2Ffiles%2F1%2F0487%2F8834%2F0899%2Ffiles%2FDR3799_BURGUNDY_FRONT_1713343017.jpg&feedId=62769&k=91c7d52b6c402c35a60e1011f963069b32340dd1,USD,,"Over $120 - Free Delivery, Less than $120 - $12",https://goddiva.us/products/goddiva-embroidered-top-flutter-sleeve-maxi-burgundy,,,USD170,62769,Goddiva,1,,,,,,Womens,Dresses
https://www.awin1.com/pclick.php?p=35849225865&a=2771700&m=24726,Goddiva Pleated Bandeau Bodice Chiffon Tiered Midi - Orange,35849225865,DR3811-BURNTORANGE-8,https://cdn.shopify.com/s/files/1/0487/8834/0899/files/DR3811_BURNTORANGE_FRONT_1713172604.jpg,"This stunning Pleated Bandeau Bodice Chiffon Tiered Midi dress - the perfect choice for any special occasion. Crafted from high-quality chiffon fabric, this burnt orange dress is both stylish and comfortable, making it the perfect choice for wedding guests, date nights, or parties. The pleated bandeau bodice adds a touch of elegance to this stunning midi dress, while the tiered chiffon skirt adds a playful and flirty touch. The midi length of the dress makes it a versatile choice for any occasion, ensuring that you'll feel confident and comfortable no matter where the night takes you. The lightweight chiffon fabric of this little number ensures that it drapes beautifully on the body, creating a flattering and feminine silhouette. This terracotta dress is available in a range of colors, making it easy to find the perfect match for your personal style. So why settle for a boring outfit when you can turn heads in our Pleated Bandeau Bodice Chiffon Tiered Midi dress? Whether you're attending a wedding, a date night, or a party, this dress is the perfect choice for looking and feeling your best. Order now and get ready to make a statement at your next special occasion!",Dresses,95,Goddiva,24726,Women's Dresses & Skirts,198,https://images2.productserve.com/?w=200&h=200&bg=white&trim=5&t=letterbox&url=ssl%3Acdn.shopify.com%2Fs%2Ffiles%2F1%2F0487%2F8834%2F0899%2Ffiles%2FDR3811_BURNTORANGE_FRONT_1713172604.jpg&feedId=62769&k=24918bd45d47d929a34974e6596a6e3911dbe524,USD,,"Over $120 - Free Delivery, Less than $120 - $12",https://goddiva.us/products/goddiva-pleated-bandeau-bodice-chiffon-tiered-midi-orange,,,USD136,62769,Goddiva,1,,,,,,Womens,Dresses
https://www.awin1.com/pclick.php?p=35063607097&a=2771700&m=24726,Goddiva Pleated Bardot Scuba Maxi Dress - Purple,35063607097,DR3648-PURPLE-8,https://cdn.shopify.com/s/files/1/0487/8834/0899/files/25887_1717430722.jpg,"Get your hands on this fabulous Pleated Bardot Scuba Maxi from the latest collection by Goddiva! With pleated detail on bust, fitted style and scuba crepe material, this aubergine maxi dress is perfect for bridesmaids, evening dress, prom or black tie occasions. Make a powerful style statement in this purple maxi. This figure flattering evening dress is one for keeps, with its classic style and outstanding color, this long dress will be your go to for all occasions!",Dresses,56,Goddiva,24726,Women's Dresses & Skirts,198,https://images2.productserve.com/?w=200&h=200&bg=white&trim=5&t=letterbox&url=ssl%3Acdn.shopify.com%2Fs%2Ffiles%2F1%2F0487%2F8834%2F0899%2Ffiles%2F25887_1717430722.jpg&feedId=62769&k=a2f605f8a8ba08cd4cfc18f295bd7fb023a60274,USD,,"Over $120 - Free Delivery, Less than $120 - $12",https://goddiva.us/products/goddiva-pleated-bardot-scuba-maxi-dress-purple,,,USD116,62769,Goddiva,1,,,,,,Womens,Dresses
https://www.awin1.com/pclick.php?p=35063607273&a=2771700&m=24726,Goddiva Scuba Crepe  Off The Shoulder Maxi - Purple,35063607273,DR3774-PURPLE-8,https://cdn.shopify.com/s/files/1/0487/8834/0899/files/DR3774_purple_77_front_1761304105.jpg,"This gorgeous scuba crepe asymmetric neck maxi dress is sure to be the talk of the town this season .The asymmetric neckline on this sublime purple number,  gives the dress a unique look while staying comfortable. The pleating detail at the front adds depth to this stretchy scuba crepe material. This is an evening dress that you can wear for any formal occasion or black tie event. This purple evening dress is perfect for bridesmaids, prom, mother of the bride, or any special occasion where you want to have something modest yet elegant! The maxi cut of this dress accentuates every curve beautifully. Style it with heels and jewellery to make your night out unforgettable!",Dresses,91,Goddiva,24726,Women's Dresses & Skirts,198,https://images2.productserve.com/?w=200&h=200&bg=white&trim=5&t=letterbox&url=ssl%3Acdn.shopify.com%2Fs%2Ffiles%2F1%2F0487%2F8834%2F0899%2Ffiles%2FDR3774_purple_77_front_1761304105.jpg&feedId=62769&k=b78d2b25bde05630d6802aa40ed2068520da2d8e,USD,,"Over $120 - Free Delivery, Less than $120 - $12",https://goddiva.us/products/goddiva-scuba-crepe-off-the-shoulder-maxi-purple,,,USD130,62769,Goddiva,1,,,,,,Womens,Dresses
https://www.awin1.com/pclick.php?p=35642119346&a=2771700&m=24726,Goddiva Sequin & Satin Dipped Hem Midi Dress - Black,35642119346,DR3621-BLACK-14,https://cdn.shopify.com/s/files/1/0487/8834/0899/files/25864_1717431397.jpg,"This stunning black midi occasion dress combines the glamour of sequins with the luxurious feel of satin for a truly show-stopping look. This black dress features a dipped hem that adds a touch of drama and sophistication. The sequin bodice sparkles and shines with every movement, while the satin skirt flows beautifully to create a flattering silhouette. The dress also has a sleeveless design and a v-neckline, making it perfect for any special occasion. Whether you're attending a wedding or a black-tie event, this sequin and satin dipped hem midi occasion dress is sure to make you feel like a true star.",Dresses,76,Goddiva,24726,Women's Dresses & Skirts,198,https://images2.productserve.com/?w=200&h=200&bg=white&trim=5&t=letterbox&url=ssl%3Acdn.shopify.com%2Fs%2Ffiles%2F1%2F0487%2F8834%2F0899%2Ffiles%2F25864_1717431397.jpg&feedId=62769&k=06dc5f51e8a42f4197d418d457f8a06acf9d6061,USD,,"Over $120 - Free Delivery, Less than $120 - $12",https://goddiva.us/products/goddiva-sequin-satin-dipped-hem-midi-dress-black,,,USD130,62769,Goddiva,1,,,,,,Womens,Dresses
https://www.awin1.com/pclick.php?p=35807827753&a=2771700&m=24726,Goddiva Satin Cowl Neck With Strappy Back Maxi - Champagne,35807827753,DR2113QZ-CHAMPAGNE-8,https://cdn.shopify.com/s/files/1/0487/8834/0899/files/dr2113_champagne_front_1761206992.jpg,"Dare to be fabulous and fierce in this fun & flirty cowl neck with strappy back satin maxi evening dress by Goddiva. This lively designed long champagne gown, is the crowning choice for your upcoming special occasion events. This sexy champagne satin styled maxi dress has fancy detailing throughout, like its upward pleating detail on the bodice, its flattering cowl neck line and its delicate pleated skirt. Wearing this outstanding and affordable gold silk gown will show off your shapely figure and give you the ultimate WOW factor! Its mermaid hem line brings a magical feel to such a beautiful dress; making this the best choice for weddings, proms, bridesmaids and every other extra special event you can possibly think of. Get the full look by finishing off this look with some stunning metallic heels, matching metallic clutch bag and accessories with minimal jewellery to have the spotlight on you!",Dresses,58,Goddiva,24726,Women's Dresses & Skirts,198,https://images2.productserve.com/?w=200&h=200&bg=white&trim=5&t=letterbox&url=ssl%3Acdn.shopify.com%2Fs%2Ffiles%2F1%2F0487%2F8834%2F0899%2Ffiles%2Fdr2113_champagne_front_1761206992.jpg&feedId=62769&k=f9d3a9925498a7ad78e343428a8d8bc78cb7bc64,USD,,"Over $120 - Free Delivery, Less than $120 - $12",https://goddiva.us/products/goddiva-satin-cowl-neck-with-strappy-back-maxi-champagne,,,USD116,62769,Goddiva,1,,,,,,Womens,Dresses
https://www.awin1.com/pclick.php?p=36331410233&a=2771700&m=24726,Goddiva Scallop Bardot Ruffle Mesh Maxi - Blush,36331410233,DR3742-BLUSH-8,https://cdn.shopify.com/s/files/1/0487/8834/0899/files/DR3742_blush_front_1729676752.jpg,"Elevate your evening elegance with our Scallop Bardot Ruffle Mesh Maxi. This stunning dress effortlessly combines timeless sophistication with contemporary flair. This blush dress exudes a sense of grandeur, making it perfect for formal occasions and glamorous evenings out. The Bardot neckline adds a touch of classic allure, beautifully framing your shoulders and collarbone. The real showstopper, however, is the sequin bodice that glistens and shimmers with every movement, ensuring you'll be the centre of attention. The scallop detailing on the neckline adds a delicate and feminine touch, enhancing the overall charm of this blush dress. As you twirl, the ruffle detail on the skirt cascades gracefully, creating an enchanting silhouette. To cinch your waist and add a luxurious contrast, we've included a velvet waistband that complements the dress's opulence. Dazzle and delight in our Scallop Bardot Ruffle Mesh Maxi  a masterpiece that promises to make you feel like a true style icon.",Dresses,90,Goddiva,24726,Women's Dresses & Skirts,198,https://images2.productserve.com/?w=200&h=200&bg=white&trim=5&t=letterbox&url=ssl%3Acdn.shopify.com%2Fs%2Ffiles%2F1%2F0487%2F8834%2F0899%2Ffiles%2FDR3742_blush_front_1729676752.jpg&feedId=62769&k=88fdb00a3b94ba14d139775a40ad1a639b6e13f2,USD,,"Over $120 - Free Delivery, Less than $120 - $12",https://goddiva.us/products/goddiva-scallop-bardot-ruffle-mesh-maxi-blush,,,USD150,62769,Goddiva,1,,,,,,Womens,Dresses
https://www.awin1.com/pclick.php?p=35457893930&a=2771700&m=24726,Goddiva Bardot Sequin & Lace High Low Midi - Champagne,35457893930,DR3675-CHAMPAGNE-8,https://cdn.shopify.com/s/files/1/0487/8834/0899/files/DR3675_Champagne_1364_front_1749821424.jpg,"Goddiva's Scalloped Bardot Sequin & Lace High Low Midi Dress is an elegantly chic, and timeless piece that will easily become your essential cocktail dress. This breathtaking champagne number features scalloped detailing on the neckline and hem of the skirt, A-line cut with dipped hem, and sequin and lace detailing throughout. This scalloped Goddiva dress is a showstopper! The beautifully embellished bodice, high low skirt and off-the-shoulder neckline are sure to turn heads no matter the occasion. Whether it be for bridesmaids, prom or a formal function, this gold dress is the perfect choice. Team with heels and minimal jewellery for the ultimate look.",Dresses,98,Goddiva,24726,Women's Dresses & Skirts,198,https://images2.productserve.com/?w=200&h=200&bg=white&trim=5&t=letterbox&url=ssl%3Acdn.shopify.com%2Fs%2Ffiles%2F1%2F0487%2F8834%2F0899%2Ffiles%2FDR3675_Champagne_1364_front_1749821424.jpg&feedId=62769&k=5cec9ff6fe703f563d21abe283b33c55591364c1,USD,,"Over $120 - Free Delivery, Less than $120 - $12",https://goddiva.us/products/goddiva-bardot-sequin-lace-high-low-midi-champagne,,,USD170,62769,Goddiva,1,,,,,,Womens,Dresses
https://www.awin1.com/pclick.php?p=35754887242&a=2771700&m=24726,Goddiva Embroidered Top Flutter Sleeve Maxi - Burgundy,35754887242,DR3799-BURGUNDY-12,https://cdn.shopify.com/s/files/1/0487/8834/0899/files/DR3799_BURGUNDY_FRONT_1713343017.jpg,"This stunning burgundy embroidered top flutter sleeve maxi is the perfect choice for any special occasion, whether you're a bridesmaid, mother of the bride, or heading to prom. The beautiful floral design adds a touch of elegance to the dress, while the flutter sleeves give it a playful and feminine touch. With its maxi length, this wine dress is both stylish and comfortable, allowing you to dance the night away with ease. Whether you're attending a wedding, prom, or other special event, this Embroidered Top Flutter Sleeve Maxi is sure to make you feel like the belle of the ball.",Dresses,98,Goddiva,24726,Women's Dresses & Skirts,198,https://images2.productserve.com/?w=200&h=200&bg=white&trim=5&t=letterbox&url=ssl%3Acdn.shopify.com%2Fs%2Ffiles%2F1%2F0487%2F8834%2F0899%2Ffiles%2FDR3799_BURGUNDY_FRONT_1713343017.jpg&feedId=62769&k=91c7d52b6c402c35a60e1011f963069b32340dd1,USD,,"Over $120 - Free Delivery, Less than $120 - $12",https://goddiva.us/products/goddiva-embroidered-top-flutter-sleeve-maxi-burgundy,,,USD170,62769,Goddiva,1,,,,,,Womens,Dresses
https://www.awin1.com/pclick.php?p=35754887266&a=2771700&m=24726,Goddiva Embroidered Top Flutter Sleeve Maxi - Sage Green,35754887266,DR3799-SAGEGREEN-12,https://cdn.shopify.com/s/files/1/0487/8834/0899/files/DR3799_SAGE-GREEN_FRONT_1713345269.jpg,"This stunning sage green embroidered top flutter sleeve maxi is the perfect choice for any special occasion, whether you're a bridesmaid, mother of the bride, or heading to prom. The beautiful floral design adds a touch of elegance to the dress, while the flutter sleeves give it a playful and feminine touch. With its maxi length, this green dress is both stylish and comfortable, allowing you to dance the night away with ease. Whether you're attending a wedding, prom, or other special event, this Embroidered Top Flutter Sleeve Maxi is sure to make you feel like the belle of the ball.",Dresses,98,Goddiva,24726,Women's Dresses & Skirts,198,https://images2.productserve.com/?w=200&h=200&bg=white&trim=5&t=letterbox&url=ssl%3Acdn.shopify.com%2Fs%2Ffiles%2F1%2F0487%2F8834%2F0899%2Ffiles%2FDR3799_SAGE-GREEN_FRONT_1713345269.jpg&feedId=62769&k=bd5a7bed2ba9d3402a3ed2470bcca92e69f593a7,USD,,"Over $120 - Free Delivery, Less than $120 - $12",https://goddiva.us/products/goddiva-embroidered-top-flutter-sleeve-maxi-sagegreen,,,USD170,62769,Goddiva,1,,,,,,Womens,Dresses
https://www.awin1.com/pclick.php?p=35754887240&a=2771700&m=24726,Goddiva Embroidered Top Flutter Sleeve Maxi - Burgundy,35754887240,DR3799-BURGUNDY-8,https://cdn.shopify.com/s/files/1/0487/8834/0899/files/DR3799_BURGUNDY_FRONT_1713343017.jpg,"This stunning burgundy embroidered top flutter sleeve maxi is the perfect choice for any special occasion, whether you're a bridesmaid, mother of the bride, or heading to prom. The beautiful floral design adds a touch of elegance to the dress, while the flutter sleeves give it a playful and feminine touch. With its maxi length, this wine dress is both stylish and comfortable, allowing you to dance the night away with ease. Whether you're attending a wedding, prom, or other special event, this Embroidered Top Flutter Sleeve Maxi is sure to make you feel like the belle of the ball.",Dresses,98,Goddiva,24726,Women's Dresses & Skirts,198,https://images2.productserve.com/?w=200&h=200&bg=white&trim=5&t=letterbox&url=ssl%3Acdn.shopify.com%2Fs%2Ffiles%2F1%2F0487%2F8834%2F0899%2Ffiles%2FDR3799_BURGUNDY_FRONT_1713343017.jpg&feedId=62769&k=91c7d52b6c402c35a60e1011f963069b32340dd1,USD,,"Over $120 - Free Delivery, Less than $120 - $12",https://goddiva.us/products/goddiva-embroidered-top-flutter-sleeve-maxi-burgundy,,,USD170,62769,Goddiva,1,,,,,,Womens,Dresses
https://www.awin1.com/pclick.php?p=35240812979&a=2771700&m=24726,Goddiva Bardot Sequin & Lace High Low Midi - Blush,35240812979,DR3675-BLUSH-14,https://cdn.shopify.com/s/files/1/0487/8834/0899/files/DR3675_Blush_1427_front_1749821202.jpg,"Goddiva's Scalloped Bardot Sequin & Lace High Low Midi Dress is an elegantly chic, and timeless piece that will easily become your essential cocktail dress. This breathtaking blush number features scalloped detailing on the neckline and hem of the skirt, A-line cut with dipped hem, and sequin and lace detailing throughout. This scalloped Goddiva dress is a showstopper! The beautifully embellished bodice, high low skirt and off-the-shoulder neckline are sure to turn heads no matter the occasion. Whether it be for bridesmaids, prom or a formal function, this pink dress is the perfect choice. Team with heels and minimal jewellery for the ultimate look.",Dresses,98,Goddiva,24726,Women's Dresses & Skirts,198,https://images2.productserve.com/?w=200&h=200&bg=white&trim=5&t=letterbox&url=ssl%3Acdn.shopify.com%2Fs%2Ffiles%2F1%2F0487%2F8834%2F0899%2Ffiles%2FDR3675_Blush_1427_front_1749821202.jpg&feedId=62769&k=fccc0921a3aa23e3dde9d719d1956d5b3c0a4338,USD,,"Over $120 - Free Delivery, Less than $120 - $12",https://goddiva.us/products/goddiva-bardot-sequin-lace-high-low-midi-blush,,,USD170,62769,Goddiva,1,,,,,,Womens,Dresses
https://www.awin1.com/pclick.php?p=36072980291&a=2771700&m=24726,Goddiva Cowl Back Satin Maxi Dress - Blue,36072980291,DR3920-BLUE-12,https://cdn.shopify.com/s/files/1/0487/8834/0899/files/DR3920_BLUE5_front_1729684901.jpg,"This stunning Cowl Back Satin Maxi Dress is the perfect choice for any elegant evening occasion. Made from luxurious satin fabric with a subtle sheen and soft, silky texture, this blue dress exudes a sophisticated and glamorous vibe. The sexy cowl back design adds a touch of allure and sensuality, making this dress a standout choice for special events such as weddings, galas, or proms. It's also a popular option for bridesmaids who want to look their best while complementing the bride's wedding theme. Crafted with attention to detail and a focus on style, this blue dress is sure to turn heads and make you feel confident and beautiful. The satin fabric of this blue gown drapes elegantly over your curves, creating a flattering silhouette that flares out into a graceful maxi length. Whether you're attending a black-tie event or a formal evening out, this Cowl Back Satin Maxi Dress is the epitome of sophistication and style. So why settle for anything less? Order yours today and experience the timeless elegance of this stunning dress.",Dresses,58,Goddiva,24726,Women's Dresses & Skirts,198,https://images2.productserve.com/?w=200&h=200&bg=white&trim=5&t=letterbox&url=ssl%3Acdn.shopify.com%2Fs%2Ffiles%2F1%2F0487%2F8834%2F0899%2Ffiles%2FDR3920_BLUE5_front_1729684901.jpg&feedId=62769&k=55094df2d28ed27ca6dc11fabee4c8a1deda1a6e,USD,,"Over $120 - Free Delivery, Less than $120 - $12",https://goddiva.us/products/goddiva-cowl-back-satin-maxi-dress-blue,,,USD76,62769,Goddiva,1,,,,,,Womens,Dresses
https://www.awin1.com/pclick.php?p=35754887264&a=2771700&m=24726,Goddiva Embroidered Top Flutter Sleeve Maxi - Sage Green,35754887264,DR3799-SAGEGREEN-8,https://cdn.shopify.com/s/files/1/0487/8834/0899/files/DR3799_SAGE-GREEN_FRONT_1713345269.jpg,"This stunning sage green embroidered top flutter sleeve maxi is the perfect choice for any special occasion, whether you're a bridesmaid, mother of the bride, or heading to prom. The beautiful floral design adds a touch of elegance to the dress, while the flutter sleeves give it a playful and feminine touch. With its maxi length, this green dress is both stylish and comfortable, allowing you to dance the night away with ease. Whether you're attending a wedding, prom, or other special event, this Embroidered Top Flutter Sleeve Maxi is sure to make you feel like the belle of the ball.",Dresses,98,Goddiva,24726,Women's Dresses & Skirts,198,https://images2.productserve.com/?w=200&h=200&bg=white&trim=5&t=letterbox&url=ssl%3Acdn.shopify.com%2Fs%2Ffiles%2F1%2F0487%2F8834%2F0899%2Ffiles%2FDR3799_SAGE-GREEN_FRONT_1713345269.jpg&feedId=62769&k=bd5a7bed2ba9d3402a3ed2470bcca92e69f593a7,USD,,"Over $120 - Free Delivery, Less than $120 - $12",https://goddiva.us/products/goddiva-embroidered-top-flutter-sleeve-maxi-sagegreen,,,USD170,62769,Goddiva,1,,,,,,Womens,Dresses
https://www.awin1.com/pclick.php?p=35063607101&a=2771700&m=24726,Goddiva Pleated Bardot Scuba Maxi Dress - Purple,35063607101,DR3648-PURPLE-12,https://cdn.shopify.com/s/files/1/0487/8834/0899/files/25887_1717430722.jpg,"Get your hands on this fabulous Pleated Bardot Scuba Maxi from the latest collection by Goddiva! With pleated detail on bust, fitted style and scuba crepe material, this aubergine maxi dress is perfect for bridesmaids, evening dress, prom or black tie occasions. Make a powerful style statement in this purple maxi. This figure flattering evening dress is one for keeps, with its classic style and outstanding color, this long dress will be your go to for all occasions!",Dresses,56,Goddiva,24726,Women's Dresses & Skirts,198,https://images2.productserve.com/?w=200&h=200&bg=white&trim=5&t=letterbox&url=ssl%3Acdn.shopify.com%2Fs%2Ffiles%2F1%2F0487%2F8834%2F0899%2Ffiles%2F25887_1717430722.jpg&feedId=62769&k=a2f605f8a8ba08cd4cfc18f295bd7fb023a60274,USD,,"Over $120 - Free Delivery, Less than $120 - $12",https://goddiva.us/products/goddiva-pleated-bardot-scuba-maxi-dress-purple,,,USD116,62769,Goddiva,1,,,,,,Womens,Dresses
https://www.awin1.com/pclick.php?p=35849225868&a=2771700&m=24726,Goddiva Pleated Bandeau Bodice Chiffon Tiered Midi - Orange,35849225868,DR3811-BURNTORANGE-14,https://cdn.shopify.com/s/files/1/0487/8834/0899/files/DR3811_BURNTORANGE_FRONT_1713172604.jpg,"This stunning Pleated Bandeau Bodice Chiffon Tiered Midi dress - the perfect choice for any special occasion. Crafted from high-quality chiffon fabric, this burnt orange dress is both stylish and comfortable, making it the perfect choice for wedding guests, date nights, or parties. The pleated bandeau bodice adds a touch of elegance to this stunning midi dress, while the tiered chiffon skirt adds a playful and flirty touch. The midi length of the dress makes it a versatile choice for any occasion, ensuring that you'll feel confident and comfortable no matter where the night takes you. The lightweight chiffon fabric of this little number ensures that it drapes beautifully on the body, creating a flattering and feminine silhouette. This terracotta dress is available in a range of colors, making it easy to find the perfect match for your personal style. So why settle for a boring outfit when you can turn heads in our Pleated Bandeau Bodice Chiffon Tiered Midi dress? Whether you're attending a wedding, a date night, or a party, this dress is the perfect choice for looking and feeling your best. Order now and get ready to make a statement at your next special occasion!",Dresses,95,Goddiva,24726,Women's Dresses & Skirts,198,https://images2.productserve.com/?w=200&h=200&bg=white&trim=5&t=letterbox&url=ssl%3Acdn.shopify.com%2Fs%2Ffiles%2F1%2F0487%2F8834%2F0899%2Ffiles%2FDR3811_BURNTORANGE_FRONT_1713172604.jpg&feedId=62769&k=24918bd45d47d929a34974e6596a6e3911dbe524,USD,,"Over $120 - Free Delivery, Less than $120 - $12",https://goddiva.us/products/goddiva-pleated-bandeau-bodice-chiffon-tiered-midi-orange,,,USD136,62769,Goddiva,1,,,,,,Womens,Dresses
https://www.awin1.com/pclick.php?p=35754887283&a=2771700&m=24726,Goddiva Sequin & Satin Dipped Hem Midi Dress - Blush,35754887283,DR3621-BLUSH-12,https://cdn.shopify.com/s/files/1/0487/8834/0899/files/DR3621_BLUSH_268430_FRONT_1715268539.jpg,"This stunning blush midi occasion dress combines the glamour of sequins with the luxurious feel of satin for a truly show-stopping look. This light pink dress features a dipped hem that adds a touch of drama and sophistication. The sequin bodice sparkles and shines with every movement, while the satin skirt flows beautifully to create a flattering silhouette. The dress also has a sleeveless design and a v-neckline, making it perfect for any special occasion. Whether you're attending a wedding or a black-tie event, this sequin and satin dipped hem midi occasion dress is sure to make you feel like a true star.",Dresses,76,Goddiva,24726,Women's Dresses & Skirts,198,https://images2.productserve.com/?w=200&h=200&bg=white&trim=5&t=letterbox&url=ssl%3Acdn.shopify.com%2Fs%2Ffiles%2F1%2F0487%2F8834%2F0899%2Ffiles%2FDR3621_BLUSH_268430_FRONT_1715268539.jpg&feedId=62769&k=b52ceadd9f3523cf25151051959a1ec96c3962f4,USD,,"Over $120 - Free Delivery, Less than $120 - $12",https://goddiva.us/products/goddiva-sequin-satin-dipped-hem-midi-dress-blush,,,USD130,62769,Goddiva,1,,,,,,Womens,Dresses
https://www.awin1.com/pclick.php?p=35807827755&a=2771700&m=24726,Goddiva Satin Cowl Neck With Strappy Back Maxi - Champagne,35807827755,DR2113QZ-CHAMPAGNE-12,https://cdn.shopify.com/s/files/1/0487/8834/0899/files/dr2113_champagne_front_1761206992.jpg,"Dare to be fabulous and fierce in this fun & flirty cowl neck with strappy back satin maxi evening dress by Goddiva. This lively designed long champagne gown, is the crowning choice for your upcoming special occasion events. This sexy champagne satin styled maxi dress has fancy detailing throughout, like its upward pleating detail on the bodice, its flattering cowl neck line and its delicate pleated skirt. Wearing this outstanding and affordable gold silk gown will show off your shapely figure and give you the ultimate WOW factor! Its mermaid hem line brings a magical feel to such a beautiful dress; making this the best choice for weddings, proms, bridesmaids and every other extra special event you can possibly think of. Get the full look by finishing off this look with some stunning metallic heels, matching metallic clutch bag and accessories with minimal jewellery to have the spotlight on you!",Dresses,58,Goddiva,24726,Women's Dresses & Skirts,198,https://images2.productserve.com/?w=200&h=200&bg=white&trim=5&t=letterbox&url=ssl%3Acdn.shopify.com%2Fs%2Ffiles%2F1%2F0487%2F8834%2F0899%2Ffiles%2Fdr2113_champagne_front_1761206992.jpg&feedId=62769&k=f9d3a9925498a7ad78e343428a8d8bc78cb7bc64,USD,,"Over $120 - Free Delivery, Less than $120 - $12",https://goddiva.us/products/goddiva-satin-cowl-neck-with-strappy-back-maxi-champagne,,,USD116,62769,Goddiva,1,,,,,,Womens,Dresses
https://www.awin1.com/pclick.php?p=35063607275&a=2771700&m=24726,Goddiva Scuba Crepe  Off The Shoulder Maxi - Purple,35063607275,DR3774-PURPLE-10,https://cdn.shopify.com/s/files/1/0487/8834/0899/files/DR3774_purple_77_front_1761304105.jpg,"This gorgeous scuba crepe asymmetric neck maxi dress is sure to be the talk of the town this season .The asymmetric neckline on this sublime purple number,  gives the dress a unique look while staying comfortable. The pleating detail at the front adds depth to this stretchy scuba crepe material. This is an evening dress that you can wear for any formal occasion or black tie event. This purple evening dress is perfect for bridesmaids, prom, mother of the bride, or any special occasion where you want to have something modest yet elegant! The maxi cut of this dress accentuates every curve beautifully. Style it with heels and jewellery to make your night out unforgettable!",Dresses,91,Goddiva,24726,Women's Dresses & Skirts,198,https://images2.productserve.com/?w=200&h=200&bg=white&trim=5&t=letterbox&url=ssl%3Acdn.shopify.com%2Fs%2Ffiles%2F1%2F0487%2F8834%2F0899%2Ffiles%2FDR3774_purple_77_front_1761304105.jpg&feedId=62769&k=b78d2b25bde05630d6802aa40ed2068520da2d8e,USD,,"Over $120 - Free Delivery, Less than $120 - $12",https://goddiva.us/products/goddiva-scuba-crepe-off-the-shoulder-maxi-purple,,,USD130,62769,Goddiva,1,,,,,,Womens,Dresses
https://www.awin1.com/pclick.php?p=35807827747&a=2771700&m=24726,Goddiva Satin Cowl Neck With Strappy Back Maxi - Aqua,35807827747,DR2113QZ-AQUA-8,https://cdn.shopify.com/s/files/1/0487/8834/0899/files/dr2113qz_aqua_back_1761206903.png,"Dare to be fabulous and fierce in this fun & flirty cowl neck with strappy back satin maxi evening dress by Goddiva. This lively designed long aqua gown, is the crowning choice for your upcoming special occasion events. This sexy aqua satin styled maxi dress has fancy detailing throughout, like its upward pleating detail on the bodice, its flattering cowl neck line and its delicate pleated skirt. Wearing this outstanding and affordable blue silk gown will show off your shapely figure and give you the ultimate WOW factor! Its mermaid hem line brings a magical feel to such a beautiful dress; making this the best choice for weddings, proms, bridesmaids and every other extra special event you can possibly think of. Get the full look by finishing off this look with some stunning metallic heels, matching metallic clutch bag and accessories with minimal jewellery to have the spotlight on you!",Dresses,58,Goddiva,24726,Women's Dresses & Skirts,198,https://images2.productserve.com/?w=200&h=200&bg=white&trim=5&t=letterbox&url=ssl%3Acdn.shopify.com%2Fs%2Ffiles%2F1%2F0487%2F8834%2F0899%2Ffiles%2Fdr2113qz_aqua_back_1761206903.png&feedId=62769&k=ba6c6b505df7b4e4db848ffe2f5f5f6daf7f91a7,USD,,"Over $120 - Free Delivery, Less than $120 - $12",https://goddiva.us/products/goddiva-satin-cowl-neck-with-strappy-back-maxi-aqua,,,USD116,62769,Goddiva,1,,,,,,Womens,Dresses
https://www.awin1.com/pclick.php?p=35807827760&a=2771700&m=24726,Goddiva Satin Cowl Neck With Strappy Back Maxi - Pink,35807827760,DR2113QZ-PINK-10,https://cdn.shopify.com/s/files/1/0487/8834/0899/files/dr2113_pink_back_1761208045.png,"Dare to be fabulous and fierce in this fun & flirty cowl neck with strappy back satin maxi evening dress by Goddiva. This lively designed long pink gown, is the crowning choice for your upcoming special occasion events. This sexy pink satin styled maxi dress has fancy detailing throughout, like its upward pleating detail on the bodice, its flattering cowl neck line and its delicate pleated skirt. Wearing this outstanding and affordable pink silk gown will show off your shapely figure and give you the ultimate WOW factor! Its mermaid hem line brings a magical feel to such a beautiful dress; making this the best choice for weddings, proms, bridesmaids and every other extra special event you can possibly think of. Get the full look by finishing off this look with some stunning metallic heels, matching metallic clutch bag and accessories with minimal jewellery to have the spotlight on you!",Dresses,58,Goddiva,24726,Women's Dresses & Skirts,198,https://images2.productserve.com/?w=200&h=200&bg=white&trim=5&t=letterbox&url=ssl%3Acdn.shopify.com%2Fs%2Ffiles%2F1%2F0487%2F8834%2F0899%2Ffiles%2Fdr2113_pink_back_1761208045.png&feedId=62769&k=ffd67d0bbf13296b4899b0f3a35ac42e38434274,USD,,"Over $120 - Free Delivery, Less than $120 - $12",https://goddiva.us/products/goddiva-satin-cowl-neck-with-strappy-back-maxi-pink,,,USD116,62769,Goddiva,1,,,,,,Womens,Dresses
https://www.awin1.com/pclick.php?p=35655990291&a=2771700&m=24726,Goddiva Wrap Front Maxi With Flutter Sleeves - Red,35655990291,DR2565B-RED-10,https://cdn.shopify.com/s/files/1/0487/8834/0899/files/25827_1717432644.jpg,"Get the ultimate look this season in this fun and flirty red wrap front maxi dress with flutter sleeves is a flawless choice this season. This crafty designed gown from the Goddiva summer collection is a number one choice for so many occasions, whether it's for a garden party, casual days out or brunch with friends, not to mention a perfect option for wedding guests. Jazzing up this sleek style is so easy, giving it a completely new look each time you step into it. In its red, this timeless style is going to fit perfectly in your closet, making it your new favourite. Its flavoursome maxi length floaty skirt and faux wrap neckline, this dress is completely fool-proof.",Dresses,76,Goddiva,24726,Women's Dresses & Skirts,198,https://images2.productserve.com/?w=200&h=200&bg=white&trim=5&t=letterbox&url=ssl%3Acdn.shopify.com%2Fs%2Ffiles%2F1%2F0487%2F8834%2F0899%2Ffiles%2F25827_1717432644.jpg&feedId=62769&k=997290a03d735eb06ff182788abe3a1a15d64ca7,USD,,"Over $120 - Free Delivery, Less than $120 - $12",https://goddiva.us/products/goddiva-wrap-front-maxi-with-flutter-sleeves-red,,,USD130,62769,Goddiva,1,,,,,,Womens,Dresses
https://www.awin1.com/pclick.php?p=36556608749&a=2771700&m=24726,Goddiva Square Neck Gathered Waist Velvet Maxi - Burgundy,36556608749,DR3994-BURGUNDY-12,https://cdn.shopify.com/s/files/1/0487/8834/0899/products/DR3994_WINE_front_l_1698836895.jpg,"Indulge in timeless elegance with our Square Neck Gathered Waist Velvet Maxi Dress, the perfect pick for those extra-special occasions. This stunning burgundy maxi dress is crafted to make you shine, whether you're gracing a wedding as a cherished guest or playing a pivotal role as a bridesmaid. It's the go-to choice for creating enchanting memories at any noteworthy event. The square neckline on this timeless burgundy number exudes a classic and sophisticated charm, setting the stage for a look that's as graceful as it is stylish. The long sleeves provide both warmth and an added touch of grace, making this burgundy dress perfect for any occasion. With gathered detailing at the waist, this dress not only accentuates your curves but also ensures that you feel confident and chic. The soft touch velvet material adds a hint of luxury, making it the ideal choice for special moments. Our Square Neck Gathered Waist Velvet Maxi Dress is designed to ensure that you make a lasting impression at any occasion. Embrace the elegance, create unforgettable memories, and stand out. Don't just attend the event; own it with grace and style.",Dresses,90,Goddiva,24726,Women's Dresses & Skirts,198,https://images2.productserve.com/?w=200&h=200&bg=white&trim=5&t=letterbox&url=ssl%3Acdn.shopify.com%2Fs%2Ffiles%2F1%2F0487%2F8834%2F0899%2Fproducts%2FDR3994_WINE_front_l_1698836895.jpg&feedId=62769&k=11b6837a253b038ae8391e6bd48f9cde2ca1aa78,USD,,"Over $120 - Free Delivery, Less than $120 - $12",https://goddiva.us/products/goddiva-square-neck-gathered-waist-velvet-maxi-burgundy,,,USD170,62769,Goddiva,1,,,,,,Womens,Dresses
https://www.awin1.com/pclick.php?p=35063607279&a=2771700&m=24726,Goddiva Scuba Crepe  Off The Shoulder Maxi - Purple,35063607279,DR3774-PURPLE-14,https://cdn.shopify.com/s/files/1/0487/8834/0899/files/DR3774_purple_77_front_1761304105.jpg,"This gorgeous scuba crepe asymmetric neck maxi dress is sure to be the talk of the town this season .The asymmetric neckline on this sublime purple number,  gives the dress a unique look while staying comfortable. The pleating detail at the front adds depth to this stretchy scuba crepe material. This is an evening dress that you can wear for any formal occasion or black tie event. This purple evening dress is perfect for bridesmaids, prom, mother of the bride, or any special occasion where you want to have something modest yet elegant! The maxi cut of this dress accentuates every curve beautifully. Style it with heels and jewellery to make your night out unforgettable!",Dresses,91,Goddiva,24726,Women's Dresses & Skirts,198,https://images2.productserve.com/?w=200&h=200&bg=white&trim=5&t=letterbox&url=ssl%3Acdn.shopify.com%2Fs%2Ffiles%2F1%2F0487%2F8834%2F0899%2Ffiles%2FDR3774_purple_77_front_1761304105.jpg&feedId=62769&k=b78d2b25bde05630d6802aa40ed2068520da2d8e,USD,,"Over $120 - Free Delivery, Less than $120 - $12",https://goddiva.us/products/goddiva-scuba-crepe-off-the-shoulder-maxi-purple,,,USD130,62769,Goddiva,1,,,,,,Womens,Dresses
https://www.awin1.com/pclick.php?p=35807827752&a=2771700&m=24726,Goddiva Satin Cowl Neck With Strappy Back Maxi - Champagne,35807827752,DR2113QZ-CHAMPAGNE-6,https://cdn.shopify.com/s/files/1/0487/8834/0899/files/dr2113_champagne_front_1761206992.jpg,"Dare to be fabulous and fierce in this fun & flirty cowl neck with strappy back satin maxi evening dress by Goddiva. This lively designed long champagne gown, is the crowning choice for your upcoming special occasion events. This sexy champagne satin styled maxi dress has fancy detailing throughout, like its upward pleating detail on the bodice, its flattering cowl neck line and its delicate pleated skirt. Wearing this outstanding and affordable gold silk gown will show off your shapely figure and give you the ultimate WOW factor! Its mermaid hem line brings a magical feel to such a beautiful dress; making this the best choice for weddings, proms, bridesmaids and every other extra special event you can possibly think of. Get the full look by finishing off this look with some stunning metallic heels, matching metallic clutch bag and accessories with minimal jewellery to have the spotlight on you!",Dresses,58,Goddiva,24726,Women's Dresses & Skirts,198,https://images2.productserve.com/?w=200&h=200&bg=white&trim=5&t=letterbox&url=ssl%3Acdn.shopify.com%2Fs%2Ffiles%2F1%2F0487%2F8834%2F0899%2Ffiles%2Fdr2113_champagne_front_1761206992.jpg&feedId=62769&k=f9d3a9925498a7ad78e343428a8d8bc78cb7bc64,USD,,"Over $120 - Free Delivery, Less than $120 - $12",https://goddiva.us/products/goddiva-satin-cowl-neck-with-strappy-back-maxi-champagne,,,USD116,62769,Goddiva,1,,,,,,Womens,Dresses
https://www.awin1.com/pclick.php?p=35849225789&a=2771700&m=24726,Goddiva Cowl Back Satin Maxi Dress - Black,35849225789,DR3920-BLACK-10,https://cdn.shopify.com/s/files/1/0487/8834/0899/files/DR3920_black_front_1729684419.jpg,"This stunning Cowl Back Satin Maxi Dress is the perfect choice for any elegant evening occasion. Made from luxurious satin fabric with a subtle sheen and soft, silky texture, this black dress exudes a sophisticated and glamorous vibe. The sexy cowl back design adds a touch of allure and sensuality, making this dress a standout choice for special events such as weddings, galas, or proms. It's also a popular option for bridesmaids who want to look their best while complementing the bride's wedding theme. Crafted with attention to detail and a focus on style, this black dress is sure to turn heads and make you feel confident and beautiful. The satin fabric  of this black gown drapes elegantly over your curves, creating a flattering silhouette that flares out into a graceful maxi length. Whether you're attending a black-tie event or a formal evening out, this Cowl Back Satin Maxi Dress is the epitome of sophistication and style. So why settle for anything less? Order yours today and experience the timeless elegance of this stunning dress.",Dresses,58,Goddiva,24726,Women's Dresses & Skirts,198,https://images2.productserve.com/?w=200&h=200&bg=white&trim=5&t=letterbox&url=ssl%3Acdn.shopify.com%2Fs%2Ffiles%2F1%2F0487%2F8834%2F0899%2Ffiles%2FDR3920_black_front_1729684419.jpg&feedId=62769&k=2ef7625ed12c6f35d58514809e47b653062dbf83,USD,,"Over $120 - Free Delivery, Less than $120 - $12",https://goddiva.us/products/goddiva-cowl-back-satin-maxi-dress-black,,,USD76,62769,Goddiva,1,,,,,,Womens,Dresses
https://www.awin1.com/pclick.php?p=35161661235&a=2771700&m=24726,Goddiva Bardot Sequin & Lace High Low Midi - Powderblue,35161661235,DR3675-POWDERBLUE-14,https://cdn.shopify.com/s/files/1/0487/8834/0899/products/P1mGrMFs-14625.jpg,"Goddiva's Scalloped Bardot Sequin & Lace High Low Midi Dress is an elegantly chic, and timeless piece that will easily become your essential cocktail dress. This breathtaking powder blue number features scalloped detailing on the neckline and hem of the skirt, A-line cut with dipped hem, and sequin and lace detailing throughout. This scalloped Goddiva dress is a showstopper! The beautifully embellished bodice, high low skirt and off-the-shoulder neckline are sure to turn heads no matter the occasion. Whether it be for bridesmaids, prom or a formal function, this dark blue dress is a perfect choice. Team with heels and minimal jewellery for the ultimate look.",Dresses,98,Goddiva,24726,Women's Dresses & Skirts,198,https://images2.productserve.com/?w=200&h=200&bg=white&trim=5&t=letterbox&url=ssl%3Acdn.shopify.com%2Fs%2Ffiles%2F1%2F0487%2F8834%2F0899%2Fproducts%2FP1mGrMFs-14625.jpg&feedId=62769&k=7a05af171097c8dc636b6542b8b42d6fa3ea7af8,USD,,"Over $120 - Free Delivery, Less than $120 - $12",https://goddiva.us/products/goddiva-bardot-sequin-lace-high-low-midi-powderblue,,,USD170,62769,Goddiva,1,,,,,,Womens,Dresses
https://www.awin1.com/pclick.php?p=35388530525&a=2771700&m=24726,Goddiva Bardot Sequin & Lace High Low Midi - Navy,35388530525,DR3675-NAVY-8,https://cdn.shopify.com/s/files/1/0487/8834/0899/files/DR3675_Navy_1288_front_1749821561.jpg,"Goddiva's Scalloped Bardot Sequin & Lace High Low Midi Dress is an elegantly chic, and timeless piece that will easily become your essential cocktail dress. This breathtaking navy number features scalloped detailing on the neckline and hem of the skirt, A-line cut with dipped hem, and sequin and lace detailing throughout. This scalloped Goddiva dress is a showstopper! The beautifully embellished bodice, high low skirt and off-the-shoulder neckline are sure to turn heads no matter the occasion. Whether it be for bridesmaids, prom or a formal function, this dark dress is the perfect choice. Team with heels and minimal jewellery for the ultimate look.",Dresses,98,Goddiva,24726,Women's Dresses & Skirts,198,https://images2.productserve.com/?w=200&h=200&bg=white&trim=5&t=letterbox&url=ssl%3Acdn.shopify.com%2Fs%2Ffiles%2F1%2F0487%2F8834%2F0899%2Ffiles%2FDR3675_Navy_1288_front_1749821561.jpg&feedId=62769&k=2040a440920ce8369564384bc17576e4691d4672,USD,,"Over $120 - Free Delivery, Less than $120 - $12",https://goddiva.us/products/goddiva-bardot-sequin-lace-high-low-midi-navy,,,USD170,62769,Goddiva,1,,,,,,Womens,Dresses
https://www.awin1.com/pclick.php?p=35161661233&a=2771700&m=24726,Goddiva Bardot Sequin & Lace High Low Midi - Powderblue,35161661233,DR3675-POWDERBLUE-12,https://cdn.shopify.com/s/files/1/0487/8834/0899/products/P1mGrMFs-14625.jpg,"Goddiva's Scalloped Bardot Sequin & Lace High Low Midi Dress is an elegantly chic, and timeless piece that will easily become your essential cocktail dress. This breathtaking powder blue number features scalloped detailing on the neckline and hem of the skirt, A-line cut with dipped hem, and sequin and lace detailing throughout. This scalloped Goddiva dress is a showstopper! The beautifully embellished bodice, high low skirt and off-the-shoulder neckline are sure to turn heads no matter the occasion. Whether it be for bridesmaids, prom or a formal function, this dark blue dress is a perfect choice. Team with heels and minimal jewellery for the ultimate look.",Dresses,98,Goddiva,24726,Women's Dresses & Skirts,198,https://images2.productserve.com/?w=200&h=200&bg=white&trim=5&t=letterbox&url=ssl%3Acdn.shopify.com%2Fs%2Ffiles%2F1%2F0487%2F8834%2F0899%2Fproducts%2FP1mGrMFs-14625.jpg&feedId=62769&k=7a05af171097c8dc636b6542b8b42d6fa3ea7af8,USD,,"Over $120 - Free Delivery, Less than $120 - $12",https://goddiva.us/products/goddiva-bardot-sequin-lace-high-low-midi-powderblue,,,USD170,62769,Goddiva,1,,,,,,Womens,Dresses
https://www.awin1.com/pclick.php?p=35849225791&a=2771700&m=24726,Goddiva Cowl Back Satin Maxi Dress - Black,35849225791,DR3920-BLACK-14,https://cdn.shopify.com/s/files/1/0487/8834/0899/files/DR3920_black_front_1729684419.jpg,"This stunning Cowl Back Satin Maxi Dress is the perfect choice for any elegant evening occasion. Made from luxurious satin fabric with a subtle sheen and soft, silky texture, this black dress exudes a sophisticated and glamorous vibe. The sexy cowl back design adds a touch of allure and sensuality, making this dress a standout choice for special events such as weddings, galas, or proms. It's also a popular option for bridesmaids who want to look their best while complementing the bride's wedding theme. Crafted with attention to detail and a focus on style, this black dress is sure to turn heads and make you feel confident and beautiful. The satin fabric  of this black gown drapes elegantly over your curves, creating a flattering silhouette that flares out into a graceful maxi length. Whether you're attending a black-tie event or a formal evening out, this Cowl Back Satin Maxi Dress is the epitome of sophistication and style. So why settle for anything less? Order yours today and experience the timeless elegance of this stunning dress.",Dresses,58,Goddiva,24726,Women's Dresses & Skirts,198,https://images2.productserve.com/?w=200&h=200&bg=white&trim=5&t=letterbox&url=ssl%3Acdn.shopify.com%2Fs%2Ffiles%2F1%2F0487%2F8834%2F0899%2Ffiles%2FDR3920_black_front_1729684419.jpg&feedId=62769&k=2ef7625ed12c6f35d58514809e47b653062dbf83,USD,,"Over $120 - Free Delivery, Less than $120 - $12",https://goddiva.us/products/goddiva-cowl-back-satin-maxi-dress-black,,,USD76,62769,Goddiva,1,,,,,,Womens,Dresses
https://www.awin1.com/pclick.php?p=35457893932&a=2771700&m=24726,Goddiva Bardot Sequin & Lace High Low Midi - Champagne,35457893932,DR3675-CHAMPAGNE-10,https://cdn.shopify.com/s/files/1/0487/8834/0899/files/DR3675_Champagne_1364_front_1749821424.jpg,"Goddiva's Scalloped Bardot Sequin & Lace High Low Midi Dress is an elegantly chic, and timeless piece that will easily become your essential cocktail dress. This breathtaking champagne number features scalloped detailing on the neckline and hem of the skirt, A-line cut with dipped hem, and sequin and lace detailing throughout. This scalloped Goddiva dress is a showstopper! The beautifully embellished bodice, high low skirt and off-the-shoulder neckline are sure to turn heads no matter the occasion. Whether it be for bridesmaids, prom or a formal function, this gold dress is the perfect choice. Team with heels and minimal jewellery for the ultimate look.",Dresses,98,Goddiva,24726,Women's Dresses & Skirts,198,https://images2.productserve.com/?w=200&h=200&bg=white&trim=5&t=letterbox&url=ssl%3Acdn.shopify.com%2Fs%2Ffiles%2F1%2F0487%2F8834%2F0899%2Ffiles%2FDR3675_Champagne_1364_front_1749821424.jpg&feedId=62769&k=5cec9ff6fe703f563d21abe283b33c55591364c1,USD,,"Over $120 - Free Delivery, Less than $120 - $12",https://goddiva.us/products/goddiva-bardot-sequin-lace-high-low-midi-champagne,,,USD170,62769,Goddiva,1,,,,,,Womens,Dresses
https://www.awin1.com/pclick.php?p=35161661231&a=2771700&m=24726,Goddiva Bardot Sequin & Lace High Low Midi - Powderblue,35161661231,DR3675-POWDERBLUE-10,https://cdn.shopify.com/s/files/1/0487/8834/0899/products/P1mGrMFs-14625.jpg,"Goddiva's Scalloped Bardot Sequin & Lace High Low Midi Dress is an elegantly chic, and timeless piece that will easily become your essential cocktail dress. This breathtaking powder blue number features scalloped detailing on the neckline and hem of the skirt, A-line cut with dipped hem, and sequin and lace detailing throughout. This scalloped Goddiva dress is a showstopper! The beautifully embellished bodice, high low skirt and off-the-shoulder neckline are sure to turn heads no matter the occasion. Whether it be for bridesmaids, prom or a formal function, this dark blue dress is a perfect choice. Team with heels and minimal jewellery for the ultimate look.",Dresses,98,Goddiva,24726,Women's Dresses & Skirts,198,https://images2.productserve.com/?w=200&h=200&bg=white&trim=5&t=letterbox&url=ssl%3Acdn.shopify.com%2Fs%2Ffiles%2F1%2F0487%2F8834%2F0899%2Fproducts%2FP1mGrMFs-14625.jpg&feedId=62769&k=7a05af171097c8dc636b6542b8b42d6fa3ea7af8,USD,,"Over $120 - Free Delivery, Less than $120 - $12",https://goddiva.us/products/goddiva-bardot-sequin-lace-high-low-midi-powderblue,,,USD170,62769,Goddiva,1,,,,,,Womens,Dresses
https://www.awin1.com/pclick.php?p=35388530527&a=2771700&m=24726,Goddiva Bardot Sequin & Lace High Low Midi - Navy,35388530527,DR3675-NAVY-10,https://cdn.shopify.com/s/files/1/0487/8834/0899/files/DR3675_Navy_1288_front_1749821561.jpg,"Goddiva's Scalloped Bardot Sequin & Lace High Low Midi Dress is an elegantly chic, and timeless piece that will easily become your essential cocktail dress. This breathtaking navy number features scalloped detailing on the neckline and hem of the skirt, A-line cut with dipped hem, and sequin and lace detailing throughout. This scalloped Goddiva dress is a showstopper! The beautifully embellished bodice, high low skirt and off-the-shoulder neckline are sure to turn heads no matter the occasion. Whether it be for bridesmaids, prom or a formal function, this dark dress is the perfect choice. Team with heels and minimal jewellery for the ultimate look.",Dresses,98,Goddiva,24726,Women's Dresses & Skirts,198,https://images2.productserve.com/?w=200&h=200&bg=white&trim=5&t=letterbox&url=ssl%3Acdn.shopify.com%2Fs%2Ffiles%2F1%2F0487%2F8834%2F0899%2Ffiles%2FDR3675_Navy_1288_front_1749821561.jpg&feedId=62769&k=2040a440920ce8369564384bc17576e4691d4672,USD,,"Over $120 - Free Delivery, Less than $120 - $12",https://goddiva.us/products/goddiva-bardot-sequin-lace-high-low-midi-navy,,,USD170,62769,Goddiva,1,,,,,,Womens,Dresses
https://www.awin1.com/pclick.php?p=36302415910&a=2771700&m=24726,Goddiva Crochet & Pleated Top High Low Maxi - Emerald,36302415910,DR3820-EMERALD-14,https://cdn.shopify.com/s/files/1/0487/8834/0899/files/DR3820_emerald_front_1729679045.jpg,"A harmonious fusion of elegance and charm the goddiva crochet & pleated top high low maxi is crafted with meticulous attention to detail, this green dress showcases a timeless round neckline that frames your neckline with grace. The captivating crochet detail on the bust adds a touch of sophistication, while the alluring keyhole detail on the back lends a subtle hint of allure. Designed to sway with your every step, the pleated chiffon skirt flows gracefully, exuding an ethereal aura. The Capped Sleeves offer comfort and style, perfect for any occasion. The dipped hem adds a touch of drama, allowing you to make a lasting impression wherever you go. This emerald green maxi dress embraces your silhouette in a gentle embrace, celebrating your beauty in a blend of textures. With a design that seamlessly marries classic elegance with modern chic, is destined to become your go-to choice for weddings, parties, and special events.",Dresses,90,Goddiva,24726,Women's Dresses & Skirts,198,https://images2.productserve.com/?w=200&h=200&bg=white&trim=5&t=letterbox&url=ssl%3Acdn.shopify.com%2Fs%2Ffiles%2F1%2F0487%2F8834%2F0899%2Ffiles%2FDR3820_emerald_front_1729679045.jpg&feedId=62769&k=4ce5d2ed340f8f04c43165855d4eddbcf80f20e9,USD,,"Over $120 - Free Delivery, Less than $120 - $12",https://goddiva.us/products/goddiva-crochet-pleated-top-high-low-maxi-emerald,,,USD150,62769,Goddiva,1,,,,,,Womens,Dresses
https://www.awin1.com/pclick.php?p=35240812977&a=2771700&m=24726,Goddiva Bardot Sequin & Lace High Low Midi - Blush,35240812977,DR3675-BLUSH-12,https://cdn.shopify.com/s/files/1/0487/8834/0899/files/DR3675_Blush_1427_front_1749821202.jpg,"Goddiva's Scalloped Bardot Sequin & Lace High Low Midi Dress is an elegantly chic, and timeless piece that will easily become your essential cocktail dress. This breathtaking blush number features scalloped detailing on the neckline and hem of the skirt, A-line cut with dipped hem, and sequin and lace detailing throughout. This scalloped Goddiva dress is a showstopper! The beautifully embellished bodice, high low skirt and off-the-shoulder neckline are sure to turn heads no matter the occasion. Whether it be for bridesmaids, prom or a formal function, this pink dress is the perfect choice. Team with heels and minimal jewellery for the ultimate look.",Dresses,98,Goddiva,24726,Women's Dresses & Skirts,198,https://images2.productserve.com/?w=200&h=200&bg=white&trim=5&t=letterbox&url=ssl%3Acdn.shopify.com%2Fs%2Ffiles%2F1%2F0487%2F8834%2F0899%2Ffiles%2FDR3675_Blush_1427_front_1749821202.jpg&feedId=62769&k=fccc0921a3aa23e3dde9d719d1956d5b3c0a4338,USD,,"Over $120 - Free Delivery, Less than $120 - $12",https://goddiva.us/products/goddiva-bardot-sequin-lace-high-low-midi-blush,,,USD170,62769,Goddiva,1,,,,,,Womens,Dresses
https://www.awin1.com/pclick.php?p=35849225790&a=2771700&m=24726,Goddiva Cowl Back Satin Maxi Dress - Black,35849225790,DR3920-BLACK-12,https://cdn.shopify.com/s/files/1/0487/8834/0899/files/DR3920_black_front_1729684419.jpg,"This stunning Cowl Back Satin Maxi Dress is the perfect choice for any elegant evening occasion. Made from luxurious satin fabric with a subtle sheen and soft, silky texture, this black dress exudes a sophisticated and glamorous vibe. The sexy cowl back design adds a touch of allure and sensuality, making this dress a standout choice for special events such as weddings, galas, or proms. It's also a popular option for bridesmaids who want to look their best while complementing the bride's wedding theme. Crafted with attention to detail and a focus on style, this black dress is sure to turn heads and make you feel confident and beautiful. The satin fabric  of this black gown drapes elegantly over your curves, creating a flattering silhouette that flares out into a graceful maxi length. Whether you're attending a black-tie event or a formal evening out, this Cowl Back Satin Maxi Dress is the epitome of sophistication and style. So why settle for anything less? Order yours today and experience the timeless elegance of this stunning dress.",Dresses,58,Goddiva,24726,Women's Dresses & Skirts,198,https://images2.productserve.com/?w=200&h=200&bg=white&trim=5&t=letterbox&url=ssl%3Acdn.shopify.com%2Fs%2Ffiles%2F1%2F0487%2F8834%2F0899%2Ffiles%2FDR3920_black_front_1729684419.jpg&feedId=62769&k=2ef7625ed12c6f35d58514809e47b653062dbf83,USD,,"Over $120 - Free Delivery, Less than $120 - $12",https://goddiva.us/products/goddiva-cowl-back-satin-maxi-dress-black,,,USD76,62769,Goddiva,1,,,,,,Womens,Dresses
https://www.awin1.com/pclick.php?p=35388530531&a=2771700&m=24726,Goddiva Bardot Sequin & Lace High Low Midi - Navy,35388530531,DR3675-NAVY-14,https://cdn.shopify.com/s/files/1/0487/8834/0899/files/DR3675_Navy_1288_front_1749821561.jpg,"Goddiva's Scalloped Bardot Sequin & Lace High Low Midi Dress is an elegantly chic, and timeless piece that will easily become your essential cocktail dress. This breathtaking navy number features scalloped detailing on the neckline and hem of the skirt, A-line cut with dipped hem, and sequin and lace detailing throughout. This scalloped Goddiva dress is a showstopper! The beautifully embellished bodice, high low skirt and off-the-shoulder neckline are sure to turn heads no matter the occasion. Whether it be for bridesmaids, prom or a formal function, this dark dress is the perfect choice. Team with heels and minimal jewellery for the ultimate look.",Dresses,98,Goddiva,24726,Women's Dresses & Skirts,198,https://images2.productserve.com/?w=200&h=200&bg=white&trim=5&t=letterbox&url=ssl%3Acdn.shopify.com%2Fs%2Ffiles%2F1%2F0487%2F8834%2F0899%2Ffiles%2FDR3675_Navy_1288_front_1749821561.jpg&feedId=62769&k=2040a440920ce8369564384bc17576e4691d4672,USD,,"Over $120 - Free Delivery, Less than $120 - $12",https://goddiva.us/products/goddiva-bardot-sequin-lace-high-low-midi-navy,,,USD170,62769,Goddiva,1,,,,,,Womens,Dresses
https://www.awin1.com/pclick.php?p=35161661229&a=2771700&m=24726,Goddiva Bardot Sequin & Lace High Low Midi - Powderblue,35161661229,DR3675-POWDERBLUE-8,https://cdn.shopify.com/s/files/1/0487/8834/0899/products/P1mGrMFs-14625.jpg,"Goddiva's Scalloped Bardot Sequin & Lace High Low Midi Dress is an elegantly chic, and timeless piece that will easily become your essential cocktail dress. This breathtaking powder blue number features scalloped detailing on the neckline and hem of the skirt, A-line cut with dipped hem, and sequin and lace detailing throughout. This scalloped Goddiva dress is a showstopper! The beautifully embellished bodice, high low skirt and off-the-shoulder neckline are sure to turn heads no matter the occasion. Whether it be for bridesmaids, prom or a formal function, this dark blue dress is a perfect choice. Team with heels and minimal jewellery for the ultimate look.",Dresses,98,Goddiva,24726,Women's Dresses & Skirts,198,https://images2.productserve.com/?w=200&h=200&bg=white&trim=5&t=letterbox&url=ssl%3Acdn.shopify.com%2Fs%2Ffiles%2F1%2F0487%2F8834%2F0899%2Fproducts%2FP1mGrMFs-14625.jpg&feedId=62769&k=7a05af171097c8dc636b6542b8b42d6fa3ea7af8,USD,,"Over $120 - Free Delivery, Less than $120 - $12",https://goddiva.us/products/goddiva-bardot-sequin-lace-high-low-midi-powderblue,,,USD170,62769,Goddiva,1,,,,,,Womens,Dresses
https://www.awin1.com/pclick.php?p=35388530529&a=2771700&m=24726,Goddiva Bardot Sequin & Lace High Low Midi - Navy,35388530529,DR3675-NAVY-12,https://cdn.shopify.com/s/files/1/0487/8834/0899/files/DR3675_Navy_1288_front_1749821561.jpg,"Goddiva's Scalloped Bardot Sequin & Lace High Low Midi Dress is an elegantly chic, and timeless piece that will easily become your essential cocktail dress. This breathtaking navy number features scalloped detailing on the neckline and hem of the skirt, A-line cut with dipped hem, and sequin and lace detailing throughout. This scalloped Goddiva dress is a showstopper! The beautifully embellished bodice, high low skirt and off-the-shoulder neckline are sure to turn heads no matter the occasion. Whether it be for bridesmaids, prom or a formal function, this dark dress is the perfect choice. Team with heels and minimal jewellery for the ultimate look.",Dresses,98,Goddiva,24726,Women's Dresses & Skirts,198,https://images2.productserve.com/?w=200&h=200&bg=white&trim=5&t=letterbox&url=ssl%3Acdn.shopify.com%2Fs%2Ffiles%2F1%2F0487%2F8834%2F0899%2Ffiles%2FDR3675_Navy_1288_front_1749821561.jpg&feedId=62769&k=2040a440920ce8369564384bc17576e4691d4672,USD,,"Over $120 - Free Delivery, Less than $120 - $12",https://goddiva.us/products/goddiva-bardot-sequin-lace-high-low-midi-navy,,,USD170,62769,Goddiva,1,,,,,,Womens,Dresses
https://www.awin1.com/pclick.php?p=36072980290&a=2771700&m=24726,Goddiva Cowl Back Satin Maxi Dress - Blue,36072980290,DR3920-BLUE-10,https://cdn.shopify.com/s/files/1/0487/8834/0899/files/DR3920_BLUE5_front_1729684901.jpg,"This stunning Cowl Back Satin Maxi Dress is the perfect choice for any elegant evening occasion. Made from luxurious satin fabric with a subtle sheen and soft, silky texture, this blue dress exudes a sophisticated and glamorous vibe. The sexy cowl back design adds a touch of allure and sensuality, making this dress a standout choice for special events such as weddings, galas, or proms. It's also a popular option for bridesmaids who want to look their best while complementing the bride's wedding theme. Crafted with attention to detail and a focus on style, this blue dress is sure to turn heads and make you feel confident and beautiful. The satin fabric of this blue gown drapes elegantly over your curves, creating a flattering silhouette that flares out into a graceful maxi length. Whether you're attending a black-tie event or a formal evening out, this Cowl Back Satin Maxi Dress is the epitome of sophistication and style. So why settle for anything less? Order yours today and experience the timeless elegance of this stunning dress.",Dresses,58,Goddiva,24726,Women's Dresses & Skirts,198,https://images2.productserve.com/?w=200&h=200&bg=white&trim=5&t=letterbox&url=ssl%3Acdn.shopify.com%2Fs%2Ffiles%2F1%2F0487%2F8834%2F0899%2Ffiles%2FDR3920_BLUE5_front_1729684901.jpg&feedId=62769&k=55094df2d28ed27ca6dc11fabee4c8a1deda1a6e,USD,,"Over $120 - Free Delivery, Less than $120 - $12",https://goddiva.us/products/goddiva-cowl-back-satin-maxi-dress-blue,,,USD76,62769,Goddiva,1,,,,,,Womens,Dresses
https://www.awin1.com/pclick.php?p=36302415907&a=2771700&m=24726,Goddiva Crochet & Pleated Top High Low Maxi - Emerald,36302415907,DR3820-EMERALD-8,https://cdn.shopify.com/s/files/1/0487/8834/0899/files/DR3820_emerald_front_1729679045.jpg,"A harmonious fusion of elegance and charm the goddiva crochet & pleated top high low maxi is crafted with meticulous attention to detail, this green dress showcases a timeless round neckline that frames your neckline with grace. The captivating crochet detail on the bust adds a touch of sophistication, while the alluring keyhole detail on the back lends a subtle hint of allure. Designed to sway with your every step, the pleated chiffon skirt flows gracefully, exuding an ethereal aura. The Capped Sleeves offer comfort and style, perfect for any occasion. The dipped hem adds a touch of drama, allowing you to make a lasting impression wherever you go. This emerald green maxi dress embraces your silhouette in a gentle embrace, celebrating your beauty in a blend of textures. With a design that seamlessly marries classic elegance with modern chic, is destined to become your go-to choice for weddings, parties, and special events.",Dresses,90,Goddiva,24726,Women's Dresses & Skirts,198,https://images2.productserve.com/?w=200&h=200&bg=white&trim=5&t=letterbox&url=ssl%3Acdn.shopify.com%2Fs%2Ffiles%2F1%2F0487%2F8834%2F0899%2Ffiles%2FDR3820_emerald_front_1729679045.jpg&feedId=62769&k=4ce5d2ed340f8f04c43165855d4eddbcf80f20e9,USD,,"Over $120 - Free Delivery, Less than $120 - $12",https://goddiva.us/products/goddiva-crochet-pleated-top-high-low-maxi-emerald,,,USD150,62769,Goddiva,1,,,,,,Womens,Dresses
https://www.awin1.com/pclick.php?p=36455582355&a=2771700&m=24726,Goddiva Lace Multiway Midi With Flared Skirt - Black,36455582355,DR4003-BLACK-10,https://cdn.shopify.com/s/files/1/0487/8834/0899/products/DR4003_black_front_l_1696502686.jpg,"Uplift your style with this versatile Lace Multiway Midi with Flared Skirt, from Goddiva, A 3-in-1 dress designed for various occasions. This exquisite black lace dress features a high neckline, long sleeves, and a nude slip dress, making it an ideal choice for wedding guests, romantic date nights, and lively parties. The flared skirt adds a touch of elegance, allowing you to dance and move with grace, while the lace detailing exudes a timeless charm and sophistication. This dress effortlessly transitions from a day event to a night out with the simplicity of removing the jersey slip lining and just wearing the lace shell or removing the lace dress and rocking just the nude jersey slip lining, offering endless style options. Whether you're attending a wedding celebration, enjoying a special date, or making memories at a party, this dress is the epitome of chic versatility. With the Lace Multiway Midi, you'll feel confident and stunning throughout your chosen occasion, no matter the time of day. Don this little black dress and embrace the freedom to style it your way, making it perfect for various events in your social calendar. Stand out with elegance and charm, and order yours today to shine at any special gathering.",Dresses,70,Goddiva,24726,Women's Dresses & Skirts,198,https://images2.productserve.com/?w=200&h=200&bg=white&trim=5&t=letterbox&url=ssl%3Acdn.shopify.com%2Fs%2Ffiles%2F1%2F0487%2F8834%2F0899%2Fproducts%2FDR4003_black_front_l_1696502686.jpg&feedId=62769&k=bccd5cfcbeac4e1c1753dc84ab1608ff39314522,USD,,"Over $120 - Free Delivery, Less than $120 - $12",https://goddiva.us/products/goddiva-lace-multiway-midi-with-flared-skirt-black,,,USD116,62769,Goddiva,1,,,,,,Womens,Dresses
https://www.awin1.com/pclick.php?p=36302415909&a=2771700&m=24726,Goddiva Crochet & Pleated Top High Low Maxi - Emerald,36302415909,DR3820-EMERALD-12,https://cdn.shopify.com/s/files/1/0487/8834/0899/files/DR3820_emerald_front_1729679045.jpg,"A harmonious fusion of elegance and charm the goddiva crochet & pleated top high low maxi is crafted with meticulous attention to detail, this green dress showcases a timeless round neckline that frames your neckline with grace. The captivating crochet detail on the bust adds a touch of sophistication, while the alluring keyhole detail on the back lends a subtle hint of allure. Designed to sway with your every step, the pleated chiffon skirt flows gracefully, exuding an ethereal aura. The Capped Sleeves offer comfort and style, perfect for any occasion. The dipped hem adds a touch of drama, allowing you to make a lasting impression wherever you go. This emerald green maxi dress embraces your silhouette in a gentle embrace, celebrating your beauty in a blend of textures. With a design that seamlessly marries classic elegance with modern chic, is destined to become your go-to choice for weddings, parties, and special events.",Dresses,90,Goddiva,24726,Women's Dresses & Skirts,198,https://images2.productserve.com/?w=200&h=200&bg=white&trim=5&t=letterbox&url=ssl%3Acdn.shopify.com%2Fs%2Ffiles%2F1%2F0487%2F8834%2F0899%2Ffiles%2FDR3820_emerald_front_1729679045.jpg&feedId=62769&k=4ce5d2ed340f8f04c43165855d4eddbcf80f20e9,USD,,"Over $120 - Free Delivery, Less than $120 - $12",https://goddiva.us/products/goddiva-crochet-pleated-top-high-low-maxi-emerald,,,USD150,62769,Goddiva,1,,,,,,Womens,Dresses
https://www.awin1.com/pclick.php?p=36302415892&a=2771700&m=24726,Goddiva Crochet & Pleated Top High Low Maxi - Black,36302415892,DR3820-BLACK-14,https://cdn.shopify.com/s/files/1/0487/8834/0899/files/DR3820_black_front_1729679370.jpg,"A harmonious fusion of elegance and charm the goddiva crochet & pleated top high low maxi is crafted with meticulous attention to detail, this black dress showcases a timeless round neckline that frames your neckline with grace. The captivating crochet detail on the bust adds a touch of sophistication, while the alluring keyhole detail on the back lends a subtle hint of allure. Designed to sway with your every step, the pleated chiffon skirt flows gracefully, exuding an ethereal aura. The Capped Sleeves offer comfort and style, perfect for any occasion. The dipped hem adds a touch of drama, allowing you to make a lasting impression wherever you go. This black maxi dress embraces your silhouette in a gentle embrace, celebrating your beauty in a blend of textures. With a design that seamlessly marries classic elegance with modern chic, is destined to become your go-to choice for weddings, parties, and special events.",Dresses,90,Goddiva,24726,Women's Dresses & Skirts,198,https://images2.productserve.com/?w=200&h=200&bg=white&trim=5&t=letterbox&url=ssl%3Acdn.shopify.com%2Fs%2Ffiles%2F1%2F0487%2F8834%2F0899%2Ffiles%2FDR3820_black_front_1729679370.jpg&feedId=62769&k=67703b57ee8d1e5a8f3d3ae99c15de73617f01d0,USD,,"Over $120 - Free Delivery, Less than $120 - $12",https://goddiva.us/products/goddiva-crochet-pleated-top-high-low-maxi-black,,,USD150,62769,Goddiva,1,,,,,,Womens,Dresses
https://www.awin1.com/pclick.php?p=34671132719&a=2771700&m=24726,Goddiva One Shoulder Asymmetric Midi Dress - Purple,34671132719,DR3702-PURPLE-14,https://cdn.shopify.com/s/files/1/0487/8834/0899/files/DR3702_PURPLE_18162_front_1773417258.jpg,"Goddiva's One Shoulder Asymmetric Midi is a sexy and stylish dress that has been designed to turn heads. This remarkable purple piece will be sure to grab the attention you deserve at any special occasion, whether it is a night out, date night, wedding guest, or birthday celebration. With its one shoulder style teamed with an asymmetrical neckline and hem, this sparkly purple celebratory number is your perfect pick for the season! This stunning one shoulder dress features an asymmetric cut that is flattering for all body types, making it an absolute showstopper! Pair it with your favourite heels and accessories to make the look complete.",Dresses,58,Goddiva,24726,Women's Dresses & Skirts,198,https://images2.productserve.com/?w=200&h=200&bg=white&trim=5&t=letterbox&url=ssl%3Acdn.shopify.com%2Fs%2Ffiles%2F1%2F0487%2F8834%2F0899%2Ffiles%2FDR3702_PURPLE_18162_front_1773417258.jpg&feedId=62769&k=15bdf9b57aaf55371b909472bb2bdd64c7ebb849,USD,,"Over $120 - Free Delivery, Less than $120 - $12",https://goddiva.us/products/goddiva-one-shoulder-asymmetric-midi-dress-purple,,,USD116,62769,Goddiva,1,,,,,,Womens,Dresses
https://www.awin1.com/pclick.php?p=35240812973&a=2771700&m=24726,Goddiva Bardot Sequin & Lace High Low Midi - Blush,35240812973,DR3675-BLUSH-8,https://cdn.shopify.com/s/files/1/0487/8834/0899/files/DR3675_Blush_1427_front_1749821202.jpg,"Goddiva's Scalloped Bardot Sequin & Lace High Low Midi Dress is an elegantly chic, and timeless piece that will easily become your essential cocktail dress. This breathtaking blush number features scalloped detailing on the neckline and hem of the skirt, A-line cut with dipped hem, and sequin and lace detailing throughout. This scalloped Goddiva dress is a showstopper! The beautifully embellished bodice, high low skirt and off-the-shoulder neckline are sure to turn heads no matter the occasion. Whether it be for bridesmaids, prom or a formal function, this pink dress is the perfect choice. Team with heels and minimal jewellery for the ultimate look.",Dresses,98,Goddiva,24726,Women's Dresses & Skirts,198,https://images2.productserve.com/?w=200&h=200&bg=white&trim=5&t=letterbox&url=ssl%3Acdn.shopify.com%2Fs%2Ffiles%2F1%2F0487%2F8834%2F0899%2Ffiles%2FDR3675_Blush_1427_front_1749821202.jpg&feedId=62769&k=fccc0921a3aa23e3dde9d719d1956d5b3c0a4338,USD,,"Over $120 - Free Delivery, Less than $120 - $12",https://goddiva.us/products/goddiva-bardot-sequin-lace-high-low-midi-blush,,,USD170,62769,Goddiva,1,,,,,,Womens,Dresses
https://www.awin1.com/pclick.php?p=35457893934&a=2771700&m=24726,Goddiva Bardot Sequin & Lace High Low Midi - Champagne,35457893934,DR3675-CHAMPAGNE-12,https://cdn.shopify.com/s/files/1/0487/8834/0899/files/DR3675_Champagne_1364_front_1749821424.jpg,"Goddiva's Scalloped Bardot Sequin & Lace High Low Midi Dress is an elegantly chic, and timeless piece that will easily become your essential cocktail dress. This breathtaking champagne number features scalloped detailing on the neckline and hem of the skirt, A-line cut with dipped hem, and sequin and lace detailing throughout. This scalloped Goddiva dress is a showstopper! The beautifully embellished bodice, high low skirt and off-the-shoulder neckline are sure to turn heads no matter the occasion. Whether it be for bridesmaids, prom or a formal function, this gold dress is the perfect choice. Team with heels and minimal jewellery for the ultimate look.",Dresses,98,Goddiva,24726,Women's Dresses & Skirts,198,https://images2.productserve.com/?w=200&h=200&bg=white&trim=5&t=letterbox&url=ssl%3Acdn.shopify.com%2Fs%2Ffiles%2F1%2F0487%2F8834%2F0899%2Ffiles%2FDR3675_Champagne_1364_front_1749821424.jpg&feedId=62769&k=5cec9ff6fe703f563d21abe283b33c55591364c1,USD,,"Over $120 - Free Delivery, Less than $120 - $12",https://goddiva.us/products/goddiva-bardot-sequin-lace-high-low-midi-champagne,,,USD170,62769,Goddiva,1,,,,,,Womens,Dresses
https://www.awin1.com/pclick.php?p=36455582356&a=2771700&m=24726,Goddiva Lace Multiway Midi With Flared Skirt - Black,36455582356,DR4003-BLACK-12,https://cdn.shopify.com/s/files/1/0487/8834/0899/products/DR4003_black_front_l_1696502686.jpg,"Uplift your style with this versatile Lace Multiway Midi with Flared Skirt, from Goddiva, A 3-in-1 dress designed for various occasions. This exquisite black lace dress features a high neckline, long sleeves, and a nude slip dress, making it an ideal choice for wedding guests, romantic date nights, and lively parties. The flared skirt adds a touch of elegance, allowing you to dance and move with grace, while the lace detailing exudes a timeless charm and sophistication. This dress effortlessly transitions from a day event to a night out with the simplicity of removing the jersey slip lining and just wearing the lace shell or removing the lace dress and rocking just the nude jersey slip lining, offering endless style options. Whether you're attending a wedding celebration, enjoying a special date, or making memories at a party, this dress is the epitome of chic versatility. With the Lace Multiway Midi, you'll feel confident and stunning throughout your chosen occasion, no matter the time of day. Don this little black dress and embrace the freedom to style it your way, making it perfect for various events in your social calendar. Stand out with elegance and charm, and order yours today to shine at any special gathering.",Dresses,70,Goddiva,24726,Women's Dresses & Skirts,198,https://images2.productserve.com/?w=200&h=200&bg=white&trim=5&t=letterbox&url=ssl%3Acdn.shopify.com%2Fs%2Ffiles%2F1%2F0487%2F8834%2F0899%2Fproducts%2FDR4003_black_front_l_1696502686.jpg&feedId=62769&k=bccd5cfcbeac4e1c1753dc84ab1608ff39314522,USD,,"Over $120 - Free Delivery, Less than $120 - $12",https://goddiva.us/products/goddiva-lace-multiway-midi-with-flared-skirt-black,,,USD116,62769,Goddiva,1,,,,,,Womens,Dresses
https://www.awin1.com/pclick.php?p=35807827759&a=2771700&m=24726,Goddiva Satin Cowl Neck With Strappy Back Maxi - Pink,35807827759,DR2113QZ-PINK-8,https://cdn.shopify.com/s/files/1/0487/8834/0899/files/dr2113_pink_back_1761208045.png,"Dare to be fabulous and fierce in this fun & flirty cowl neck with strappy back satin maxi evening dress by Goddiva. This lively designed long pink gown, is the crowning choice for your upcoming special occasion events. This sexy pink satin styled maxi dress has fancy detailing throughout, like its upward pleating detail on the bodice, its flattering cowl neck line and its delicate pleated skirt. Wearing this outstanding and affordable pink silk gown will show off your shapely figure and give you the ultimate WOW factor! Its mermaid hem line brings a magical feel to such a beautiful dress; making this the best choice for weddings, proms, bridesmaids and every other extra special event you can possibly think of. Get the full look by finishing off this look with some stunning metallic heels, matching metallic clutch bag and accessories with minimal jewellery to have the spotlight on you!",Dresses,58,Goddiva,24726,Women's Dresses & Skirts,198,https://images2.productserve.com/?w=200&h=200&bg=white&trim=5&t=letterbox&url=ssl%3Acdn.shopify.com%2Fs%2Ffiles%2F1%2F0487%2F8834%2F0899%2Ffiles%2Fdr2113_pink_back_1761208045.png&feedId=62769&k=ffd67d0bbf13296b4899b0f3a35ac42e38434274,USD,,"Over $120 - Free Delivery, Less than $120 - $12",https://goddiva.us/products/goddiva-satin-cowl-neck-with-strappy-back-maxi-pink,,,USD116,62769,Goddiva,1,,,,,,Womens,Dresses
https://www.awin1.com/pclick.php?p=34671132717&a=2771700&m=24726,Goddiva One Shoulder Asymmetric Midi Dress - Purple,34671132717,DR3702-PURPLE-12,https://cdn.shopify.com/s/files/1/0487/8834/0899/files/DR3702_PURPLE_18162_front_1773417258.jpg,"Goddiva's One Shoulder Asymmetric Midi is a sexy and stylish dress that has been designed to turn heads. This remarkable purple piece will be sure to grab the attention you deserve at any special occasion, whether it is a night out, date night, wedding guest, or birthday celebration. With its one shoulder style teamed with an asymmetrical neckline and hem, this sparkly purple celebratory number is your perfect pick for the season! This stunning one shoulder dress features an asymmetric cut that is flattering for all body types, making it an absolute showstopper! Pair it with your favourite heels and accessories to make the look complete.",Dresses,58,Goddiva,24726,Women's Dresses & Skirts,198,https://images2.productserve.com/?w=200&h=200&bg=white&trim=5&t=letterbox&url=ssl%3Acdn.shopify.com%2Fs%2Ffiles%2F1%2F0487%2F8834%2F0899%2Ffiles%2FDR3702_PURPLE_18162_front_1773417258.jpg&feedId=62769&k=15bdf9b57aaf55371b909472bb2bdd64c7ebb849,USD,,"Over $120 - Free Delivery, Less than $120 - $12",https://goddiva.us/products/goddiva-one-shoulder-asymmetric-midi-dress-purple,,,USD116,62769,Goddiva,1,,,,,,Womens,Dresses
https://www.awin1.com/pclick.php?p=35849225866&a=2771700&m=24726,Goddiva Pleated Bandeau Bodice Chiffon Tiered Midi - Orange,35849225866,DR3811-BURNTORANGE-10,https://cdn.shopify.com/s/files/1/0487/8834/0899/files/DR3811_BURNTORANGE_FRONT_1713172604.jpg,"This stunning Pleated Bandeau Bodice Chiffon Tiered Midi dress - the perfect choice for any special occasion. Crafted from high-quality chiffon fabric, this burnt orange dress is both stylish and comfortable, making it the perfect choice for wedding guests, date nights, or parties. The pleated bandeau bodice adds a touch of elegance to this stunning midi dress, while the tiered chiffon skirt adds a playful and flirty touch. The midi length of the dress makes it a versatile choice for any occasion, ensuring that you'll feel confident and comfortable no matter where the night takes you. The lightweight chiffon fabric of this little number ensures that it drapes beautifully on the body, creating a flattering and feminine silhouette. This terracotta dress is available in a range of colors, making it easy to find the perfect match for your personal style. So why settle for a boring outfit when you can turn heads in our Pleated Bandeau Bodice Chiffon Tiered Midi dress? Whether you're attending a wedding, a date night, or a party, this dress is the perfect choice for looking and feeling your best. Order now and get ready to make a statement at your next special occasion!",Dresses,95,Goddiva,24726,Women's Dresses & Skirts,198,https://images2.productserve.com/?w=200&h=200&bg=white&trim=5&t=letterbox&url=ssl%3Acdn.shopify.com%2Fs%2Ffiles%2F1%2F0487%2F8834%2F0899%2Ffiles%2FDR3811_BURNTORANGE_FRONT_1713172604.jpg&feedId=62769&k=24918bd45d47d929a34974e6596a6e3911dbe524,USD,,"Over $120 - Free Delivery, Less than $120 - $12",https://goddiva.us/products/goddiva-pleated-bandeau-bodice-chiffon-tiered-midi-orange,,,USD136,62769,Goddiva,1,,,,,,Womens,Dresses
https://www.awin1.com/pclick.php?p=36331410234&a=2771700&m=24726,Goddiva Scallop Bardot Ruffle Mesh Maxi - Blush,36331410234,DR3742-BLUSH-10,https://cdn.shopify.com/s/files/1/0487/8834/0899/files/DR3742_blush_front_1729676752.jpg,"Elevate your evening elegance with our Scallop Bardot Ruffle Mesh Maxi. This stunning dress effortlessly combines timeless sophistication with contemporary flair. This blush dress exudes a sense of grandeur, making it perfect for formal occasions and glamorous evenings out. The Bardot neckline adds a touch of classic allure, beautifully framing your shoulders and collarbone. The real showstopper, however, is the sequin bodice that glistens and shimmers with every movement, ensuring you'll be the centre of attention. The scallop detailing on the neckline adds a delicate and feminine touch, enhancing the overall charm of this blush dress. As you twirl, the ruffle detail on the skirt cascades gracefully, creating an enchanting silhouette. To cinch your waist and add a luxurious contrast, we've included a velvet waistband that complements the dress's opulence. Dazzle and delight in our Scallop Bardot Ruffle Mesh Maxi  a masterpiece that promises to make you feel like a true style icon.",Dresses,90,Goddiva,24726,Women's Dresses & Skirts,198,https://images2.productserve.com/?w=200&h=200&bg=white&trim=5&t=letterbox&url=ssl%3Acdn.shopify.com%2Fs%2Ffiles%2F1%2F0487%2F8834%2F0899%2Ffiles%2FDR3742_blush_front_1729676752.jpg&feedId=62769&k=88fdb00a3b94ba14d139775a40ad1a639b6e13f2,USD,,"Over $120 - Free Delivery, Less than $120 - $12",https://goddiva.us/products/goddiva-scallop-bardot-ruffle-mesh-maxi-blush,,,USD150,62769,Goddiva,1,,,,,,Womens,Dresses
https://www.awin1.com/pclick.php?p=35807827749&a=2771700&m=24726,Goddiva Satin Cowl Neck With Strappy Back Maxi - Aqua,35807827749,DR2113QZ-AQUA-12,https://cdn.shopify.com/s/files/1/0487/8834/0899/files/dr2113qz_aqua_back_1761206903.png,"Dare to be fabulous and fierce in this fun & flirty cowl neck with strappy back satin maxi evening dress by Goddiva. This lively designed long aqua gown, is the crowning choice for your upcoming special occasion events. This sexy aqua satin styled maxi dress has fancy detailing throughout, like its upward pleating detail on the bodice, its flattering cowl neck line and its delicate pleated skirt. Wearing this outstanding and affordable blue silk gown will show off your shapely figure and give you the ultimate WOW factor! Its mermaid hem line brings a magical feel to such a beautiful dress; making this the best choice for weddings, proms, bridesmaids and every other extra special event you can possibly think of. Get the full look by finishing off this look with some stunning metallic heels, matching metallic clutch bag and accessories with minimal jewellery to have the spotlight on you!",Dresses,58,Goddiva,24726,Women's Dresses & Skirts,198,https://images2.productserve.com/?w=200&h=200&bg=white&trim=5&t=letterbox&url=ssl%3Acdn.shopify.com%2Fs%2Ffiles%2F1%2F0487%2F8834%2F0899%2Ffiles%2Fdr2113qz_aqua_back_1761206903.png&feedId=62769&k=ba6c6b505df7b4e4db848ffe2f5f5f6daf7f91a7,USD,,"Over $120 - Free Delivery, Less than $120 - $12",https://goddiva.us/products/goddiva-satin-cowl-neck-with-strappy-back-maxi-aqua,,,USD116,62769,Goddiva,1,,,,,,Womens,Dresses
https://www.awin1.com/pclick.php?p=35063607277&a=2771700&m=24726,Goddiva Scuba Crepe  Off The Shoulder Maxi - Purple,35063607277,DR3774-PURPLE-12,https://cdn.shopify.com/s/files/1/0487/8834/0899/files/DR3774_purple_77_front_1761304105.jpg,"This gorgeous scuba crepe asymmetric neck maxi dress is sure to be the talk of the town this season .The asymmetric neckline on this sublime purple number,  gives the dress a unique look while staying comfortable. The pleating detail at the front adds depth to this stretchy scuba crepe material. This is an evening dress that you can wear for any formal occasion or black tie event. This purple evening dress is perfect for bridesmaids, prom, mother of the bride, or any special occasion where you want to have something modest yet elegant! The maxi cut of this dress accentuates every curve beautifully. Style it with heels and jewellery to make your night out unforgettable!",Dresses,91,Goddiva,24726,Women's Dresses & Skirts,198,https://images2.productserve.com/?w=200&h=200&bg=white&trim=5&t=letterbox&url=ssl%3Acdn.shopify.com%2Fs%2Ffiles%2F1%2F0487%2F8834%2F0899%2Ffiles%2FDR3774_purple_77_front_1761304105.jpg&feedId=62769&k=b78d2b25bde05630d6802aa40ed2068520da2d8e,USD,,"Over $120 - Free Delivery, Less than $120 - $12",https://goddiva.us/products/goddiva-scuba-crepe-off-the-shoulder-maxi-purple,,,USD130,62769,Goddiva,1,,,,,,Womens,Dresses
https://www.awin1.com/pclick.php?p=36072980292&a=2771700&m=24726,Goddiva Cowl Back Satin Maxi Dress - Blue,36072980292,DR3920-BLUE-14,https://cdn.shopify.com/s/files/1/0487/8834/0899/files/DR3920_BLUE5_front_1729684901.jpg,"This stunning Cowl Back Satin Maxi Dress is the perfect choice for any elegant evening occasion. Made from luxurious satin fabric with a subtle sheen and soft, silky texture, this blue dress exudes a sophisticated and glamorous vibe. The sexy cowl back design adds a touch of allure and sensuality, making this dress a standout choice for special events such as weddings, galas, or proms. It's also a popular option for bridesmaids who want to look their best while complementing the bride's wedding theme. Crafted with attention to detail and a focus on style, this blue dress is sure to turn heads and make you feel confident and beautiful. The satin fabric of this blue gown drapes elegantly over your curves, creating a flattering silhouette that flares out into a graceful maxi length. Whether you're attending a black-tie event or a formal evening out, this Cowl Back Satin Maxi Dress is the epitome of sophistication and style. So why settle for anything less? Order yours today and experience the timeless elegance of this stunning dress.",Dresses,58,Goddiva,24726,Women's Dresses & Skirts,198,https://images2.productserve.com/?w=200&h=200&bg=white&trim=5&t=letterbox&url=ssl%3Acdn.shopify.com%2Fs%2Ffiles%2F1%2F0487%2F8834%2F0899%2Ffiles%2FDR3920_BLUE5_front_1729684901.jpg&feedId=62769&k=55094df2d28ed27ca6dc11fabee4c8a1deda1a6e,USD,,"Over $120 - Free Delivery, Less than $120 - $12",https://goddiva.us/products/goddiva-cowl-back-satin-maxi-dress-blue,,,USD76,62769,Goddiva,1,,,,,,Womens,Dresses
https://www.awin1.com/pclick.php?p=36302415889&a=2771700&m=24726,Goddiva Crochet & Pleated Top High Low Maxi - Black,36302415889,DR3820-BLACK-8,https://cdn.shopify.com/s/files/1/0487/8834/0899/files/DR3820_black_front_1729679370.jpg,"A harmonious fusion of elegance and charm the goddiva crochet & pleated top high low maxi is crafted with meticulous attention to detail, this black dress showcases a timeless round neckline that frames your neckline with grace. The captivating crochet detail on the bust adds a touch of sophistication, while the alluring keyhole detail on the back lends a subtle hint of allure. Designed to sway with your every step, the pleated chiffon skirt flows gracefully, exuding an ethereal aura. The Capped Sleeves offer comfort and style, perfect for any occasion. The dipped hem adds a touch of drama, allowing you to make a lasting impression wherever you go. This black maxi dress embraces your silhouette in a gentle embrace, celebrating your beauty in a blend of textures. With a design that seamlessly marries classic elegance with modern chic, is destined to become your go-to choice for weddings, parties, and special events.",Dresses,90,Goddiva,24726,Women's Dresses & Skirts,198,https://images2.productserve.com/?w=200&h=200&bg=white&trim=5&t=letterbox&url=ssl%3Acdn.shopify.com%2Fs%2Ffiles%2F1%2F0487%2F8834%2F0899%2Ffiles%2FDR3820_black_front_1729679370.jpg&feedId=62769&k=67703b57ee8d1e5a8f3d3ae99c15de73617f01d0,USD,,"Over $120 - Free Delivery, Less than $120 - $12",https://goddiva.us/products/goddiva-crochet-pleated-top-high-low-maxi-black,,,USD150,62769,Goddiva,1,,,,,,Womens,Dresses
https://www.awin1.com/pclick.php?p=36072980289&a=2771700&m=24726,Goddiva Cowl Back Satin Maxi Dress - Blue,36072980289,DR3920-BLUE-8,https://cdn.shopify.com/s/files/1/0487/8834/0899/files/DR3920_BLUE5_front_1729684901.jpg,"This stunning Cowl Back Satin Maxi Dress is the perfect choice for any elegant evening occasion. Made from luxurious satin fabric with a subtle sheen and soft, silky texture, this blue dress exudes a sophisticated and glamorous vibe. The sexy cowl back design adds a touch of allure and sensuality, making this dress a standout choice for special events such as weddings, galas, or proms. It's also a popular option for bridesmaids who want to look their best while complementing the bride's wedding theme. Crafted with attention to detail and a focus on style, this blue dress is sure to turn heads and make you feel confident and beautiful. The satin fabric of this blue gown drapes elegantly over your curves, creating a flattering silhouette that flares out into a graceful maxi length. Whether you're attending a black-tie event or a formal evening out, this Cowl Back Satin Maxi Dress is the epitome of sophistication and style. So why settle for anything less? Order yours today and experience the timeless elegance of this stunning dress.",Dresses,58,Goddiva,24726,Women's Dresses & Skirts,198,https://images2.productserve.com/?w=200&h=200&bg=white&trim=5&t=letterbox&url=ssl%3Acdn.shopify.com%2Fs%2Ffiles%2F1%2F0487%2F8834%2F0899%2Ffiles%2FDR3920_BLUE5_front_1729684901.jpg&feedId=62769&k=55094df2d28ed27ca6dc11fabee4c8a1deda1a6e,USD,,"Over $120 - Free Delivery, Less than $120 - $12",https://goddiva.us/products/goddiva-cowl-back-satin-maxi-dress-blue,,,USD76,62769,Goddiva,1,,,,,,Womens,Dresses
https://www.awin1.com/pclick.php?p=36302415891&a=2771700&m=24726,Goddiva Crochet & Pleated Top High Low Maxi - Black,36302415891,DR3820-BLACK-12,https://cdn.shopify.com/s/files/1/0487/8834/0899/files/DR3820_black_front_1729679370.jpg,"A harmonious fusion of elegance and charm the goddiva crochet & pleated top high low maxi is crafted with meticulous attention to detail, this black dress showcases a timeless round neckline that frames your neckline with grace. The captivating crochet detail on the bust adds a touch of sophistication, while the alluring keyhole detail on the back lends a subtle hint of allure. Designed to sway with your every step, the pleated chiffon skirt flows gracefully, exuding an ethereal aura. The Capped Sleeves offer comfort and style, perfect for any occasion. The dipped hem adds a touch of drama, allowing you to make a lasting impression wherever you go. This black maxi dress embraces your silhouette in a gentle embrace, celebrating your beauty in a blend of textures. With a design that seamlessly marries classic elegance with modern chic, is destined to become your go-to choice for weddings, parties, and special events.",Dresses,90,Goddiva,24726,Women's Dresses & Skirts,198,https://images2.productserve.com/?w=200&h=200&bg=white&trim=5&t=letterbox&url=ssl%3Acdn.shopify.com%2Fs%2Ffiles%2F1%2F0487%2F8834%2F0899%2Ffiles%2FDR3820_black_front_1729679370.jpg&feedId=62769&k=67703b57ee8d1e5a8f3d3ae99c15de73617f01d0,USD,,"Over $120 - Free Delivery, Less than $120 - $12",https://goddiva.us/products/goddiva-crochet-pleated-top-high-low-maxi-black,,,USD150,62769,Goddiva,1,,,,,,Womens,Dresses
https://www.awin1.com/pclick.php?p=36426397469&a=2771700&m=24726,Goddiva Diamante Fishnet Cowl Back Maxi - Black,36426397469,DR4068-BLACK-8,https://cdn.shopify.com/s/files/1/0487/8834/0899/files/35405_1724949658.jpg,"This stunning Diamante Fishnet Cowl Back Maxi dress is designed to make you shine on any special occasion. The Diamante Fishnet Detail on the neckline, cowl back, and long sleeves adds a touch of glamour that's simply irresistible. The Diamante Fishnet Cowl Back Maxi is perfect for those who appreciate intricate detailing. The cowl back and long sleeves make it a stylish choice for cooler evenings, ensuring you're both comfortable and chic. This long black evening dress is not just a fashion statement, but also a bold expression of your personal style. Designed with you in mind, black occasion number is a must-have for any fashion-forward individual. Be the centre of attention at your next event, with this exquisite fishnet-inspired dress that combines elegance and allure effortlessly. Whether it is for a Gala, black-tie event, weddings or even for our soon to be prom queens, this dress is giving!!! Grab yours today and experience the ultimate in fashionable sophistication.",Dresses,90,Goddiva,24726,Women's Dresses & Skirts,198,https://images2.productserve.com/?w=200&h=200&bg=white&trim=5&t=letterbox&url=ssl%3Acdn.shopify.com%2Fs%2Ffiles%2F1%2F0487%2F8834%2F0899%2Ffiles%2F35405_1724949658.jpg&feedId=62769&k=8b890a70ab1a8f41997c989691380231f12a20cb,USD,,"Over $120 - Free Delivery, Less than $120 - $12",https://goddiva.us/products/goddiva-diamante-fishnet-cowl-back-maxi-black,,,USD170,62769,Goddiva,1,,,,,,Womens,Dresses
https://www.awin1.com/pclick.php?p=36005742331&a=2771700&m=24726,Goddiva Satin Viscose Front Wrap Midaxi Dress - Brown,36005742331,DR4002-BROWN-10,https://cdn.shopify.com/s/files/1/0487/8834/0899/files/DR4002_Brown_0985_front_1749823167.jpg,"Sultry satins are a big thing this season and we want you to experience pure elegance and grace with our Satin Viscose Front Wrap Midaxi Dress. This stunning gown is designed to captivate, crafted from the finest satin viscose material for an undeniably luxurious feel. With its halter-style neckline and sleeveless design, this brown dress exudes sophistication, making it the perfect choice for any special occasion. The layered top adds a touch of depth and dimension to the overall look, while the keyhole detail on the back adds a subtle hint of allure. The wrap-style skirt effortlessly flatters your figure, enhancing your silhouette with its graceful drape. Whether you're attending a wedding as a guest or enjoying a romantic date night, this rust dress is a timeless choice that will make you feel like the epitome of elegance. Its versatility shines through, as it is equally suitable for evening occasions such as birthday parties or formal gatherings. The dress seamlessly transitions from day to night, ensuring you're always dressed to impress. Spoil yourself in the succulent feel of the Satin Viscose Front Wrap Midaxi Dress. Its exquisite design and luxurious material heighten your style without the need for flashy words. Step into the spotlight with confidence, grace and sexiness, and let this rusty brown dress make a statement for you.",Dresses,76,Goddiva,24726,Women's Dresses & Skirts,198,https://images2.productserve.com/?w=200&h=200&bg=white&trim=5&t=letterbox&url=ssl%3Acdn.shopify.com%2Fs%2Ffiles%2F1%2F0487%2F8834%2F0899%2Ffiles%2FDR4002_Brown_0985_front_1749823167.jpg&feedId=62769&k=4654df73c9409a54696b6611651d889509d1656b,USD,,"Over $120 - Free Delivery, Less than $120 - $12",https://goddiva.us/products/goddiva-satin-viscose-front-wrap-midi-brown,,,USD96,62769,Goddiva,1,,,,,,Womens,Dresses
https://www.awin1.com/pclick.php?p=36455582354&a=2771700&m=24726,Goddiva Lace Multiway Midi With Flared Skirt - Black,36455582354,DR4003-BLACK-8,https://cdn.shopify.com/s/files/1/0487/8834/0899/products/DR4003_black_front_l_1696502686.jpg,"Uplift your style with this versatile Lace Multiway Midi with Flared Skirt, from Goddiva, A 3-in-1 dress designed for various occasions. This exquisite black lace dress features a high neckline, long sleeves, and a nude slip dress, making it an ideal choice for wedding guests, romantic date nights, and lively parties. The flared skirt adds a touch of elegance, allowing you to dance and move with grace, while the lace detailing exudes a timeless charm and sophistication. This dress effortlessly transitions from a day event to a night out with the simplicity of removing the jersey slip lining and just wearing the lace shell or removing the lace dress and rocking just the nude jersey slip lining, offering endless style options. Whether you're attending a wedding celebration, enjoying a special date, or making memories at a party, this dress is the epitome of chic versatility. With the Lace Multiway Midi, you'll feel confident and stunning throughout your chosen occasion, no matter the time of day. Don this little black dress and embrace the freedom to style it your way, making it perfect for various events in your social calendar. Stand out with elegance and charm, and order yours today to shine at any special gathering.",Dresses,70,Goddiva,24726,Women's Dresses & Skirts,198,https://images2.productserve.com/?w=200&h=200&bg=white&trim=5&t=letterbox&url=ssl%3Acdn.shopify.com%2Fs%2Ffiles%2F1%2F0487%2F8834%2F0899%2Fproducts%2FDR4003_black_front_l_1696502686.jpg&feedId=62769&k=bccd5cfcbeac4e1c1753dc84ab1608ff39314522,USD,,"Over $120 - Free Delivery, Less than $120 - $12",https://goddiva.us/products/goddiva-lace-multiway-midi-with-flared-skirt-black,,,USD116,62769,Goddiva,1,,,,,,Womens,Dresses
https://www.awin1.com/pclick.php?p=36426397470&a=2771700&m=24726,Goddiva Diamante Fishnet Cowl Back Maxi - Black,36426397470,DR4068-BLACK-10,https://cdn.shopify.com/s/files/1/0487/8834/0899/files/35405_1724949658.jpg,"This stunning Diamante Fishnet Cowl Back Maxi dress is designed to make you shine on any special occasion. The Diamante Fishnet Detail on the neckline, cowl back, and long sleeves adds a touch of glamour that's simply irresistible. The Diamante Fishnet Cowl Back Maxi is perfect for those who appreciate intricate detailing. The cowl back and long sleeves make it a stylish choice for cooler evenings, ensuring you're both comfortable and chic. This long black evening dress is not just a fashion statement, but also a bold expression of your personal style. Designed with you in mind, black occasion number is a must-have for any fashion-forward individual. Be the centre of attention at your next event, with this exquisite fishnet-inspired dress that combines elegance and allure effortlessly. Whether it is for a Gala, black-tie event, weddings or even for our soon to be prom queens, this dress is giving!!! Grab yours today and experience the ultimate in fashionable sophistication.",Dresses,90,Goddiva,24726,Women's Dresses & Skirts,198,https://images2.productserve.com/?w=200&h=200&bg=white&trim=5&t=letterbox&url=ssl%3Acdn.shopify.com%2Fs%2Ffiles%2F1%2F0487%2F8834%2F0899%2Ffiles%2F35405_1724949658.jpg&feedId=62769&k=8b890a70ab1a8f41997c989691380231f12a20cb,USD,,"Over $120 - Free Delivery, Less than $120 - $12",https://goddiva.us/products/goddiva-diamante-fishnet-cowl-back-maxi-black,,,USD170,62769,Goddiva,1,,,,,,Womens,Dresses
https://www.awin1.com/pclick.php?p=36426397471&a=2771700&m=24726,Goddiva Diamante Fishnet Cowl Back Maxi - Black,36426397471,DR4068-BLACK-12,https://cdn.shopify.com/s/files/1/0487/8834/0899/files/35405_1724949658.jpg,"This stunning Diamante Fishnet Cowl Back Maxi dress is designed to make you shine on any special occasion. The Diamante Fishnet Detail on the neckline, cowl back, and long sleeves adds a touch of glamour that's simply irresistible. The Diamante Fishnet Cowl Back Maxi is perfect for those who appreciate intricate detailing. The cowl back and long sleeves make it a stylish choice for cooler evenings, ensuring you're both comfortable and chic. This long black evening dress is not just a fashion statement, but also a bold expression of your personal style. Designed with you in mind, black occasion number is a must-have for any fashion-forward individual. Be the centre of attention at your next event, with this exquisite fishnet-inspired dress that combines elegance and allure effortlessly. Whether it is for a Gala, black-tie event, weddings or even for our soon to be prom queens, this dress is giving!!! Grab yours today and experience the ultimate in fashionable sophistication.",Dresses,90,Goddiva,24726,Women's Dresses & Skirts,198,https://images2.productserve.com/?w=200&h=200&bg=white&trim=5&t=letterbox&url=ssl%3Acdn.shopify.com%2Fs%2Ffiles%2F1%2F0487%2F8834%2F0899%2Ffiles%2F35405_1724949658.jpg&feedId=62769&k=8b890a70ab1a8f41997c989691380231f12a20cb,USD,,"Over $120 - Free Delivery, Less than $120 - $12",https://goddiva.us/products/goddiva-diamante-fishnet-cowl-back-maxi-black,,,USD170,62769,Goddiva,1,,,,,,Womens,Dresses
https://www.awin1.com/pclick.php?p=36556608747&a=2771700&m=24726,Goddiva Square Neck Gathered Waist Velvet Maxi - Burgundy,36556608747,DR3994-BURGUNDY-8,https://cdn.shopify.com/s/files/1/0487/8834/0899/products/DR3994_WINE_front_l_1698836895.jpg,"Indulge in timeless elegance with our Square Neck Gathered Waist Velvet Maxi Dress, the perfect pick for those extra-special occasions. This stunning burgundy maxi dress is crafted to make you shine, whether you're gracing a wedding as a cherished guest or playing a pivotal role as a bridesmaid. It's the go-to choice for creating enchanting memories at any noteworthy event. The square neckline on this timeless burgundy number exudes a classic and sophisticated charm, setting the stage for a look that's as graceful as it is stylish. The long sleeves provide both warmth and an added touch of grace, making this burgundy dress perfect for any occasion. With gathered detailing at the waist, this dress not only accentuates your curves but also ensures that you feel confident and chic. The soft touch velvet material adds a hint of luxury, making it the ideal choice for special moments. Our Square Neck Gathered Waist Velvet Maxi Dress is designed to ensure that you make a lasting impression at any occasion. Embrace the elegance, create unforgettable memories, and stand out. Don't just attend the event; own it with grace and style.",Dresses,90,Goddiva,24726,Women's Dresses & Skirts,198,https://images2.productserve.com/?w=200&h=200&bg=white&trim=5&t=letterbox&url=ssl%3Acdn.shopify.com%2Fs%2Ffiles%2F1%2F0487%2F8834%2F0899%2Fproducts%2FDR3994_WINE_front_l_1698836895.jpg&feedId=62769&k=11b6837a253b038ae8391e6bd48f9cde2ca1aa78,USD,,"Over $120 - Free Delivery, Less than $120 - $12",https://goddiva.us/products/goddiva-square-neck-gathered-waist-velvet-maxi-burgundy,,,USD170,62769,Goddiva,1,,,,,,Womens,Dresses
https://www.awin1.com/pclick.php?p=36302415908&a=2771700&m=24726,Goddiva Crochet & Pleated Top High Low Maxi - Emerald,36302415908,DR3820-EMERALD-10,https://cdn.shopify.com/s/files/1/0487/8834/0899/files/DR3820_emerald_front_1729679045.jpg,"A harmonious fusion of elegance and charm the goddiva crochet & pleated top high low maxi is crafted with meticulous attention to detail, this green dress showcases a timeless round neckline that frames your neckline with grace. The captivating crochet detail on the bust adds a touch of sophistication, while the alluring keyhole detail on the back lends a subtle hint of allure. Designed to sway with your every step, the pleated chiffon skirt flows gracefully, exuding an ethereal aura. The Capped Sleeves offer comfort and style, perfect for any occasion. The dipped hem adds a touch of drama, allowing you to make a lasting impression wherever you go. This emerald green maxi dress embraces your silhouette in a gentle embrace, celebrating your beauty in a blend of textures. With a design that seamlessly marries classic elegance with modern chic, is destined to become your go-to choice for weddings, parties, and special events.",Dresses,90,Goddiva,24726,Women's Dresses & Skirts,198,https://images2.productserve.com/?w=200&h=200&bg=white&trim=5&t=letterbox&url=ssl%3Acdn.shopify.com%2Fs%2Ffiles%2F1%2F0487%2F8834%2F0899%2Ffiles%2FDR3820_emerald_front_1729679045.jpg&feedId=62769&k=4ce5d2ed340f8f04c43165855d4eddbcf80f20e9,USD,,"Over $120 - Free Delivery, Less than $120 - $12",https://goddiva.us/products/goddiva-crochet-pleated-top-high-low-maxi-emerald,,,USD150,62769,Goddiva,1,,,,,,Womens,Dresses
https://www.awin1.com/pclick.php?p=35754887284&a=2771700&m=24726,Goddiva Sequin & Satin Dipped Hem Midi Dress - Blush,35754887284,DR3621-BLUSH-14,https://cdn.shopify.com/s/files/1/0487/8834/0899/files/DR3621_BLUSH_268430_FRONT_1715268539.jpg,"This stunning blush midi occasion dress combines the glamour of sequins with the luxurious feel of satin for a truly show-stopping look. This light pink dress features a dipped hem that adds a touch of drama and sophistication. The sequin bodice sparkles and shines with every movement, while the satin skirt flows beautifully to create a flattering silhouette. The dress also has a sleeveless design and a v-neckline, making it perfect for any special occasion. Whether you're attending a wedding or a black-tie event, this sequin and satin dipped hem midi occasion dress is sure to make you feel like a true star.",Dresses,76,Goddiva,24726,Women's Dresses & Skirts,198,https://images2.productserve.com/?w=200&h=200&bg=white&trim=5&t=letterbox&url=ssl%3Acdn.shopify.com%2Fs%2Ffiles%2F1%2F0487%2F8834%2F0899%2Ffiles%2FDR3621_BLUSH_268430_FRONT_1715268539.jpg&feedId=62769&k=b52ceadd9f3523cf25151051959a1ec96c3962f4,USD,,"Over $120 - Free Delivery, Less than $120 - $12",https://goddiva.us/products/goddiva-sequin-satin-dipped-hem-midi-dress-blush,,,USD130,62769,Goddiva,1,,,,,,Womens,Dresses
https://www.awin1.com/pclick.php?p=36005742332&a=2771700&m=24726,Goddiva Satin Viscose Front Wrap Midaxi Dress - Brown,36005742332,DR4002-BROWN-12,https://cdn.shopify.com/s/files/1/0487/8834/0899/files/DR4002_Brown_0985_front_1749823167.jpg,"Sultry satins are a big thing this season and we want you to experience pure elegance and grace with our Satin Viscose Front Wrap Midaxi Dress. This stunning gown is designed to captivate, crafted from the finest satin viscose material for an undeniably luxurious feel. With its halter-style neckline and sleeveless design, this brown dress exudes sophistication, making it the perfect choice for any special occasion. The layered top adds a touch of depth and dimension to the overall look, while the keyhole detail on the back adds a subtle hint of allure. The wrap-style skirt effortlessly flatters your figure, enhancing your silhouette with its graceful drape. Whether you're attending a wedding as a guest or enjoying a romantic date night, this rust dress is a timeless choice that will make you feel like the epitome of elegance. Its versatility shines through, as it is equally suitable for evening occasions such as birthday parties or formal gatherings. The dress seamlessly transitions from day to night, ensuring you're always dressed to impress. Spoil yourself in the succulent feel of the Satin Viscose Front Wrap Midaxi Dress. Its exquisite design and luxurious material heighten your style without the need for flashy words. Step into the spotlight with confidence, grace and sexiness, and let this rusty brown dress make a statement for you.",Dresses,76,Goddiva,24726,Women's Dresses & Skirts,198,https://images2.productserve.com/?w=200&h=200&bg=white&trim=5&t=letterbox&url=ssl%3Acdn.shopify.com%2Fs%2Ffiles%2F1%2F0487%2F8834%2F0899%2Ffiles%2FDR4002_Brown_0985_front_1749823167.jpg&feedId=62769&k=4654df73c9409a54696b6611651d889509d1656b,USD,,"Over $120 - Free Delivery, Less than $120 - $12",https://goddiva.us/products/goddiva-satin-viscose-front-wrap-midi-brown,,,USD96,62769,Goddiva,1,,,,,,Womens,Dresses
https://www.awin1.com/pclick.php?p=36005742333&a=2771700&m=24726,Goddiva Satin Viscose Front Wrap Midaxi Dress - Brown,36005742333,DR4002-BROWN-14,https://cdn.shopify.com/s/files/1/0487/8834/0899/files/DR4002_Brown_0985_front_1749823167.jpg,"Sultry satins are a big thing this season and we want you to experience pure elegance and grace with our Satin Viscose Front Wrap Midaxi Dress. This stunning gown is designed to captivate, crafted from the finest satin viscose material for an undeniably luxurious feel. With its halter-style neckline and sleeveless design, this brown dress exudes sophistication, making it the perfect choice for any special occasion. The layered top adds a touch of depth and dimension to the overall look, while the keyhole detail on the back adds a subtle hint of allure. The wrap-style skirt effortlessly flatters your figure, enhancing your silhouette with its graceful drape. Whether you're attending a wedding as a guest or enjoying a romantic date night, this rust dress is a timeless choice that will make you feel like the epitome of elegance. Its versatility shines through, as it is equally suitable for evening occasions such as birthday parties or formal gatherings. The dress seamlessly transitions from day to night, ensuring you're always dressed to impress. Spoil yourself in the succulent feel of the Satin Viscose Front Wrap Midaxi Dress. Its exquisite design and luxurious material heighten your style without the need for flashy words. Step into the spotlight with confidence, grace and sexiness, and let this rusty brown dress make a statement for you.",Dresses,76,Goddiva,24726,Women's Dresses & Skirts,198,https://images2.productserve.com/?w=200&h=200&bg=white&trim=5&t=letterbox&url=ssl%3Acdn.shopify.com%2Fs%2Ffiles%2F1%2F0487%2F8834%2F0899%2Ffiles%2FDR4002_Brown_0985_front_1749823167.jpg&feedId=62769&k=4654df73c9409a54696b6611651d889509d1656b,USD,,"Over $120 - Free Delivery, Less than $120 - $12",https://goddiva.us/products/goddiva-satin-viscose-front-wrap-midi-brown,,,USD96,62769,Goddiva,1,,,,,,Womens,Dresses
https://www.awin1.com/pclick.php?p=35807827748&a=2771700&m=24726,Goddiva Satin Cowl Neck With Strappy Back Maxi - Aqua,35807827748,DR2113QZ-AQUA-10,https://cdn.shopify.com/s/files/1/0487/8834/0899/files/dr2113qz_aqua_back_1761206903.png,"Dare to be fabulous and fierce in this fun & flirty cowl neck with strappy back satin maxi evening dress by Goddiva. This lively designed long aqua gown, is the crowning choice for your upcoming special occasion events. This sexy aqua satin styled maxi dress has fancy detailing throughout, like its upward pleating detail on the bodice, its flattering cowl neck line and its delicate pleated skirt. Wearing this outstanding and affordable blue silk gown will show off your shapely figure and give you the ultimate WOW factor! Its mermaid hem line brings a magical feel to such a beautiful dress; making this the best choice for weddings, proms, bridesmaids and every other extra special event you can possibly think of. Get the full look by finishing off this look with some stunning metallic heels, matching metallic clutch bag and accessories with minimal jewellery to have the spotlight on you!",Dresses,58,Goddiva,24726,Women's Dresses & Skirts,198,https://images2.productserve.com/?w=200&h=200&bg=white&trim=5&t=letterbox&url=ssl%3Acdn.shopify.com%2Fs%2Ffiles%2F1%2F0487%2F8834%2F0899%2Ffiles%2Fdr2113qz_aqua_back_1761206903.png&feedId=62769&k=ba6c6b505df7b4e4db848ffe2f5f5f6daf7f91a7,USD,,"Over $120 - Free Delivery, Less than $120 - $12",https://goddiva.us/products/goddiva-satin-cowl-neck-with-strappy-back-maxi-aqua,,,USD116,62769,Goddiva,1,,,,,,Womens,Dresses
https://www.awin1.com/pclick.php?p=34671132715&a=2771700&m=24726,Goddiva One Shoulder Asymmetric Midi Dress - Purple,34671132715,DR3702-PURPLE-10,https://cdn.shopify.com/s/files/1/0487/8834/0899/files/DR3702_PURPLE_18162_front_1773417258.jpg,"Goddiva's One Shoulder Asymmetric Midi is a sexy and stylish dress that has been designed to turn heads. This remarkable purple piece will be sure to grab the attention you deserve at any special occasion, whether it is a night out, date night, wedding guest, or birthday celebration. With its one shoulder style teamed with an asymmetrical neckline and hem, this sparkly purple celebratory number is your perfect pick for the season! This stunning one shoulder dress features an asymmetric cut that is flattering for all body types, making it an absolute showstopper! Pair it with your favourite heels and accessories to make the look complete.",Dresses,58,Goddiva,24726,Women's Dresses & Skirts,198,https://images2.productserve.com/?w=200&h=200&bg=white&trim=5&t=letterbox&url=ssl%3Acdn.shopify.com%2Fs%2Ffiles%2F1%2F0487%2F8834%2F0899%2Ffiles%2FDR3702_PURPLE_18162_front_1773417258.jpg&feedId=62769&k=15bdf9b57aaf55371b909472bb2bdd64c7ebb849,USD,,"Over $120 - Free Delivery, Less than $120 - $12",https://goddiva.us/products/goddiva-one-shoulder-asymmetric-midi-dress-purple,,,USD116,62769,Goddiva,1,,,,,,Womens,Dresses
https://www.awin1.com/pclick.php?p=35642119343&a=2771700&m=24726,Goddiva Sequin & Satin Dipped Hem Midi Dress - Black,35642119343,DR3621-BLACK-8,https://cdn.shopify.com/s/files/1/0487/8834/0899/files/25864_1717431397.jpg,"This stunning black midi occasion dress combines the glamour of sequins with the luxurious feel of satin for a truly show-stopping look. This black dress features a dipped hem that adds a touch of drama and sophistication. The sequin bodice sparkles and shines with every movement, while the satin skirt flows beautifully to create a flattering silhouette. The dress also has a sleeveless design and a v-neckline, making it perfect for any special occasion. Whether you're attending a wedding or a black-tie event, this sequin and satin dipped hem midi occasion dress is sure to make you feel like a true star.",Dresses,76,Goddiva,24726,Women's Dresses & Skirts,198,https://images2.productserve.com/?w=200&h=200&bg=white&trim=5&t=letterbox&url=ssl%3Acdn.shopify.com%2Fs%2Ffiles%2F1%2F0487%2F8834%2F0899%2Ffiles%2F25864_1717431397.jpg&feedId=62769&k=06dc5f51e8a42f4197d418d457f8a06acf9d6061,USD,,"Over $120 - Free Delivery, Less than $120 - $12",https://goddiva.us/products/goddiva-sequin-satin-dipped-hem-midi-dress-black,,,USD130,62769,Goddiva,1,,,,,,Womens,Dresses
https://www.awin1.com/pclick.php?p=35754887265&a=2771700&m=24726,Goddiva Embroidered Top Flutter Sleeve Maxi - Sage Green,35754887265,DR3799-SAGEGREEN-10,https://cdn.shopify.com/s/files/1/0487/8834/0899/files/DR3799_SAGE-GREEN_FRONT_1713345269.jpg,"This stunning sage green embroidered top flutter sleeve maxi is the perfect choice for any special occasion, whether you're a bridesmaid, mother of the bride, or heading to prom. The beautiful floral design adds a touch of elegance to the dress, while the flutter sleeves give it a playful and feminine touch. With its maxi length, this green dress is both stylish and comfortable, allowing you to dance the night away with ease. Whether you're attending a wedding, prom, or other special event, this Embroidered Top Flutter Sleeve Maxi is sure to make you feel like the belle of the ball.",Dresses,98,Goddiva,24726,Women's Dresses & Skirts,198,https://images2.productserve.com/?w=200&h=200&bg=white&trim=5&t=letterbox&url=ssl%3Acdn.shopify.com%2Fs%2Ffiles%2F1%2F0487%2F8834%2F0899%2Ffiles%2FDR3799_SAGE-GREEN_FRONT_1713345269.jpg&feedId=62769&k=bd5a7bed2ba9d3402a3ed2470bcca92e69f593a7,USD,,"Over $120 - Free Delivery, Less than $120 - $12",https://goddiva.us/products/goddiva-embroidered-top-flutter-sleeve-maxi-sagegreen,,,USD170,62769,Goddiva,1,,,,,,Womens,Dresses
https://www.awin1.com/pclick.php?p=36005742330&a=2771700&m=24726,Goddiva Satin Viscose Front Wrap Midaxi Dress - Brown,36005742330,DR4002-BROWN-8,https://cdn.shopify.com/s/files/1/0487/8834/0899/files/DR4002_Brown_0985_front_1749823167.jpg,"Sultry satins are a big thing this season and we want you to experience pure elegance and grace with our Satin Viscose Front Wrap Midaxi Dress. This stunning gown is designed to captivate, crafted from the finest satin viscose material for an undeniably luxurious feel. With its halter-style neckline and sleeveless design, this brown dress exudes sophistication, making it the perfect choice for any special occasion. The layered top adds a touch of depth and dimension to the overall look, while the keyhole detail on the back adds a subtle hint of allure. The wrap-style skirt effortlessly flatters your figure, enhancing your silhouette with its graceful drape. Whether you're attending a wedding as a guest or enjoying a romantic date night, this rust dress is a timeless choice that will make you feel like the epitome of elegance. Its versatility shines through, as it is equally suitable for evening occasions such as birthday parties or formal gatherings. The dress seamlessly transitions from day to night, ensuring you're always dressed to impress. Spoil yourself in the succulent feel of the Satin Viscose Front Wrap Midaxi Dress. Its exquisite design and luxurious material heighten your style without the need for flashy words. Step into the spotlight with confidence, grace and sexiness, and let this rusty brown dress make a statement for you.",Dresses,76,Goddiva,24726,Women's Dresses & Skirts,198,https://images2.productserve.com/?w=200&h=200&bg=white&trim=5&t=letterbox&url=ssl%3Acdn.shopify.com%2Fs%2Ffiles%2F1%2F0487%2F8834%2F0899%2Ffiles%2FDR4002_Brown_0985_front_1749823167.jpg&feedId=62769&k=4654df73c9409a54696b6611651d889509d1656b,USD,,"Over $120 - Free Delivery, Less than $120 - $12",https://goddiva.us/products/goddiva-satin-viscose-front-wrap-midi-brown,,,USD96,62769,Goddiva,1,,,,,,Womens,Dresses
https://www.awin1.com/pclick.php?p=35754887243&a=2771700&m=24726,Goddiva Embroidered Top Flutter Sleeve Maxi - Burgundy,35754887243,DR3799-BURGUNDY-14,https://cdn.shopify.com/s/files/1/0487/8834/0899/files/DR3799_BURGUNDY_FRONT_1713343017.jpg,"This stunning burgundy embroidered top flutter sleeve maxi is the perfect choice for any special occasion, whether you're a bridesmaid, mother of the bride, or heading to prom. The beautiful floral design adds a touch of elegance to the dress, while the flutter sleeves give it a playful and feminine touch. With its maxi length, this wine dress is both stylish and comfortable, allowing you to dance the night away with ease. Whether you're attending a wedding, prom, or other special event, this Embroidered Top Flutter Sleeve Maxi is sure to make you feel like the belle of the ball.",Dresses,98,Goddiva,24726,Women's Dresses & Skirts,198,https://images2.productserve.com/?w=200&h=200&bg=white&trim=5&t=letterbox&url=ssl%3Acdn.shopify.com%2Fs%2Ffiles%2F1%2F0487%2F8834%2F0899%2Ffiles%2FDR3799_BURGUNDY_FRONT_1713343017.jpg&feedId=62769&k=91c7d52b6c402c35a60e1011f963069b32340dd1,USD,,"Over $120 - Free Delivery, Less than $120 - $12",https://goddiva.us/products/goddiva-embroidered-top-flutter-sleeve-maxi-burgundy,,,USD170,62769,Goddiva,1,,,,,,Womens,Dresses
https://www.awin1.com/pclick.php?p=35655990290&a=2771700&m=24726,Goddiva Wrap Front Maxi With Flutter Sleeves - Red,35655990290,DR2565B-RED-8,https://cdn.shopify.com/s/files/1/0487/8834/0899/files/25827_1717432644.jpg,"Get the ultimate look this season in this fun and flirty red wrap front maxi dress with flutter sleeves is a flawless choice this season. This crafty designed gown from the Goddiva summer collection is a number one choice for so many occasions, whether it's for a garden party, casual days out or brunch with friends, not to mention a perfect option for wedding guests. Jazzing up this sleek style is so easy, giving it a completely new look each time you step into it. In its red, this timeless style is going to fit perfectly in your closet, making it your new favourite. Its flavoursome maxi length floaty skirt and faux wrap neckline, this dress is completely fool-proof.",Dresses,76,Goddiva,24726,Women's Dresses & Skirts,198,https://images2.productserve.com/?w=200&h=200&bg=white&trim=5&t=letterbox&url=ssl%3Acdn.shopify.com%2Fs%2Ffiles%2F1%2F0487%2F8834%2F0899%2Ffiles%2F25827_1717432644.jpg&feedId=62769&k=997290a03d735eb06ff182788abe3a1a15d64ca7,USD,,"Over $120 - Free Delivery, Less than $120 - $12",https://goddiva.us/products/goddiva-wrap-front-maxi-with-flutter-sleeves-red,,,USD130,62769,Goddiva,1,,,,,,Womens,Dresses
https://www.awin1.com/pclick.php?p=35807827746&a=2771700&m=24726,Goddiva Satin Cowl Neck With Strappy Back Maxi - Aqua,35807827746,DR2113QZ-AQUA-6,https://cdn.shopify.com/s/files/1/0487/8834/0899/files/dr2113qz_aqua_back_1761206903.png,"Dare to be fabulous and fierce in this fun & flirty cowl neck with strappy back satin maxi evening dress by Goddiva. This lively designed long aqua gown, is the crowning choice for your upcoming special occasion events. This sexy aqua satin styled maxi dress has fancy detailing throughout, like its upward pleating detail on the bodice, its flattering cowl neck line and its delicate pleated skirt. Wearing this outstanding and affordable blue silk gown will show off your shapely figure and give you the ultimate WOW factor! Its mermaid hem line brings a magical feel to such a beautiful dress; making this the best choice for weddings, proms, bridesmaids and every other extra special event you can possibly think of. Get the full look by finishing off this look with some stunning metallic heels, matching metallic clutch bag and accessories with minimal jewellery to have the spotlight on you!",Dresses,58,Goddiva,24726,Women's Dresses & Skirts,198,https://images2.productserve.com/?w=200&h=200&bg=white&trim=5&t=letterbox&url=ssl%3Acdn.shopify.com%2Fs%2Ffiles%2F1%2F0487%2F8834%2F0899%2Ffiles%2Fdr2113qz_aqua_back_1761206903.png&feedId=62769&k=ba6c6b505df7b4e4db848ffe2f5f5f6daf7f91a7,USD,,"Over $120 - Free Delivery, Less than $120 - $12",https://goddiva.us/products/goddiva-satin-cowl-neck-with-strappy-back-maxi-aqua,,,USD116,62769,Goddiva,1,,,,,,Womens,Dresses
https://www.awin1.com/pclick.php?p=35807827754&a=2771700&m=24726,Goddiva Satin Cowl Neck With Strappy Back Maxi - Champagne,35807827754,DR2113QZ-CHAMPAGNE-10,https://cdn.shopify.com/s/files/1/0487/8834/0899/files/dr2113_champagne_front_1761206992.jpg,"Dare to be fabulous and fierce in this fun & flirty cowl neck with strappy back satin maxi evening dress by Goddiva. This lively designed long champagne gown, is the crowning choice for your upcoming special occasion events. This sexy champagne satin styled maxi dress has fancy detailing throughout, like its upward pleating detail on the bodice, its flattering cowl neck line and its delicate pleated skirt. Wearing this outstanding and affordable gold silk gown will show off your shapely figure and give you the ultimate WOW factor! Its mermaid hem line brings a magical feel to such a beautiful dress; making this the best choice for weddings, proms, bridesmaids and every other extra special event you can possibly think of. Get the full look by finishing off this look with some stunning metallic heels, matching metallic clutch bag and accessories with minimal jewellery to have the spotlight on you!",Dresses,58,Goddiva,24726,Women's Dresses & Skirts,198,https://images2.productserve.com/?w=200&h=200&bg=white&trim=5&t=letterbox&url=ssl%3Acdn.shopify.com%2Fs%2Ffiles%2F1%2F0487%2F8834%2F0899%2Ffiles%2Fdr2113_champagne_front_1761206992.jpg&feedId=62769&k=f9d3a9925498a7ad78e343428a8d8bc78cb7bc64,USD,,"Over $120 - Free Delivery, Less than $120 - $12",https://goddiva.us/products/goddiva-satin-cowl-neck-with-strappy-back-maxi-champagne,,,USD116,62769,Goddiva,1,,,,,,Womens,Dresses
https://www.awin1.com/pclick.php?p=35063607099&a=2771700&m=24726,Goddiva Pleated Bardot Scuba Maxi Dress - Purple,35063607099,DR3648-PURPLE-10,https://cdn.shopify.com/s/files/1/0487/8834/0899/files/25887_1717430722.jpg,"Get your hands on this fabulous Pleated Bardot Scuba Maxi from the latest collection by Goddiva! With pleated detail on bust, fitted style and scuba crepe material, this aubergine maxi dress is perfect for bridesmaids, evening dress, prom or black tie occasions. Make a powerful style statement in this purple maxi. This figure flattering evening dress is one for keeps, with its classic style and outstanding color, this long dress will be your go to for all occasions!",Dresses,56,Goddiva,24726,Women's Dresses & Skirts,198,https://images2.productserve.com/?w=200&h=200&bg=white&trim=5&t=letterbox&url=ssl%3Acdn.shopify.com%2Fs%2Ffiles%2F1%2F0487%2F8834%2F0899%2Ffiles%2F25887_1717430722.jpg&feedId=62769&k=a2f605f8a8ba08cd4cfc18f295bd7fb023a60274,USD,,"Over $120 - Free Delivery, Less than $120 - $12",https://goddiva.us/products/goddiva-pleated-bardot-scuba-maxi-dress-purple,,,USD116,62769,Goddiva,1,,,,,,Womens,Dresses
https://www.awin1.com/pclick.php?p=36331410235&a=2771700&m=24726,Goddiva Scallop Bardot Ruffle Mesh Maxi - Blush,36331410235,DR3742-BLUSH-12,https://cdn.shopify.com/s/files/1/0487/8834/0899/files/DR3742_blush_front_1729676752.jpg,"Elevate your evening elegance with our Scallop Bardot Ruffle Mesh Maxi. This stunning dress effortlessly combines timeless sophistication with contemporary flair. This blush dress exudes a sense of grandeur, making it perfect for formal occasions and glamorous evenings out. The Bardot neckline adds a touch of classic allure, beautifully framing your shoulders and collarbone. The real showstopper, however, is the sequin bodice that glistens and shimmers with every movement, ensuring you'll be the centre of attention. The scallop detailing on the neckline adds a delicate and feminine touch, enhancing the overall charm of this blush dress. As you twirl, the ruffle detail on the skirt cascades gracefully, creating an enchanting silhouette. To cinch your waist and add a luxurious contrast, we've included a velvet waistband that complements the dress's opulence. Dazzle and delight in our Scallop Bardot Ruffle Mesh Maxi  a masterpiece that promises to make you feel like a true style icon.",Dresses,90,Goddiva,24726,Women's Dresses & Skirts,198,https://images2.productserve.com/?w=200&h=200&bg=white&trim=5&t=letterbox&url=ssl%3Acdn.shopify.com%2Fs%2Ffiles%2F1%2F0487%2F8834%2F0899%2Ffiles%2FDR3742_blush_front_1729676752.jpg&feedId=62769&k=88fdb00a3b94ba14d139775a40ad1a639b6e13f2,USD,,"Over $120 - Free Delivery, Less than $120 - $12",https://goddiva.us/products/goddiva-scallop-bardot-ruffle-mesh-maxi-blush,,,USD150,62769,Goddiva,1,,,,,,Womens,Dresses
https://www.awin1.com/pclick.php?p=35642119345&a=2771700&m=24726,Goddiva Sequin & Satin Dipped Hem Midi Dress - Black,35642119345,DR3621-BLACK-12,https://cdn.shopify.com/s/files/1/0487/8834/0899/files/25864_1717431397.jpg,"This stunning black midi occasion dress combines the glamour of sequins with the luxurious feel of satin for a truly show-stopping look. This black dress features a dipped hem that adds a touch of drama and sophistication. The sequin bodice sparkles and shines with every movement, while the satin skirt flows beautifully to create a flattering silhouette. The dress also has a sleeveless design and a v-neckline, making it perfect for any special occasion. Whether you're attending a wedding or a black-tie event, this sequin and satin dipped hem midi occasion dress is sure to make you feel like a true star.",Dresses,76,Goddiva,24726,Women's Dresses & Skirts,198,https://images2.productserve.com/?w=200&h=200&bg=white&trim=5&t=letterbox&url=ssl%3Acdn.shopify.com%2Fs%2Ffiles%2F1%2F0487%2F8834%2F0899%2Ffiles%2F25864_1717431397.jpg&feedId=62769&k=06dc5f51e8a42f4197d418d457f8a06acf9d6061,USD,,"Over $120 - Free Delivery, Less than $120 - $12",https://goddiva.us/products/goddiva-sequin-satin-dipped-hem-midi-dress-black,,,USD130,62769,Goddiva,1,,,,,,Womens,Dresses
https://www.awin1.com/pclick.php?p=35807827758&a=2771700&m=24726,Goddiva Satin Cowl Neck With Strappy Back Maxi - Pink,35807827758,DR2113QZ-PINK-6,https://cdn.shopify.com/s/files/1/0487/8834/0899/files/dr2113_pink_back_1761208045.png,"Dare to be fabulous and fierce in this fun & flirty cowl neck with strappy back satin maxi evening dress by Goddiva. This lively designed long pink gown, is the crowning choice for your upcoming special occasion events. This sexy pink satin styled maxi dress has fancy detailing throughout, like its upward pleating detail on the bodice, its flattering cowl neck line and its delicate pleated skirt. Wearing this outstanding and affordable pink silk gown will show off your shapely figure and give you the ultimate WOW factor! Its mermaid hem line brings a magical feel to such a beautiful dress; making this the best choice for weddings, proms, bridesmaids and every other extra special event you can possibly think of. Get the full look by finishing off this look with some stunning metallic heels, matching metallic clutch bag and accessories with minimal jewellery to have the spotlight on you!",Dresses,58,Goddiva,24726,Women's Dresses & Skirts,198,https://images2.productserve.com/?w=200&h=200&bg=white&trim=5&t=letterbox&url=ssl%3Acdn.shopify.com%2Fs%2Ffiles%2F1%2F0487%2F8834%2F0899%2Ffiles%2Fdr2113_pink_back_1761208045.png&feedId=62769&k=ffd67d0bbf13296b4899b0f3a35ac42e38434274,USD,,"Over $120 - Free Delivery, Less than $120 - $12",https://goddiva.us/products/goddiva-satin-cowl-neck-with-strappy-back-maxi-pink,,,USD116,62769,Goddiva,1,,,,,,Womens,Dresses
https://www.awin1.com/pclick.php?p=35754887281&a=2771700&m=24726,Goddiva Sequin & Satin Dipped Hem Midi Dress - Blush,35754887281,DR3621-BLUSH-8,https://cdn.shopify.com/s/files/1/0487/8834/0899/files/DR3621_BLUSH_268430_FRONT_1715268539.jpg,"This stunning blush midi occasion dress combines the glamour of sequins with the luxurious feel of satin for a truly show-stopping look. This light pink dress features a dipped hem that adds a touch of drama and sophistication. The sequin bodice sparkles and shines with every movement, while the satin skirt flows beautifully to create a flattering silhouette. The dress also has a sleeveless design and a v-neckline, making it perfect for any special occasion. Whether you're attending a wedding or a black-tie event, this sequin and satin dipped hem midi occasion dress is sure to make you feel like a true star.",Dresses,76,Goddiva,24726,Women's Dresses & Skirts,198,https://images2.productserve.com/?w=200&h=200&bg=white&trim=5&t=letterbox&url=ssl%3Acdn.shopify.com%2Fs%2Ffiles%2F1%2F0487%2F8834%2F0899%2Ffiles%2FDR3621_BLUSH_268430_FRONT_1715268539.jpg&feedId=62769&k=b52ceadd9f3523cf25151051959a1ec96c3962f4,USD,,"Over $120 - Free Delivery, Less than $120 - $12",https://goddiva.us/products/goddiva-sequin-satin-dipped-hem-midi-dress-blush,,,USD130,62769,Goddiva,1,,,,,,Womens,Dresses
https://www.awin1.com/pclick.php?p=35849225867&a=2771700&m=24726,Goddiva Pleated Bandeau Bodice Chiffon Tiered Midi - Orange,35849225867,DR3811-BURNTORANGE-12,https://cdn.shopify.com/s/files/1/0487/8834/0899/files/DR3811_BURNTORANGE_FRONT_1713172604.jpg,"This stunning Pleated Bandeau Bodice Chiffon Tiered Midi dress - the perfect choice for any special occasion. Crafted from high-quality chiffon fabric, this burnt orange dress is both stylish and comfortable, making it the perfect choice for wedding guests, date nights, or parties. The pleated bandeau bodice adds a touch of elegance to this stunning midi dress, while the tiered chiffon skirt adds a playful and flirty touch. The midi length of the dress makes it a versatile choice for any occasion, ensuring that you'll feel confident and comfortable no matter where the night takes you. The lightweight chiffon fabric of this little number ensures that it drapes beautifully on the body, creating a flattering and feminine silhouette. This terracotta dress is available in a range of colors, making it easy to find the perfect match for your personal style. So why settle for a boring outfit when you can turn heads in our Pleated Bandeau Bodice Chiffon Tiered Midi dress? Whether you're attending a wedding, a date night, or a party, this dress is the perfect choice for looking and feeling your best. Order now and get ready to make a statement at your next special occasion!",Dresses,95,Goddiva,24726,Women's Dresses & Skirts,198,https://images2.productserve.com/?w=200&h=200&bg=white&trim=5&t=letterbox&url=ssl%3Acdn.shopify.com%2Fs%2Ffiles%2F1%2F0487%2F8834%2F0899%2Ffiles%2FDR3811_BURNTORANGE_FRONT_1713172604.jpg&feedId=62769&k=24918bd45d47d929a34974e6596a6e3911dbe524,USD,,"Over $120 - Free Delivery, Less than $120 - $12",https://goddiva.us/products/goddiva-pleated-bandeau-bodice-chiffon-tiered-midi-orange,,,USD136,62769,Goddiva,1,,,,,,Womens,Dresses
https://www.awin1.com/pclick.php?p=36556608748&a=2771700&m=24726,Goddiva Square Neck Gathered Waist Velvet Maxi - Burgundy,36556608748,DR3994-BURGUNDY-10,https://cdn.shopify.com/s/files/1/0487/8834/0899/products/DR3994_WINE_front_l_1698836895.jpg,"Indulge in timeless elegance with our Square Neck Gathered Waist Velvet Maxi Dress, the perfect pick for those extra-special occasions. This stunning burgundy maxi dress is crafted to make you shine, whether you're gracing a wedding as a cherished guest or playing a pivotal role as a bridesmaid. It's the go-to choice for creating enchanting memories at any noteworthy event. The square neckline on this timeless burgundy number exudes a classic and sophisticated charm, setting the stage for a look that's as graceful as it is stylish. The long sleeves provide both warmth and an added touch of grace, making this burgundy dress perfect for any occasion. With gathered detailing at the waist, this dress not only accentuates your curves but also ensures that you feel confident and chic. The soft touch velvet material adds a hint of luxury, making it the ideal choice for special moments. Our Square Neck Gathered Waist Velvet Maxi Dress is designed to ensure that you make a lasting impression at any occasion. Embrace the elegance, create unforgettable memories, and stand out. Don't just attend the event; own it with grace and style.",Dresses,90,Goddiva,24726,Women's Dresses & Skirts,198,https://images2.productserve.com/?w=200&h=200&bg=white&trim=5&t=letterbox&url=ssl%3Acdn.shopify.com%2Fs%2Ffiles%2F1%2F0487%2F8834%2F0899%2Fproducts%2FDR3994_WINE_front_l_1698836895.jpg&feedId=62769&k=11b6837a253b038ae8391e6bd48f9cde2ca1aa78,USD,,"Over $120 - Free Delivery, Less than $120 - $12",https://goddiva.us/products/goddiva-square-neck-gathered-waist-velvet-maxi-burgundy,,,USD170,62769,Goddiva,1,,,,,,Womens,Dresses
https://www.awin1.com/pclick.php?p=35754887282&a=2771700&m=24726,Goddiva Sequin & Satin Dipped Hem Midi Dress - Blush,35754887282,DR3621-BLUSH-10,https://cdn.shopify.com/s/files/1/0487/8834/0899/files/DR3621_BLUSH_268430_FRONT_1715268539.jpg,"This stunning blush midi occasion dress combines the glamour of sequins with the luxurious feel of satin for a truly show-stopping look. This light pink dress features a dipped hem that adds a touch of drama and sophistication. The sequin bodice sparkles and shines with every movement, while the satin skirt flows beautifully to create a flattering silhouette. The dress also has a sleeveless design and a v-neckline, making it perfect for any special occasion. Whether you're attending a wedding or a black-tie event, this sequin and satin dipped hem midi occasion dress is sure to make you feel like a true star.",Dresses,76,Goddiva,24726,Women's Dresses & Skirts,198,https://images2.productserve.com/?w=200&h=200&bg=white&trim=5&t=letterbox&url=ssl%3Acdn.shopify.com%2Fs%2Ffiles%2F1%2F0487%2F8834%2F0899%2Ffiles%2FDR3621_BLUSH_268430_FRONT_1715268539.jpg&feedId=62769&k=b52ceadd9f3523cf25151051959a1ec96c3962f4,USD,,"Over $120 - Free Delivery, Less than $120 - $12",https://goddiva.us/products/goddiva-sequin-satin-dipped-hem-midi-dress-blush,,,USD130,62769,Goddiva,1,,,,,,Womens,Dresses
https://www.awin1.com/pclick.php?p=35655990292&a=2771700&m=24726,Goddiva Wrap Front Maxi With Flutter Sleeves - Red,35655990292,DR2565B-RED-12,https://cdn.shopify.com/s/files/1/0487/8834/0899/files/25827_1717432644.jpg,"Get the ultimate look this season in this fun and flirty red wrap front maxi dress with flutter sleeves is a flawless choice this season. This crafty designed gown from the Goddiva summer collection is a number one choice for so many occasions, whether it's for a garden party, casual days out or brunch with friends, not to mention a perfect option for wedding guests. Jazzing up this sleek style is so easy, giving it a completely new look each time you step into it. In its red, this timeless style is going to fit perfectly in your closet, making it your new favourite. Its flavoursome maxi length floaty skirt and faux wrap neckline, this dress is completely fool-proof.",Dresses,76,Goddiva,24726,Women's Dresses & Skirts,198,https://images2.productserve.com/?w=200&h=200&bg=white&trim=5&t=letterbox&url=ssl%3Acdn.shopify.com%2Fs%2Ffiles%2F1%2F0487%2F8834%2F0899%2Ffiles%2F25827_1717432644.jpg&feedId=62769&k=997290a03d735eb06ff182788abe3a1a15d64ca7,USD,,"Over $120 - Free Delivery, Less than $120 - $12",https://goddiva.us/products/goddiva-wrap-front-maxi-with-flutter-sleeves-red,,,USD130,62769,Goddiva,1,,,,,,Womens,Dresses
https://www.awin1.com/pclick.php?p=34671132713&a=2771700&m=24726,Goddiva One Shoulder Asymmetric Midi Dress - Purple,34671132713,DR3702-PURPLE-8,https://cdn.shopify.com/s/files/1/0487/8834/0899/files/DR3702_PURPLE_18162_front_1773417258.jpg,"Goddiva's One Shoulder Asymmetric Midi is a sexy and stylish dress that has been designed to turn heads. This remarkable purple piece will be sure to grab the attention you deserve at any special occasion, whether it is a night out, date night, wedding guest, or birthday celebration. With its one shoulder style teamed with an asymmetrical neckline and hem, this sparkly purple celebratory number is your perfect pick for the season! This stunning one shoulder dress features an asymmetric cut that is flattering for all body types, making it an absolute showstopper! Pair it with your favourite heels and accessories to make the look complete.",Dresses,58,Goddiva,24726,Women's Dresses & Skirts,198,https://images2.productserve.com/?w=200&h=200&bg=white&trim=5&t=letterbox&url=ssl%3Acdn.shopify.com%2Fs%2Ffiles%2F1%2F0487%2F8834%2F0899%2Ffiles%2FDR3702_PURPLE_18162_front_1773417258.jpg&feedId=62769&k=15bdf9b57aaf55371b909472bb2bdd64c7ebb849,USD,,"Over $120 - Free Delivery, Less than $120 - $12",https://goddiva.us/products/goddiva-one-shoulder-asymmetric-midi-dress-purple,,,USD116,62769,Goddiva,1,,,,,,Womens,Dresses
https://www.awin1.com/pclick.php?p=35807827761&a=2771700&m=24726,Goddiva Satin Cowl Neck With Strappy Back Maxi - Pink,35807827761,DR2113QZ-PINK-12,https://cdn.shopify.com/s/files/1/0487/8834/0899/files/dr2113_pink_back_1761208045.png,"Dare to be fabulous and fierce in this fun & flirty cowl neck with strappy back satin maxi evening dress by Goddiva. This lively designed long pink gown, is the crowning choice for your upcoming special occasion events. This sexy pink satin styled maxi dress has fancy detailing throughout, like its upward pleating detail on the bodice, its flattering cowl neck line and its delicate pleated skirt. Wearing this outstanding and affordable pink silk gown will show off your shapely figure and give you the ultimate WOW factor! Its mermaid hem line brings a magical feel to such a beautiful dress; making this the best choice for weddings, proms, bridesmaids and every other extra special event you can possibly think of. Get the full look by finishing off this look with some stunning metallic heels, matching metallic clutch bag and accessories with minimal jewellery to have the spotlight on you!",Dresses,58,Goddiva,24726,Women's Dresses & Skirts,198,https://images2.productserve.com/?w=200&h=200&bg=white&trim=5&t=letterbox&url=ssl%3Acdn.shopify.com%2Fs%2Ffiles%2F1%2F0487%2F8834%2F0899%2Ffiles%2Fdr2113_pink_back_1761208045.png&feedId=62769&k=ffd67d0bbf13296b4899b0f3a35ac42e38434274,USD,,"Over $120 - Free Delivery, Less than $120 - $12",https://goddiva.us/products/goddiva-satin-cowl-neck-with-strappy-back-maxi-pink,,,USD116,62769,Goddiva,1,,,,,,Womens,Dresses
https://www.awin1.com/pclick.php?p=36331410236&a=2771700&m=24726,Goddiva Scallop Bardot Ruffle Mesh Maxi - Blush,36331410236,DR3742-BLUSH-14,https://cdn.shopify.com/s/files/1/0487/8834/0899/files/DR3742_blush_front_1729676752.jpg,"Elevate your evening elegance with our Scallop Bardot Ruffle Mesh Maxi. This stunning dress effortlessly combines timeless sophistication with contemporary flair. This blush dress exudes a sense of grandeur, making it perfect for formal occasions and glamorous evenings out. The Bardot neckline adds a touch of classic allure, beautifully framing your shoulders and collarbone. The real showstopper, however, is the sequin bodice that glistens and shimmers with every movement, ensuring you'll be the centre of attention. The scallop detailing on the neckline adds a delicate and feminine touch, enhancing the overall charm of this blush dress. As you twirl, the ruffle detail on the skirt cascades gracefully, creating an enchanting silhouette. To cinch your waist and add a luxurious contrast, we've included a velvet waistband that complements the dress's opulence. Dazzle and delight in our Scallop Bardot Ruffle Mesh Maxi  a masterpiece that promises to make you feel like a true style icon.",Dresses,90,Goddiva,24726,Women's Dresses & Skirts,198,https://images2.productserve.com/?w=200&h=200&bg=white&trim=5&t=letterbox&url=ssl%3Acdn.shopify.com%2Fs%2Ffiles%2F1%2F0487%2F8834%2F0899%2Ffiles%2FDR3742_blush_front_1729676752.jpg&feedId=62769&k=88fdb00a3b94ba14d139775a40ad1a639b6e13f2,USD,,"Over $120 - Free Delivery, Less than $120 - $12",https://goddiva.us/products/goddiva-scallop-bardot-ruffle-mesh-maxi-blush,,,USD150,62769,Goddiva,1,,,,,,Womens,Dresses
https://www.awin1.com/pclick.php?p=35642119344&a=2771700&m=24726,Goddiva Sequin & Satin Dipped Hem Midi Dress - Black,35642119344,DR3621-BLACK-10,https://cdn.shopify.com/s/files/1/0487/8834/0899/files/25864_1717431397.jpg,"This stunning black midi occasion dress combines the glamour of sequins with the luxurious feel of satin for a truly show-stopping look. This black dress features a dipped hem that adds a touch of drama and sophistication. The sequin bodice sparkles and shines with every movement, while the satin skirt flows beautifully to create a flattering silhouette. The dress also has a sleeveless design and a v-neckline, making it perfect for any special occasion. Whether you're attending a wedding or a black-tie event, this sequin and satin dipped hem midi occasion dress is sure to make you feel like a true star.",Dresses,76,Goddiva,24726,Women's Dresses & Skirts,198,https://images2.productserve.com/?w=200&h=200&bg=white&trim=5&t=letterbox&url=ssl%3Acdn.shopify.com%2Fs%2Ffiles%2F1%2F0487%2F8834%2F0899%2Ffiles%2F25864_1717431397.jpg&feedId=62769&k=06dc5f51e8a42f4197d418d457f8a06acf9d6061,USD,,"Over $120 - Free Delivery, Less than $120 - $12",https://goddiva.us/products/goddiva-sequin-satin-dipped-hem-midi-dress-black,,,USD130,62769,Goddiva,1,,,,,,Womens,Dresses
https://www.awin1.com/pclick.php?p=36556608750&a=2771700&m=24726,Goddiva Square Neck Gathered Waist Velvet Maxi - Burgundy,36556608750,DR3994-BURGUNDY-14,https://cdn.shopify.com/s/files/1/0487/8834/0899/products/DR3994_WINE_front_l_1698836895.jpg,"Indulge in timeless elegance with our Square Neck Gathered Waist Velvet Maxi Dress, the perfect pick for those extra-special occasions. This stunning burgundy maxi dress is crafted to make you shine, whether you're gracing a wedding as a cherished guest or playing a pivotal role as a bridesmaid. It's the go-to choice for creating enchanting memories at any noteworthy event. The square neckline on this timeless burgundy number exudes a classic and sophisticated charm, setting the stage for a look that's as graceful as it is stylish. The long sleeves provide both warmth and an added touch of grace, making this burgundy dress perfect for any occasion. With gathered detailing at the waist, this dress not only accentuates your curves but also ensures that you feel confident and chic. The soft touch velvet material adds a hint of luxury, making it the ideal choice for special moments. Our Square Neck Gathered Waist Velvet Maxi Dress is designed to ensure that you make a lasting impression at any occasion. Embrace the elegance, create unforgettable memories, and stand out. Don't just attend the event; own it with grace and style.",Dresses,90,Goddiva,24726,Women's Dresses & Skirts,198,https://images2.productserve.com/?w=200&h=200&bg=white&trim=5&t=letterbox&url=ssl%3Acdn.shopify.com%2Fs%2Ffiles%2F1%2F0487%2F8834%2F0899%2Fproducts%2FDR3994_WINE_front_l_1698836895.jpg&feedId=62769&k=11b6837a253b038ae8391e6bd48f9cde2ca1aa78,USD,,"Over $120 - Free Delivery, Less than $120 - $12",https://goddiva.us/products/goddiva-square-neck-gathered-waist-velvet-maxi-burgundy,,,USD170,62769,Goddiva,1,,,,,,Womens,Dresses
https://www.awin1.com/pclick.php?p=37976445267&a=2771700&m=24726,Goddiva Bardot Pleated Maxi Dress - Coral,37976445267,DR1092-CORAL-12,https://cdn.shopify.com/s/files/1/0487/8834/0899/files/DR1092_CORAL_0003_front_1770629283.jpg,"Hello gorgeous! Thats exactly the greeting youll be getting in this beautiful off-the-shoulder maxi dress by Goddiva. This Bardot pleated maxi dress is the perfect piece to accompany you to any evening occasion. Its bold coral color and classic long length, not to mention its flattering pleating detail, this occasion dress is one that will suit all. This floor-length coral gown is perfect for those extra special occasions. Give your bridesmaids an extra elegant feel, or blossom as a wedding guest. This sophisticated dress is also the perfect companion for proms, graduations, and basically any occasion you have coming up. Bright and bold is exactly what is on trend right now, so this dress will make you feel like the Goddiva Goddess you are!",Dresses,90,Goddiva,24726,Women's Dresses & Skirts,198,https://images2.productserve.com/?w=200&h=200&bg=white&trim=5&t=letterbox&url=ssl%3Acdn.shopify.com%2Fs%2Ffiles%2F1%2F0487%2F8834%2F0899%2Ffiles%2FDR1092_CORAL_0003_front_1770629283.jpg&feedId=62769&k=fa7868bc0ad8ec644b971b99da50cb8068f85510,USD,,"Over $120 - Free Delivery, Less than $120 - $12",https://goddiva.us/products/goddiva-bardot-pleated-maxi-dress-coral,,,USD190,62769,Goddiva,1,,,,,,Womens,Dresses
https://www.awin1.com/pclick.php?p=37976445266&a=2771700&m=24726,Goddiva Bardot Pleated Maxi Dress - Coral,37976445266,DR1092-CORAL-10,https://cdn.shopify.com/s/files/1/0487/8834/0899/files/DR1092_CORAL_0003_front_1770629283.jpg,"Hello gorgeous! Thats exactly the greeting youll be getting in this beautiful off-the-shoulder maxi dress by Goddiva. This Bardot pleated maxi dress is the perfect piece to accompany you to any evening occasion. Its bold coral color and classic long length, not to mention its flattering pleating detail, this occasion dress is one that will suit all. This floor-length coral gown is perfect for those extra special occasions. Give your bridesmaids an extra elegant feel, or blossom as a wedding guest. This sophisticated dress is also the perfect companion for proms, graduations, and basically any occasion you have coming up. Bright and bold is exactly what is on trend right now, so this dress will make you feel like the Goddiva Goddess you are!",Dresses,90,Goddiva,24726,Women's Dresses & Skirts,198,https://images2.productserve.com/?w=200&h=200&bg=white&trim=5&t=letterbox&url=ssl%3Acdn.shopify.com%2Fs%2Ffiles%2F1%2F0487%2F8834%2F0899%2Ffiles%2FDR1092_CORAL_0003_front_1770629283.jpg&feedId=62769&k=fa7868bc0ad8ec644b971b99da50cb8068f85510,USD,,"Over $120 - Free Delivery, Less than $120 - $12",https://goddiva.us/products/goddiva-bardot-pleated-maxi-dress-coral,,,USD190,62769,Goddiva,1,,,,,,Womens,Dresses
https://www.awin1.com/pclick.php?p=37976445265&a=2771700&m=24726,Goddiva Bardot Pleated Maxi Dress - Coral,37976445265,DR1092-CORAL-8,https://cdn.shopify.com/s/files/1/0487/8834/0899/files/DR1092_CORAL_0003_front_1770629283.jpg,"Hello gorgeous! Thats exactly the greeting youll be getting in this beautiful off-the-shoulder maxi dress by Goddiva. This Bardot pleated maxi dress is the perfect piece to accompany you to any evening occasion. Its bold coral color and classic long length, not to mention its flattering pleating detail, this occasion dress is one that will suit all. This floor-length coral gown is perfect for those extra special occasions. Give your bridesmaids an extra elegant feel, or blossom as a wedding guest. This sophisticated dress is also the perfect companion for proms, graduations, and basically any occasion you have coming up. Bright and bold is exactly what is on trend right now, so this dress will make you feel like the Goddiva Goddess you are!",Dresses,90,Goddiva,24726,Women's Dresses & Skirts,198,https://images2.productserve.com/?w=200&h=200&bg=white&trim=5&t=letterbox&url=ssl%3Acdn.shopify.com%2Fs%2Ffiles%2F1%2F0487%2F8834%2F0899%2Ffiles%2FDR1092_CORAL_0003_front_1770629283.jpg&feedId=62769&k=fa7868bc0ad8ec644b971b99da50cb8068f85510,USD,,"Over $120 - Free Delivery, Less than $120 - $12",https://goddiva.us/products/goddiva-bardot-pleated-maxi-dress-coral,,,USD190,62769,Goddiva,1,,,,,,Womens,Dresses
https://www.awin1.com/pclick.php?p=37987373615&a=2771700&m=24726,Goddiva Floral Printed Scuba Foam Skater Dress - Blue,37987373615,DR4269-BLUE-14,https://cdn.shopify.com/s/files/1/0487/8834/0899/files/DR4269_blue_32758_front_1767706759.jpg,"Step into the season with the Floral Printed Scuba Foam Skater Dress, a luxurious addition to your wardrobe that promises to turn heads at every occasion. This stunning blue midi dress features an A-line skirt that beautifully accentuates your silhouette, while the floral border print and matching floral bust create a harmonious and eye-catching design. The capped sleeves add a touch of sophistication, perfect for enhancing your graceful presence at weddings, brunches, semi-formal events, and garden parties. Made from premium Scuba Foam, this blue dress offers both comfort and a flattering fit, ensuring you feel as fabulous as you look. The intricate floral prints are a nod to spring and summer's vibrant energy, making it an ideal choice for seasonal celebrations. Whether you're mingling with guests or enjoying a leisurely afternoon, this blue dress exudes effortless charm and style. Dont miss out on this affordable yet exquisite piece that combines elegance with versatility. Make a statement wherever you go with the Floral Printed Scuba Foam Skater Dress  the perfect blend of sophistication and contemporary fashion. Embrace the allure of floral prints and A-line elegance, and make this your go-to dress for all your spring and summer events. Act now and let this must-have blue dress become the centrepiece of your seasonal wardrobe.",Dresses,96,Goddiva,24726,Women's Dresses & Skirts,198,https://images2.productserve.com/?w=200&h=200&bg=white&trim=5&t=letterbox&url=ssl%3Acdn.shopify.com%2Fs%2Ffiles%2F1%2F0487%2F8834%2F0899%2Ffiles%2FDR4269_blue_32758_front_1767706759.jpg&feedId=62769&k=abda781510dae034edd6378d1bf3579b9853e72e,USD,,"Over $120 - Free Delivery, Less than $120 - $12",https://goddiva.us/products/goddiva-floral-printed-scuba-foam-skater-dress-blue,,,USD116,62769,Goddiva,1,,,,,,Womens,Dresses
https://www.awin1.com/pclick.php?p=37987373614&a=2771700&m=24726,Goddiva Floral Printed Scuba Foam Skater Dress - Blue,37987373614,DR4269-BLUE-12,https://cdn.shopify.com/s/files/1/0487/8834/0899/files/DR4269_blue_32758_front_1767706759.jpg,"Step into the season with the Floral Printed Scuba Foam Skater Dress, a luxurious addition to your wardrobe that promises to turn heads at every occasion. This stunning blue midi dress features an A-line skirt that beautifully accentuates your silhouette, while the floral border print and matching floral bust create a harmonious and eye-catching design. The capped sleeves add a touch of sophistication, perfect for enhancing your graceful presence at weddings, brunches, semi-formal events, and garden parties. Made from premium Scuba Foam, this blue dress offers both comfort and a flattering fit, ensuring you feel as fabulous as you look. The intricate floral prints are a nod to spring and summer's vibrant energy, making it an ideal choice for seasonal celebrations. Whether you're mingling with guests or enjoying a leisurely afternoon, this blue dress exudes effortless charm and style. Dont miss out on this affordable yet exquisite piece that combines elegance with versatility. Make a statement wherever you go with the Floral Printed Scuba Foam Skater Dress  the perfect blend of sophistication and contemporary fashion. Embrace the allure of floral prints and A-line elegance, and make this your go-to dress for all your spring and summer events. Act now and let this must-have blue dress become the centrepiece of your seasonal wardrobe.",Dresses,96,Goddiva,24726,Women's Dresses & Skirts,198,https://images2.productserve.com/?w=200&h=200&bg=white&trim=5&t=letterbox&url=ssl%3Acdn.shopify.com%2Fs%2Ffiles%2F1%2F0487%2F8834%2F0899%2Ffiles%2FDR4269_blue_32758_front_1767706759.jpg&feedId=62769&k=abda781510dae034edd6378d1bf3579b9853e72e,USD,,"Over $120 - Free Delivery, Less than $120 - $12",https://goddiva.us/products/goddiva-floral-printed-scuba-foam-skater-dress-blue,,,USD116,62769,Goddiva,1,,,,,,Womens,Dresses
https://www.awin1.com/pclick.php?p=37987373612&a=2771700&m=24726,Goddiva Floral Printed Scuba Foam Skater Dress - Blue,37987373612,DR4269-BLUE-8,https://cdn.shopify.com/s/files/1/0487/8834/0899/files/DR4269_blue_32758_front_1767706759.jpg,"Step into the season with the Floral Printed Scuba Foam Skater Dress, a luxurious addition to your wardrobe that promises to turn heads at every occasion. This stunning blue midi dress features an A-line skirt that beautifully accentuates your silhouette, while the floral border print and matching floral bust create a harmonious and eye-catching design. The capped sleeves add a touch of sophistication, perfect for enhancing your graceful presence at weddings, brunches, semi-formal events, and garden parties. Made from premium Scuba Foam, this blue dress offers both comfort and a flattering fit, ensuring you feel as fabulous as you look. The intricate floral prints are a nod to spring and summer's vibrant energy, making it an ideal choice for seasonal celebrations. Whether you're mingling with guests or enjoying a leisurely afternoon, this blue dress exudes effortless charm and style. Dont miss out on this affordable yet exquisite piece that combines elegance with versatility. Make a statement wherever you go with the Floral Printed Scuba Foam Skater Dress  the perfect blend of sophistication and contemporary fashion. Embrace the allure of floral prints and A-line elegance, and make this your go-to dress for all your spring and summer events. Act now and let this must-have blue dress become the centrepiece of your seasonal wardrobe.",Dresses,96,Goddiva,24726,Women's Dresses & Skirts,198,https://images2.productserve.com/?w=200&h=200&bg=white&trim=5&t=letterbox&url=ssl%3Acdn.shopify.com%2Fs%2Ffiles%2F1%2F0487%2F8834%2F0899%2Ffiles%2FDR4269_blue_32758_front_1767706759.jpg&feedId=62769&k=abda781510dae034edd6378d1bf3579b9853e72e,USD,,"Over $120 - Free Delivery, Less than $120 - $12",https://goddiva.us/products/goddiva-floral-printed-scuba-foam-skater-dress-blue,,,USD116,62769,Goddiva,1,,,,,,Womens,Dresses
https://www.awin1.com/pclick.php?p=37987373613&a=2771700&m=24726,Goddiva Floral Printed Scuba Foam Skater Dress - Blue,37987373613,DR4269-BLUE-10,https://cdn.shopify.com/s/files/1/0487/8834/0899/files/DR4269_blue_32758_front_1767706759.jpg,"Step into the season with the Floral Printed Scuba Foam Skater Dress, a luxurious addition to your wardrobe that promises to turn heads at every occasion. This stunning blue midi dress features an A-line skirt that beautifully accentuates your silhouette, while the floral border print and matching floral bust create a harmonious and eye-catching design. The capped sleeves add a touch of sophistication, perfect for enhancing your graceful presence at weddings, brunches, semi-formal events, and garden parties. Made from premium Scuba Foam, this blue dress offers both comfort and a flattering fit, ensuring you feel as fabulous as you look. The intricate floral prints are a nod to spring and summer's vibrant energy, making it an ideal choice for seasonal celebrations. Whether you're mingling with guests or enjoying a leisurely afternoon, this blue dress exudes effortless charm and style. Dont miss out on this affordable yet exquisite piece that combines elegance with versatility. Make a statement wherever you go with the Floral Printed Scuba Foam Skater Dress  the perfect blend of sophistication and contemporary fashion. Embrace the allure of floral prints and A-line elegance, and make this your go-to dress for all your spring and summer events. Act now and let this must-have blue dress become the centrepiece of your seasonal wardrobe.",Dresses,96,Goddiva,24726,Women's Dresses & Skirts,198,https://images2.productserve.com/?w=200&h=200&bg=white&trim=5&t=letterbox&url=ssl%3Acdn.shopify.com%2Fs%2Ffiles%2F1%2F0487%2F8834%2F0899%2Ffiles%2FDR4269_blue_32758_front_1767706759.jpg&feedId=62769&k=abda781510dae034edd6378d1bf3579b9853e72e,USD,,"Over $120 - Free Delivery, Less than $120 - $12",https://goddiva.us/products/goddiva-floral-printed-scuba-foam-skater-dress-blue,,,USD116,62769,Goddiva,1,,,,,,Womens,Dresses