aw_deep_link,product_name,aw_product_id,merchant_product_id,merchant_image_url,description,merchant_category,search_price,merchant_name,merchant_id,category_name,category_id,aw_image_url,currency,store_price,delivery_cost,merchant_deep_link,language,last_updated,display_price,data_feed_id,brand_name,in_stock,large_image,alternate_image,alternate_image_two,alternate_image_four,alternate_image_three,gender_added,category_added
https://www.awin1.com/pclick.php?p=36129720802&a=2771700&m=24726,Cosmochic Leopard Print Crop Top&legging Lounge Set - Brown,36129720802,TS6-BROWNLEOPARD-SM,https://cdn.shopify.com/s/files/1/0487/8834/0899/products/RcxnGFbS-5233.jpg,"In its brown leopard color, this foolproof style is one you will be bringing out all the time as the game-changer. Wear as a set or as separate, mix and match the top with oversized high-waisted joggers or team the leggings with a baggy t-shirt, get 3 outfits out of one. Teamed with some sneakers, this patterned style will take you far. Wear as an at-home style or to do the weekly shop, daily walks in the park or to run to the shops, this style is ready for you no matter what. High collar neckline, long sleeves, crop style, full-length leggings, thick waistbandFabric Composition - 95% Polyester 5% ElastaneSOLD AS A SET",Clothing,38,Goddiva (US),24726,Women's Trousers,201,https://images2.productserve.com/?w=200&h=200&bg=white&trim=5&t=letterbox&url=ssl%3Acdn.shopify.com%2Fs%2Ffiles%2F1%2F0487%2F8834%2F0899%2Fproducts%2FRcxnGFbS-5233.jpg&feedId=62769&k=77661f61830854e734d8a0ccd1d1e0a5fcf02af4,USD,,"Over $120 - Free Delivery, Less than $120 - $12",https://goddiva.us/products/cosmochic-leopard-print-crop-top-legging-lounge-set-brown,,,USD70,62769,Cosmochic,1,,,,,,Womens,Tops & T-Shirts
https://www.awin1.com/pclick.php?p=36129720813&a=2771700&m=24726,Cosmochic Side Detail Bralette & Cycle Short Set - Beige,36129720813,TS5-BEIGE-M,https://cdn.shopify.com/s/files/1/0487/8834/0899/products/9a4TVLn2-5238.jpg,"Its stretchy fabric makes this a winner for stretching out for yoga or doing an at-home workout. This design is also a top pick for warmer months, teamed with an oversized sweater giving you the ultimate layer trend. In its basic beige color, you can't go wrong. Its on-trend-cycle shorts and fitted bralette make this a lounge set you need to have.Spaghetti straps, cycle shorts, rouched detailing, pull-on style.Fabric Composition - 95% Polyester 5% Elastane SOLD AS A SET",Clothing,38,Goddiva (US),24726,Women's Trousers,201,https://images2.productserve.com/?w=200&h=200&bg=white&trim=5&t=letterbox&url=ssl%3Acdn.shopify.com%2Fs%2Ffiles%2F1%2F0487%2F8834%2F0899%2Fproducts%2F9a4TVLn2-5238.jpg&feedId=62769&k=7321803d08569ff94e157e44b82c5a1e2786070a,USD,,"Over $120 - Free Delivery, Less than $120 - $12",https://goddiva.us/products/cosmochic-side-detail-bralette-cycle-short-set-beige,,,USD52,62769,Cosmochic,1,,,,,,Womens,Co-Ord
https://www.awin1.com/pclick.php?p=36129720767&a=2771700&m=24726,Cosmochic Cropped Bralette & Cycle Short Set - Purple,36129720767,TS8-PURPLE-SM,https://cdn.shopify.com/s/files/1/0487/8834/0899/products/xlUKwGjm-5223.jpg,"This purple color short set is not only a great pick for working out, but it is also top tier for lounging around the house, or for summer evenings chilling on the balcony with friends. Give the word chilling a sizzling hot meaning with this overly needed set. Bralette style cropped top, cycle shorts, spaghetti straps, pull-on style.Fabric Composition - 95% Polyester 5% ElastaneSOLD AS A SET",Clothing,10,Goddiva (US),24726,Women's Trousers,201,https://images2.productserve.com/?w=200&h=200&bg=white&trim=5&t=letterbox&url=ssl%3Acdn.shopify.com%2Fs%2Ffiles%2F1%2F0487%2F8834%2F0899%2Fproducts%2FxlUKwGjm-5223.jpg&feedId=62769&k=d84b546ce97a05017f3d690cbb04d7e078703491,USD,,"Over $120 - Free Delivery, Less than $120 - $12",https://goddiva.us/products/cosmochic-cropped-bralette-cycle-short-set-purple,,,USD52,62769,Cosmochic,1,,,,,,Womens,Co-Ord
https://www.awin1.com/pclick.php?p=36129720837&a=2771700&m=24726,Cosmochic Velour Hoodie & Short Set - Black,36129720837,TS22-BLACK-M,https://cdn.shopify.com/s/files/1/0487/8834/0899/products/Y8FJdHck-5249.jpg,"Its zipped hooded long sleeve jacket, cycle style shorts and soft-touch velvet finish, makes this outfit one you'll never want to part from. Its elasticated hem on the jacket gives you the opportunity to have the jacket positioned how you see fit, enabling you to show off those curves. While its elasticated waistband means this pull on style is designed to give you comfort no matter the occasion. Zipped hooded jacket, cycle style shorts, cuffed sleeve, velour fabric, soft touch, elastic hem on jacket, elasticated waistband on shortsFabric Composition - 95% Polyester 5% Elastane.SOLD AS A SET",Clothing,38,Goddiva (US),24726,Women's Trousers,201,https://images2.productserve.com/?w=200&h=200&bg=white&trim=5&t=letterbox&url=ssl%3Acdn.shopify.com%2Fs%2Ffiles%2F1%2F0487%2F8834%2F0899%2Fproducts%2FY8FJdHck-5249.jpg&feedId=62769&k=ff981a3f88b46141a826e4f8f13aa33275f4e2d4,USD,,"Over $120 - Free Delivery, Less than $120 - $12",https://goddiva.us/products/cosmochic-velour-hoodie-short-set-black,,,USD76,62769,Cosmochic,1,,,,,,Womens,Co-Ord
https://www.awin1.com/pclick.php?p=36129720836&a=2771700&m=24726,Cosmochic Velour Hoodie & Short Set - Black,36129720836,TS22-BLACK-S,https://cdn.shopify.com/s/files/1/0487/8834/0899/products/Y8FJdHck-5249.jpg,"Its zipped hooded long sleeve jacket, cycle style shorts and soft-touch velvet finish, makes this outfit one you'll never want to part from. Its elasticated hem on the jacket gives you the opportunity to have the jacket positioned how you see fit, enabling you to show off those curves. While its elasticated waistband means this pull on style is designed to give you comfort no matter the occasion. Zipped hooded jacket, cycle style shorts, cuffed sleeve, velour fabric, soft touch, elastic hem on jacket, elasticated waistband on shortsFabric Composition - 95% Polyester 5% Elastane.SOLD AS A SET",Clothing,38,Goddiva (US),24726,Women's Trousers,201,https://images2.productserve.com/?w=200&h=200&bg=white&trim=5&t=letterbox&url=ssl%3Acdn.shopify.com%2Fs%2Ffiles%2F1%2F0487%2F8834%2F0899%2Fproducts%2FY8FJdHck-5249.jpg&feedId=62769&k=ff981a3f88b46141a826e4f8f13aa33275f4e2d4,USD,,"Over $120 - Free Delivery, Less than $120 - $12",https://goddiva.us/products/cosmochic-velour-hoodie-short-set-black,,,USD76,62769,Cosmochic,1,,,,,,Womens,Co-Ord
https://www.awin1.com/pclick.php?p=36129720838&a=2771700&m=24726,Cosmochic Velour Hoodie & Short Set - Black,36129720838,TS22-BLACK-L,https://cdn.shopify.com/s/files/1/0487/8834/0899/products/Y8FJdHck-5249.jpg,"Its zipped hooded long sleeve jacket, cycle style shorts and soft-touch velvet finish, makes this outfit one you'll never want to part from. Its elasticated hem on the jacket gives you the opportunity to have the jacket positioned how you see fit, enabling you to show off those curves. While its elasticated waistband means this pull on style is designed to give you comfort no matter the occasion. Zipped hooded jacket, cycle style shorts, cuffed sleeve, velour fabric, soft touch, elastic hem on jacket, elasticated waistband on shortsFabric Composition - 95% Polyester 5% Elastane.SOLD AS A SET",Clothing,38,Goddiva (US),24726,Women's Trousers,201,https://images2.productserve.com/?w=200&h=200&bg=white&trim=5&t=letterbox&url=ssl%3Acdn.shopify.com%2Fs%2Ffiles%2F1%2F0487%2F8834%2F0899%2Fproducts%2FY8FJdHck-5249.jpg&feedId=62769&k=ff981a3f88b46141a826e4f8f13aa33275f4e2d4,USD,,"Over $120 - Free Delivery, Less than $120 - $12",https://goddiva.us/products/cosmochic-velour-hoodie-short-set-black,,,USD76,62769,Cosmochic,1,,,,,,Womens,Co-Ord
https://www.awin1.com/pclick.php?p=36129720768&a=2771700&m=24726,Cosmochic Cropped Bralette & Cycle Short Set - Purple,36129720768,TS8-PURPLE-ML,https://cdn.shopify.com/s/files/1/0487/8834/0899/products/xlUKwGjm-5223.jpg,"This purple color short set is not only a great pick for working out, but it is also top tier for lounging around the house, or for summer evenings chilling on the balcony with friends. Give the word chilling a sizzling hot meaning with this overly needed set. Bralette style cropped top, cycle shorts, spaghetti straps, pull-on style.Fabric Composition - 95% Polyester 5% ElastaneSOLD AS A SET",Clothing,10,Goddiva (US),24726,Women's Trousers,201,https://images2.productserve.com/?w=200&h=200&bg=white&trim=5&t=letterbox&url=ssl%3Acdn.shopify.com%2Fs%2Ffiles%2F1%2F0487%2F8834%2F0899%2Fproducts%2FxlUKwGjm-5223.jpg&feedId=62769&k=d84b546ce97a05017f3d690cbb04d7e078703491,USD,,"Over $120 - Free Delivery, Less than $120 - $12",https://goddiva.us/products/cosmochic-cropped-bralette-cycle-short-set-purple,,,USD52,62769,Cosmochic,1,,,,,,Womens,Co-Ord
https://www.awin1.com/pclick.php?p=36129720763&a=2771700&m=24726,Cosmochic Cropped Bralette & Cycle Short Set - Blue,36129720763,TS8-BLUE-SM,https://cdn.shopify.com/s/files/1/0487/8834/0899/products/GP8qSj3m-5221.jpg,"This blue color short set is not only a great pick for working out, but it is also top tier for lounging around the house, or for summer evenings chilling on the balcony with friends. Give the word chilling a sizzling hot meaning with this overly needed set. Bralette style cropped top, cycle shorts, spaghetti straps, pull-on style.Fabric Composition - 95% Polyester 5% ElastaneSOLD AS ASET",Clothing,38,Goddiva (US),24726,Women's Trousers,201,https://images2.productserve.com/?w=200&h=200&bg=white&trim=5&t=letterbox&url=ssl%3Acdn.shopify.com%2Fs%2Ffiles%2F1%2F0487%2F8834%2F0899%2Fproducts%2FGP8qSj3m-5221.jpg&feedId=62769&k=1b5f573ecb63f17ba2a04946e5b08d6461eb4150,USD,,"Over $120 - Free Delivery, Less than $120 - $12",https://goddiva.us/products/cosmochic-cropped-bralette-cycle-short-set-blue,,,USD52,62769,Cosmochic,1,,,,,,Womens,Co-Ord
https://www.awin1.com/pclick.php?p=36129720764&a=2771700&m=24726,Cosmochic Cropped Bralette & Cycle Short Set - Blue,36129720764,TS8-BLUE-ML,https://cdn.shopify.com/s/files/1/0487/8834/0899/products/GP8qSj3m-5221.jpg,"This blue color short set is not only a great pick for working out, but it is also top tier for lounging around the house, or for summer evenings chilling on the balcony with friends. Give the word chilling a sizzling hot meaning with this overly needed set. Bralette style cropped top, cycle shorts, spaghetti straps, pull-on style.Fabric Composition - 95% Polyester 5% ElastaneSOLD AS ASET",Clothing,38,Goddiva (US),24726,Women's Trousers,201,https://images2.productserve.com/?w=200&h=200&bg=white&trim=5&t=letterbox&url=ssl%3Acdn.shopify.com%2Fs%2Ffiles%2F1%2F0487%2F8834%2F0899%2Fproducts%2FGP8qSj3m-5221.jpg&feedId=62769&k=1b5f573ecb63f17ba2a04946e5b08d6461eb4150,USD,,"Over $120 - Free Delivery, Less than $120 - $12",https://goddiva.us/products/cosmochic-cropped-bralette-cycle-short-set-blue,,,USD52,62769,Cosmochic,1,,,,,,Womens,Co-Ord
https://www.awin1.com/pclick.php?p=36129720814&a=2771700&m=24726,Cosmochic Side Detail Bralette & Cycle Short Set - Beige,36129720814,TS5-BEIGE-L,https://cdn.shopify.com/s/files/1/0487/8834/0899/products/9a4TVLn2-5238.jpg,"Its stretchy fabric makes this a winner for stretching out for yoga or doing an at-home workout. This design is also a top pick for warmer months, teamed with an oversized sweater giving you the ultimate layer trend. In its basic beige color, you can't go wrong. Its on-trend-cycle shorts and fitted bralette make this a lounge set you need to have.Spaghetti straps, cycle shorts, rouched detailing, pull-on style.Fabric Composition - 95% Polyester 5% Elastane SOLD AS A SET",Clothing,38,Goddiva (US),24726,Women's Trousers,201,https://images2.productserve.com/?w=200&h=200&bg=white&trim=5&t=letterbox&url=ssl%3Acdn.shopify.com%2Fs%2Ffiles%2F1%2F0487%2F8834%2F0899%2Fproducts%2F9a4TVLn2-5238.jpg&feedId=62769&k=7321803d08569ff94e157e44b82c5a1e2786070a,USD,,"Over $120 - Free Delivery, Less than $120 - $12",https://goddiva.us/products/cosmochic-side-detail-bralette-cycle-short-set-beige,,,USD52,62769,Cosmochic,1,,,,,,Womens,Co-Ord
https://www.awin1.com/pclick.php?p=36129720800&a=2771700&m=24726,Cosmochic Jersey Short Set With Drawstring Top - Purple,36129720800,TS1-PURPLE-L,https://cdn.shopify.com/s/files/1/0487/8834/0899/products/PCgQutav-5232.jpg,"In its unique purple color, this loungewear set is so unbelievable youll want one in every color. With its jersey material, this short set is perfect for lounging around at home and working out. This loungewear is even a great choice for holidays, wear it to travel, to explore your destination, wear it down for breakfast or for strolls along the beach. This fabulous comfy style is the one for you. Top-cropped style, drawstring design, long sleeve, hooded, piping detailing on the shoulder... Shorts - runner-style shorts, piping detailing on side and hem, elasticated waist with drawstring fastener. Fabric Composition - 100% Polyester.SOLD AS A SET",Clothing,38,Goddiva (US),24726,Women's Trousers,201,https://images2.productserve.com/?w=200&h=200&bg=white&trim=5&t=letterbox&url=ssl%3Acdn.shopify.com%2Fs%2Ffiles%2F1%2F0487%2F8834%2F0899%2Fproducts%2FPCgQutav-5232.jpg&feedId=62769&k=a1dc8b6e2c49f8d76dddc3289f7f8d0fd32227bd,USD,,"Over $120 - Free Delivery, Less than $120 - $12",https://goddiva.us/products/cosmochic-jersey-short-set-with-drawstring-top-purple,,,USD58,62769,Cosmochic,1,,,,,,Womens,Tops & T-Shirts
https://www.awin1.com/pclick.php?p=36129720799&a=2771700&m=24726,Cosmochic Jersey Short Set With Drawstring Top - Purple,36129720799,TS1-PURPLE-M,https://cdn.shopify.com/s/files/1/0487/8834/0899/products/PCgQutav-5232.jpg,"In its unique purple color, this loungewear set is so unbelievable youll want one in every color. With its jersey material, this short set is perfect for lounging around at home and working out. This loungewear is even a great choice for holidays, wear it to travel, to explore your destination, wear it down for breakfast or for strolls along the beach. This fabulous comfy style is the one for you. Top-cropped style, drawstring design, long sleeve, hooded, piping detailing on the shoulder... Shorts - runner-style shorts, piping detailing on side and hem, elasticated waist with drawstring fastener. Fabric Composition - 100% Polyester.SOLD AS A SET",Clothing,38,Goddiva (US),24726,Women's Trousers,201,https://images2.productserve.com/?w=200&h=200&bg=white&trim=5&t=letterbox&url=ssl%3Acdn.shopify.com%2Fs%2Ffiles%2F1%2F0487%2F8834%2F0899%2Fproducts%2FPCgQutav-5232.jpg&feedId=62769&k=a1dc8b6e2c49f8d76dddc3289f7f8d0fd32227bd,USD,,"Over $120 - Free Delivery, Less than $120 - $12",https://goddiva.us/products/cosmochic-jersey-short-set-with-drawstring-top-purple,,,USD58,62769,Cosmochic,1,,,,,,Womens,Tops & T-Shirts
https://www.awin1.com/pclick.php?p=36129720812&a=2771700&m=24726,Cosmochic Side Detail Bralette & Cycle Short Set - Beige,36129720812,TS5-BEIGE-S,https://cdn.shopify.com/s/files/1/0487/8834/0899/products/9a4TVLn2-5238.jpg,"Its stretchy fabric makes this a winner for stretching out for yoga or doing an at-home workout. This design is also a top pick for warmer months, teamed with an oversized sweater giving you the ultimate layer trend. In its basic beige color, you can't go wrong. Its on-trend-cycle shorts and fitted bralette make this a lounge set you need to have.Spaghetti straps, cycle shorts, rouched detailing, pull-on style.Fabric Composition - 95% Polyester 5% Elastane SOLD AS A SET",Clothing,38,Goddiva (US),24726,Women's Trousers,201,https://images2.productserve.com/?w=200&h=200&bg=white&trim=5&t=letterbox&url=ssl%3Acdn.shopify.com%2Fs%2Ffiles%2F1%2F0487%2F8834%2F0899%2Fproducts%2F9a4TVLn2-5238.jpg&feedId=62769&k=7321803d08569ff94e157e44b82c5a1e2786070a,USD,,"Over $120 - Free Delivery, Less than $120 - $12",https://goddiva.us/products/cosmochic-side-detail-bralette-cycle-short-set-beige,,,USD52,62769,Cosmochic,1,,,,,,Womens,Co-Ord
https://www.awin1.com/pclick.php?p=36129720761&a=2771700&m=24726,Cosmochic Crop Top & Short Loungewear Set - Blue,36129720761,TS19-BLUE-ONESIZE,https://cdn.shopify.com/s/files/1/0487/8834/0899/products/4JlLLPzP-5219.jpg,"With its stretchy breathable fabric, this luxury loungewear two-piece set is ticking all boxes. Teamed at home with fluffy socks or slippers, or outside with chunky sneakers, this go-to piece will have everyone green with envy when they see you strutting your stuff in this new luxury set. Crop top, short sleeves, collar, buttons, cycle style shorts.Fabric Composition - 95% Cotton 5% PolyesterSOLD AS A SET",Clothing,10,Goddiva (US),24726,Women's Trousers,201,https://images2.productserve.com/?w=200&h=200&bg=white&trim=5&t=letterbox&url=ssl%3Acdn.shopify.com%2Fs%2Ffiles%2F1%2F0487%2F8834%2F0899%2Fproducts%2F4JlLLPzP-5219.jpg&feedId=62769&k=531ec9047e526a92206321a916649713e156adcd,USD,,"Over $120 - Free Delivery, Less than $120 - $12",https://goddiva.us/products/cosmochic-crop-top-short-loungewear-set-blue,,,USD58,62769,Cosmochic,1,,,,,,Womens,Tops & T-Shirts
https://www.awin1.com/pclick.php?p=36129720765&a=2771700&m=24726,Cosmochic Cropped Bralette & Cycle Short Set - Gray,36129720765,TS8-GREY-SM,https://cdn.shopify.com/s/files/1/0487/8834/0899/products/P6bMQh3E-5222.jpg,"This gray color short set is not only a great pick for working out, but it is also top tier for lounging around the house, or for summer evenings chilling on the balcony with friends. Give the word chilling a sizzling hot meaning with this overly needed set. Bralette style cropped top, cycle shorts, spaghetti straps, pull-on style.Fabric Composition - 95% Polyester 5% ElastaneSOLD AS A SET",Clothing,38,Goddiva (US),24726,Women's Trousers,201,https://images2.productserve.com/?w=200&h=200&bg=white&trim=5&t=letterbox&url=ssl%3Acdn.shopify.com%2Fs%2Ffiles%2F1%2F0487%2F8834%2F0899%2Fproducts%2FP6bMQh3E-5222.jpg&feedId=62769&k=3c41aeca0add07ca91f61e9af8579965a86e044f,USD,,"Over $120 - Free Delivery, Less than $120 - $12",https://goddiva.us/products/cosmochic-cropped-bralette-cycle-short-set-grey,,,USD52,62769,Cosmochic,1,,,,,,Womens,Co-Ord
https://www.awin1.com/pclick.php?p=36129720756&a=2771700&m=24726,Cosmochic Bralette & Legging Workout Lounge Set - Light Gray,36129720756,TS3-GREY-SM,https://cdn.shopify.com/s/files/1/0487/8834/0899/products/Xx1GQphE-5216.jpg,"Getting fit and in shape has never been more appealing. Its triangle-shaped bralette and cuffed hem leggings are so comfortable youll never want to take them off, created with a stretchy fabric, this set is a great fit for working out at home, in the gym or going for jogs in the park. Another great opportunity for this style is yoga, with its stretchy fabric, youll be able to get into those bendy positions without a worry. In its passionate light gray color, this two-piece set is waiting for you.Triangle bralet, thick straps, pull-on style, thick band, full-length leggings, stretchy fabric, cuffed ankles, thick waistband. Fabric Composition - 95% Polyester 5% Elastane SOLD AS A SET",Clothing,38,Goddiva (US),24726,Women's Trousers,201,https://images2.productserve.com/?w=200&h=200&bg=white&trim=5&t=letterbox&url=ssl%3Acdn.shopify.com%2Fs%2Ffiles%2F1%2F0487%2F8834%2F0899%2Fproducts%2FXx1GQphE-5216.jpg&feedId=62769&k=ace9b19d159a15fe3c0d111636c4d299f4a7c7eb,USD,,"Over $120 - Free Delivery, Less than $120 - $12",https://goddiva.us/products/cosmochic-bralette-legging-workout-lounge-set-light-grey,,,USD58,62769,Cosmochic,1,,,,,,Womens,Activewear
https://www.awin1.com/pclick.php?p=36129720762&a=2771700&m=24726,Cosmochic Crop Top & Short Loungewear Set - White,36129720762,TS19-WHITE-ONESIZE,https://cdn.shopify.com/s/files/1/0487/8834/0899/products/83atdp30-5220.jpg,"With its stretchy breathable fabric, this luxury loungewear two-piece set is ticking all boxes. Teamed at home with fluffy socks or slippers, or outside with chunky sneakers, this go-to piece will have everyone green with envy when they see you strutting your stuff in this new luxury set. Crop top, short sleeves, collar, buttons, cycle style shorts.Fabric Composition - 95% Cotton 5% PolyesterSOLD AS A SET",Clothing,38,Goddiva (US),24726,Women's Trousers,201,https://images2.productserve.com/?w=200&h=200&bg=white&trim=5&t=letterbox&url=ssl%3Acdn.shopify.com%2Fs%2Ffiles%2F1%2F0487%2F8834%2F0899%2Fproducts%2F83atdp30-5220.jpg&feedId=62769&k=955071a657720536b722dc4d901d6134b195bd76,USD,,"Over $120 - Free Delivery, Less than $120 - $12",https://goddiva.us/products/cosmochic-crop-top-short-loungewear-set-white,,,USD58,62769,Cosmochic,1,,,,,,Womens,Tops & T-Shirts
https://www.awin1.com/pclick.php?p=36129720803&a=2771700&m=24726,Cosmochic Leopard Print Crop Top&legging Lounge Set - Brown,36129720803,TS6-BROWNLEOPARD-ML,https://cdn.shopify.com/s/files/1/0487/8834/0899/products/RcxnGFbS-5233.jpg,"In its brown leopard color, this foolproof style is one you will be bringing out all the time as the game-changer. Wear as a set or as separate, mix and match the top with oversized high-waisted joggers or team the leggings with a baggy t-shirt, get 3 outfits out of one. Teamed with some sneakers, this patterned style will take you far. Wear as an at-home style or to do the weekly shop, daily walks in the park or to run to the shops, this style is ready for you no matter what. High collar neckline, long sleeves, crop style, full-length leggings, thick waistbandFabric Composition - 95% Polyester 5% ElastaneSOLD AS A SET",Clothing,38,Goddiva (US),24726,Women's Trousers,201,https://images2.productserve.com/?w=200&h=200&bg=white&trim=5&t=letterbox&url=ssl%3Acdn.shopify.com%2Fs%2Ffiles%2F1%2F0487%2F8834%2F0899%2Fproducts%2FRcxnGFbS-5233.jpg&feedId=62769&k=77661f61830854e734d8a0ccd1d1e0a5fcf02af4,USD,,"Over $120 - Free Delivery, Less than $120 - $12",https://goddiva.us/products/cosmochic-leopard-print-crop-top-legging-lounge-set-brown,,,USD70,62769,Cosmochic,1,,,,,,Womens,Tops & T-Shirts
https://www.awin1.com/pclick.php?p=36129720766&a=2771700&m=24726,Cosmochic Cropped Bralette & Cycle Short Set - Gray,36129720766,TS8-GREY-ML,https://cdn.shopify.com/s/files/1/0487/8834/0899/products/P6bMQh3E-5222.jpg,"This gray color short set is not only a great pick for working out, but it is also top tier for lounging around the house, or for summer evenings chilling on the balcony with friends. Give the word chilling a sizzling hot meaning with this overly needed set. Bralette style cropped top, cycle shorts, spaghetti straps, pull-on style.Fabric Composition - 95% Polyester 5% ElastaneSOLD AS A SET",Clothing,38,Goddiva (US),24726,Women's Trousers,201,https://images2.productserve.com/?w=200&h=200&bg=white&trim=5&t=letterbox&url=ssl%3Acdn.shopify.com%2Fs%2Ffiles%2F1%2F0487%2F8834%2F0899%2Fproducts%2FP6bMQh3E-5222.jpg&feedId=62769&k=3c41aeca0add07ca91f61e9af8579965a86e044f,USD,,"Over $120 - Free Delivery, Less than $120 - $12",https://goddiva.us/products/cosmochic-cropped-bralette-cycle-short-set-grey,,,USD52,62769,Cosmochic,1,,,,,,Womens,Co-Ord
https://www.awin1.com/pclick.php?p=36129720798&a=2771700&m=24726,Cosmochic Jersey Short Set With Drawstring Top - Purple,36129720798,TS1-PURPLE-S,https://cdn.shopify.com/s/files/1/0487/8834/0899/products/PCgQutav-5232.jpg,"In its unique purple color, this loungewear set is so unbelievable youll want one in every color. With its jersey material, this short set is perfect for lounging around at home and working out. This loungewear is even a great choice for holidays, wear it to travel, to explore your destination, wear it down for breakfast or for strolls along the beach. This fabulous comfy style is the one for you. Top-cropped style, drawstring design, long sleeve, hooded, piping detailing on the shoulder... Shorts - runner-style shorts, piping detailing on side and hem, elasticated waist with drawstring fastener. Fabric Composition - 100% Polyester.SOLD AS A SET",Clothing,38,Goddiva (US),24726,Women's Trousers,201,https://images2.productserve.com/?w=200&h=200&bg=white&trim=5&t=letterbox&url=ssl%3Acdn.shopify.com%2Fs%2Ffiles%2F1%2F0487%2F8834%2F0899%2Fproducts%2FPCgQutav-5232.jpg&feedId=62769&k=a1dc8b6e2c49f8d76dddc3289f7f8d0fd32227bd,USD,,"Over $120 - Free Delivery, Less than $120 - $12",https://goddiva.us/products/cosmochic-jersey-short-set-with-drawstring-top-purple,,,USD58,62769,Cosmochic,1,,,,,,Womens,Tops & T-Shirts
https://www.awin1.com/pclick.php?p=36129720801&a=2771700&m=24726,Cosmochic Jersey Short Set With Drawstring Top - Purple,36129720801,TS1-PURPLE-XL,https://cdn.shopify.com/s/files/1/0487/8834/0899/products/PCgQutav-5232.jpg,"In its unique purple color, this loungewear set is so unbelievable youll want one in every color. With its jersey material, this short set is perfect for lounging around at home and working out. This loungewear is even a great choice for holidays, wear it to travel, to explore your destination, wear it down for breakfast or for strolls along the beach. This fabulous comfy style is the one for you. Top-cropped style, drawstring design, long sleeve, hooded, piping detailing on the shoulder... Shorts - runner-style shorts, piping detailing on side and hem, elasticated waist with drawstring fastener. Fabric Composition - 100% Polyester.SOLD AS A SET",Clothing,38,Goddiva (US),24726,Women's Trousers,201,https://images2.productserve.com/?w=200&h=200&bg=white&trim=5&t=letterbox&url=ssl%3Acdn.shopify.com%2Fs%2Ffiles%2F1%2F0487%2F8834%2F0899%2Fproducts%2FPCgQutav-5232.jpg&feedId=62769&k=a1dc8b6e2c49f8d76dddc3289f7f8d0fd32227bd,USD,,"Over $120 - Free Delivery, Less than $120 - $12",https://goddiva.us/products/cosmochic-jersey-short-set-with-drawstring-top-purple,,,USD58,62769,Cosmochic,1,,,,,,Womens,Tops & T-Shirts
https://www.awin1.com/pclick.php?p=36129720757&a=2771700&m=24726,Cosmochic Bralette & Legging Workout Lounge Set - Light Gray,36129720757,TS3-GREY-ML,https://cdn.shopify.com/s/files/1/0487/8834/0899/products/Xx1GQphE-5216.jpg,"Getting fit and in shape has never been more appealing. Its triangle-shaped bralette and cuffed hem leggings are so comfortable youll never want to take them off, created with a stretchy fabric, this set is a great fit for working out at home, in the gym or going for jogs in the park. Another great opportunity for this style is yoga, with its stretchy fabric, youll be able to get into those bendy positions without a worry. In its passionate light gray color, this two-piece set is waiting for you.Triangle bralet, thick straps, pull-on style, thick band, full-length leggings, stretchy fabric, cuffed ankles, thick waistband. Fabric Composition - 95% Polyester 5% Elastane SOLD AS A SET",Clothing,38,Goddiva (US),24726,Women's Trousers,201,https://images2.productserve.com/?w=200&h=200&bg=white&trim=5&t=letterbox&url=ssl%3Acdn.shopify.com%2Fs%2Ffiles%2F1%2F0487%2F8834%2F0899%2Fproducts%2FXx1GQphE-5216.jpg&feedId=62769&k=ace9b19d159a15fe3c0d111636c4d299f4a7c7eb,USD,,"Over $120 - Free Delivery, Less than $120 - $12",https://goddiva.us/products/cosmochic-bralette-legging-workout-lounge-set-light-grey,,,USD58,62769,Cosmochic,1,,,,,,Womens,Activewear
https://www.awin1.com/pclick.php?p=36816774433&a=2771700&m=24726,Cosmochic Tie-dye Crop Top With Leggings Set - Pinkblue,36816774433,TS25-PINKBLUE-S,https://cdn.shopify.com/s/files/1/0487/8834/0899/products/ZuwPDCZd-5244.jpg,"Having activewear you love and that is comfy is the key to having a great workout and for lifting your spirits. Its bralette style crop top, with a scooped square neckline, gives you the modesty to cover up while giving you the opportunity to show off your toned abs. While its full length leggings are super stretchy, making them your daily go-to leggings. The best thing about this two piece set is that they can be worn together or teamed with an oversized t-shirt to give that layered look. Bralette style top, crop top, tie-dye design, full length leggings, pull on style. Fabric Composition - 95% Polyester 5% ElastaneSOLD AS A SET",Clothing,38,Goddiva (US),24726,Women's Trousers,201,https://images2.productserve.com/?w=200&h=200&bg=white&trim=5&t=letterbox&url=ssl%3Acdn.shopify.com%2Fs%2Ffiles%2F1%2F0487%2F8834%2F0899%2Fproducts%2FZuwPDCZd-5244.jpg&feedId=62769&k=0b11ee5c72a945fe4c6a4b87892878bd16153745,USD,,"Over $120 - Free Delivery, Less than $120 - $12",https://goddiva.us/products/cosmochic-tie-dye-crop-top-with-leggings-lounge-set-pinkblue,,,USD70,62769,Cosmochic,1,,,,,,Womens,Tops & T-Shirts
https://www.awin1.com/pclick.php?p=36816774435&a=2771700&m=24726,Cosmochic Tie-dye Crop Top With Leggings Set - Pinkblue,36816774435,TS25-PINKBLUE-L,https://cdn.shopify.com/s/files/1/0487/8834/0899/products/ZuwPDCZd-5244.jpg,"Having activewear you love and that is comfy is the key to having a great workout and for lifting your spirits. Its bralette style crop top, with a scooped square neckline, gives you the modesty to cover up while giving you the opportunity to show off your toned abs. While its full length leggings are super stretchy, making them your daily go-to leggings. The best thing about this two piece set is that they can be worn together or teamed with an oversized t-shirt to give that layered look. Bralette style top, crop top, tie-dye design, full length leggings, pull on style. Fabric Composition - 95% Polyester 5% ElastaneSOLD AS A SET",Clothing,38,Goddiva (US),24726,Women's Trousers,201,https://images2.productserve.com/?w=200&h=200&bg=white&trim=5&t=letterbox&url=ssl%3Acdn.shopify.com%2Fs%2Ffiles%2F1%2F0487%2F8834%2F0899%2Fproducts%2FZuwPDCZd-5244.jpg&feedId=62769&k=0b11ee5c72a945fe4c6a4b87892878bd16153745,USD,,"Over $120 - Free Delivery, Less than $120 - $12",https://goddiva.us/products/cosmochic-tie-dye-crop-top-with-leggings-lounge-set-pinkblue,,,USD70,62769,Cosmochic,1,,,,,,Womens,Tops & T-Shirts
https://www.awin1.com/pclick.php?p=36816774434&a=2771700&m=24726,Cosmochic Tie-dye Crop Top With Leggings Set - Pinkblue,36816774434,TS25-PINKBLUE-M,https://cdn.shopify.com/s/files/1/0487/8834/0899/products/ZuwPDCZd-5244.jpg,"Having activewear you love and that is comfy is the key to having a great workout and for lifting your spirits. Its bralette style crop top, with a scooped square neckline, gives you the modesty to cover up while giving you the opportunity to show off your toned abs. While its full length leggings are super stretchy, making them your daily go-to leggings. The best thing about this two piece set is that they can be worn together or teamed with an oversized t-shirt to give that layered look. Bralette style top, crop top, tie-dye design, full length leggings, pull on style. Fabric Composition - 95% Polyester 5% ElastaneSOLD AS A SET",Clothing,38,Goddiva (US),24726,Women's Trousers,201,https://images2.productserve.com/?w=200&h=200&bg=white&trim=5&t=letterbox&url=ssl%3Acdn.shopify.com%2Fs%2Ffiles%2F1%2F0487%2F8834%2F0899%2Fproducts%2FZuwPDCZd-5244.jpg&feedId=62769&k=0b11ee5c72a945fe4c6a4b87892878bd16153745,USD,,"Over $120 - Free Delivery, Less than $120 - $12",https://goddiva.us/products/cosmochic-tie-dye-crop-top-with-leggings-lounge-set-pinkblue,,,USD70,62769,Cosmochic,1,,,,,,Womens,Tops & T-Shirts
https://www.awin1.com/pclick.php?p=44021677670&a=2771700&m=24726,Cosmochic Oversized Cropped Sweater & Short Set - Beige,44021677670,TS15-BEIGE-S,https://cdn.shopify.com/s/files/1/0487/8834/0899/products/kwmWvgsb-5235.jpg,"With side pockets on the shorts, round neckline and long sleeves, you definitely have to add to basket with this style. A great choice for chilling around the house, walks around the park, casual days out; this style is even a top winner for traveling. Teamed with sneakers, this style has you written all over it.SOLD AS A SET",Clothing,41,Goddiva (US),24726,Women's Trousers,201,https://images2.productserve.com/?w=200&h=200&bg=white&trim=5&t=letterbox&url=ssl%3Acdn.shopify.com%2Fs%2Ffiles%2F1%2F0487%2F8834%2F0899%2Fproducts%2FkwmWvgsb-5235.jpg&feedId=62769&k=e0da589be2cc28e566eaa1c5c9aeba98f1350b80,USD,,"Over $120 - Free Delivery, Less than $120 - $12",https://goddiva.us/products/cosmochic-oversized-cropped-jumper-short-two-piece-set-beige,,,USD58,62769,Cosmochic,1,,,,,,Womens,Co-Ord
https://www.awin1.com/pclick.php?p=44021677672&a=2771700&m=24726,Cosmochic Oversized Cropped Sweater & Short Set - Beige,44021677672,TS15-BEIGE-L,https://cdn.shopify.com/s/files/1/0487/8834/0899/products/kwmWvgsb-5235.jpg,"With side pockets on the shorts, round neckline and long sleeves, you definitely have to add to basket with this style. A great choice for chilling around the house, walks around the park, casual days out; this style is even a top winner for traveling. Teamed with sneakers, this style has you written all over it.SOLD AS A SET",Clothing,41,Goddiva (US),24726,Women's Trousers,201,https://images2.productserve.com/?w=200&h=200&bg=white&trim=5&t=letterbox&url=ssl%3Acdn.shopify.com%2Fs%2Ffiles%2F1%2F0487%2F8834%2F0899%2Fproducts%2FkwmWvgsb-5235.jpg&feedId=62769&k=e0da589be2cc28e566eaa1c5c9aeba98f1350b80,USD,,"Over $120 - Free Delivery, Less than $120 - $12",https://goddiva.us/products/cosmochic-oversized-cropped-jumper-short-two-piece-set-beige,,,USD58,62769,Cosmochic,1,,,,,,Womens,Co-Ord
https://www.awin1.com/pclick.php?p=44021677671&a=2771700&m=24726,Cosmochic Oversized Cropped Sweater & Short Set - Beige,44021677671,TS15-BEIGE-M,https://cdn.shopify.com/s/files/1/0487/8834/0899/products/kwmWvgsb-5235.jpg,"With side pockets on the shorts, round neckline and long sleeves, you definitely have to add to basket with this style. A great choice for chilling around the house, walks around the park, casual days out; this style is even a top winner for traveling. Teamed with sneakers, this style has you written all over it.SOLD AS A SET",Clothing,41,Goddiva (US),24726,Women's Trousers,201,https://images2.productserve.com/?w=200&h=200&bg=white&trim=5&t=letterbox&url=ssl%3Acdn.shopify.com%2Fs%2Ffiles%2F1%2F0487%2F8834%2F0899%2Fproducts%2FkwmWvgsb-5235.jpg&feedId=62769&k=e0da589be2cc28e566eaa1c5c9aeba98f1350b80,USD,,"Over $120 - Free Delivery, Less than $120 - $12",https://goddiva.us/products/cosmochic-oversized-cropped-jumper-short-two-piece-set-beige,,,USD58,62769,Cosmochic,1,,,,,,Womens,Co-Ord
https://www.awin1.com/pclick.php?p=32640605585&a=2771700&m=24726,City Goddess Printed Shirred Midi Skirt - Black,32640605585,SK15-BLACK-12,https://cdn.shopify.com/s/files/1/0487/8834/0899/products/7KjxULO0-9827.jpg,"This printed shirred skirt is the key piece to take your look from dull to dazzling in a moment. With its bold black and intricate pattern, this high-waisted midi skirt offers an interesting twist on the standard pencil style. Shirring along the waist and thighs adds an eye-catching detail that keeps it unique and daring! Teamed with its matching crop top or with a plain bodysuit, this flowy skirt will be your key piece to keeping cool this summer. This Printed Shirred Midi Skirt is a unique and versatile piece that will take you from day to night, whether for date nights, brunch with the girls or to flaunt your stuff down the strip on holiday. It's made from a light, stretchy fabric with an elastic waistband, not to mention its gorgeous never failing black with orange detailing. Pure elegance with a touch of personality, team with its co-ord top and wedges for the summer look youve been longing for.",Clothing,10,Goddiva (US),24726,Women's Trousers,201,https://images2.productserve.com/?w=200&h=200&bg=white&trim=5&t=letterbox&url=ssl%3Acdn.shopify.com%2Fs%2Ffiles%2F1%2F0487%2F8834%2F0899%2Fproducts%2F7KjxULO0-9827.jpg&feedId=62769&k=e36f76cf7e854d421b2298e7486135c1d5dbaadb,USD,,"Over $120 - Free Delivery, Less than $120 - $12",https://goddiva.us/products/city-goddess-printed-shirred-midi-skirt-black,,,USD50,62769,City Goddess,1,,,,,,Womens,Skirts
https://www.awin1.com/pclick.php?p=32640605581&a=2771700&m=24726,City Goddess Printed Shirred Midi Skirt - Black,32640605581,SK15-BLACK-8,https://cdn.shopify.com/s/files/1/0487/8834/0899/products/7KjxULO0-9827.jpg,"This printed shirred skirt is the key piece to take your look from dull to dazzling in a moment. With its bold black and intricate pattern, this high-waisted midi skirt offers an interesting twist on the standard pencil style. Shirring along the waist and thighs adds an eye-catching detail that keeps it unique and daring! Teamed with its matching crop top or with a plain bodysuit, this flowy skirt will be your key piece to keeping cool this summer. This Printed Shirred Midi Skirt is a unique and versatile piece that will take you from day to night, whether for date nights, brunch with the girls or to flaunt your stuff down the strip on holiday. It's made from a light, stretchy fabric with an elastic waistband, not to mention its gorgeous never failing black with orange detailing. Pure elegance with a touch of personality, team with its co-ord top and wedges for the summer look youve been longing for.",Clothing,10,Goddiva (US),24726,Women's Trousers,201,https://images2.productserve.com/?w=200&h=200&bg=white&trim=5&t=letterbox&url=ssl%3Acdn.shopify.com%2Fs%2Ffiles%2F1%2F0487%2F8834%2F0899%2Fproducts%2F7KjxULO0-9827.jpg&feedId=62769&k=e36f76cf7e854d421b2298e7486135c1d5dbaadb,USD,,"Over $120 - Free Delivery, Less than $120 - $12",https://goddiva.us/products/city-goddess-printed-shirred-midi-skirt-black,,,USD50,62769,City Goddess,1,,,,,,Womens,Skirts
https://www.awin1.com/pclick.php?p=32640605583&a=2771700&m=24726,City Goddess Printed Shirred Midi Skirt - Black,32640605583,SK15-BLACK-10,https://cdn.shopify.com/s/files/1/0487/8834/0899/products/7KjxULO0-9827.jpg,"This printed shirred skirt is the key piece to take your look from dull to dazzling in a moment. With its bold black and intricate pattern, this high-waisted midi skirt offers an interesting twist on the standard pencil style. Shirring along the waist and thighs adds an eye-catching detail that keeps it unique and daring! Teamed with its matching crop top or with a plain bodysuit, this flowy skirt will be your key piece to keeping cool this summer. This Printed Shirred Midi Skirt is a unique and versatile piece that will take you from day to night, whether for date nights, brunch with the girls or to flaunt your stuff down the strip on holiday. It's made from a light, stretchy fabric with an elastic waistband, not to mention its gorgeous never failing black with orange detailing. Pure elegance with a touch of personality, team with its co-ord top and wedges for the summer look youve been longing for.",Clothing,10,Goddiva (US),24726,Women's Trousers,201,https://images2.productserve.com/?w=200&h=200&bg=white&trim=5&t=letterbox&url=ssl%3Acdn.shopify.com%2Fs%2Ffiles%2F1%2F0487%2F8834%2F0899%2Fproducts%2F7KjxULO0-9827.jpg&feedId=62769&k=e36f76cf7e854d421b2298e7486135c1d5dbaadb,USD,,"Over $120 - Free Delivery, Less than $120 - $12",https://goddiva.us/products/city-goddess-printed-shirred-midi-skirt-black,,,USD50,62769,City Goddess,1,,,,,,Womens,Skirts
https://www.awin1.com/pclick.php?p=32640605591&a=2771700&m=24726,City Goddess Printed Shirred Midi Skirt - Blue,32640605591,SK15-BLUE-8,https://cdn.shopify.com/s/files/1/0487/8834/0899/products/jxi3E0sl-9826.jpg,"This printed shirred skirt is the key piece to take your look from dull to dazzling in a moment. With its bold navy and intricate pattern, this high-waisted midi skirt offers an interesting twist on the standard pencil style. Shirring along the waist and thighs adds an eye-catching detail that keeps it unique and daring! Teamed with its matching crop top or with a plain bodysuit, this flowy skirt will be your key piece to keeping cool this summer. This Printed Shirred Midi Skirt is a unique and versatile piece that will take you from day to night, whether for date nights, brunch with the girls or to flaunt your stuff down the strip on holiday. It's made from a light, stretchy fabric with an elastic waistband, not to mention its gorgeous never failing blue with red detailing. Pure elegance with a touch of personality, team with its co-ord top and wedges for the summer look youve been longing for.",Clothing,10,Goddiva (US),24726,Women's Trousers,201,https://images2.productserve.com/?w=200&h=200&bg=white&trim=5&t=letterbox&url=ssl%3Acdn.shopify.com%2Fs%2Ffiles%2F1%2F0487%2F8834%2F0899%2Fproducts%2Fjxi3E0sl-9826.jpg&feedId=62769&k=aa88cc16e0aef7db44377d0d8d73a838cbcf33b0,USD,,"Over $120 - Free Delivery, Less than $120 - $12",https://goddiva.us/products/city-goddess-printed-shirred-midi-skirt-navy,,,USD50,62769,City Goddess,1,,,,,,Womens,Skirts
https://www.awin1.com/pclick.php?p=32640605593&a=2771700&m=24726,City Goddess Printed Shirred Midi Skirt - Blue,32640605593,SK15-BLUE-10,https://cdn.shopify.com/s/files/1/0487/8834/0899/products/jxi3E0sl-9826.jpg,"This printed shirred skirt is the key piece to take your look from dull to dazzling in a moment. With its bold navy and intricate pattern, this high-waisted midi skirt offers an interesting twist on the standard pencil style. Shirring along the waist and thighs adds an eye-catching detail that keeps it unique and daring! Teamed with its matching crop top or with a plain bodysuit, this flowy skirt will be your key piece to keeping cool this summer. This Printed Shirred Midi Skirt is a unique and versatile piece that will take you from day to night, whether for date nights, brunch with the girls or to flaunt your stuff down the strip on holiday. It's made from a light, stretchy fabric with an elastic waistband, not to mention its gorgeous never failing blue with red detailing. Pure elegance with a touch of personality, team with its co-ord top and wedges for the summer look youve been longing for.",Clothing,10,Goddiva (US),24726,Women's Trousers,201,https://images2.productserve.com/?w=200&h=200&bg=white&trim=5&t=letterbox&url=ssl%3Acdn.shopify.com%2Fs%2Ffiles%2F1%2F0487%2F8834%2F0899%2Fproducts%2Fjxi3E0sl-9826.jpg&feedId=62769&k=aa88cc16e0aef7db44377d0d8d73a838cbcf33b0,USD,,"Over $120 - Free Delivery, Less than $120 - $12",https://goddiva.us/products/city-goddess-printed-shirred-midi-skirt-navy,,,USD50,62769,City Goddess,1,,,,,,Womens,Skirts
https://www.awin1.com/pclick.php?p=32640605595&a=2771700&m=24726,City Goddess Printed Shirred Midi Skirt - Blue,32640605595,SK15-BLUE-12,https://cdn.shopify.com/s/files/1/0487/8834/0899/products/jxi3E0sl-9826.jpg,"This printed shirred skirt is the key piece to take your look from dull to dazzling in a moment. With its bold navy and intricate pattern, this high-waisted midi skirt offers an interesting twist on the standard pencil style. Shirring along the waist and thighs adds an eye-catching detail that keeps it unique and daring! Teamed with its matching crop top or with a plain bodysuit, this flowy skirt will be your key piece to keeping cool this summer. This Printed Shirred Midi Skirt is a unique and versatile piece that will take you from day to night, whether for date nights, brunch with the girls or to flaunt your stuff down the strip on holiday. It's made from a light, stretchy fabric with an elastic waistband, not to mention its gorgeous never failing blue with red detailing. Pure elegance with a touch of personality, team with its co-ord top and wedges for the summer look youve been longing for.",Clothing,10,Goddiva (US),24726,Women's Trousers,201,https://images2.productserve.com/?w=200&h=200&bg=white&trim=5&t=letterbox&url=ssl%3Acdn.shopify.com%2Fs%2Ffiles%2F1%2F0487%2F8834%2F0899%2Fproducts%2Fjxi3E0sl-9826.jpg&feedId=62769&k=aa88cc16e0aef7db44377d0d8d73a838cbcf33b0,USD,,"Over $120 - Free Delivery, Less than $120 - $12",https://goddiva.us/products/city-goddess-printed-shirred-midi-skirt-navy,,,USD50,62769,City Goddess,1,,,,,,Womens,Skirts
https://www.awin1.com/pclick.php?p=33948207041&a=2771700&m=24726,City Goddess Off The Shoulder Printed Crop Top - Blue,33948207041,T187-BLUE-8,https://cdn.shopify.com/s/files/1/0487/8834/0899/products/p39rlyJT-9824.jpg,"This off the shoulder printed crop top is a wardrobe essential. The cropped style, long sleeves, off the shoulder and loose fitting design will look great paired with your favourite pair of jeans, leggings or its matching skirt, to create the perfect co-ord look. In its gorgeous navy blue with red detailing, this crop top is definitely a summer essential.  The frilled hem on this off the shoulder top adds detail that makes it unique, and it's loose fitting to give you maximum comfort. The perfect addition to your summer wardrobe for days out, holidays in the sunshine or for date nights. Whether teamed with its matching skirt or paired with light denim or leather leggings, this blue top is a definite staple piece for the season.",Clothing,10,Goddiva (US),24726,Women's Trousers,201,https://images2.productserve.com/?w=200&h=200&bg=white&trim=5&t=letterbox&url=ssl%3Acdn.shopify.com%2Fs%2Ffiles%2F1%2F0487%2F8834%2F0899%2Fproducts%2Fp39rlyJT-9824.jpg&feedId=62769&k=becafc33148344a6e5f5fc9195e403fb426ce234,USD,,"Over $120 - Free Delivery, Less than $120 - $12",https://goddiva.us/products/city-goddess-off-the-shoulder-printed-crop-top-blue,,,USD50,62769,City Goddess,1,,,,,,Womens,Tops & T-Shirts
https://www.awin1.com/pclick.php?p=33948207045&a=2771700&m=24726,City Goddess Off The Shoulder Printed Crop Top - Blue,33948207045,T187-BLUE-12,https://cdn.shopify.com/s/files/1/0487/8834/0899/products/p39rlyJT-9824.jpg,"This off the shoulder printed crop top is a wardrobe essential. The cropped style, long sleeves, off the shoulder and loose fitting design will look great paired with your favourite pair of jeans, leggings or its matching skirt, to create the perfect co-ord look. In its gorgeous navy blue with red detailing, this crop top is definitely a summer essential.  The frilled hem on this off the shoulder top adds detail that makes it unique, and it's loose fitting to give you maximum comfort. The perfect addition to your summer wardrobe for days out, holidays in the sunshine or for date nights. Whether teamed with its matching skirt or paired with light denim or leather leggings, this blue top is a definite staple piece for the season.",Clothing,10,Goddiva (US),24726,Women's Trousers,201,https://images2.productserve.com/?w=200&h=200&bg=white&trim=5&t=letterbox&url=ssl%3Acdn.shopify.com%2Fs%2Ffiles%2F1%2F0487%2F8834%2F0899%2Fproducts%2Fp39rlyJT-9824.jpg&feedId=62769&k=becafc33148344a6e5f5fc9195e403fb426ce234,USD,,"Over $120 - Free Delivery, Less than $120 - $12",https://goddiva.us/products/city-goddess-off-the-shoulder-printed-crop-top-blue,,,USD50,62769,City Goddess,1,,,,,,Womens,Tops & T-Shirts
https://www.awin1.com/pclick.php?p=33948207043&a=2771700&m=24726,City Goddess Off The Shoulder Printed Crop Top - Blue,33948207043,T187-BLUE-10,https://cdn.shopify.com/s/files/1/0487/8834/0899/products/p39rlyJT-9824.jpg,"This off the shoulder printed crop top is a wardrobe essential. The cropped style, long sleeves, off the shoulder and loose fitting design will look great paired with your favourite pair of jeans, leggings or its matching skirt, to create the perfect co-ord look. In its gorgeous navy blue with red detailing, this crop top is definitely a summer essential.  The frilled hem on this off the shoulder top adds detail that makes it unique, and it's loose fitting to give you maximum comfort. The perfect addition to your summer wardrobe for days out, holidays in the sunshine or for date nights. Whether teamed with its matching skirt or paired with light denim or leather leggings, this blue top is a definite staple piece for the season.",Clothing,10,Goddiva (US),24726,Women's Trousers,201,https://images2.productserve.com/?w=200&h=200&bg=white&trim=5&t=letterbox&url=ssl%3Acdn.shopify.com%2Fs%2Ffiles%2F1%2F0487%2F8834%2F0899%2Fproducts%2Fp39rlyJT-9824.jpg&feedId=62769&k=becafc33148344a6e5f5fc9195e403fb426ce234,USD,,"Over $120 - Free Delivery, Less than $120 - $12",https://goddiva.us/products/city-goddess-off-the-shoulder-printed-crop-top-blue,,,USD50,62769,City Goddess,1,,,,,,Womens,Tops & T-Shirts
https://www.awin1.com/pclick.php?p=35592034667&a=2771700&m=24726,City Goddess Printed High Waist Wrap Midi Skirt - Black,35592034667,SK17-BLACK-10,https://cdn.shopify.com/s/files/1/0487/8834/0899/products/UPBRjdxY-9764.jpg,"Summer is coming and we have the perfect skirt for you. This simple yet bold printed high waisted wrap midi skirt is your staple piece for the season. The versatility of this stylish number is endless. A great choice for lunches with the girls or casual day dates in the summer not to mention this skirt is perfect for your summer getaways. In its classic black print, styling this is so effortless. Team with a bodysuit, wedges and oversized sunglasses for a chic summer look or sandals and beach bag and use as a sarong on the beach of dreams.",Clothing,30,Goddiva (US),24726,Women's Trousers,201,https://images2.productserve.com/?w=200&h=200&bg=white&trim=5&t=letterbox&url=ssl%3Acdn.shopify.com%2Fs%2Ffiles%2F1%2F0487%2F8834%2F0899%2Fproducts%2FUPBRjdxY-9764.jpg&feedId=62769&k=56bafe8e5d15c335e02c0e7ab1ae65dbc0824d04,USD,,"Over $120 - Free Delivery, Less than $120 - $12",https://goddiva.us/products/city-goddess-printed-high-waist-wrap-midi-skirt-black,,,USD64,62769,City Goddess,1,,,,,,Womens,Skirts
https://www.awin1.com/pclick.php?p=35592034666&a=2771700&m=24726,City Goddess Printed High Waist Wrap Midi Skirt - Black,35592034666,SK17-BLACK-8,https://cdn.shopify.com/s/files/1/0487/8834/0899/products/UPBRjdxY-9764.jpg,"Summer is coming and we have the perfect skirt for you. This simple yet bold printed high waisted wrap midi skirt is your staple piece for the season. The versatility of this stylish number is endless. A great choice for lunches with the girls or casual day dates in the summer not to mention this skirt is perfect for your summer getaways. In its classic black print, styling this is so effortless. Team with a bodysuit, wedges and oversized sunglasses for a chic summer look or sandals and beach bag and use as a sarong on the beach of dreams.",Clothing,30,Goddiva (US),24726,Women's Trousers,201,https://images2.productserve.com/?w=200&h=200&bg=white&trim=5&t=letterbox&url=ssl%3Acdn.shopify.com%2Fs%2Ffiles%2F1%2F0487%2F8834%2F0899%2Fproducts%2FUPBRjdxY-9764.jpg&feedId=62769&k=56bafe8e5d15c335e02c0e7ab1ae65dbc0824d04,USD,,"Over $120 - Free Delivery, Less than $120 - $12",https://goddiva.us/products/city-goddess-printed-high-waist-wrap-midi-skirt-black,,,USD64,62769,City Goddess,1,,,,,,Womens,Skirts
https://www.awin1.com/pclick.php?p=35592034668&a=2771700&m=24726,City Goddess Printed High Waist Wrap Midi Skirt - Black,35592034668,SK17-BLACK-12,https://cdn.shopify.com/s/files/1/0487/8834/0899/products/UPBRjdxY-9764.jpg,"Summer is coming and we have the perfect skirt for you. This simple yet bold printed high waisted wrap midi skirt is your staple piece for the season. The versatility of this stylish number is endless. A great choice for lunches with the girls or casual day dates in the summer not to mention this skirt is perfect for your summer getaways. In its classic black print, styling this is so effortless. Team with a bodysuit, wedges and oversized sunglasses for a chic summer look or sandals and beach bag and use as a sarong on the beach of dreams.",Clothing,30,Goddiva (US),24726,Women's Trousers,201,https://images2.productserve.com/?w=200&h=200&bg=white&trim=5&t=letterbox&url=ssl%3Acdn.shopify.com%2Fs%2Ffiles%2F1%2F0487%2F8834%2F0899%2Fproducts%2FUPBRjdxY-9764.jpg&feedId=62769&k=56bafe8e5d15c335e02c0e7ab1ae65dbc0824d04,USD,,"Over $120 - Free Delivery, Less than $120 - $12",https://goddiva.us/products/city-goddess-printed-high-waist-wrap-midi-skirt-black,,,USD64,62769,City Goddess,1,,,,,,Womens,Skirts
https://www.awin1.com/pclick.php?p=41755426203&a=2771700&m=24726,City Goddess Floral Print Shirt - Beige,41755426203,T186-BEIGE-12,https://cdn.shopify.com/s/files/1/0487/8834/0899/products/BUzfczwP-9757.jpg,"If you are looking for a unique and creative shirt, then this is the one for you. This beige staple piece is an essential for your new wardrobe. Up your game this season with this pretty floral print shirt. With its long sleeves, light fabric and classic all over floral print, this cream shirt is ticking all the boxes. Wear it with leggings and heels for a night out, or with tailored pants and courts for the ultimate board room look.",Clothing,10,Goddiva (US),24726,Women's Trousers,201,https://images2.productserve.com/?w=200&h=200&bg=white&trim=5&t=letterbox&url=ssl%3Acdn.shopify.com%2Fs%2Ffiles%2F1%2F0487%2F8834%2F0899%2Fproducts%2FBUzfczwP-9757.jpg&feedId=62769&k=5630a13fb2f2899cd2da25cb979901f1e77a4584,USD,,"Over $120 - Free Delivery, Less than $120 - $12",https://goddiva.us/products/city-goddess-floral-print-shirt-dress-beige-1,,,USD64,62769,City Goddess,1,,,,,,Womens,Shirts
https://www.awin1.com/pclick.php?p=41755426201&a=2771700&m=24726,City Goddess Floral Print Shirt - Beige,41755426201,T186-BEIGE-8,https://cdn.shopify.com/s/files/1/0487/8834/0899/products/BUzfczwP-9757.jpg,"If you are looking for a unique and creative shirt, then this is the one for you. This beige staple piece is an essential for your new wardrobe. Up your game this season with this pretty floral print shirt. With its long sleeves, light fabric and classic all over floral print, this cream shirt is ticking all the boxes. Wear it with leggings and heels for a night out, or with tailored pants and courts for the ultimate board room look.",Clothing,10,Goddiva (US),24726,Women's Trousers,201,https://images2.productserve.com/?w=200&h=200&bg=white&trim=5&t=letterbox&url=ssl%3Acdn.shopify.com%2Fs%2Ffiles%2F1%2F0487%2F8834%2F0899%2Fproducts%2FBUzfczwP-9757.jpg&feedId=62769&k=5630a13fb2f2899cd2da25cb979901f1e77a4584,USD,,"Over $120 - Free Delivery, Less than $120 - $12",https://goddiva.us/products/city-goddess-floral-print-shirt-dress-beige-1,,,USD64,62769,City Goddess,1,,,,,,Womens,Shirts
https://www.awin1.com/pclick.php?p=41755426202&a=2771700&m=24726,City Goddess Floral Print Shirt - Beige,41755426202,T186-BEIGE-10,https://cdn.shopify.com/s/files/1/0487/8834/0899/products/BUzfczwP-9757.jpg,"If you are looking for a unique and creative shirt, then this is the one for you. This beige staple piece is an essential for your new wardrobe. Up your game this season with this pretty floral print shirt. With its long sleeves, light fabric and classic all over floral print, this cream shirt is ticking all the boxes. Wear it with leggings and heels for a night out, or with tailored pants and courts for the ultimate board room look.",Clothing,10,Goddiva (US),24726,Women's Trousers,201,https://images2.productserve.com/?w=200&h=200&bg=white&trim=5&t=letterbox&url=ssl%3Acdn.shopify.com%2Fs%2Ffiles%2F1%2F0487%2F8834%2F0899%2Fproducts%2FBUzfczwP-9757.jpg&feedId=62769&k=5630a13fb2f2899cd2da25cb979901f1e77a4584,USD,,"Over $120 - Free Delivery, Less than $120 - $12",https://goddiva.us/products/city-goddess-floral-print-shirt-dress-beige-1,,,USD64,62769,City Goddess,1,,,,,,Womens,Shirts
https://www.awin1.com/pclick.php?p=42524846820&a=2771700&m=24726,City Goddess Printed Shirred Midi Skirt - Black,42524846820,SK15-BLACK-4,https://cdn.shopify.com/s/files/1/0487/8834/0899/products/7KjxULO0-9827.jpg,"This printed shirred skirt is the key piece to take your look from dull to dazzling in a moment. With its bold black and intricate pattern, this high-waisted midi skirt offers an interesting twist on the standard pencil style. Shirring along the waist and thighs adds an eye-catching detail that keeps it unique and daring! Teamed with its matching crop top or with a plain bodysuit, this flowy skirt will be your key piece to keeping cool this summer. This Printed Shirred Midi Skirt is a unique and versatile piece that will take you from day to night, whether for date nights, brunch with the girls or to flaunt your stuff down the strip on holiday. It's made from a light, stretchy fabric with an elastic waistband, not to mention its gorgeous never failing black with orange detailing. Pure elegance with a touch of personality, team with its co-ord top and wedges for the summer look youve been longing for.",Clothing,10,Goddiva (US),24726,Women's Trousers,201,https://images2.productserve.com/?w=200&h=200&bg=white&trim=5&t=letterbox&url=ssl%3Acdn.shopify.com%2Fs%2Ffiles%2F1%2F0487%2F8834%2F0899%2Fproducts%2F7KjxULO0-9827.jpg&feedId=62769&k=e36f76cf7e854d421b2298e7486135c1d5dbaadb,USD,,"Over $120 - Free Delivery, Less than $120 - $12",https://goddiva.us/products/city-goddess-printed-shirred-midi-skirt-black,,,USD50,62769,City Goddess,1,,,,,,Womens,Skirts
https://www.awin1.com/pclick.php?p=42524846821&a=2771700&m=24726,City Goddess Printed Shirred Midi Skirt - Black,42524846821,SK15-BLACK-6,https://cdn.shopify.com/s/files/1/0487/8834/0899/products/7KjxULO0-9827.jpg,"This printed shirred skirt is the key piece to take your look from dull to dazzling in a moment. With its bold black and intricate pattern, this high-waisted midi skirt offers an interesting twist on the standard pencil style. Shirring along the waist and thighs adds an eye-catching detail that keeps it unique and daring! Teamed with its matching crop top or with a plain bodysuit, this flowy skirt will be your key piece to keeping cool this summer. This Printed Shirred Midi Skirt is a unique and versatile piece that will take you from day to night, whether for date nights, brunch with the girls or to flaunt your stuff down the strip on holiday. It's made from a light, stretchy fabric with an elastic waistband, not to mention its gorgeous never failing black with orange detailing. Pure elegance with a touch of personality, team with its co-ord top and wedges for the summer look youve been longing for.",Clothing,10,Goddiva (US),24726,Women's Trousers,201,https://images2.productserve.com/?w=200&h=200&bg=white&trim=5&t=letterbox&url=ssl%3Acdn.shopify.com%2Fs%2Ffiles%2F1%2F0487%2F8834%2F0899%2Fproducts%2F7KjxULO0-9827.jpg&feedId=62769&k=e36f76cf7e854d421b2298e7486135c1d5dbaadb,USD,,"Over $120 - Free Delivery, Less than $120 - $12",https://goddiva.us/products/city-goddess-printed-shirred-midi-skirt-black,,,USD50,62769,City Goddess,1,,,,,,Womens,Skirts
https://www.awin1.com/pclick.php?p=42524846822&a=2771700&m=24726,City Goddess Printed Shirred Midi Skirt - Blue,42524846822,SK15-BLUE-4,https://cdn.shopify.com/s/files/1/0487/8834/0899/products/jxi3E0sl-9826.jpg,"This printed shirred skirt is the key piece to take your look from dull to dazzling in a moment. With its bold navy and intricate pattern, this high-waisted midi skirt offers an interesting twist on the standard pencil style. Shirring along the waist and thighs adds an eye-catching detail that keeps it unique and daring! Teamed with its matching crop top or with a plain bodysuit, this flowy skirt will be your key piece to keeping cool this summer. This Printed Shirred Midi Skirt is a unique and versatile piece that will take you from day to night, whether for date nights, brunch with the girls or to flaunt your stuff down the strip on holiday. It's made from a light, stretchy fabric with an elastic waistband, not to mention its gorgeous never failing blue with red detailing. Pure elegance with a touch of personality, team with its co-ord top and wedges for the summer look youve been longing for.",Clothing,10,Goddiva (US),24726,Women's Trousers,201,https://images2.productserve.com/?w=200&h=200&bg=white&trim=5&t=letterbox&url=ssl%3Acdn.shopify.com%2Fs%2Ffiles%2F1%2F0487%2F8834%2F0899%2Fproducts%2Fjxi3E0sl-9826.jpg&feedId=62769&k=aa88cc16e0aef7db44377d0d8d73a838cbcf33b0,USD,,"Over $120 - Free Delivery, Less than $120 - $12",https://goddiva.us/products/city-goddess-printed-shirred-midi-skirt-navy,,,USD50,62769,City Goddess,1,,,,,,Womens,Skirts
https://www.awin1.com/pclick.php?p=42524846823&a=2771700&m=24726,City Goddess Printed Shirred Midi Skirt - Blue,42524846823,SK15-BLUE-6,https://cdn.shopify.com/s/files/1/0487/8834/0899/products/jxi3E0sl-9826.jpg,"This printed shirred skirt is the key piece to take your look from dull to dazzling in a moment. With its bold navy and intricate pattern, this high-waisted midi skirt offers an interesting twist on the standard pencil style. Shirring along the waist and thighs adds an eye-catching detail that keeps it unique and daring! Teamed with its matching crop top or with a plain bodysuit, this flowy skirt will be your key piece to keeping cool this summer. This Printed Shirred Midi Skirt is a unique and versatile piece that will take you from day to night, whether for date nights, brunch with the girls or to flaunt your stuff down the strip on holiday. It's made from a light, stretchy fabric with an elastic waistband, not to mention its gorgeous never failing blue with red detailing. Pure elegance with a touch of personality, team with its co-ord top and wedges for the summer look youve been longing for.",Clothing,10,Goddiva (US),24726,Women's Trousers,201,https://images2.productserve.com/?w=200&h=200&bg=white&trim=5&t=letterbox&url=ssl%3Acdn.shopify.com%2Fs%2Ffiles%2F1%2F0487%2F8834%2F0899%2Fproducts%2Fjxi3E0sl-9826.jpg&feedId=62769&k=aa88cc16e0aef7db44377d0d8d73a838cbcf33b0,USD,,"Over $120 - Free Delivery, Less than $120 - $12",https://goddiva.us/products/city-goddess-printed-shirred-midi-skirt-navy,,,USD50,62769,City Goddess,1,,,,,,Womens,Skirts
https://www.awin1.com/pclick.php?p=42524846827&a=2771700&m=24726,City Goddess Off The Shoulder Printed Crop Top - Blue,42524846827,T187-BLUE-6,https://cdn.shopify.com/s/files/1/0487/8834/0899/products/p39rlyJT-9824.jpg,"This off the shoulder printed crop top is a wardrobe essential. The cropped style, long sleeves, off the shoulder and loose fitting design will look great paired with your favourite pair of jeans, leggings or its matching skirt, to create the perfect co-ord look. In its gorgeous navy blue with red detailing, this crop top is definitely a summer essential.  The frilled hem on this off the shoulder top adds detail that makes it unique, and it's loose fitting to give you maximum comfort. The perfect addition to your summer wardrobe for days out, holidays in the sunshine or for date nights. Whether teamed with its matching skirt or paired with light denim or leather leggings, this blue top is a definite staple piece for the season.",Clothing,10,Goddiva (US),24726,Women's Trousers,201,https://images2.productserve.com/?w=200&h=200&bg=white&trim=5&t=letterbox&url=ssl%3Acdn.shopify.com%2Fs%2Ffiles%2F1%2F0487%2F8834%2F0899%2Fproducts%2Fp39rlyJT-9824.jpg&feedId=62769&k=becafc33148344a6e5f5fc9195e403fb426ce234,USD,,"Over $120 - Free Delivery, Less than $120 - $12",https://goddiva.us/products/city-goddess-off-the-shoulder-printed-crop-top-blue,,,USD50,62769,City Goddess,1,,,,,,Womens,Tops & T-Shirts
https://www.awin1.com/pclick.php?p=42524846826&a=2771700&m=24726,City Goddess Off The Shoulder Printed Crop Top - Blue,42524846826,T187-BLUE-4,https://cdn.shopify.com/s/files/1/0487/8834/0899/products/p39rlyJT-9824.jpg,"This off the shoulder printed crop top is a wardrobe essential. The cropped style, long sleeves, off the shoulder and loose fitting design will look great paired with your favourite pair of jeans, leggings or its matching skirt, to create the perfect co-ord look. In its gorgeous navy blue with red detailing, this crop top is definitely a summer essential.  The frilled hem on this off the shoulder top adds detail that makes it unique, and it's loose fitting to give you maximum comfort. The perfect addition to your summer wardrobe for days out, holidays in the sunshine or for date nights. Whether teamed with its matching skirt or paired with light denim or leather leggings, this blue top is a definite staple piece for the season.",Clothing,10,Goddiva (US),24726,Women's Trousers,201,https://images2.productserve.com/?w=200&h=200&bg=white&trim=5&t=letterbox&url=ssl%3Acdn.shopify.com%2Fs%2Ffiles%2F1%2F0487%2F8834%2F0899%2Fproducts%2Fp39rlyJT-9824.jpg&feedId=62769&k=becafc33148344a6e5f5fc9195e403fb426ce234,USD,,"Over $120 - Free Delivery, Less than $120 - $12",https://goddiva.us/products/city-goddess-off-the-shoulder-printed-crop-top-blue,,,USD50,62769,City Goddess,1,,,,,,Womens,Tops & T-Shirts
https://www.awin1.com/pclick.php?p=42524846831&a=2771700&m=24726,City Goddess Printed High Waist Wrap Midi Skirt - Black,42524846831,SK17-BLACK-6,https://cdn.shopify.com/s/files/1/0487/8834/0899/products/UPBRjdxY-9764.jpg,"Summer is coming and we have the perfect skirt for you. This simple yet bold printed high waisted wrap midi skirt is your staple piece for the season. The versatility of this stylish number is endless. A great choice for lunches with the girls or casual day dates in the summer not to mention this skirt is perfect for your summer getaways. In its classic black print, styling this is so effortless. Team with a bodysuit, wedges and oversized sunglasses for a chic summer look or sandals and beach bag and use as a sarong on the beach of dreams.",Clothing,30,Goddiva (US),24726,Women's Trousers,201,https://images2.productserve.com/?w=200&h=200&bg=white&trim=5&t=letterbox&url=ssl%3Acdn.shopify.com%2Fs%2Ffiles%2F1%2F0487%2F8834%2F0899%2Fproducts%2FUPBRjdxY-9764.jpg&feedId=62769&k=56bafe8e5d15c335e02c0e7ab1ae65dbc0824d04,USD,,"Over $120 - Free Delivery, Less than $120 - $12",https://goddiva.us/products/city-goddess-printed-high-waist-wrap-midi-skirt-black,,,USD64,62769,City Goddess,1,,,,,,Womens,Skirts
https://www.awin1.com/pclick.php?p=42524846830&a=2771700&m=24726,City Goddess Printed High Waist Wrap Midi Skirt - Black,42524846830,SK17-BLACK-4,https://cdn.shopify.com/s/files/1/0487/8834/0899/products/UPBRjdxY-9764.jpg,"Summer is coming and we have the perfect skirt for you. This simple yet bold printed high waisted wrap midi skirt is your staple piece for the season. The versatility of this stylish number is endless. A great choice for lunches with the girls or casual day dates in the summer not to mention this skirt is perfect for your summer getaways. In its classic black print, styling this is so effortless. Team with a bodysuit, wedges and oversized sunglasses for a chic summer look or sandals and beach bag and use as a sarong on the beach of dreams.",Clothing,30,Goddiva (US),24726,Women's Trousers,201,https://images2.productserve.com/?w=200&h=200&bg=white&trim=5&t=letterbox&url=ssl%3Acdn.shopify.com%2Fs%2Ffiles%2F1%2F0487%2F8834%2F0899%2Fproducts%2FUPBRjdxY-9764.jpg&feedId=62769&k=56bafe8e5d15c335e02c0e7ab1ae65dbc0824d04,USD,,"Over $120 - Free Delivery, Less than $120 - $12",https://goddiva.us/products/city-goddess-printed-high-waist-wrap-midi-skirt-black,,,USD64,62769,City Goddess,1,,,,,,Womens,Skirts
https://www.awin1.com/pclick.php?p=42524846835&a=2771700&m=24726,City Goddess Floral Print Shirt - Beige,42524846835,T186-BEIGE-6,https://cdn.shopify.com/s/files/1/0487/8834/0899/products/BUzfczwP-9757.jpg,"If you are looking for a unique and creative shirt, then this is the one for you. This beige staple piece is an essential for your new wardrobe. Up your game this season with this pretty floral print shirt. With its long sleeves, light fabric and classic all over floral print, this cream shirt is ticking all the boxes. Wear it with leggings and heels for a night out, or with tailored pants and courts for the ultimate board room look.",Clothing,10,Goddiva (US),24726,Women's Trousers,201,https://images2.productserve.com/?w=200&h=200&bg=white&trim=5&t=letterbox&url=ssl%3Acdn.shopify.com%2Fs%2Ffiles%2F1%2F0487%2F8834%2F0899%2Fproducts%2FBUzfczwP-9757.jpg&feedId=62769&k=5630a13fb2f2899cd2da25cb979901f1e77a4584,USD,,"Over $120 - Free Delivery, Less than $120 - $12",https://goddiva.us/products/city-goddess-floral-print-shirt-dress-beige-1,,,USD64,62769,City Goddess,1,,,,,,Womens,Shirts
https://www.awin1.com/pclick.php?p=42524846834&a=2771700&m=24726,City Goddess Floral Print Shirt - Beige,42524846834,T186-BEIGE-4,https://cdn.shopify.com/s/files/1/0487/8834/0899/products/BUzfczwP-9757.jpg,"If you are looking for a unique and creative shirt, then this is the one for you. This beige staple piece is an essential for your new wardrobe. Up your game this season with this pretty floral print shirt. With its long sleeves, light fabric and classic all over floral print, this cream shirt is ticking all the boxes. Wear it with leggings and heels for a night out, or with tailored pants and courts for the ultimate board room look.",Clothing,10,Goddiva (US),24726,Women's Trousers,201,https://images2.productserve.com/?w=200&h=200&bg=white&trim=5&t=letterbox&url=ssl%3Acdn.shopify.com%2Fs%2Ffiles%2F1%2F0487%2F8834%2F0899%2Fproducts%2FBUzfczwP-9757.jpg&feedId=62769&k=5630a13fb2f2899cd2da25cb979901f1e77a4584,USD,,"Over $120 - Free Delivery, Less than $120 - $12",https://goddiva.us/products/city-goddess-floral-print-shirt-dress-beige-1,,,USD64,62769,City Goddess,1,,,,,,Womens,Shirts
https://www.awin1.com/pclick.php?p=33139369469&a=2771700&m=24726,Goddiva Side Tie Bikini With Buckle Detail - Emerald,33139369469,SW122-EMERALD-XS,https://cdn.shopify.com/s/files/1/0487/8834/0899/products/JedFTRXi-10902.jpg,"Get ready for the summer in style. This sexy emerald bikini is perfect for sunbathing on a beach or swimming at the pool. The side tie detail makes it easy to adjust and wear as per your comfort level. Its gold buckle details adds that classic Goddiva glam to this summer two-piece. Its halterneck style gives that little bit of added support, giving you confidence when you are poolside. Wear this emerald swimsuit with a cover-up or a kimono in order to look chic while strutting your stuff on the beach, by the pool or in a tropical setting! It guarantees to make heads turn, so what are you waiting for?",Clothing,10,Goddiva (US),24726,Women's Trousers,201,https://images2.productserve.com/?w=200&h=200&bg=white&trim=5&t=letterbox&url=ssl%3Acdn.shopify.com%2Fs%2Ffiles%2F1%2F0487%2F8834%2F0899%2Fproducts%2FJedFTRXi-10902.jpg&feedId=62769&k=a15747c312ecca99045aebc812a7dbd120f40e41,USD,,"Over $120 - Free Delivery, Less than $120 - $12",https://goddiva.us/products/goddiva-side-tie-bikini-with-buckle-detail-emerald,,,USD60,62769,Goddiva,1,,,,,,Womens,Swimwear
https://www.awin1.com/pclick.php?p=33139369327&a=2771700&m=24726,Goddiva Bow Detail Bikini - Hot Pink,33139369327,SW109-HOTPINK-M,https://cdn.shopify.com/s/files/1/0487/8834/0899/products/8D0ARHjP-10868.jpg,"This Bow Detail Bikini is the perfect choice for a day at the beach or to wear on vacation. The bold colors, prints and bow detail makes this two-piece pretty and fashionable that you will get compliments from everyone! In its summer essential hot hot pink, this holiday fave definitely deserves to be seen poolside. With its bandeau style and low rise brief, this set is perfect for getting in those rays and making sure that you have minimal tan lines. Team with heels, beach hat and a long kaftan to get the ultimate beach club vibe this summer.",Clothing,10,Goddiva (US),24726,Women's Trousers,201,https://images2.productserve.com/?w=200&h=200&bg=white&trim=5&t=letterbox&url=ssl%3Acdn.shopify.com%2Fs%2Ffiles%2F1%2F0487%2F8834%2F0899%2Fproducts%2F8D0ARHjP-10868.jpg&feedId=62769&k=54fce138a75ba6894f799fd186647eac873ec1fd,USD,,"Over $120 - Free Delivery, Less than $120 - $12",https://goddiva.us/products/goddiva-bow-detail-bikini-hot-pink,,,USD60,62769,Goddiva,1,,,,,,Womens,Swimwear
https://www.awin1.com/pclick.php?p=33139369417&a=2771700&m=24726,Goddiva Zig Zag Bandeau Bikini - Royal Blue,33139369417,SW11-ROYALBLUE-XS,https://cdn.shopify.com/s/files/1/0487/8834/0899/products/CrNv4Tsj-10886.jpg,"The Zig Zag Bandeau Bikini is no ordinary bikini! This blue set is the perfect bikini for any hot summer day. This gorgeous zig zag pattern bikini is the ultimate bikini that'll turn heads while you shake it. With a zig zag pattern going all over the bikini is your go-to wardrobe staple for any beach or pool party this summer. In its blue you can not go wrong with summer number. With its bandeau style, teamed with detachable adjustable straps, this is the perfect two-piece to throw on to get your tan on!",Clothing,10,Goddiva (US),24726,Women's Trousers,201,https://images2.productserve.com/?w=200&h=200&bg=white&trim=5&t=letterbox&url=ssl%3Acdn.shopify.com%2Fs%2Ffiles%2F1%2F0487%2F8834%2F0899%2Fproducts%2FCrNv4Tsj-10886.jpg&feedId=62769&k=2a3c7358b063a2737864bc97e2a1815de34febb6,USD,,"Over $120 - Free Delivery, Less than $120 - $12",https://goddiva.us/products/goddiva-zig-zag-bandeau-bikini-royal-blue,,,USD60,62769,Goddiva,1,,,,,,Womens,Swimwear
https://www.awin1.com/pclick.php?p=33139369325&a=2771700&m=24726,Goddiva Bow Detail Bikini - Hot Pink,33139369325,SW109-HOTPINK-S,https://cdn.shopify.com/s/files/1/0487/8834/0899/products/8D0ARHjP-10868.jpg,"This Bow Detail Bikini is the perfect choice for a day at the beach or to wear on vacation. The bold colors, prints and bow detail makes this two-piece pretty and fashionable that you will get compliments from everyone! In its summer essential hot hot pink, this holiday fave definitely deserves to be seen poolside. With its bandeau style and low rise brief, this set is perfect for getting in those rays and making sure that you have minimal tan lines. Team with heels, beach hat and a long kaftan to get the ultimate beach club vibe this summer.",Clothing,10,Goddiva (US),24726,Women's Trousers,201,https://images2.productserve.com/?w=200&h=200&bg=white&trim=5&t=letterbox&url=ssl%3Acdn.shopify.com%2Fs%2Ffiles%2F1%2F0487%2F8834%2F0899%2Fproducts%2F8D0ARHjP-10868.jpg&feedId=62769&k=54fce138a75ba6894f799fd186647eac873ec1fd,USD,,"Over $120 - Free Delivery, Less than $120 - $12",https://goddiva.us/products/goddiva-bow-detail-bikini-hot-pink,,,USD60,62769,Goddiva,1,,,,,,Womens,Swimwear
https://www.awin1.com/pclick.php?p=33139369475&a=2771700&m=24726,Goddiva Side Tie Bikini With Buckle Detail - Emerald,33139369475,SW122-EMERALD-L,https://cdn.shopify.com/s/files/1/0487/8834/0899/products/JedFTRXi-10902.jpg,"Get ready for the summer in style. This sexy emerald bikini is perfect for sunbathing on a beach or swimming at the pool. The side tie detail makes it easy to adjust and wear as per your comfort level. Its gold buckle details adds that classic Goddiva glam to this summer two-piece. Its halterneck style gives that little bit of added support, giving you confidence when you are poolside. Wear this emerald swimsuit with a cover-up or a kimono in order to look chic while strutting your stuff on the beach, by the pool or in a tropical setting! It guarantees to make heads turn, so what are you waiting for?",Clothing,10,Goddiva (US),24726,Women's Trousers,201,https://images2.productserve.com/?w=200&h=200&bg=white&trim=5&t=letterbox&url=ssl%3Acdn.shopify.com%2Fs%2Ffiles%2F1%2F0487%2F8834%2F0899%2Fproducts%2FJedFTRXi-10902.jpg&feedId=62769&k=a15747c312ecca99045aebc812a7dbd120f40e41,USD,,"Over $120 - Free Delivery, Less than $120 - $12",https://goddiva.us/products/goddiva-side-tie-bikini-with-buckle-detail-emerald,,,USD60,62769,Goddiva,1,,,,,,Womens,Swimwear
https://www.awin1.com/pclick.php?p=33139369477&a=2771700&m=24726,Goddiva Side Tie Bikini With Buckle Detail - Emerald,33139369477,SW122-EMERALD-XL,https://cdn.shopify.com/s/files/1/0487/8834/0899/products/JedFTRXi-10902.jpg,"Get ready for the summer in style. This sexy emerald bikini is perfect for sunbathing on a beach or swimming at the pool. The side tie detail makes it easy to adjust and wear as per your comfort level. Its gold buckle details adds that classic Goddiva glam to this summer two-piece. Its halterneck style gives that little bit of added support, giving you confidence when you are poolside. Wear this emerald swimsuit with a cover-up or a kimono in order to look chic while strutting your stuff on the beach, by the pool or in a tropical setting! It guarantees to make heads turn, so what are you waiting for?",Clothing,10,Goddiva (US),24726,Women's Trousers,201,https://images2.productserve.com/?w=200&h=200&bg=white&trim=5&t=letterbox&url=ssl%3Acdn.shopify.com%2Fs%2Ffiles%2F1%2F0487%2F8834%2F0899%2Fproducts%2FJedFTRXi-10902.jpg&feedId=62769&k=a15747c312ecca99045aebc812a7dbd120f40e41,USD,,"Over $120 - Free Delivery, Less than $120 - $12",https://goddiva.us/products/goddiva-side-tie-bikini-with-buckle-detail-emerald,,,USD60,62769,Goddiva,1,,,,,,Womens,Swimwear
https://www.awin1.com/pclick.php?p=33139369359&a=2771700&m=24726,Goddiva Criss Cross Keyhole Bikini - Fushia,33139369359,SW8-FUSHIA-XS,https://cdn.shopify.com/s/files/1/0487/8834/0899/products/PPfA59cC-10880.jpg,"This swimsuit is a must have for the girls who want to look sexy and sassy on the beach. This one-piece is a 100%  must-have from this season's collection. This Fushia swimsuit is fresh and fun with its high-cut, Brazilian-style bottoms. This little number is the perfect bikini for a day at the beach or by the pool. It's fresh, playful and sexy yet not over-the top. A perfect pick for spa weekends with your other half, beach holidays, lounging by the pool or pool parties. This fushia all in one is the perfect example of a swimsuit that highlights your figure in all the right places. Its halter neckline top and cutout bottoms ensure a secure fit, while its strappy detailing adds an element of sexiness to this bikini. Whether you're hitting the beach alone or with friends, this flattering swimsuit will make you look good no matter what! Team with an embellished kaftan, wedges and cover sized sunnies for the perfect summer holiday glam.",Clothing,10,Goddiva (US),24726,Women's Trousers,201,https://images2.productserve.com/?w=200&h=200&bg=white&trim=5&t=letterbox&url=ssl%3Acdn.shopify.com%2Fs%2Ffiles%2F1%2F0487%2F8834%2F0899%2Fproducts%2FPPfA59cC-10880.jpg&feedId=62769&k=47a7014d64a07f30fa66ff185f5bd65c46cc3dac,USD,,"Over $120 - Free Delivery, Less than $120 - $12",https://goddiva.us/products/goddiva-criss-cross-keyhole-bikini-fushia,,,USD60,62769,Goddiva,1,,,,,,Womens,Swimwear
https://www.awin1.com/pclick.php?p=33139369393&a=2771700&m=24726,Goddiva Halter Neck Floral Embroidered Swimsuit - White,33139369393,SW45-WHITE-XS,https://cdn.shopify.com/s/files/1/0487/8834/0899/products/pZAqHdD8-10884.jpg,"The Halter neck floral embroidered swimsuit is a must have for the beachy holidays. The top features an attractive floral embroidery decorated on top of delicate mesh, halter strap and a low back. Be the main attraction at this years summer parties, and make your holidays come to life with this white floral embroidered swimsuit. It's perfect for pool parties, beach holidays and much more! Team with wedges, oversized beach hat or oversized sunnies and a long kaftan to get the ultimate beach club vibe this summer.",Clothing,10,Goddiva (US),24726,Women's Trousers,201,https://images2.productserve.com/?w=200&h=200&bg=white&trim=5&t=letterbox&url=ssl%3Acdn.shopify.com%2Fs%2Ffiles%2F1%2F0487%2F8834%2F0899%2Fproducts%2FpZAqHdD8-10884.jpg&feedId=62769&k=da464d7d0f89ab8d57cb681ef81a01d842963757,USD,,"Over $120 - Free Delivery, Less than $120 - $12",https://goddiva.us/products/goddiva-halter-neck-floral-embroidered-swimsuit-white,,,USD50,62769,Goddiva,1,,,,,,Womens,Swimwear
https://www.awin1.com/pclick.php?p=33139369373&a=2771700&m=24726,Goddiva Criss Cross Keyhole Bikini - Teal,33139369373,SW8-TEAL-L,https://cdn.shopify.com/s/files/1/0487/8834/0899/products/HwfmBMO8-10879.jpg,"This swimsuit is a must have for the girls who want to look sexy and sassy on the beach. This one-piece is a 100%  must-have from this season's collection. This teal swimsuit is fresh and fun with its high-cut, Brazilian-style bottoms. This little number is the perfect bikini for a day at the beach or by the pool. It's fresh, playful and sexy yet not over-the top. A perfect pick for spa weekends with your other half, beach holidays, lounging by the pool or pool parties. This teal all in one is the perfect example of a swimsuit that highlights your figure in all the right places. Its halter neckline top and cutout bottoms ensure a secure fit, while its strappy detailing adds an element of sexiness to this bikini. Whether you're hitting the beach alone or with friends, this flattering swimsuit will make you look good no matter what! Team with an embellished kaftan, wedges and cover sized sunnies for the perfect summer holiday glam.",Clothing,10,Goddiva (US),24726,Women's Trousers,201,https://images2.productserve.com/?w=200&h=200&bg=white&trim=5&t=letterbox&url=ssl%3Acdn.shopify.com%2Fs%2Ffiles%2F1%2F0487%2F8834%2F0899%2Fproducts%2FHwfmBMO8-10879.jpg&feedId=62769&k=8ad71cf5fc5da54a193b4889cf98b3f3707f8e00,USD,,"Over $120 - Free Delivery, Less than $120 - $12",https://goddiva.us/products/goddiva-criss-cross-keyhole-bikini-teal,,,USD60,62769,Goddiva,1,,,,,,Womens,Swimwear
https://www.awin1.com/pclick.php?p=33139369367&a=2771700&m=24726,Goddiva Criss Cross Keyhole Bikini - Teal,33139369367,SW8-TEAL-XS,https://cdn.shopify.com/s/files/1/0487/8834/0899/products/HwfmBMO8-10879.jpg,"This swimsuit is a must have for the girls who want to look sexy and sassy on the beach. This one-piece is a 100%  must-have from this season's collection. This teal swimsuit is fresh and fun with its high-cut, Brazilian-style bottoms. This little number is the perfect bikini for a day at the beach or by the pool. It's fresh, playful and sexy yet not over-the top. A perfect pick for spa weekends with your other half, beach holidays, lounging by the pool or pool parties. This teal all in one is the perfect example of a swimsuit that highlights your figure in all the right places. Its halter neckline top and cutout bottoms ensure a secure fit, while its strappy detailing adds an element of sexiness to this bikini. Whether you're hitting the beach alone or with friends, this flattering swimsuit will make you look good no matter what! Team with an embellished kaftan, wedges and cover sized sunnies for the perfect summer holiday glam.",Clothing,10,Goddiva (US),24726,Women's Trousers,201,https://images2.productserve.com/?w=200&h=200&bg=white&trim=5&t=letterbox&url=ssl%3Acdn.shopify.com%2Fs%2Ffiles%2F1%2F0487%2F8834%2F0899%2Fproducts%2FHwfmBMO8-10879.jpg&feedId=62769&k=8ad71cf5fc5da54a193b4889cf98b3f3707f8e00,USD,,"Over $120 - Free Delivery, Less than $120 - $12",https://goddiva.us/products/goddiva-criss-cross-keyhole-bikini-teal,,,USD60,62769,Goddiva,1,,,,,,Womens,Swimwear
https://www.awin1.com/pclick.php?p=33139369329&a=2771700&m=24726,Goddiva Bow Detail Bikini - Hot Pink,33139369329,SW109-HOTPINK-L,https://cdn.shopify.com/s/files/1/0487/8834/0899/products/8D0ARHjP-10868.jpg,"This Bow Detail Bikini is the perfect choice for a day at the beach or to wear on vacation. The bold colors, prints and bow detail makes this two-piece pretty and fashionable that you will get compliments from everyone! In its summer essential hot hot pink, this holiday fave definitely deserves to be seen poolside. With its bandeau style and low rise brief, this set is perfect for getting in those rays and making sure that you have minimal tan lines. Team with heels, beach hat and a long kaftan to get the ultimate beach club vibe this summer.",Clothing,10,Goddiva (US),24726,Women's Trousers,201,https://images2.productserve.com/?w=200&h=200&bg=white&trim=5&t=letterbox&url=ssl%3Acdn.shopify.com%2Fs%2Ffiles%2F1%2F0487%2F8834%2F0899%2Fproducts%2F8D0ARHjP-10868.jpg&feedId=62769&k=54fce138a75ba6894f799fd186647eac873ec1fd,USD,,"Over $120 - Free Delivery, Less than $120 - $12",https://goddiva.us/products/goddiva-bow-detail-bikini-hot-pink,,,USD60,62769,Goddiva,1,,,,,,Womens,Swimwear
https://www.awin1.com/pclick.php?p=33139369355&a=2771700&m=24726,Goddiva Multiway Swimsuit - Cerise,33139369355,SW35-CERISE-M,https://cdn.shopify.com/s/files/1/0487/8834/0899/products/NDMgePt3-10881.jpg,"Life is better when youre on a beach, laying in the sunshine in your Goddiva swimwear. This cerise multiway swimsuit is perfect for those summer breaks. This multiway swimsuit is the perfect attire for those lazy days on the beach, or to party from day to night at the best beach club pool party. In its classic black, on trend cerise color, this affordable one piece is the one you need to pack in your suitcase asap. Team with a sexy wedge, shimmering kaftan and some oversized sunnies to get the ultimate beach club look.",Clothing,10,Goddiva (US),24726,Women's Trousers,201,https://images2.productserve.com/?w=200&h=200&bg=white&trim=5&t=letterbox&url=ssl%3Acdn.shopify.com%2Fs%2Ffiles%2F1%2F0487%2F8834%2F0899%2Fproducts%2FNDMgePt3-10881.jpg&feedId=62769&k=f5f9ae4805d8a6d2f31bcf07a7e1b92c5683b271,USD,,"Over $120 - Free Delivery, Less than $120 - $12",https://goddiva.us/products/goddiva-multiway-swimsuit-cerise,,,USD80,62769,Goddiva,1,,,,,,Womens,Swimwear
https://www.awin1.com/pclick.php?p=33139369473&a=2771700&m=24726,Goddiva Side Tie Bikini With Buckle Detail - Emerald,33139369473,SW122-EMERALD-M,https://cdn.shopify.com/s/files/1/0487/8834/0899/products/JedFTRXi-10902.jpg,"Get ready for the summer in style. This sexy emerald bikini is perfect for sunbathing on a beach or swimming at the pool. The side tie detail makes it easy to adjust and wear as per your comfort level. Its gold buckle details adds that classic Goddiva glam to this summer two-piece. Its halterneck style gives that little bit of added support, giving you confidence when you are poolside. Wear this emerald swimsuit with a cover-up or a kimono in order to look chic while strutting your stuff on the beach, by the pool or in a tropical setting! It guarantees to make heads turn, so what are you waiting for?",Clothing,10,Goddiva (US),24726,Women's Trousers,201,https://images2.productserve.com/?w=200&h=200&bg=white&trim=5&t=letterbox&url=ssl%3Acdn.shopify.com%2Fs%2Ffiles%2F1%2F0487%2F8834%2F0899%2Fproducts%2FJedFTRXi-10902.jpg&feedId=62769&k=a15747c312ecca99045aebc812a7dbd120f40e41,USD,,"Over $120 - Free Delivery, Less than $120 - $12",https://goddiva.us/products/goddiva-side-tie-bikini-with-buckle-detail-emerald,,,USD60,62769,Goddiva,1,,,,,,Womens,Swimwear
https://www.awin1.com/pclick.php?p=33139369399&a=2771700&m=24726,Goddiva Halter Neck Floral Embroidered Swimsuit - White,33139369399,SW45-WHITE-L,https://cdn.shopify.com/s/files/1/0487/8834/0899/products/pZAqHdD8-10884.jpg,"The Halter neck floral embroidered swimsuit is a must have for the beachy holidays. The top features an attractive floral embroidery decorated on top of delicate mesh, halter strap and a low back. Be the main attraction at this years summer parties, and make your holidays come to life with this white floral embroidered swimsuit. It's perfect for pool parties, beach holidays and much more! Team with wedges, oversized beach hat or oversized sunnies and a long kaftan to get the ultimate beach club vibe this summer.",Clothing,10,Goddiva (US),24726,Women's Trousers,201,https://images2.productserve.com/?w=200&h=200&bg=white&trim=5&t=letterbox&url=ssl%3Acdn.shopify.com%2Fs%2Ffiles%2F1%2F0487%2F8834%2F0899%2Fproducts%2FpZAqHdD8-10884.jpg&feedId=62769&k=da464d7d0f89ab8d57cb681ef81a01d842963757,USD,,"Over $120 - Free Delivery, Less than $120 - $12",https://goddiva.us/products/goddiva-halter-neck-floral-embroidered-swimsuit-white,,,USD50,62769,Goddiva,1,,,,,,Womens,Swimwear
https://www.awin1.com/pclick.php?p=33139369395&a=2771700&m=24726,Goddiva Halter Neck Floral Embroidered Swimsuit - White,33139369395,SW45-WHITE-S,https://cdn.shopify.com/s/files/1/0487/8834/0899/products/pZAqHdD8-10884.jpg,"The Halter neck floral embroidered swimsuit is a must have for the beachy holidays. The top features an attractive floral embroidery decorated on top of delicate mesh, halter strap and a low back. Be the main attraction at this years summer parties, and make your holidays come to life with this white floral embroidered swimsuit. It's perfect for pool parties, beach holidays and much more! Team with wedges, oversized beach hat or oversized sunnies and a long kaftan to get the ultimate beach club vibe this summer.",Clothing,10,Goddiva (US),24726,Women's Trousers,201,https://images2.productserve.com/?w=200&h=200&bg=white&trim=5&t=letterbox&url=ssl%3Acdn.shopify.com%2Fs%2Ffiles%2F1%2F0487%2F8834%2F0899%2Fproducts%2FpZAqHdD8-10884.jpg&feedId=62769&k=da464d7d0f89ab8d57cb681ef81a01d842963757,USD,,"Over $120 - Free Delivery, Less than $120 - $12",https://goddiva.us/products/goddiva-halter-neck-floral-embroidered-swimsuit-white,,,USD50,62769,Goddiva,1,,,,,,Womens,Swimwear
https://www.awin1.com/pclick.php?p=33139369397&a=2771700&m=24726,Goddiva Halter Neck Floral Embroidered Swimsuit - White,33139369397,SW45-WHITE-M,https://cdn.shopify.com/s/files/1/0487/8834/0899/products/pZAqHdD8-10884.jpg,"The Halter neck floral embroidered swimsuit is a must have for the beachy holidays. The top features an attractive floral embroidery decorated on top of delicate mesh, halter strap and a low back. Be the main attraction at this years summer parties, and make your holidays come to life with this white floral embroidered swimsuit. It's perfect for pool parties, beach holidays and much more! Team with wedges, oversized beach hat or oversized sunnies and a long kaftan to get the ultimate beach club vibe this summer.",Clothing,10,Goddiva (US),24726,Women's Trousers,201,https://images2.productserve.com/?w=200&h=200&bg=white&trim=5&t=letterbox&url=ssl%3Acdn.shopify.com%2Fs%2Ffiles%2F1%2F0487%2F8834%2F0899%2Fproducts%2FpZAqHdD8-10884.jpg&feedId=62769&k=da464d7d0f89ab8d57cb681ef81a01d842963757,USD,,"Over $120 - Free Delivery, Less than $120 - $12",https://goddiva.us/products/goddiva-halter-neck-floral-embroidered-swimsuit-white,,,USD50,62769,Goddiva,1,,,,,,Womens,Swimwear
https://www.awin1.com/pclick.php?p=33139369351&a=2771700&m=24726,Goddiva Multiway Swimsuit - Cerise,33139369351,SW35-CERISE-XS,https://cdn.shopify.com/s/files/1/0487/8834/0899/products/NDMgePt3-10881.jpg,"Life is better when youre on a beach, laying in the sunshine in your Goddiva swimwear. This cerise multiway swimsuit is perfect for those summer breaks. This multiway swimsuit is the perfect attire for those lazy days on the beach, or to party from day to night at the best beach club pool party. In its classic black, on trend cerise color, this affordable one piece is the one you need to pack in your suitcase asap. Team with a sexy wedge, shimmering kaftan and some oversized sunnies to get the ultimate beach club look.",Clothing,10,Goddiva (US),24726,Women's Trousers,201,https://images2.productserve.com/?w=200&h=200&bg=white&trim=5&t=letterbox&url=ssl%3Acdn.shopify.com%2Fs%2Ffiles%2F1%2F0487%2F8834%2F0899%2Fproducts%2FNDMgePt3-10881.jpg&feedId=62769&k=f5f9ae4805d8a6d2f31bcf07a7e1b92c5683b271,USD,,"Over $120 - Free Delivery, Less than $120 - $12",https://goddiva.us/products/goddiva-multiway-swimsuit-cerise,,,USD80,62769,Goddiva,1,,,,,,Womens,Swimwear
https://www.awin1.com/pclick.php?p=33139369353&a=2771700&m=24726,Goddiva Multiway Swimsuit - Cerise,33139369353,SW35-CERISE-S,https://cdn.shopify.com/s/files/1/0487/8834/0899/products/NDMgePt3-10881.jpg,"Life is better when youre on a beach, laying in the sunshine in your Goddiva swimwear. This cerise multiway swimsuit is perfect for those summer breaks. This multiway swimsuit is the perfect attire for those lazy days on the beach, or to party from day to night at the best beach club pool party. In its classic black, on trend cerise color, this affordable one piece is the one you need to pack in your suitcase asap. Team with a sexy wedge, shimmering kaftan and some oversized sunnies to get the ultimate beach club look.",Clothing,10,Goddiva (US),24726,Women's Trousers,201,https://images2.productserve.com/?w=200&h=200&bg=white&trim=5&t=letterbox&url=ssl%3Acdn.shopify.com%2Fs%2Ffiles%2F1%2F0487%2F8834%2F0899%2Fproducts%2FNDMgePt3-10881.jpg&feedId=62769&k=f5f9ae4805d8a6d2f31bcf07a7e1b92c5683b271,USD,,"Over $120 - Free Delivery, Less than $120 - $12",https://goddiva.us/products/goddiva-multiway-swimsuit-cerise,,,USD80,62769,Goddiva,1,,,,,,Womens,Swimwear
https://www.awin1.com/pclick.php?p=33139369361&a=2771700&m=24726,Goddiva Criss Cross Keyhole Bikini - Fushia,33139369361,SW8-FUSHIA-S,https://cdn.shopify.com/s/files/1/0487/8834/0899/products/PPfA59cC-10880.jpg,"This swimsuit is a must have for the girls who want to look sexy and sassy on the beach. This one-piece is a 100%  must-have from this season's collection. This Fushia swimsuit is fresh and fun with its high-cut, Brazilian-style bottoms. This little number is the perfect bikini for a day at the beach or by the pool. It's fresh, playful and sexy yet not over-the top. A perfect pick for spa weekends with your other half, beach holidays, lounging by the pool or pool parties. This fushia all in one is the perfect example of a swimsuit that highlights your figure in all the right places. Its halter neckline top and cutout bottoms ensure a secure fit, while its strappy detailing adds an element of sexiness to this bikini. Whether you're hitting the beach alone or with friends, this flattering swimsuit will make you look good no matter what! Team with an embellished kaftan, wedges and cover sized sunnies for the perfect summer holiday glam.",Clothing,10,Goddiva (US),24726,Women's Trousers,201,https://images2.productserve.com/?w=200&h=200&bg=white&trim=5&t=letterbox&url=ssl%3Acdn.shopify.com%2Fs%2Ffiles%2F1%2F0487%2F8834%2F0899%2Fproducts%2FPPfA59cC-10880.jpg&feedId=62769&k=47a7014d64a07f30fa66ff185f5bd65c46cc3dac,USD,,"Over $120 - Free Delivery, Less than $120 - $12",https://goddiva.us/products/goddiva-criss-cross-keyhole-bikini-fushia,,,USD60,62769,Goddiva,1,,,,,,Womens,Swimwear
https://www.awin1.com/pclick.php?p=33139369419&a=2771700&m=24726,Goddiva Zig Zag Bandeau Bikini - Royal Blue,33139369419,SW11-ROYALBLUE-S,https://cdn.shopify.com/s/files/1/0487/8834/0899/products/CrNv4Tsj-10886.jpg,"The Zig Zag Bandeau Bikini is no ordinary bikini! This blue set is the perfect bikini for any hot summer day. This gorgeous zig zag pattern bikini is the ultimate bikini that'll turn heads while you shake it. With a zig zag pattern going all over the bikini is your go-to wardrobe staple for any beach or pool party this summer. In its blue you can not go wrong with summer number. With its bandeau style, teamed with detachable adjustable straps, this is the perfect two-piece to throw on to get your tan on!",Clothing,10,Goddiva (US),24726,Women's Trousers,201,https://images2.productserve.com/?w=200&h=200&bg=white&trim=5&t=letterbox&url=ssl%3Acdn.shopify.com%2Fs%2Ffiles%2F1%2F0487%2F8834%2F0899%2Fproducts%2FCrNv4Tsj-10886.jpg&feedId=62769&k=2a3c7358b063a2737864bc97e2a1815de34febb6,USD,,"Over $120 - Free Delivery, Less than $120 - $12",https://goddiva.us/products/goddiva-zig-zag-bandeau-bikini-royal-blue,,,USD60,62769,Goddiva,1,,,,,,Womens,Swimwear
https://www.awin1.com/pclick.php?p=33139369421&a=2771700&m=24726,Goddiva Zig Zag Bandeau Bikini - Royal Blue,33139369421,SW11-ROYALBLUE-M,https://cdn.shopify.com/s/files/1/0487/8834/0899/products/CrNv4Tsj-10886.jpg,"The Zig Zag Bandeau Bikini is no ordinary bikini! This blue set is the perfect bikini for any hot summer day. This gorgeous zig zag pattern bikini is the ultimate bikini that'll turn heads while you shake it. With a zig zag pattern going all over the bikini is your go-to wardrobe staple for any beach or pool party this summer. In its blue you can not go wrong with summer number. With its bandeau style, teamed with detachable adjustable straps, this is the perfect two-piece to throw on to get your tan on!",Clothing,10,Goddiva (US),24726,Women's Trousers,201,https://images2.productserve.com/?w=200&h=200&bg=white&trim=5&t=letterbox&url=ssl%3Acdn.shopify.com%2Fs%2Ffiles%2F1%2F0487%2F8834%2F0899%2Fproducts%2FCrNv4Tsj-10886.jpg&feedId=62769&k=2a3c7358b063a2737864bc97e2a1815de34febb6,USD,,"Over $120 - Free Delivery, Less than $120 - $12",https://goddiva.us/products/goddiva-zig-zag-bandeau-bikini-royal-blue,,,USD60,62769,Goddiva,1,,,,,,Womens,Swimwear
https://www.awin1.com/pclick.php?p=33139369471&a=2771700&m=24726,Goddiva Side Tie Bikini With Buckle Detail - Emerald,33139369471,SW122-EMERALD-S,https://cdn.shopify.com/s/files/1/0487/8834/0899/products/JedFTRXi-10902.jpg,"Get ready for the summer in style. This sexy emerald bikini is perfect for sunbathing on a beach or swimming at the pool. The side tie detail makes it easy to adjust and wear as per your comfort level. Its gold buckle details adds that classic Goddiva glam to this summer two-piece. Its halterneck style gives that little bit of added support, giving you confidence when you are poolside. Wear this emerald swimsuit with a cover-up or a kimono in order to look chic while strutting your stuff on the beach, by the pool or in a tropical setting! It guarantees to make heads turn, so what are you waiting for?",Clothing,10,Goddiva (US),24726,Women's Trousers,201,https://images2.productserve.com/?w=200&h=200&bg=white&trim=5&t=letterbox&url=ssl%3Acdn.shopify.com%2Fs%2Ffiles%2F1%2F0487%2F8834%2F0899%2Fproducts%2FJedFTRXi-10902.jpg&feedId=62769&k=a15747c312ecca99045aebc812a7dbd120f40e41,USD,,"Over $120 - Free Delivery, Less than $120 - $12",https://goddiva.us/products/goddiva-side-tie-bikini-with-buckle-detail-emerald,,,USD60,62769,Goddiva,1,,,,,,Womens,Swimwear
https://www.awin1.com/pclick.php?p=33139369369&a=2771700&m=24726,Goddiva Criss Cross Keyhole Bikini - Teal,33139369369,SW8-TEAL-S,https://cdn.shopify.com/s/files/1/0487/8834/0899/products/HwfmBMO8-10879.jpg,"This swimsuit is a must have for the girls who want to look sexy and sassy on the beach. This one-piece is a 100%  must-have from this season's collection. This teal swimsuit is fresh and fun with its high-cut, Brazilian-style bottoms. This little number is the perfect bikini for a day at the beach or by the pool. It's fresh, playful and sexy yet not over-the top. A perfect pick for spa weekends with your other half, beach holidays, lounging by the pool or pool parties. This teal all in one is the perfect example of a swimsuit that highlights your figure in all the right places. Its halter neckline top and cutout bottoms ensure a secure fit, while its strappy detailing adds an element of sexiness to this bikini. Whether you're hitting the beach alone or with friends, this flattering swimsuit will make you look good no matter what! Team with an embellished kaftan, wedges and cover sized sunnies for the perfect summer holiday glam.",Clothing,10,Goddiva (US),24726,Women's Trousers,201,https://images2.productserve.com/?w=200&h=200&bg=white&trim=5&t=letterbox&url=ssl%3Acdn.shopify.com%2Fs%2Ffiles%2F1%2F0487%2F8834%2F0899%2Fproducts%2FHwfmBMO8-10879.jpg&feedId=62769&k=8ad71cf5fc5da54a193b4889cf98b3f3707f8e00,USD,,"Over $120 - Free Delivery, Less than $120 - $12",https://goddiva.us/products/goddiva-criss-cross-keyhole-bikini-teal,,,USD60,62769,Goddiva,1,,,,,,Womens,Swimwear
https://www.awin1.com/pclick.php?p=33139369365&a=2771700&m=24726,Goddiva Criss Cross Keyhole Bikini - Fushia,33139369365,SW8-FUSHIA-L,https://cdn.shopify.com/s/files/1/0487/8834/0899/products/PPfA59cC-10880.jpg,"This swimsuit is a must have for the girls who want to look sexy and sassy on the beach. This one-piece is a 100%  must-have from this season's collection. This Fushia swimsuit is fresh and fun with its high-cut, Brazilian-style bottoms. This little number is the perfect bikini for a day at the beach or by the pool. It's fresh, playful and sexy yet not over-the top. A perfect pick for spa weekends with your other half, beach holidays, lounging by the pool or pool parties. This fushia all in one is the perfect example of a swimsuit that highlights your figure in all the right places. Its halter neckline top and cutout bottoms ensure a secure fit, while its strappy detailing adds an element of sexiness to this bikini. Whether you're hitting the beach alone or with friends, this flattering swimsuit will make you look good no matter what! Team with an embellished kaftan, wedges and cover sized sunnies for the perfect summer holiday glam.",Clothing,10,Goddiva (US),24726,Women's Trousers,201,https://images2.productserve.com/?w=200&h=200&bg=white&trim=5&t=letterbox&url=ssl%3Acdn.shopify.com%2Fs%2Ffiles%2F1%2F0487%2F8834%2F0899%2Fproducts%2FPPfA59cC-10880.jpg&feedId=62769&k=47a7014d64a07f30fa66ff185f5bd65c46cc3dac,USD,,"Over $120 - Free Delivery, Less than $120 - $12",https://goddiva.us/products/goddiva-criss-cross-keyhole-bikini-fushia,,,USD60,62769,Goddiva,1,,,,,,Womens,Swimwear
https://www.awin1.com/pclick.php?p=33139369423&a=2771700&m=24726,Goddiva Zig Zag Bandeau Bikini - Royal Blue,33139369423,SW11-ROYALBLUE-L,https://cdn.shopify.com/s/files/1/0487/8834/0899/products/CrNv4Tsj-10886.jpg,"The Zig Zag Bandeau Bikini is no ordinary bikini! This blue set is the perfect bikini for any hot summer day. This gorgeous zig zag pattern bikini is the ultimate bikini that'll turn heads while you shake it. With a zig zag pattern going all over the bikini is your go-to wardrobe staple for any beach or pool party this summer. In its blue you can not go wrong with summer number. With its bandeau style, teamed with detachable adjustable straps, this is the perfect two-piece to throw on to get your tan on!",Clothing,10,Goddiva (US),24726,Women's Trousers,201,https://images2.productserve.com/?w=200&h=200&bg=white&trim=5&t=letterbox&url=ssl%3Acdn.shopify.com%2Fs%2Ffiles%2F1%2F0487%2F8834%2F0899%2Fproducts%2FCrNv4Tsj-10886.jpg&feedId=62769&k=2a3c7358b063a2737864bc97e2a1815de34febb6,USD,,"Over $120 - Free Delivery, Less than $120 - $12",https://goddiva.us/products/goddiva-zig-zag-bandeau-bikini-royal-blue,,,USD60,62769,Goddiva,1,,,,,,Womens,Swimwear
https://www.awin1.com/pclick.php?p=33139369363&a=2771700&m=24726,Goddiva Criss Cross Keyhole Bikini - Fushia,33139369363,SW8-FUSHIA-M,https://cdn.shopify.com/s/files/1/0487/8834/0899/products/PPfA59cC-10880.jpg,"This swimsuit is a must have for the girls who want to look sexy and sassy on the beach. This one-piece is a 100%  must-have from this season's collection. This Fushia swimsuit is fresh and fun with its high-cut, Brazilian-style bottoms. This little number is the perfect bikini for a day at the beach or by the pool. It's fresh, playful and sexy yet not over-the top. A perfect pick for spa weekends with your other half, beach holidays, lounging by the pool or pool parties. This fushia all in one is the perfect example of a swimsuit that highlights your figure in all the right places. Its halter neckline top and cutout bottoms ensure a secure fit, while its strappy detailing adds an element of sexiness to this bikini. Whether you're hitting the beach alone or with friends, this flattering swimsuit will make you look good no matter what! Team with an embellished kaftan, wedges and cover sized sunnies for the perfect summer holiday glam.",Clothing,10,Goddiva (US),24726,Women's Trousers,201,https://images2.productserve.com/?w=200&h=200&bg=white&trim=5&t=letterbox&url=ssl%3Acdn.shopify.com%2Fs%2Ffiles%2F1%2F0487%2F8834%2F0899%2Fproducts%2FPPfA59cC-10880.jpg&feedId=62769&k=47a7014d64a07f30fa66ff185f5bd65c46cc3dac,USD,,"Over $120 - Free Delivery, Less than $120 - $12",https://goddiva.us/products/goddiva-criss-cross-keyhole-bikini-fushia,,,USD60,62769,Goddiva,1,,,,,,Womens,Swimwear
https://www.awin1.com/pclick.php?p=33139369371&a=2771700&m=24726,Goddiva Criss Cross Keyhole Bikini - Teal,33139369371,SW8-TEAL-M,https://cdn.shopify.com/s/files/1/0487/8834/0899/products/HwfmBMO8-10879.jpg,"This swimsuit is a must have for the girls who want to look sexy and sassy on the beach. This one-piece is a 100%  must-have from this season's collection. This teal swimsuit is fresh and fun with its high-cut, Brazilian-style bottoms. This little number is the perfect bikini for a day at the beach or by the pool. It's fresh, playful and sexy yet not over-the top. A perfect pick for spa weekends with your other half, beach holidays, lounging by the pool or pool parties. This teal all in one is the perfect example of a swimsuit that highlights your figure in all the right places. Its halter neckline top and cutout bottoms ensure a secure fit, while its strappy detailing adds an element of sexiness to this bikini. Whether you're hitting the beach alone or with friends, this flattering swimsuit will make you look good no matter what! Team with an embellished kaftan, wedges and cover sized sunnies for the perfect summer holiday glam.",Clothing,10,Goddiva (US),24726,Women's Trousers,201,https://images2.productserve.com/?w=200&h=200&bg=white&trim=5&t=letterbox&url=ssl%3Acdn.shopify.com%2Fs%2Ffiles%2F1%2F0487%2F8834%2F0899%2Fproducts%2FHwfmBMO8-10879.jpg&feedId=62769&k=8ad71cf5fc5da54a193b4889cf98b3f3707f8e00,USD,,"Over $120 - Free Delivery, Less than $120 - $12",https://goddiva.us/products/goddiva-criss-cross-keyhole-bikini-teal,,,USD60,62769,Goddiva,1,,,,,,Womens,Swimwear
https://www.awin1.com/pclick.php?p=33139369357&a=2771700&m=24726,Goddiva Multiway Swimsuit - Cerise,33139369357,SW35-CERISE-L,https://cdn.shopify.com/s/files/1/0487/8834/0899/products/NDMgePt3-10881.jpg,"Life is better when youre on a beach, laying in the sunshine in your Goddiva swimwear. This cerise multiway swimsuit is perfect for those summer breaks. This multiway swimsuit is the perfect attire for those lazy days on the beach, or to party from day to night at the best beach club pool party. In its classic black, on trend cerise color, this affordable one piece is the one you need to pack in your suitcase asap. Team with a sexy wedge, shimmering kaftan and some oversized sunnies to get the ultimate beach club look.",Clothing,10,Goddiva (US),24726,Women's Trousers,201,https://images2.productserve.com/?w=200&h=200&bg=white&trim=5&t=letterbox&url=ssl%3Acdn.shopify.com%2Fs%2Ffiles%2F1%2F0487%2F8834%2F0899%2Fproducts%2FNDMgePt3-10881.jpg&feedId=62769&k=f5f9ae4805d8a6d2f31bcf07a7e1b92c5683b271,USD,,"Over $120 - Free Delivery, Less than $120 - $12",https://goddiva.us/products/goddiva-multiway-swimsuit-cerise,,,USD80,62769,Goddiva,1,,,,,,Womens,Swimwear
https://www.awin1.com/pclick.php?p=33187096607&a=2771700&m=24726,Goddiva Self-tie Brazilian Bikini Bottoms - Green,33187096607,SW13-GREEN-S,https://cdn.shopify.com/s/files/1/0487/8834/0899/products/dDWovcNe-11042.jpg,"These Self Tie Brazilian bikini bottoms are the perfect mix and match addition to your summer wardrobe. Wear them with a plain bra or top, or match them up to any of your summer holiday faves. Our green Brazilian bikinis are designed to be worn with the self tie strings at the side. This means that there is no elastic or ties on your hips, like you get with all other bikini bottoms. You can wear them as high as you want or low down as you want, meaning they suit all body types and shapes.",Clothing,10,Goddiva (US),24726,Women's Trousers,201,https://images2.productserve.com/?w=200&h=200&bg=white&trim=5&t=letterbox&url=ssl%3Acdn.shopify.com%2Fs%2Ffiles%2F1%2F0487%2F8834%2F0899%2Fproducts%2FdDWovcNe-11042.jpg&feedId=62769&k=3c2716c0e066681d1e7c9174c3bdb5b9c1c3b481,USD,,"Over $120 - Free Delivery, Less than $120 - $12",https://goddiva.us/products/goddiva-self-tie-brazilian-bikini-bottoms-green,,,USD30,62769,Goddiva,1,,,,,,Womens,Swimwear
https://www.awin1.com/pclick.php?p=33187096591&a=2771700&m=24726,Goddiva Self-tie Brazilian Bikini Bottoms - Turquoise,33187096591,SW13-TURQUOISE-S,https://cdn.shopify.com/s/files/1/0487/8834/0899/products/mptwCgZB-11044.jpg,"These Self Tie Brazilian bikini bottoms are the perfect mix and match addition to your summer wardrobe. Wear them with a plain bra or top, or match them up to any of your summer holiday faves. Our turquoise Brazilian bikinis are designed to be worn with the self tie strings at the side. This means that there is no elastic or ties on your hips, like you get with all other bikini bottoms. You can wear them as high as you want or low down as you want, meaning they suit all body types and shapes.",Clothing,10,Goddiva (US),24726,Women's Trousers,201,https://images2.productserve.com/?w=200&h=200&bg=white&trim=5&t=letterbox&url=ssl%3Acdn.shopify.com%2Fs%2Ffiles%2F1%2F0487%2F8834%2F0899%2Fproducts%2FmptwCgZB-11044.jpg&feedId=62769&k=334d749210005427a8ad81e81a90efde90551a2f,USD,,"Over $120 - Free Delivery, Less than $120 - $12",https://goddiva.us/products/goddiva-self-tie-brazilian-bikini-bottoms-turquoise,,,USD30,62769,Goddiva,1,,,,,,Womens,Swimwear
https://www.awin1.com/pclick.php?p=33187096597&a=2771700&m=24726,Goddiva Self-tie Brazilian Bikini Bottoms - Jade,33187096597,SW13-JADE-XS,https://cdn.shopify.com/s/files/1/0487/8834/0899/products/o2ULQYQR-11043.jpg,"These Self Tie Brazilian bikini bottoms are the perfect mix and match addition to your summer wardrobe. Wear them with a plain bra or top, or match them up to any of your summer holiday faves. Our jade Brazilian bikinis are designed to be worn with the self tie strings at the side. This means that there is no elastic or ties on your hips, like you get with all other bikini bottoms. You can wear them as high as you want or low down as you want, meaning they suit all body types and shapes.",Clothing,10,Goddiva (US),24726,Women's Trousers,201,https://images2.productserve.com/?w=200&h=200&bg=white&trim=5&t=letterbox&url=ssl%3Acdn.shopify.com%2Fs%2Ffiles%2F1%2F0487%2F8834%2F0899%2Fproducts%2Fo2ULQYQR-11043.jpg&feedId=62769&k=98bda8a95ab90b4eab04a87cb33dc59adb086d80,USD,,"Over $120 - Free Delivery, Less than $120 - $12",https://goddiva.us/products/goddiva-self-tie-brazilian-bikini-bottoms-jade,,,USD30,62769,Goddiva,1,,,,,,Womens,Swimwear
https://www.awin1.com/pclick.php?p=33187096599&a=2771700&m=24726,Goddiva Self-tie Brazilian Bikini Bottoms - Jade,33187096599,SW13-JADE-S,https://cdn.shopify.com/s/files/1/0487/8834/0899/products/o2ULQYQR-11043.jpg,"These Self Tie Brazilian bikini bottoms are the perfect mix and match addition to your summer wardrobe. Wear them with a plain bra or top, or match them up to any of your summer holiday faves. Our jade Brazilian bikinis are designed to be worn with the self tie strings at the side. This means that there is no elastic or ties on your hips, like you get with all other bikini bottoms. You can wear them as high as you want or low down as you want, meaning they suit all body types and shapes.",Clothing,10,Goddiva (US),24726,Women's Trousers,201,https://images2.productserve.com/?w=200&h=200&bg=white&trim=5&t=letterbox&url=ssl%3Acdn.shopify.com%2Fs%2Ffiles%2F1%2F0487%2F8834%2F0899%2Fproducts%2Fo2ULQYQR-11043.jpg&feedId=62769&k=98bda8a95ab90b4eab04a87cb33dc59adb086d80,USD,,"Over $120 - Free Delivery, Less than $120 - $12",https://goddiva.us/products/goddiva-self-tie-brazilian-bikini-bottoms-jade,,,USD30,62769,Goddiva,1,,,,,,Womens,Swimwear
https://www.awin1.com/pclick.php?p=33187096639&a=2771700&m=24726,Goddiva Ruffle Brief Buckle Bikini - Emerald,33187096639,SW124-EMERALD-L,https://cdn.shopify.com/s/files/1/0487/8834/0899/products/XKo8umjb-11038.jpg,"The Ruffle Brief ensures all eyes will be on you when you wear it. It is made in our signature silky soft fabric that offers the right amount of support. The frill detail to the brief gives it a playful and girly look. This new bikini go-to is decorated with a ruffle detail that adds extra flare, the cheeky brief is the perfect option for cocktail poolside parties or relaxing on the beach. This emerald is a summer holiday and Ibiza essential - the Ruffle Brief is perfect for those looking for a cheeky tan!",Clothing,10,Goddiva (US),24726,Women's Trousers,201,https://images2.productserve.com/?w=200&h=200&bg=white&trim=5&t=letterbox&url=ssl%3Acdn.shopify.com%2Fs%2Ffiles%2F1%2F0487%2F8834%2F0899%2Fproducts%2FXKo8umjb-11038.jpg&feedId=62769&k=0c6cac8255a50a70e901e58ad2ef9ce69325496c,USD,,"Over $120 - Free Delivery, Less than $120 - $12",https://goddiva.us/products/goddiva-ruffle-brief-buckle-bikini-emerald,,,USD60,62769,Goddiva,1,,,,,,Womens,Swimwear
https://www.awin1.com/pclick.php?p=33187096609&a=2771700&m=24726,Goddiva Self-tie Brazilian Bikini Bottoms - Green,33187096609,SW13-GREEN-M,https://cdn.shopify.com/s/files/1/0487/8834/0899/products/dDWovcNe-11042.jpg,"These Self Tie Brazilian bikini bottoms are the perfect mix and match addition to your summer wardrobe. Wear them with a plain bra or top, or match them up to any of your summer holiday faves. Our green Brazilian bikinis are designed to be worn with the self tie strings at the side. This means that there is no elastic or ties on your hips, like you get with all other bikini bottoms. You can wear them as high as you want or low down as you want, meaning they suit all body types and shapes.",Clothing,10,Goddiva (US),24726,Women's Trousers,201,https://images2.productserve.com/?w=200&h=200&bg=white&trim=5&t=letterbox&url=ssl%3Acdn.shopify.com%2Fs%2Ffiles%2F1%2F0487%2F8834%2F0899%2Fproducts%2FdDWovcNe-11042.jpg&feedId=62769&k=3c2716c0e066681d1e7c9174c3bdb5b9c1c3b481,USD,,"Over $120 - Free Delivery, Less than $120 - $12",https://goddiva.us/products/goddiva-self-tie-brazilian-bikini-bottoms-green,,,USD30,62769,Goddiva,1,,,,,,Womens,Swimwear
https://www.awin1.com/pclick.php?p=33187096595&a=2771700&m=24726,Goddiva Self-tie Brazilian Bikini Bottoms - Turquoise,33187096595,SW13-TURQUOISE-L,https://cdn.shopify.com/s/files/1/0487/8834/0899/products/mptwCgZB-11044.jpg,"These Self Tie Brazilian bikini bottoms are the perfect mix and match addition to your summer wardrobe. Wear them with a plain bra or top, or match them up to any of your summer holiday faves. Our turquoise Brazilian bikinis are designed to be worn with the self tie strings at the side. This means that there is no elastic or ties on your hips, like you get with all other bikini bottoms. You can wear them as high as you want or low down as you want, meaning they suit all body types and shapes.",Clothing,10,Goddiva (US),24726,Women's Trousers,201,https://images2.productserve.com/?w=200&h=200&bg=white&trim=5&t=letterbox&url=ssl%3Acdn.shopify.com%2Fs%2Ffiles%2F1%2F0487%2F8834%2F0899%2Fproducts%2FmptwCgZB-11044.jpg&feedId=62769&k=334d749210005427a8ad81e81a90efde90551a2f,USD,,"Over $120 - Free Delivery, Less than $120 - $12",https://goddiva.us/products/goddiva-self-tie-brazilian-bikini-bottoms-turquoise,,,USD30,62769,Goddiva,1,,,,,,Womens,Swimwear
https://www.awin1.com/pclick.php?p=33187096589&a=2771700&m=24726,Goddiva Self-tie Brazilian Bikini Bottoms - Turquoise,33187096589,SW13-TURQUOISE-XS,https://cdn.shopify.com/s/files/1/0487/8834/0899/products/mptwCgZB-11044.jpg,"These Self Tie Brazilian bikini bottoms are the perfect mix and match addition to your summer wardrobe. Wear them with a plain bra or top, or match them up to any of your summer holiday faves. Our turquoise Brazilian bikinis are designed to be worn with the self tie strings at the side. This means that there is no elastic or ties on your hips, like you get with all other bikini bottoms. You can wear them as high as you want or low down as you want, meaning they suit all body types and shapes.",Clothing,10,Goddiva (US),24726,Women's Trousers,201,https://images2.productserve.com/?w=200&h=200&bg=white&trim=5&t=letterbox&url=ssl%3Acdn.shopify.com%2Fs%2Ffiles%2F1%2F0487%2F8834%2F0899%2Fproducts%2FmptwCgZB-11044.jpg&feedId=62769&k=334d749210005427a8ad81e81a90efde90551a2f,USD,,"Over $120 - Free Delivery, Less than $120 - $12",https://goddiva.us/products/goddiva-self-tie-brazilian-bikini-bottoms-turquoise,,,USD30,62769,Goddiva,1,,,,,,Womens,Swimwear
https://www.awin1.com/pclick.php?p=33187096669&a=2771700&m=24726,Goddiva Multiway Swimsuit - Turquoise,33187096669,SW35-TURQUOISE-M,https://cdn.shopify.com/s/files/1/0487/8834/0899/products/4iHztWBv-11034.jpg,"Life is better when youre on a beach, laying in the sunshine in your Goddiva swimwear. This jade multiway swimsuit is perfect for those summer breaks. This multiway swimsuit is the perfect attire for those lazy days on the beach, or to party from day to night at the best beach club pool party. In its classic turquoise, on trend color, this affordable one piece is the one you need to pack in your suitcase asap. Team with a sexy wedge, shimmering kaftan and some oversized sunnies to get the ultimate beach club look.",Clothing,10,Goddiva (US),24726,Women's Trousers,201,https://images2.productserve.com/?w=200&h=200&bg=white&trim=5&t=letterbox&url=ssl%3Acdn.shopify.com%2Fs%2Ffiles%2F1%2F0487%2F8834%2F0899%2Fproducts%2F4iHztWBv-11034.jpg&feedId=62769&k=d708f1b134b2a5f04c8468801e129b4db9da7ba2,USD,,"Over $120 - Free Delivery, Less than $120 - $12",https://goddiva.us/products/goddiva-multiway-swimsuit-turquoise,,,USD80,62769,Goddiva,1,,,,,,Womens,Swimwear
https://www.awin1.com/pclick.php?p=33187096635&a=2771700&m=24726,Goddiva Ruffle Brief Buckle Bikini - Emerald,33187096635,SW124-EMERALD-S,https://cdn.shopify.com/s/files/1/0487/8834/0899/products/XKo8umjb-11038.jpg,"The Ruffle Brief ensures all eyes will be on you when you wear it. It is made in our signature silky soft fabric that offers the right amount of support. The frill detail to the brief gives it a playful and girly look. This new bikini go-to is decorated with a ruffle detail that adds extra flare, the cheeky brief is the perfect option for cocktail poolside parties or relaxing on the beach. This emerald is a summer holiday and Ibiza essential - the Ruffle Brief is perfect for those looking for a cheeky tan!",Clothing,10,Goddiva (US),24726,Women's Trousers,201,https://images2.productserve.com/?w=200&h=200&bg=white&trim=5&t=letterbox&url=ssl%3Acdn.shopify.com%2Fs%2Ffiles%2F1%2F0487%2F8834%2F0899%2Fproducts%2FXKo8umjb-11038.jpg&feedId=62769&k=0c6cac8255a50a70e901e58ad2ef9ce69325496c,USD,,"Over $120 - Free Delivery, Less than $120 - $12",https://goddiva.us/products/goddiva-ruffle-brief-buckle-bikini-emerald,,,USD60,62769,Goddiva,1,,,,,,Womens,Swimwear
https://www.awin1.com/pclick.php?p=33187096593&a=2771700&m=24726,Goddiva Self-tie Brazilian Bikini Bottoms - Turquoise,33187096593,SW13-TURQUOISE-M,https://cdn.shopify.com/s/files/1/0487/8834/0899/products/mptwCgZB-11044.jpg,"These Self Tie Brazilian bikini bottoms are the perfect mix and match addition to your summer wardrobe. Wear them with a plain bra or top, or match them up to any of your summer holiday faves. Our turquoise Brazilian bikinis are designed to be worn with the self tie strings at the side. This means that there is no elastic or ties on your hips, like you get with all other bikini bottoms. You can wear them as high as you want or low down as you want, meaning they suit all body types and shapes.",Clothing,10,Goddiva (US),24726,Women's Trousers,201,https://images2.productserve.com/?w=200&h=200&bg=white&trim=5&t=letterbox&url=ssl%3Acdn.shopify.com%2Fs%2Ffiles%2F1%2F0487%2F8834%2F0899%2Fproducts%2FmptwCgZB-11044.jpg&feedId=62769&k=334d749210005427a8ad81e81a90efde90551a2f,USD,,"Over $120 - Free Delivery, Less than $120 - $12",https://goddiva.us/products/goddiva-self-tie-brazilian-bikini-bottoms-turquoise,,,USD30,62769,Goddiva,1,,,,,,Womens,Swimwear
https://www.awin1.com/pclick.php?p=33187096633&a=2771700&m=24726,Goddiva Ruffle Brief Buckle Bikini - Emerald,33187096633,SW124-EMERALD-XS,https://cdn.shopify.com/s/files/1/0487/8834/0899/products/XKo8umjb-11038.jpg,"The Ruffle Brief ensures all eyes will be on you when you wear it. It is made in our signature silky soft fabric that offers the right amount of support. The frill detail to the brief gives it a playful and girly look. This new bikini go-to is decorated with a ruffle detail that adds extra flare, the cheeky brief is the perfect option for cocktail poolside parties or relaxing on the beach. This emerald is a summer holiday and Ibiza essential - the Ruffle Brief is perfect for those looking for a cheeky tan!",Clothing,10,Goddiva (US),24726,Women's Trousers,201,https://images2.productserve.com/?w=200&h=200&bg=white&trim=5&t=letterbox&url=ssl%3Acdn.shopify.com%2Fs%2Ffiles%2F1%2F0487%2F8834%2F0899%2Fproducts%2FXKo8umjb-11038.jpg&feedId=62769&k=0c6cac8255a50a70e901e58ad2ef9ce69325496c,USD,,"Over $120 - Free Delivery, Less than $120 - $12",https://goddiva.us/products/goddiva-ruffle-brief-buckle-bikini-emerald,,,USD60,62769,Goddiva,1,,,,,,Womens,Swimwear
https://www.awin1.com/pclick.php?p=33187096605&a=2771700&m=24726,Goddiva Self-tie Brazilian Bikini Bottoms - Green,33187096605,SW13-GREEN-XS,https://cdn.shopify.com/s/files/1/0487/8834/0899/products/dDWovcNe-11042.jpg,"These Self Tie Brazilian bikini bottoms are the perfect mix and match addition to your summer wardrobe. Wear them with a plain bra or top, or match them up to any of your summer holiday faves. Our green Brazilian bikinis are designed to be worn with the self tie strings at the side. This means that there is no elastic or ties on your hips, like you get with all other bikini bottoms. You can wear them as high as you want or low down as you want, meaning they suit all body types and shapes.",Clothing,10,Goddiva (US),24726,Women's Trousers,201,https://images2.productserve.com/?w=200&h=200&bg=white&trim=5&t=letterbox&url=ssl%3Acdn.shopify.com%2Fs%2Ffiles%2F1%2F0487%2F8834%2F0899%2Fproducts%2FdDWovcNe-11042.jpg&feedId=62769&k=3c2716c0e066681d1e7c9174c3bdb5b9c1c3b481,USD,,"Over $120 - Free Delivery, Less than $120 - $12",https://goddiva.us/products/goddiva-self-tie-brazilian-bikini-bottoms-green,,,USD30,62769,Goddiva,1,,,,,,Womens,Swimwear
https://www.awin1.com/pclick.php?p=33187096665&a=2771700&m=24726,Goddiva Multiway Swimsuit - Turquoise,33187096665,SW35-TURQUOISE-XS,https://cdn.shopify.com/s/files/1/0487/8834/0899/products/4iHztWBv-11034.jpg,"Life is better when youre on a beach, laying in the sunshine in your Goddiva swimwear. This jade multiway swimsuit is perfect for those summer breaks. This multiway swimsuit is the perfect attire for those lazy days on the beach, or to party from day to night at the best beach club pool party. In its classic turquoise, on trend color, this affordable one piece is the one you need to pack in your suitcase asap. Team with a sexy wedge, shimmering kaftan and some oversized sunnies to get the ultimate beach club look.",Clothing,10,Goddiva (US),24726,Women's Trousers,201,https://images2.productserve.com/?w=200&h=200&bg=white&trim=5&t=letterbox&url=ssl%3Acdn.shopify.com%2Fs%2Ffiles%2F1%2F0487%2F8834%2F0899%2Fproducts%2F4iHztWBv-11034.jpg&feedId=62769&k=d708f1b134b2a5f04c8468801e129b4db9da7ba2,USD,,"Over $120 - Free Delivery, Less than $120 - $12",https://goddiva.us/products/goddiva-multiway-swimsuit-turquoise,,,USD80,62769,Goddiva,1,,,,,,Womens,Swimwear
https://www.awin1.com/pclick.php?p=33187096601&a=2771700&m=24726,Goddiva Self-tie Brazilian Bikini Bottoms - Jade,33187096601,SW13-JADE-M,https://cdn.shopify.com/s/files/1/0487/8834/0899/products/o2ULQYQR-11043.jpg,"These Self Tie Brazilian bikini bottoms are the perfect mix and match addition to your summer wardrobe. Wear them with a plain bra or top, or match them up to any of your summer holiday faves. Our jade Brazilian bikinis are designed to be worn with the self tie strings at the side. This means that there is no elastic or ties on your hips, like you get with all other bikini bottoms. You can wear them as high as you want or low down as you want, meaning they suit all body types and shapes.",Clothing,10,Goddiva (US),24726,Women's Trousers,201,https://images2.productserve.com/?w=200&h=200&bg=white&trim=5&t=letterbox&url=ssl%3Acdn.shopify.com%2Fs%2Ffiles%2F1%2F0487%2F8834%2F0899%2Fproducts%2Fo2ULQYQR-11043.jpg&feedId=62769&k=98bda8a95ab90b4eab04a87cb33dc59adb086d80,USD,,"Over $120 - Free Delivery, Less than $120 - $12",https://goddiva.us/products/goddiva-self-tie-brazilian-bikini-bottoms-jade,,,USD30,62769,Goddiva,1,,,,,,Womens,Swimwear
https://www.awin1.com/pclick.php?p=33187096671&a=2771700&m=24726,Goddiva Multiway Swimsuit - Turquoise,33187096671,SW35-TURQUOISE-L,https://cdn.shopify.com/s/files/1/0487/8834/0899/products/4iHztWBv-11034.jpg,"Life is better when youre on a beach, laying in the sunshine in your Goddiva swimwear. This jade multiway swimsuit is perfect for those summer breaks. This multiway swimsuit is the perfect attire for those lazy days on the beach, or to party from day to night at the best beach club pool party. In its classic turquoise, on trend color, this affordable one piece is the one you need to pack in your suitcase asap. Team with a sexy wedge, shimmering kaftan and some oversized sunnies to get the ultimate beach club look.",Clothing,10,Goddiva (US),24726,Women's Trousers,201,https://images2.productserve.com/?w=200&h=200&bg=white&trim=5&t=letterbox&url=ssl%3Acdn.shopify.com%2Fs%2Ffiles%2F1%2F0487%2F8834%2F0899%2Fproducts%2F4iHztWBv-11034.jpg&feedId=62769&k=d708f1b134b2a5f04c8468801e129b4db9da7ba2,USD,,"Over $120 - Free Delivery, Less than $120 - $12",https://goddiva.us/products/goddiva-multiway-swimsuit-turquoise,,,USD80,62769,Goddiva,1,,,,,,Womens,Swimwear
https://www.awin1.com/pclick.php?p=33187096603&a=2771700&m=24726,Goddiva Self-tie Brazilian Bikini Bottoms - Jade,33187096603,SW13-JADE-L,https://cdn.shopify.com/s/files/1/0487/8834/0899/products/o2ULQYQR-11043.jpg,"These Self Tie Brazilian bikini bottoms are the perfect mix and match addition to your summer wardrobe. Wear them with a plain bra or top, or match them up to any of your summer holiday faves. Our jade Brazilian bikinis are designed to be worn with the self tie strings at the side. This means that there is no elastic or ties on your hips, like you get with all other bikini bottoms. You can wear them as high as you want or low down as you want, meaning they suit all body types and shapes.",Clothing,10,Goddiva (US),24726,Women's Trousers,201,https://images2.productserve.com/?w=200&h=200&bg=white&trim=5&t=letterbox&url=ssl%3Acdn.shopify.com%2Fs%2Ffiles%2F1%2F0487%2F8834%2F0899%2Fproducts%2Fo2ULQYQR-11043.jpg&feedId=62769&k=98bda8a95ab90b4eab04a87cb33dc59adb086d80,USD,,"Over $120 - Free Delivery, Less than $120 - $12",https://goddiva.us/products/goddiva-self-tie-brazilian-bikini-bottoms-jade,,,USD30,62769,Goddiva,1,,,,,,Womens,Swimwear
https://www.awin1.com/pclick.php?p=33187096667&a=2771700&m=24726,Goddiva Multiway Swimsuit - Turquoise,33187096667,SW35-TURQUOISE-S,https://cdn.shopify.com/s/files/1/0487/8834/0899/products/4iHztWBv-11034.jpg,"Life is better when youre on a beach, laying in the sunshine in your Goddiva swimwear. This jade multiway swimsuit is perfect for those summer breaks. This multiway swimsuit is the perfect attire for those lazy days on the beach, or to party from day to night at the best beach club pool party. In its classic turquoise, on trend color, this affordable one piece is the one you need to pack in your suitcase asap. Team with a sexy wedge, shimmering kaftan and some oversized sunnies to get the ultimate beach club look.",Clothing,10,Goddiva (US),24726,Women's Trousers,201,https://images2.productserve.com/?w=200&h=200&bg=white&trim=5&t=letterbox&url=ssl%3Acdn.shopify.com%2Fs%2Ffiles%2F1%2F0487%2F8834%2F0899%2Fproducts%2F4iHztWBv-11034.jpg&feedId=62769&k=d708f1b134b2a5f04c8468801e129b4db9da7ba2,USD,,"Over $120 - Free Delivery, Less than $120 - $12",https://goddiva.us/products/goddiva-multiway-swimsuit-turquoise,,,USD80,62769,Goddiva,1,,,,,,Womens,Swimwear
https://www.awin1.com/pclick.php?p=33187096637&a=2771700&m=24726,Goddiva Ruffle Brief Buckle Bikini - Emerald,33187096637,SW124-EMERALD-M,https://cdn.shopify.com/s/files/1/0487/8834/0899/products/XKo8umjb-11038.jpg,"The Ruffle Brief ensures all eyes will be on you when you wear it. It is made in our signature silky soft fabric that offers the right amount of support. The frill detail to the brief gives it a playful and girly look. This new bikini go-to is decorated with a ruffle detail that adds extra flare, the cheeky brief is the perfect option for cocktail poolside parties or relaxing on the beach. This emerald is a summer holiday and Ibiza essential - the Ruffle Brief is perfect for those looking for a cheeky tan!",Clothing,10,Goddiva (US),24726,Women's Trousers,201,https://images2.productserve.com/?w=200&h=200&bg=white&trim=5&t=letterbox&url=ssl%3Acdn.shopify.com%2Fs%2Ffiles%2F1%2F0487%2F8834%2F0899%2Fproducts%2FXKo8umjb-11038.jpg&feedId=62769&k=0c6cac8255a50a70e901e58ad2ef9ce69325496c,USD,,"Over $120 - Free Delivery, Less than $120 - $12",https://goddiva.us/products/goddiva-ruffle-brief-buckle-bikini-emerald,,,USD60,62769,Goddiva,1,,,,,,Womens,Swimwear
https://www.awin1.com/pclick.php?p=33187096611&a=2771700&m=24726,Goddiva Self-tie Brazilian Bikini Bottoms - Green,33187096611,SW13-GREEN-L,https://cdn.shopify.com/s/files/1/0487/8834/0899/products/dDWovcNe-11042.jpg,"These Self Tie Brazilian bikini bottoms are the perfect mix and match addition to your summer wardrobe. Wear them with a plain bra or top, or match them up to any of your summer holiday faves. Our green Brazilian bikinis are designed to be worn with the self tie strings at the side. This means that there is no elastic or ties on your hips, like you get with all other bikini bottoms. You can wear them as high as you want or low down as you want, meaning they suit all body types and shapes.",Clothing,10,Goddiva (US),24726,Women's Trousers,201,https://images2.productserve.com/?w=200&h=200&bg=white&trim=5&t=letterbox&url=ssl%3Acdn.shopify.com%2Fs%2Ffiles%2F1%2F0487%2F8834%2F0899%2Fproducts%2FdDWovcNe-11042.jpg&feedId=62769&k=3c2716c0e066681d1e7c9174c3bdb5b9c1c3b481,USD,,"Over $120 - Free Delivery, Less than $120 - $12",https://goddiva.us/products/goddiva-self-tie-brazilian-bikini-bottoms-green,,,USD30,62769,Goddiva,1,,,,,,Womens,Swimwear
https://www.awin1.com/pclick.php?p=33195459741&a=2771700&m=24726,Goddiva Side Tie Bikini With Buckle Detail - Dusty Pink,33195459741,SW122-DUSTYPINK-L,https://cdn.shopify.com/s/files/1/0487/8834/0899/products/UqspI3WH-11066.jpg,"Get ready for the summer in style. This sexy pink bikini is perfect for sunbathing on a beach or swimming at the pool. The side tie detail makes it easy to adjust and wear as per your comfort level. Its gold buckle details adds that classic Goddiva glam to this summer two-piece. Its halterneck style gives that little bit of added support, giving you confidence when you are poolside. Wear this pink swimsuit with a cover-up or a kimono in order to look chic while strutting your stuff on the beach, by the pool or in a tropical setting! It guarantees to make heads turn, so what are you waiting for?",Clothing,10,Goddiva (US),24726,Women's Trousers,201,https://images2.productserve.com/?w=200&h=200&bg=white&trim=5&t=letterbox&url=ssl%3Acdn.shopify.com%2Fs%2Ffiles%2F1%2F0487%2F8834%2F0899%2Fproducts%2FUqspI3WH-11066.jpg&feedId=62769&k=693e424da9b3ea5f3db3bccccafe964bea4a4307,USD,,"Over $120 - Free Delivery, Less than $120 - $12",https://goddiva.us/products/goddiva-side-tie-bikini-with-buckle-detail-dusty-pink,,,USD60,62769,Goddiva,1,,,,,,Womens,Swimwear
https://www.awin1.com/pclick.php?p=33195459665&a=2771700&m=24726,Goddiva V Neck Swimsuit - Coral,33195459665,SW22A-CORAL-XS,https://cdn.shopify.com/s/files/1/0487/8834/0899/products/WH3gzcJ3-11051.jpg,"This trendy cut-out swimsuit is perfect for the summer teamed with a v-neck design and cut-out style, it is comfortable and flattering with a touch of glamour. This teal swimsuit that's designed to flatter your natural curves and accentuate your feminine shape. The best part? It makes you feel like a goddess on the beach. In its tropical orange color, this one piece suit is the perfect pick for lazy days at the beach and for strutting your stuff at the hottest pool party of the year. With it's unique design and color, this swimsuit will make you stand out from the crowd.",Clothing,10,Goddiva (US),24726,Women's Trousers,201,https://images2.productserve.com/?w=200&h=200&bg=white&trim=5&t=letterbox&url=ssl%3Acdn.shopify.com%2Fs%2Ffiles%2F1%2F0487%2F8834%2F0899%2Fproducts%2FWH3gzcJ3-11051.jpg&feedId=62769&k=6485e1a90b805f346a6f359d9165ea2d4d833361,USD,,"Over $120 - Free Delivery, Less than $120 - $12",https://goddiva.us/products/goddiva-v-neck-swimsuit-coral,,,USD60,62769,Goddiva,1,,,,,,Womens,Swimwear
https://www.awin1.com/pclick.php?p=33195459669&a=2771700&m=24726,Goddiva V Neck Swimsuit - Coral,33195459669,SW22A-CORAL-M,https://cdn.shopify.com/s/files/1/0487/8834/0899/products/WH3gzcJ3-11051.jpg,"This trendy cut-out swimsuit is perfect for the summer teamed with a v-neck design and cut-out style, it is comfortable and flattering with a touch of glamour. This teal swimsuit that's designed to flatter your natural curves and accentuate your feminine shape. The best part? It makes you feel like a goddess on the beach. In its tropical orange color, this one piece suit is the perfect pick for lazy days at the beach and for strutting your stuff at the hottest pool party of the year. With it's unique design and color, this swimsuit will make you stand out from the crowd.",Clothing,10,Goddiva (US),24726,Women's Trousers,201,https://images2.productserve.com/?w=200&h=200&bg=white&trim=5&t=letterbox&url=ssl%3Acdn.shopify.com%2Fs%2Ffiles%2F1%2F0487%2F8834%2F0899%2Fproducts%2FWH3gzcJ3-11051.jpg&feedId=62769&k=6485e1a90b805f346a6f359d9165ea2d4d833361,USD,,"Over $120 - Free Delivery, Less than $120 - $12",https://goddiva.us/products/goddiva-v-neck-swimsuit-coral,,,USD60,62769,Goddiva,1,,,,,,Womens,Swimwear
https://www.awin1.com/pclick.php?p=33195459671&a=2771700&m=24726,Goddiva V Neck Swimsuit - Coral,33195459671,SW22A-CORAL-L,https://cdn.shopify.com/s/files/1/0487/8834/0899/products/WH3gzcJ3-11051.jpg,"This trendy cut-out swimsuit is perfect for the summer teamed with a v-neck design and cut-out style, it is comfortable and flattering with a touch of glamour. This teal swimsuit that's designed to flatter your natural curves and accentuate your feminine shape. The best part? It makes you feel like a goddess on the beach. In its tropical orange color, this one piece suit is the perfect pick for lazy days at the beach and for strutting your stuff at the hottest pool party of the year. With it's unique design and color, this swimsuit will make you stand out from the crowd.",Clothing,10,Goddiva (US),24726,Women's Trousers,201,https://images2.productserve.com/?w=200&h=200&bg=white&trim=5&t=letterbox&url=ssl%3Acdn.shopify.com%2Fs%2Ffiles%2F1%2F0487%2F8834%2F0899%2Fproducts%2FWH3gzcJ3-11051.jpg&feedId=62769&k=6485e1a90b805f346a6f359d9165ea2d4d833361,USD,,"Over $120 - Free Delivery, Less than $120 - $12",https://goddiva.us/products/goddiva-v-neck-swimsuit-coral,,,USD60,62769,Goddiva,1,,,,,,Womens,Swimwear
https://www.awin1.com/pclick.php?p=33195459667&a=2771700&m=24726,Goddiva V Neck Swimsuit - Coral,33195459667,SW22A-CORAL-S,https://cdn.shopify.com/s/files/1/0487/8834/0899/products/WH3gzcJ3-11051.jpg,"This trendy cut-out swimsuit is perfect for the summer teamed with a v-neck design and cut-out style, it is comfortable and flattering with a touch of glamour. This teal swimsuit that's designed to flatter your natural curves and accentuate your feminine shape. The best part? It makes you feel like a goddess on the beach. In its tropical orange color, this one piece suit is the perfect pick for lazy days at the beach and for strutting your stuff at the hottest pool party of the year. With it's unique design and color, this swimsuit will make you stand out from the crowd.",Clothing,10,Goddiva (US),24726,Women's Trousers,201,https://images2.productserve.com/?w=200&h=200&bg=white&trim=5&t=letterbox&url=ssl%3Acdn.shopify.com%2Fs%2Ffiles%2F1%2F0487%2F8834%2F0899%2Fproducts%2FWH3gzcJ3-11051.jpg&feedId=62769&k=6485e1a90b805f346a6f359d9165ea2d4d833361,USD,,"Over $120 - Free Delivery, Less than $120 - $12",https://goddiva.us/products/goddiva-v-neck-swimsuit-coral,,,USD60,62769,Goddiva,1,,,,,,Womens,Swimwear
https://www.awin1.com/pclick.php?p=33195459729&a=2771700&m=24726,Goddiva Multi Tie Bikini - Cerise,33195459729,SW119-CERISE-M,https://cdn.shopify.com/s/files/1/0487/8834/0899/products/5JXNumG8-11065.jpg,"The Goddiva multi-tie bikini is the ultimate bikini that'll turn heads while you shake it. With its cerise this bikini is your go-to wardrobe staple for any beach or pool party this season and for seasons to come. Get creative with this multiway pool-side number. The ties are adjustable, so you can choose how much skin you want to show, while still looking sexy! With its forever elegant cerise color and charming style, it can make you feel like a queen of the beach.",Clothing,10,Goddiva (US),24726,Women's Trousers,201,https://images2.productserve.com/?w=200&h=200&bg=white&trim=5&t=letterbox&url=ssl%3Acdn.shopify.com%2Fs%2Ffiles%2F1%2F0487%2F8834%2F0899%2Fproducts%2F5JXNumG8-11065.jpg&feedId=62769&k=9cd3eaf8e1dd18673fead324020fa2095aa0a179,USD,,"Over $120 - Free Delivery, Less than $120 - $12",https://goddiva.us/products/goddiva-multi-tie-bikini-cerise,,,USD70,62769,Goddiva,1,,,,,,Womens,Swimwear
https://www.awin1.com/pclick.php?p=33195459727&a=2771700&m=24726,Goddiva Multi Tie Bikini - Cerise,33195459727,SW119-CERISE-S,https://cdn.shopify.com/s/files/1/0487/8834/0899/products/5JXNumG8-11065.jpg,"The Goddiva multi-tie bikini is the ultimate bikini that'll turn heads while you shake it. With its cerise this bikini is your go-to wardrobe staple for any beach or pool party this season and for seasons to come. Get creative with this multiway pool-side number. The ties are adjustable, so you can choose how much skin you want to show, while still looking sexy! With its forever elegant cerise color and charming style, it can make you feel like a queen of the beach.",Clothing,10,Goddiva (US),24726,Women's Trousers,201,https://images2.productserve.com/?w=200&h=200&bg=white&trim=5&t=letterbox&url=ssl%3Acdn.shopify.com%2Fs%2Ffiles%2F1%2F0487%2F8834%2F0899%2Fproducts%2F5JXNumG8-11065.jpg&feedId=62769&k=9cd3eaf8e1dd18673fead324020fa2095aa0a179,USD,,"Over $120 - Free Delivery, Less than $120 - $12",https://goddiva.us/products/goddiva-multi-tie-bikini-cerise,,,USD70,62769,Goddiva,1,,,,,,Womens,Swimwear
https://www.awin1.com/pclick.php?p=33195459737&a=2771700&m=24726,Goddiva Side Tie Bikini With Buckle Detail - Dusty Pink,33195459737,SW122-DUSTYPINK-S,https://cdn.shopify.com/s/files/1/0487/8834/0899/products/UqspI3WH-11066.jpg,"Get ready for the summer in style. This sexy pink bikini is perfect for sunbathing on a beach or swimming at the pool. The side tie detail makes it easy to adjust and wear as per your comfort level. Its gold buckle details adds that classic Goddiva glam to this summer two-piece. Its halterneck style gives that little bit of added support, giving you confidence when you are poolside. Wear this pink swimsuit with a cover-up or a kimono in order to look chic while strutting your stuff on the beach, by the pool or in a tropical setting! It guarantees to make heads turn, so what are you waiting for?",Clothing,10,Goddiva (US),24726,Women's Trousers,201,https://images2.productserve.com/?w=200&h=200&bg=white&trim=5&t=letterbox&url=ssl%3Acdn.shopify.com%2Fs%2Ffiles%2F1%2F0487%2F8834%2F0899%2Fproducts%2FUqspI3WH-11066.jpg&feedId=62769&k=693e424da9b3ea5f3db3bccccafe964bea4a4307,USD,,"Over $120 - Free Delivery, Less than $120 - $12",https://goddiva.us/products/goddiva-side-tie-bikini-with-buckle-detail-dusty-pink,,,USD60,62769,Goddiva,1,,,,,,Womens,Swimwear
https://www.awin1.com/pclick.php?p=33195459733&a=2771700&m=24726,Goddiva Multi Tie Bikini - Cerise,33195459733,SW119-CERISE-XL,https://cdn.shopify.com/s/files/1/0487/8834/0899/products/5JXNumG8-11065.jpg,"The Goddiva multi-tie bikini is the ultimate bikini that'll turn heads while you shake it. With its cerise this bikini is your go-to wardrobe staple for any beach or pool party this season and for seasons to come. Get creative with this multiway pool-side number. The ties are adjustable, so you can choose how much skin you want to show, while still looking sexy! With its forever elegant cerise color and charming style, it can make you feel like a queen of the beach.",Clothing,10,Goddiva (US),24726,Women's Trousers,201,https://images2.productserve.com/?w=200&h=200&bg=white&trim=5&t=letterbox&url=ssl%3Acdn.shopify.com%2Fs%2Ffiles%2F1%2F0487%2F8834%2F0899%2Fproducts%2F5JXNumG8-11065.jpg&feedId=62769&k=9cd3eaf8e1dd18673fead324020fa2095aa0a179,USD,,"Over $120 - Free Delivery, Less than $120 - $12",https://goddiva.us/products/goddiva-multi-tie-bikini-cerise,,,USD70,62769,Goddiva,1,,,,,,Womens,Swimwear
https://www.awin1.com/pclick.php?p=33195459725&a=2771700&m=24726,Goddiva Multi Tie Bikini - Cerise,33195459725,SW119-CERISE-XS,https://cdn.shopify.com/s/files/1/0487/8834/0899/products/5JXNumG8-11065.jpg,"The Goddiva multi-tie bikini is the ultimate bikini that'll turn heads while you shake it. With its cerise this bikini is your go-to wardrobe staple for any beach or pool party this season and for seasons to come. Get creative with this multiway pool-side number. The ties are adjustable, so you can choose how much skin you want to show, while still looking sexy! With its forever elegant cerise color and charming style, it can make you feel like a queen of the beach.",Clothing,10,Goddiva (US),24726,Women's Trousers,201,https://images2.productserve.com/?w=200&h=200&bg=white&trim=5&t=letterbox&url=ssl%3Acdn.shopify.com%2Fs%2Ffiles%2F1%2F0487%2F8834%2F0899%2Fproducts%2F5JXNumG8-11065.jpg&feedId=62769&k=9cd3eaf8e1dd18673fead324020fa2095aa0a179,USD,,"Over $120 - Free Delivery, Less than $120 - $12",https://goddiva.us/products/goddiva-multi-tie-bikini-cerise,,,USD70,62769,Goddiva,1,,,,,,Womens,Swimwear
https://www.awin1.com/pclick.php?p=33195459743&a=2771700&m=24726,Goddiva Side Tie Bikini With Buckle Detail - Dusty Pink,33195459743,SW122-DUSTYPINK-XL,https://cdn.shopify.com/s/files/1/0487/8834/0899/products/UqspI3WH-11066.jpg,"Get ready for the summer in style. This sexy pink bikini is perfect for sunbathing on a beach or swimming at the pool. The side tie detail makes it easy to adjust and wear as per your comfort level. Its gold buckle details adds that classic Goddiva glam to this summer two-piece. Its halterneck style gives that little bit of added support, giving you confidence when you are poolside. Wear this pink swimsuit with a cover-up or a kimono in order to look chic while strutting your stuff on the beach, by the pool or in a tropical setting! It guarantees to make heads turn, so what are you waiting for?",Clothing,10,Goddiva (US),24726,Women's Trousers,201,https://images2.productserve.com/?w=200&h=200&bg=white&trim=5&t=letterbox&url=ssl%3Acdn.shopify.com%2Fs%2Ffiles%2F1%2F0487%2F8834%2F0899%2Fproducts%2FUqspI3WH-11066.jpg&feedId=62769&k=693e424da9b3ea5f3db3bccccafe964bea4a4307,USD,,"Over $120 - Free Delivery, Less than $120 - $12",https://goddiva.us/products/goddiva-side-tie-bikini-with-buckle-detail-dusty-pink,,,USD60,62769,Goddiva,1,,,,,,Womens,Swimwear
https://www.awin1.com/pclick.php?p=33195459735&a=2771700&m=24726,Goddiva Side Tie Bikini With Buckle Detail - Dusty Pink,33195459735,SW122-DUSTYPINK-XS,https://cdn.shopify.com/s/files/1/0487/8834/0899/products/UqspI3WH-11066.jpg,"Get ready for the summer in style. This sexy pink bikini is perfect for sunbathing on a beach or swimming at the pool. The side tie detail makes it easy to adjust and wear as per your comfort level. Its gold buckle details adds that classic Goddiva glam to this summer two-piece. Its halterneck style gives that little bit of added support, giving you confidence when you are poolside. Wear this pink swimsuit with a cover-up or a kimono in order to look chic while strutting your stuff on the beach, by the pool or in a tropical setting! It guarantees to make heads turn, so what are you waiting for?",Clothing,10,Goddiva (US),24726,Women's Trousers,201,https://images2.productserve.com/?w=200&h=200&bg=white&trim=5&t=letterbox&url=ssl%3Acdn.shopify.com%2Fs%2Ffiles%2F1%2F0487%2F8834%2F0899%2Fproducts%2FUqspI3WH-11066.jpg&feedId=62769&k=693e424da9b3ea5f3db3bccccafe964bea4a4307,USD,,"Over $120 - Free Delivery, Less than $120 - $12",https://goddiva.us/products/goddiva-side-tie-bikini-with-buckle-detail-dusty-pink,,,USD60,62769,Goddiva,1,,,,,,Womens,Swimwear
https://www.awin1.com/pclick.php?p=33195459731&a=2771700&m=24726,Goddiva Multi Tie Bikini - Cerise,33195459731,SW119-CERISE-L,https://cdn.shopify.com/s/files/1/0487/8834/0899/products/5JXNumG8-11065.jpg,"The Goddiva multi-tie bikini is the ultimate bikini that'll turn heads while you shake it. With its cerise this bikini is your go-to wardrobe staple for any beach or pool party this season and for seasons to come. Get creative with this multiway pool-side number. The ties are adjustable, so you can choose how much skin you want to show, while still looking sexy! With its forever elegant cerise color and charming style, it can make you feel like a queen of the beach.",Clothing,10,Goddiva (US),24726,Women's Trousers,201,https://images2.productserve.com/?w=200&h=200&bg=white&trim=5&t=letterbox&url=ssl%3Acdn.shopify.com%2Fs%2Ffiles%2F1%2F0487%2F8834%2F0899%2Fproducts%2F5JXNumG8-11065.jpg&feedId=62769&k=9cd3eaf8e1dd18673fead324020fa2095aa0a179,USD,,"Over $120 - Free Delivery, Less than $120 - $12",https://goddiva.us/products/goddiva-multi-tie-bikini-cerise,,,USD70,62769,Goddiva,1,,,,,,Womens,Swimwear
https://www.awin1.com/pclick.php?p=33195459739&a=2771700&m=24726,Goddiva Side Tie Bikini With Buckle Detail - Dusty Pink,33195459739,SW122-DUSTYPINK-M,https://cdn.shopify.com/s/files/1/0487/8834/0899/products/UqspI3WH-11066.jpg,"Get ready for the summer in style. This sexy pink bikini is perfect for sunbathing on a beach or swimming at the pool. The side tie detail makes it easy to adjust and wear as per your comfort level. Its gold buckle details adds that classic Goddiva glam to this summer two-piece. Its halterneck style gives that little bit of added support, giving you confidence when you are poolside. Wear this pink swimsuit with a cover-up or a kimono in order to look chic while strutting your stuff on the beach, by the pool or in a tropical setting! It guarantees to make heads turn, so what are you waiting for?",Clothing,10,Goddiva (US),24726,Women's Trousers,201,https://images2.productserve.com/?w=200&h=200&bg=white&trim=5&t=letterbox&url=ssl%3Acdn.shopify.com%2Fs%2Ffiles%2F1%2F0487%2F8834%2F0899%2Fproducts%2FUqspI3WH-11066.jpg&feedId=62769&k=693e424da9b3ea5f3db3bccccafe964bea4a4307,USD,,"Over $120 - Free Delivery, Less than $120 - $12",https://goddiva.us/products/goddiva-side-tie-bikini-with-buckle-detail-dusty-pink,,,USD60,62769,Goddiva,1,,,,,,Womens,Swimwear
https://www.awin1.com/pclick.php?p=33269902363&a=2771700&m=24726,Goddiva Ring Detail Bralette - Khaki,33269902363,T192-KHAKI-12,https://cdn.shopify.com/s/files/1/0487/8834/0899/products/5Iy1K9hE-11227.jpg,"The Ring Detail Bralette is the perfect addition to any outfit. Wear a sexy bralette with high waisted pants for your night out, or pair with a cute top & wide leg pants for that casual date night look. This khaki crop top will make you feel sexy and confident, and will definitely be your go-to for any occasion! Team this khaki with its matching leggings or skirt, heels and big hooped earrings and get the ultimate party girl look this summer.",Clothing,10,Goddiva (US),24726,Women's Trousers,201,https://images2.productserve.com/?w=200&h=200&bg=white&trim=5&t=letterbox&url=ssl%3Acdn.shopify.com%2Fs%2Ffiles%2F1%2F0487%2F8834%2F0899%2Fproducts%2F5Iy1K9hE-11227.jpg&feedId=62769&k=187424e90de6656c840142575dfc3e076df07833,USD,,"Over $120 - Free Delivery, Less than $120 - $12",https://goddiva.us/products/goddiva-ring-detail-bralette-khaki,,,USD36,62769,Goddiva,1,,,,,,Womens,Tops & T-Shirts
https://www.awin1.com/pclick.php?p=33269902361&a=2771700&m=24726,Goddiva Ring Detail Bralette - Khaki,33269902361,T192-KHAKI-10,https://cdn.shopify.com/s/files/1/0487/8834/0899/products/5Iy1K9hE-11227.jpg,"The Ring Detail Bralette is the perfect addition to any outfit. Wear a sexy bralette with high waisted pants for your night out, or pair with a cute top & wide leg pants for that casual date night look. This khaki crop top will make you feel sexy and confident, and will definitely be your go-to for any occasion! Team this khaki with its matching leggings or skirt, heels and big hooped earrings and get the ultimate party girl look this summer.",Clothing,10,Goddiva (US),24726,Women's Trousers,201,https://images2.productserve.com/?w=200&h=200&bg=white&trim=5&t=letterbox&url=ssl%3Acdn.shopify.com%2Fs%2Ffiles%2F1%2F0487%2F8834%2F0899%2Fproducts%2F5Iy1K9hE-11227.jpg&feedId=62769&k=187424e90de6656c840142575dfc3e076df07833,USD,,"Over $120 - Free Delivery, Less than $120 - $12",https://goddiva.us/products/goddiva-ring-detail-bralette-khaki,,,USD36,62769,Goddiva,1,,,,,,Womens,Tops & T-Shirts
https://www.awin1.com/pclick.php?p=33269902359&a=2771700&m=24726,Goddiva Ring Detail Bralette - Khaki,33269902359,T192-KHAKI-8,https://cdn.shopify.com/s/files/1/0487/8834/0899/products/5Iy1K9hE-11227.jpg,"The Ring Detail Bralette is the perfect addition to any outfit. Wear a sexy bralette with high waisted pants for your night out, or pair with a cute top & wide leg pants for that casual date night look. This khaki crop top will make you feel sexy and confident, and will definitely be your go-to for any occasion! Team this khaki with its matching leggings or skirt, heels and big hooped earrings and get the ultimate party girl look this summer.",Clothing,10,Goddiva (US),24726,Women's Trousers,201,https://images2.productserve.com/?w=200&h=200&bg=white&trim=5&t=letterbox&url=ssl%3Acdn.shopify.com%2Fs%2Ffiles%2F1%2F0487%2F8834%2F0899%2Fproducts%2F5Iy1K9hE-11227.jpg&feedId=62769&k=187424e90de6656c840142575dfc3e076df07833,USD,,"Over $120 - Free Delivery, Less than $120 - $12",https://goddiva.us/products/goddiva-ring-detail-bralette-khaki,,,USD36,62769,Goddiva,1,,,,,,Womens,Tops & T-Shirts
https://www.awin1.com/pclick.php?p=33948207721&a=2771700&m=24726,Goddiva Bardot Scuba Romper - Purple,33948207721,TR113B-PURPLE-12,https://cdn.shopify.com/s/files/1/0487/8834/0899/products/9WP0e1mD-12106.jpg,"The bardot scuba romper from Goddiva is a staple romper that will have you feeling like a million bucks. Off the shoulder and sexy, this one piece is great for date night or any occasion! This look is so comfortable that you will want to wear it again and again! This purple romper has a very flattering silhouette and is made from a thick, stretchy fabric that falls in all the right places. With its off the shoulder style, plunging neckline and bold purple color, you will stand out at any event in this stunning scuba crepe all in one. Team with your fave heels and a nude lip and the romper do all the hard work.",Clothing,34,Goddiva (US),24726,Women's Trousers,201,https://images2.productserve.com/?w=200&h=200&bg=white&trim=5&t=letterbox&url=ssl%3Acdn.shopify.com%2Fs%2Ffiles%2F1%2F0487%2F8834%2F0899%2Fproducts%2F9WP0e1mD-12106.jpg&feedId=62769&k=e7f55e446d49ef0cb8ff084d330cfe4f1880ea34,USD,,"Over $120 - Free Delivery, Less than $120 - $12",https://goddiva.us/products/goddiva-bardot-scuba-jumpsuit-purple,,,USD130,62769,Goddiva,1,,,,,,Womens,Playsuits & Jumpsuits
https://www.awin1.com/pclick.php?p=33948213093&a=2771700&m=24726,Goddiva Side Tie Bikini With Buckle Detail - Navy,33948213093,SW122-NAVY-XL,https://cdn.shopify.com/s/files/1/0487/8834/0899/products/4TA3ly7m-10889.jpg,"Get ready for the summer in style. This sexy navy bikini is perfect for sunbathing on a beach or swimming at the pool. The side tie detail makes it easy to adjust and wear as per your comfort level. Its gold buckle details adds that classic Goddiva glam to this summer two-piece. Its halterneck style gives that little bit of added support, giving you confidence when you are poolside. Wear this blue swimsuit with a cover-up or a kimono in order to look chic while strutting your stuff on the beach, by the pool or in a tropical setting! It guarantees to make heads turn, so what are you waiting for?",Clothing,10,Goddiva (US),24726,Women's Trousers,201,https://images2.productserve.com/?w=200&h=200&bg=white&trim=5&t=letterbox&url=ssl%3Acdn.shopify.com%2Fs%2Ffiles%2F1%2F0487%2F8834%2F0899%2Fproducts%2F4TA3ly7m-10889.jpg&feedId=62769&k=19a68736210f12cb6b1747ce77fffa9076f5498d,USD,,"Over $120 - Free Delivery, Less than $120 - $12",https://goddiva.us/products/goddiva-side-tie-bikini-with-buckle-detail-navy,,,USD60,62769,Goddiva,1,,,,,,Womens,Swimwear
https://www.awin1.com/pclick.php?p=33948207719&a=2771700&m=24726,Goddiva Bardot Scuba Romper - Purple,33948207719,TR113B-PURPLE-10,https://cdn.shopify.com/s/files/1/0487/8834/0899/products/9WP0e1mD-12106.jpg,"The bardot scuba romper from Goddiva is a staple romper that will have you feeling like a million bucks. Off the shoulder and sexy, this one piece is great for date night or any occasion! This look is so comfortable that you will want to wear it again and again! This purple romper has a very flattering silhouette and is made from a thick, stretchy fabric that falls in all the right places. With its off the shoulder style, plunging neckline and bold purple color, you will stand out at any event in this stunning scuba crepe all in one. Team with your fave heels and a nude lip and the romper do all the hard work.",Clothing,34,Goddiva (US),24726,Women's Trousers,201,https://images2.productserve.com/?w=200&h=200&bg=white&trim=5&t=letterbox&url=ssl%3Acdn.shopify.com%2Fs%2Ffiles%2F1%2F0487%2F8834%2F0899%2Fproducts%2F9WP0e1mD-12106.jpg&feedId=62769&k=e7f55e446d49ef0cb8ff084d330cfe4f1880ea34,USD,,"Over $120 - Free Delivery, Less than $120 - $12",https://goddiva.us/products/goddiva-bardot-scuba-jumpsuit-purple,,,USD130,62769,Goddiva,1,,,,,,Womens,Playsuits & Jumpsuits
https://www.awin1.com/pclick.php?p=33948213087&a=2771700&m=24726,Goddiva Side Tie Bikini With Buckle Detail - Navy,33948213087,SW122-NAVY-S,https://cdn.shopify.com/s/files/1/0487/8834/0899/products/4TA3ly7m-10889.jpg,"Get ready for the summer in style. This sexy navy bikini is perfect for sunbathing on a beach or swimming at the pool. The side tie detail makes it easy to adjust and wear as per your comfort level. Its gold buckle details adds that classic Goddiva glam to this summer two-piece. Its halterneck style gives that little bit of added support, giving you confidence when you are poolside. Wear this blue swimsuit with a cover-up or a kimono in order to look chic while strutting your stuff on the beach, by the pool or in a tropical setting! It guarantees to make heads turn, so what are you waiting for?",Clothing,10,Goddiva (US),24726,Women's Trousers,201,https://images2.productserve.com/?w=200&h=200&bg=white&trim=5&t=letterbox&url=ssl%3Acdn.shopify.com%2Fs%2Ffiles%2F1%2F0487%2F8834%2F0899%2Fproducts%2F4TA3ly7m-10889.jpg&feedId=62769&k=19a68736210f12cb6b1747ce77fffa9076f5498d,USD,,"Over $120 - Free Delivery, Less than $120 - $12",https://goddiva.us/products/goddiva-side-tie-bikini-with-buckle-detail-navy,,,USD60,62769,Goddiva,1,,,,,,Womens,Swimwear
https://www.awin1.com/pclick.php?p=33948207717&a=2771700&m=24726,Goddiva Bardot Scuba Romper - Purple,33948207717,TR113B-PURPLE-8,https://cdn.shopify.com/s/files/1/0487/8834/0899/products/9WP0e1mD-12106.jpg,"The bardot scuba romper from Goddiva is a staple romper that will have you feeling like a million bucks. Off the shoulder and sexy, this one piece is great for date night or any occasion! This look is so comfortable that you will want to wear it again and again! This purple romper has a very flattering silhouette and is made from a thick, stretchy fabric that falls in all the right places. With its off the shoulder style, plunging neckline and bold purple color, you will stand out at any event in this stunning scuba crepe all in one. Team with your fave heels and a nude lip and the romper do all the hard work.",Clothing,34,Goddiva (US),24726,Women's Trousers,201,https://images2.productserve.com/?w=200&h=200&bg=white&trim=5&t=letterbox&url=ssl%3Acdn.shopify.com%2Fs%2Ffiles%2F1%2F0487%2F8834%2F0899%2Fproducts%2F9WP0e1mD-12106.jpg&feedId=62769&k=e7f55e446d49ef0cb8ff084d330cfe4f1880ea34,USD,,"Over $120 - Free Delivery, Less than $120 - $12",https://goddiva.us/products/goddiva-bardot-scuba-jumpsuit-purple,,,USD130,62769,Goddiva,1,,,,,,Womens,Playsuits & Jumpsuits
https://www.awin1.com/pclick.php?p=33948213089&a=2771700&m=24726,Goddiva Side Tie Bikini With Buckle Detail - Navy,33948213089,SW122-NAVY-M,https://cdn.shopify.com/s/files/1/0487/8834/0899/products/4TA3ly7m-10889.jpg,"Get ready for the summer in style. This sexy navy bikini is perfect for sunbathing on a beach or swimming at the pool. The side tie detail makes it easy to adjust and wear as per your comfort level. Its gold buckle details adds that classic Goddiva glam to this summer two-piece. Its halterneck style gives that little bit of added support, giving you confidence when you are poolside. Wear this blue swimsuit with a cover-up or a kimono in order to look chic while strutting your stuff on the beach, by the pool or in a tropical setting! It guarantees to make heads turn, so what are you waiting for?",Clothing,10,Goddiva (US),24726,Women's Trousers,201,https://images2.productserve.com/?w=200&h=200&bg=white&trim=5&t=letterbox&url=ssl%3Acdn.shopify.com%2Fs%2Ffiles%2F1%2F0487%2F8834%2F0899%2Fproducts%2F4TA3ly7m-10889.jpg&feedId=62769&k=19a68736210f12cb6b1747ce77fffa9076f5498d,USD,,"Over $120 - Free Delivery, Less than $120 - $12",https://goddiva.us/products/goddiva-side-tie-bikini-with-buckle-detail-navy,,,USD60,62769,Goddiva,1,,,,,,Womens,Swimwear
https://www.awin1.com/pclick.php?p=33948213091&a=2771700&m=24726,Goddiva Side Tie Bikini With Buckle Detail - Navy,33948213091,SW122-NAVY-L,https://cdn.shopify.com/s/files/1/0487/8834/0899/products/4TA3ly7m-10889.jpg,"Get ready for the summer in style. This sexy navy bikini is perfect for sunbathing on a beach or swimming at the pool. The side tie detail makes it easy to adjust and wear as per your comfort level. Its gold buckle details adds that classic Goddiva glam to this summer two-piece. Its halterneck style gives that little bit of added support, giving you confidence when you are poolside. Wear this blue swimsuit with a cover-up or a kimono in order to look chic while strutting your stuff on the beach, by the pool or in a tropical setting! It guarantees to make heads turn, so what are you waiting for?",Clothing,10,Goddiva (US),24726,Women's Trousers,201,https://images2.productserve.com/?w=200&h=200&bg=white&trim=5&t=letterbox&url=ssl%3Acdn.shopify.com%2Fs%2Ffiles%2F1%2F0487%2F8834%2F0899%2Fproducts%2F4TA3ly7m-10889.jpg&feedId=62769&k=19a68736210f12cb6b1747ce77fffa9076f5498d,USD,,"Over $120 - Free Delivery, Less than $120 - $12",https://goddiva.us/products/goddiva-side-tie-bikini-with-buckle-detail-navy,,,USD60,62769,Goddiva,1,,,,,,Womens,Swimwear
https://www.awin1.com/pclick.php?p=33948213085&a=2771700&m=24726,Goddiva Side Tie Bikini With Buckle Detail - Navy,33948213085,SW122-NAVY-XS,https://cdn.shopify.com/s/files/1/0487/8834/0899/products/4TA3ly7m-10889.jpg,"Get ready for the summer in style. This sexy navy bikini is perfect for sunbathing on a beach or swimming at the pool. The side tie detail makes it easy to adjust and wear as per your comfort level. Its gold buckle details adds that classic Goddiva glam to this summer two-piece. Its halterneck style gives that little bit of added support, giving you confidence when you are poolside. Wear this blue swimsuit with a cover-up or a kimono in order to look chic while strutting your stuff on the beach, by the pool or in a tropical setting! It guarantees to make heads turn, so what are you waiting for?",Clothing,10,Goddiva (US),24726,Women's Trousers,201,https://images2.productserve.com/?w=200&h=200&bg=white&trim=5&t=letterbox&url=ssl%3Acdn.shopify.com%2Fs%2Ffiles%2F1%2F0487%2F8834%2F0899%2Fproducts%2F4TA3ly7m-10889.jpg&feedId=62769&k=19a68736210f12cb6b1747ce77fffa9076f5498d,USD,,"Over $120 - Free Delivery, Less than $120 - $12",https://goddiva.us/products/goddiva-side-tie-bikini-with-buckle-detail-navy,,,USD60,62769,Goddiva,1,,,,,,Womens,Swimwear
https://www.awin1.com/pclick.php?p=35126807405&a=2771700&m=24726,Goddiva Satin Knotted Midi Skirt - Navy,35126807405,SK23-NAVY-10,https://cdn.shopify.com/s/files/1/0487/8834/0899/products/UMou0wmh-14563.jpg,"Goddiva brings you this gorgeous satin midi skirt perfect for any occasion from date night to weddings and cocktail parties. This stylish short blue skirt will add a glamorous sense of style to your look. The midi length makes it the perfect fit for showing off your favourite heels, while the classic fitted silhouette flatters every figure.  The Goddiva Satin Knot Detail Midi Skirt is a wardrobe staple that is sure to become one of the most worn pieces in your collection. Featuring the classic midi length and satin fabric, this navy skirt looks beautiful with any top or blouse for an elegant look.  Pair with a simple top, heels & clutch bag for that special occasion.",Clothing,10,Goddiva (US),24726,Women's Trousers,201,https://images2.productserve.com/?w=200&h=200&bg=white&trim=5&t=letterbox&url=ssl%3Acdn.shopify.com%2Fs%2Ffiles%2F1%2F0487%2F8834%2F0899%2Fproducts%2FUMou0wmh-14563.jpg&feedId=62769&k=ad4415cbf44a68db97153ced31afed1af18e48e9,USD,,"Over $120 - Free Delivery, Less than $120 - $12",https://goddiva.us/products/goddiva-satin-knotted-midi-skirt-navy,,,USD76,62769,Goddiva,1,,,,,,Womens,Skirts
https://www.awin1.com/pclick.php?p=35126807403&a=2771700&m=24726,Goddiva Satin Knotted Midi Skirt - Navy,35126807403,SK23-NAVY-8,https://cdn.shopify.com/s/files/1/0487/8834/0899/products/UMou0wmh-14563.jpg,"Goddiva brings you this gorgeous satin midi skirt perfect for any occasion from date night to weddings and cocktail parties. This stylish short blue skirt will add a glamorous sense of style to your look. The midi length makes it the perfect fit for showing off your favourite heels, while the classic fitted silhouette flatters every figure.  The Goddiva Satin Knot Detail Midi Skirt is a wardrobe staple that is sure to become one of the most worn pieces in your collection. Featuring the classic midi length and satin fabric, this navy skirt looks beautiful with any top or blouse for an elegant look.  Pair with a simple top, heels & clutch bag for that special occasion.",Clothing,10,Goddiva (US),24726,Women's Trousers,201,https://images2.productserve.com/?w=200&h=200&bg=white&trim=5&t=letterbox&url=ssl%3Acdn.shopify.com%2Fs%2Ffiles%2F1%2F0487%2F8834%2F0899%2Fproducts%2FUMou0wmh-14563.jpg&feedId=62769&k=ad4415cbf44a68db97153ced31afed1af18e48e9,USD,,"Over $120 - Free Delivery, Less than $120 - $12",https://goddiva.us/products/goddiva-satin-knotted-midi-skirt-navy,,,USD76,62769,Goddiva,1,,,,,,Womens,Skirts
https://www.awin1.com/pclick.php?p=35126807395&a=2771700&m=24726,Goddiva Satin Knotted Midi Skirt - Emerald Green,35126807395,SK23-EMERALD-10,https://cdn.shopify.com/s/files/1/0487/8834/0899/products/gntWZ3rP-14561.jpg,"Goddiva brings you this gorgeous satin midi skirt perfect for any occasion from date night to weddings and cocktail parties. This stylish short green skirt will add a glamorous sense of style to your look. The midi length makes it the perfect fit for showing off your favourite heels, while the classic fitted silhouette flatters every figure.  The Goddiva Satin Knot Detail Midi Skirt is a wardrobe staple that is sure to become one of the most worn pieces in your collection. Featuring the classic midi length and satin fabric, this emerald skirt looks beautiful with any top or blouse for an elegant look.  Pair with a simple top, heels & clutch bag for that special occasion.",Clothing,10,Goddiva (US),24726,Women's Trousers,201,https://images2.productserve.com/?w=200&h=200&bg=white&trim=5&t=letterbox&url=ssl%3Acdn.shopify.com%2Fs%2Ffiles%2F1%2F0487%2F8834%2F0899%2Fproducts%2FgntWZ3rP-14561.jpg&feedId=62769&k=3718e6cec76cb05d52de1ee2140797ef3ec890f1,USD,,"Over $120 - Free Delivery, Less than $120 - $12",https://goddiva.us/products/goddiva-satin-knotted-midi-skirt-emerald-green,,,USD76,62769,Goddiva,1,,,,,,Womens,Skirts
https://www.awin1.com/pclick.php?p=35126807397&a=2771700&m=24726,Goddiva Satin Knotted Midi Skirt - Emerald Green,35126807397,SK23-EMERALD-12,https://cdn.shopify.com/s/files/1/0487/8834/0899/products/gntWZ3rP-14561.jpg,"Goddiva brings you this gorgeous satin midi skirt perfect for any occasion from date night to weddings and cocktail parties. This stylish short green skirt will add a glamorous sense of style to your look. The midi length makes it the perfect fit for showing off your favourite heels, while the classic fitted silhouette flatters every figure.  The Goddiva Satin Knot Detail Midi Skirt is a wardrobe staple that is sure to become one of the most worn pieces in your collection. Featuring the classic midi length and satin fabric, this emerald skirt looks beautiful with any top or blouse for an elegant look.  Pair with a simple top, heels & clutch bag for that special occasion.",Clothing,10,Goddiva (US),24726,Women's Trousers,201,https://images2.productserve.com/?w=200&h=200&bg=white&trim=5&t=letterbox&url=ssl%3Acdn.shopify.com%2Fs%2Ffiles%2F1%2F0487%2F8834%2F0899%2Fproducts%2FgntWZ3rP-14561.jpg&feedId=62769&k=3718e6cec76cb05d52de1ee2140797ef3ec890f1,USD,,"Over $120 - Free Delivery, Less than $120 - $12",https://goddiva.us/products/goddiva-satin-knotted-midi-skirt-emerald-green,,,USD76,62769,Goddiva,1,,,,,,Womens,Skirts
https://www.awin1.com/pclick.php?p=35126807407&a=2771700&m=24726,Goddiva Satin Knotted Midi Skirt - Navy,35126807407,SK23-NAVY-12,https://cdn.shopify.com/s/files/1/0487/8834/0899/products/UMou0wmh-14563.jpg,"Goddiva brings you this gorgeous satin midi skirt perfect for any occasion from date night to weddings and cocktail parties. This stylish short blue skirt will add a glamorous sense of style to your look. The midi length makes it the perfect fit for showing off your favourite heels, while the classic fitted silhouette flatters every figure.  The Goddiva Satin Knot Detail Midi Skirt is a wardrobe staple that is sure to become one of the most worn pieces in your collection. Featuring the classic midi length and satin fabric, this navy skirt looks beautiful with any top or blouse for an elegant look.  Pair with a simple top, heels & clutch bag for that special occasion.",Clothing,10,Goddiva (US),24726,Women's Trousers,201,https://images2.productserve.com/?w=200&h=200&bg=white&trim=5&t=letterbox&url=ssl%3Acdn.shopify.com%2Fs%2Ffiles%2F1%2F0487%2F8834%2F0899%2Fproducts%2FUMou0wmh-14563.jpg&feedId=62769&k=ad4415cbf44a68db97153ced31afed1af18e48e9,USD,,"Over $120 - Free Delivery, Less than $120 - $12",https://goddiva.us/products/goddiva-satin-knotted-midi-skirt-navy,,,USD76,62769,Goddiva,1,,,,,,Womens,Skirts
https://www.awin1.com/pclick.php?p=35126807393&a=2771700&m=24726,Goddiva Satin Knotted Midi Skirt - Emerald Green,35126807393,SK23-EMERALD-8,https://cdn.shopify.com/s/files/1/0487/8834/0899/products/gntWZ3rP-14561.jpg,"Goddiva brings you this gorgeous satin midi skirt perfect for any occasion from date night to weddings and cocktail parties. This stylish short green skirt will add a glamorous sense of style to your look. The midi length makes it the perfect fit for showing off your favourite heels, while the classic fitted silhouette flatters every figure.  The Goddiva Satin Knot Detail Midi Skirt is a wardrobe staple that is sure to become one of the most worn pieces in your collection. Featuring the classic midi length and satin fabric, this emerald skirt looks beautiful with any top or blouse for an elegant look.  Pair with a simple top, heels & clutch bag for that special occasion.",Clothing,10,Goddiva (US),24726,Women's Trousers,201,https://images2.productserve.com/?w=200&h=200&bg=white&trim=5&t=letterbox&url=ssl%3Acdn.shopify.com%2Fs%2Ffiles%2F1%2F0487%2F8834%2F0899%2Fproducts%2FgntWZ3rP-14561.jpg&feedId=62769&k=3718e6cec76cb05d52de1ee2140797ef3ec890f1,USD,,"Over $120 - Free Delivery, Less than $120 - $12",https://goddiva.us/products/goddiva-satin-knotted-midi-skirt-emerald-green,,,USD76,62769,Goddiva,1,,,,,,Womens,Skirts
https://www.awin1.com/pclick.php?p=35642119232&a=2771700&m=24726,Goddiva Chiffon Romper With Flutter Sleeves - Blue,35642119232,TR352-BLUE-10,https://cdn.shopify.com/s/files/1/0487/8834/0899/files/TR352_BLUE_FRONT_1715269121.jpg,"This blue chiffon romper with short flutter sleeves is the perfect attire for any occasion, be it a wedding guest or party. The romper is made from light and airy chiffon fabric, which is perfect for keeping you cool and comfortable throughout the event. This romper has a stylish and flattering design that is both chic and sophisticated, making it an ideal choice for a variety of occasions. Its chiffon material gives it a soft and flowing drape that moves beautifully with every step you take. This light blue umpsuit also features a V-neckline that adds a touch of allure to the overall look, making it an excellent choice for a night out or any formal occasion. With its elegant design and flattering cut, you're sure to look and feel your best no matter what the occasion.",Clothing,34,Goddiva (US),24726,Women's Trousers,201,https://images2.productserve.com/?w=200&h=200&bg=white&trim=5&t=letterbox&url=ssl%3Acdn.shopify.com%2Fs%2Ffiles%2F1%2F0487%2F8834%2F0899%2Ffiles%2FTR352_BLUE_FRONT_1715269121.jpg&feedId=62769&k=7399f834ffc6a0ba9b7e8616c9e89d33ded80f13,USD,,"Over $120 - Free Delivery, Less than $120 - $12",https://goddiva.us/products/goddiva-chiffon-jumpsuit-with-flutter-sleeves-blue,,,USD76,62769,Goddiva,1,,,,,,Womens,Playsuits & Jumpsuits
https://www.awin1.com/pclick.php?p=35642119231&a=2771700&m=24726,Goddiva Chiffon Romper With Flutter Sleeves - Blue,35642119231,TR352-BLUE-8,https://cdn.shopify.com/s/files/1/0487/8834/0899/files/TR352_BLUE_FRONT_1715269121.jpg,"This blue chiffon romper with short flutter sleeves is the perfect attire for any occasion, be it a wedding guest or party. The romper is made from light and airy chiffon fabric, which is perfect for keeping you cool and comfortable throughout the event. This romper has a stylish and flattering design that is both chic and sophisticated, making it an ideal choice for a variety of occasions. Its chiffon material gives it a soft and flowing drape that moves beautifully with every step you take. This light blue umpsuit also features a V-neckline that adds a touch of allure to the overall look, making it an excellent choice for a night out or any formal occasion. With its elegant design and flattering cut, you're sure to look and feel your best no matter what the occasion.",Clothing,34,Goddiva (US),24726,Women's Trousers,201,https://images2.productserve.com/?w=200&h=200&bg=white&trim=5&t=letterbox&url=ssl%3Acdn.shopify.com%2Fs%2Ffiles%2F1%2F0487%2F8834%2F0899%2Ffiles%2FTR352_BLUE_FRONT_1715269121.jpg&feedId=62769&k=7399f834ffc6a0ba9b7e8616c9e89d33ded80f13,USD,,"Over $120 - Free Delivery, Less than $120 - $12",https://goddiva.us/products/goddiva-chiffon-jumpsuit-with-flutter-sleeves-blue,,,USD76,62769,Goddiva,1,,,,,,Womens,Playsuits & Jumpsuits
https://www.awin1.com/pclick.php?p=35642119234&a=2771700&m=24726,Goddiva Chiffon Romper With Flutter Sleeves - Blue,35642119234,TR352-BLUE-14,https://cdn.shopify.com/s/files/1/0487/8834/0899/files/TR352_BLUE_FRONT_1715269121.jpg,"This blue chiffon romper with short flutter sleeves is the perfect attire for any occasion, be it a wedding guest or party. The romper is made from light and airy chiffon fabric, which is perfect for keeping you cool and comfortable throughout the event. This romper has a stylish and flattering design that is both chic and sophisticated, making it an ideal choice for a variety of occasions. Its chiffon material gives it a soft and flowing drape that moves beautifully with every step you take. This light blue umpsuit also features a V-neckline that adds a touch of allure to the overall look, making it an excellent choice for a night out or any formal occasion. With its elegant design and flattering cut, you're sure to look and feel your best no matter what the occasion.",Clothing,34,Goddiva (US),24726,Women's Trousers,201,https://images2.productserve.com/?w=200&h=200&bg=white&trim=5&t=letterbox&url=ssl%3Acdn.shopify.com%2Fs%2Ffiles%2F1%2F0487%2F8834%2F0899%2Ffiles%2FTR352_BLUE_FRONT_1715269121.jpg&feedId=62769&k=7399f834ffc6a0ba9b7e8616c9e89d33ded80f13,USD,,"Over $120 - Free Delivery, Less than $120 - $12",https://goddiva.us/products/goddiva-chiffon-jumpsuit-with-flutter-sleeves-blue,,,USD76,62769,Goddiva,1,,,,,,Womens,Playsuits & Jumpsuits
https://www.awin1.com/pclick.php?p=35642119233&a=2771700&m=24726,Goddiva Chiffon Romper With Flutter Sleeves - Blue,35642119233,TR352-BLUE-12,https://cdn.shopify.com/s/files/1/0487/8834/0899/files/TR352_BLUE_FRONT_1715269121.jpg,"This blue chiffon romper with short flutter sleeves is the perfect attire for any occasion, be it a wedding guest or party. The romper is made from light and airy chiffon fabric, which is perfect for keeping you cool and comfortable throughout the event. This romper has a stylish and flattering design that is both chic and sophisticated, making it an ideal choice for a variety of occasions. Its chiffon material gives it a soft and flowing drape that moves beautifully with every step you take. This light blue umpsuit also features a V-neckline that adds a touch of allure to the overall look, making it an excellent choice for a night out or any formal occasion. With its elegant design and flattering cut, you're sure to look and feel your best no matter what the occasion.",Clothing,34,Goddiva (US),24726,Women's Trousers,201,https://images2.productserve.com/?w=200&h=200&bg=white&trim=5&t=letterbox&url=ssl%3Acdn.shopify.com%2Fs%2Ffiles%2F1%2F0487%2F8834%2F0899%2Ffiles%2FTR352_BLUE_FRONT_1715269121.jpg&feedId=62769&k=7399f834ffc6a0ba9b7e8616c9e89d33ded80f13,USD,,"Over $120 - Free Delivery, Less than $120 - $12",https://goddiva.us/products/goddiva-chiffon-jumpsuit-with-flutter-sleeves-blue,,,USD76,62769,Goddiva,1,,,,,,Womens,Playsuits & Jumpsuits
https://www.awin1.com/pclick.php?p=35655990237&a=2771700&m=24726,Goddiva Tropical Print Romper - Green,35655990237,TR356-GREEN-8,https://cdn.shopify.com/s/files/1/0487/8834/0899/products/oqZDxpcD-15434.jpg,"Tropical Print Romper is a casual summer romper that you can use for every occasion. Wear it on a lunch date or on holiday, or even at your wedding as a guest. The plunge v-neckline on the front makes this green a showstopper for the season. Style it with white sneakers or sandals to look chic during the day or dress it up with heels for a night out with your girls! The plunging V-neckline adds a touch of sexiness that you can easily pair with small gold earrings and bangles. This green romper will make all heads turn!",Clothing,24,Goddiva (US),24726,Women's Trousers,201,https://images2.productserve.com/?w=200&h=200&bg=white&trim=5&t=letterbox&url=ssl%3Acdn.shopify.com%2Fs%2Ffiles%2F1%2F0487%2F8834%2F0899%2Fproducts%2FoqZDxpcD-15434.jpg&feedId=62769&k=e6a87b39b86ca1bcfadc85f6f8f7f44082465e88,USD,,"Over $120 - Free Delivery, Less than $120 - $12",https://goddiva.us/products/goddiva-tropical-print-jumpsuit-green,,,USD70,62769,Goddiva,1,,,,,,Womens,Playsuits & Jumpsuits
https://www.awin1.com/pclick.php?p=35655990239&a=2771700&m=24726,Goddiva Tropical Print Romper - Green,35655990239,TR356-GREEN-12,https://cdn.shopify.com/s/files/1/0487/8834/0899/products/oqZDxpcD-15434.jpg,"Tropical Print Romper is a casual summer romper that you can use for every occasion. Wear it on a lunch date or on holiday, or even at your wedding as a guest. The plunge v-neckline on the front makes this green a showstopper for the season. Style it with white sneakers or sandals to look chic during the day or dress it up with heels for a night out with your girls! The plunging V-neckline adds a touch of sexiness that you can easily pair with small gold earrings and bangles. This green romper will make all heads turn!",Clothing,24,Goddiva (US),24726,Women's Trousers,201,https://images2.productserve.com/?w=200&h=200&bg=white&trim=5&t=letterbox&url=ssl%3Acdn.shopify.com%2Fs%2Ffiles%2F1%2F0487%2F8834%2F0899%2Fproducts%2FoqZDxpcD-15434.jpg&feedId=62769&k=e6a87b39b86ca1bcfadc85f6f8f7f44082465e88,USD,,"Over $120 - Free Delivery, Less than $120 - $12",https://goddiva.us/products/goddiva-tropical-print-jumpsuit-green,,,USD70,62769,Goddiva,1,,,,,,Womens,Playsuits & Jumpsuits
https://www.awin1.com/pclick.php?p=35655990238&a=2771700&m=24726,Goddiva Tropical Print Romper - Green,35655990238,TR356-GREEN-10,https://cdn.shopify.com/s/files/1/0487/8834/0899/products/oqZDxpcD-15434.jpg,"Tropical Print Romper is a casual summer romper that you can use for every occasion. Wear it on a lunch date or on holiday, or even at your wedding as a guest. The plunge v-neckline on the front makes this green a showstopper for the season. Style it with white sneakers or sandals to look chic during the day or dress it up with heels for a night out with your girls! The plunging V-neckline adds a touch of sexiness that you can easily pair with small gold earrings and bangles. This green romper will make all heads turn!",Clothing,24,Goddiva (US),24726,Women's Trousers,201,https://images2.productserve.com/?w=200&h=200&bg=white&trim=5&t=letterbox&url=ssl%3Acdn.shopify.com%2Fs%2Ffiles%2F1%2F0487%2F8834%2F0899%2Fproducts%2FoqZDxpcD-15434.jpg&feedId=62769&k=e6a87b39b86ca1bcfadc85f6f8f7f44082465e88,USD,,"Over $120 - Free Delivery, Less than $120 - $12",https://goddiva.us/products/goddiva-tropical-print-jumpsuit-green,,,USD70,62769,Goddiva,1,,,,,,Womens,Playsuits & Jumpsuits
https://www.awin1.com/pclick.php?p=36108716686&a=2771700&m=24726,Goddiva Knot Front Thigh Split Midi Skirt - Blue,36108716686,SK22-BLUE-12,https://cdn.shopify.com/s/files/1/0487/8834/0899/files/SK22_blue_front_1729787336.jpg,"This sexy and attractive knot front thigh split midi skirt is a one-of-a-kind garment that will definitely make you stand out from the crowd. This chic blue party skirt is perfect for all of your special occasions, whether it's for a party, date night, special occasion, wedding guest, club night or cocktails with friends. Its elegant design includes a large knot, giving it a unique touch that sets it apart from other items in your closet. Pair this gorgeous red mid-length skirt with an off the shoulder top and heels for a night out on the town or dress it down with flats and a blazer for work.",Clothing,10,Goddiva (US),24726,Women's Trousers,201,https://images2.productserve.com/?w=200&h=200&bg=white&trim=5&t=letterbox&url=ssl%3Acdn.shopify.com%2Fs%2Ffiles%2F1%2F0487%2F8834%2F0899%2Ffiles%2FSK22_blue_front_1729787336.jpg&feedId=62769&k=402a376c14aa7b669f149f5952f93a517df01576,USD,,"Over $120 - Free Delivery, Less than $120 - $12",https://goddiva.us/products/goddiva-knot-front-thigh-split-midi-skirt-blue,,,USD58,62769,Goddiva,1,,,,,,Womens,Skirts
https://www.awin1.com/pclick.php?p=36108716690&a=2771700&m=24726,Goddiva Knot Front Thigh Split Midi Skirt - Bronze,36108716690,SK22-BRONZE-10,https://cdn.shopify.com/s/files/1/0487/8834/0899/files/SK22_bronze_front_1729787687.jpg,"This sexy and attractive knot front thigh split midi skirt is a one-of-a-kind garment that will definitely make you stand out from the crowd. This chic bronze party skirt is perfect for all of your special occasions, whether it's for a party, date night, special occasion, wedding guest, club night or cocktails with friends. Its elegant design includes a large knot, giving it a unique touch that sets it apart from other items in your closet. Pair this gorgeous red mid-length skirt with an off the shoulder top and heels for a night out on the town or dress it down with flats and a blazer for work.",Clothing,10,Goddiva (US),24726,Women's Trousers,201,https://images2.productserve.com/?w=200&h=200&bg=white&trim=5&t=letterbox&url=ssl%3Acdn.shopify.com%2Fs%2Ffiles%2F1%2F0487%2F8834%2F0899%2Ffiles%2FSK22_bronze_front_1729787687.jpg&feedId=62769&k=01bf4f771418566b319bf4da90465b56f2b10c60,USD,,"Over $120 - Free Delivery, Less than $120 - $12",https://goddiva.us/products/goddiva-knot-front-thigh-split-midi-skirt-bronze,,,USD58,62769,Goddiva,1,,,,,,Womens,Skirts
https://www.awin1.com/pclick.php?p=36108716689&a=2771700&m=24726,Goddiva Knot Front Thigh Split Midi Skirt - Bronze,36108716689,SK22-BRONZE-8,https://cdn.shopify.com/s/files/1/0487/8834/0899/files/SK22_bronze_front_1729787687.jpg,"This sexy and attractive knot front thigh split midi skirt is a one-of-a-kind garment that will definitely make you stand out from the crowd. This chic bronze party skirt is perfect for all of your special occasions, whether it's for a party, date night, special occasion, wedding guest, club night or cocktails with friends. Its elegant design includes a large knot, giving it a unique touch that sets it apart from other items in your closet. Pair this gorgeous red mid-length skirt with an off the shoulder top and heels for a night out on the town or dress it down with flats and a blazer for work.",Clothing,10,Goddiva (US),24726,Women's Trousers,201,https://images2.productserve.com/?w=200&h=200&bg=white&trim=5&t=letterbox&url=ssl%3Acdn.shopify.com%2Fs%2Ffiles%2F1%2F0487%2F8834%2F0899%2Ffiles%2FSK22_bronze_front_1729787687.jpg&feedId=62769&k=01bf4f771418566b319bf4da90465b56f2b10c60,USD,,"Over $120 - Free Delivery, Less than $120 - $12",https://goddiva.us/products/goddiva-knot-front-thigh-split-midi-skirt-bronze,,,USD58,62769,Goddiva,1,,,,,,Womens,Skirts
https://www.awin1.com/pclick.php?p=36108716685&a=2771700&m=24726,Goddiva Knot Front Thigh Split Midi Skirt - Blue,36108716685,SK22-BLUE-10,https://cdn.shopify.com/s/files/1/0487/8834/0899/files/SK22_blue_front_1729787336.jpg,"This sexy and attractive knot front thigh split midi skirt is a one-of-a-kind garment that will definitely make you stand out from the crowd. This chic blue party skirt is perfect for all of your special occasions, whether it's for a party, date night, special occasion, wedding guest, club night or cocktails with friends. Its elegant design includes a large knot, giving it a unique touch that sets it apart from other items in your closet. Pair this gorgeous red mid-length skirt with an off the shoulder top and heels for a night out on the town or dress it down with flats and a blazer for work.",Clothing,10,Goddiva (US),24726,Women's Trousers,201,https://images2.productserve.com/?w=200&h=200&bg=white&trim=5&t=letterbox&url=ssl%3Acdn.shopify.com%2Fs%2Ffiles%2F1%2F0487%2F8834%2F0899%2Ffiles%2FSK22_blue_front_1729787336.jpg&feedId=62769&k=402a376c14aa7b669f149f5952f93a517df01576,USD,,"Over $120 - Free Delivery, Less than $120 - $12",https://goddiva.us/products/goddiva-knot-front-thigh-split-midi-skirt-blue,,,USD58,62769,Goddiva,1,,,,,,Womens,Skirts
https://www.awin1.com/pclick.php?p=36108716691&a=2771700&m=24726,Goddiva Knot Front Thigh Split Midi Skirt - Bronze,36108716691,SK22-BRONZE-12,https://cdn.shopify.com/s/files/1/0487/8834/0899/files/SK22_bronze_front_1729787687.jpg,"This sexy and attractive knot front thigh split midi skirt is a one-of-a-kind garment that will definitely make you stand out from the crowd. This chic bronze party skirt is perfect for all of your special occasions, whether it's for a party, date night, special occasion, wedding guest, club night or cocktails with friends. Its elegant design includes a large knot, giving it a unique touch that sets it apart from other items in your closet. Pair this gorgeous red mid-length skirt with an off the shoulder top and heels for a night out on the town or dress it down with flats and a blazer for work.",Clothing,10,Goddiva (US),24726,Women's Trousers,201,https://images2.productserve.com/?w=200&h=200&bg=white&trim=5&t=letterbox&url=ssl%3Acdn.shopify.com%2Fs%2Ffiles%2F1%2F0487%2F8834%2F0899%2Ffiles%2FSK22_bronze_front_1729787687.jpg&feedId=62769&k=01bf4f771418566b319bf4da90465b56f2b10c60,USD,,"Over $120 - Free Delivery, Less than $120 - $12",https://goddiva.us/products/goddiva-knot-front-thigh-split-midi-skirt-bronze,,,USD58,62769,Goddiva,1,,,,,,Womens,Skirts
https://www.awin1.com/pclick.php?p=36108716684&a=2771700&m=24726,Goddiva Knot Front Thigh Split Midi Skirt - Blue,36108716684,SK22-BLUE-8,https://cdn.shopify.com/s/files/1/0487/8834/0899/files/SK22_blue_front_1729787336.jpg,"This sexy and attractive knot front thigh split midi skirt is a one-of-a-kind garment that will definitely make you stand out from the crowd. This chic blue party skirt is perfect for all of your special occasions, whether it's for a party, date night, special occasion, wedding guest, club night or cocktails with friends. Its elegant design includes a large knot, giving it a unique touch that sets it apart from other items in your closet. Pair this gorgeous red mid-length skirt with an off the shoulder top and heels for a night out on the town or dress it down with flats and a blazer for work.",Clothing,10,Goddiva (US),24726,Women's Trousers,201,https://images2.productserve.com/?w=200&h=200&bg=white&trim=5&t=letterbox&url=ssl%3Acdn.shopify.com%2Fs%2Ffiles%2F1%2F0487%2F8834%2F0899%2Ffiles%2FSK22_blue_front_1729787336.jpg&feedId=62769&k=402a376c14aa7b669f149f5952f93a517df01576,USD,,"Over $120 - Free Delivery, Less than $120 - $12",https://goddiva.us/products/goddiva-knot-front-thigh-split-midi-skirt-blue,,,USD58,62769,Goddiva,1,,,,,,Womens,Skirts
https://www.awin1.com/pclick.php?p=36108716696&a=2771700&m=24726,Goddiva Knot Front Thigh Split Midi Skirt - Gold,36108716696,SK22-GOLD-12,https://cdn.shopify.com/s/files/1/0487/8834/0899/files/SK22_gold_front_1729787806.jpg,"This sexy and attractive knot front thigh split midi skirt is a one-of-a-kind garment that will definitely make you stand out from the crowd. This chic gold party skirt is perfect for all of your special occasions, whether it's for a party, date night, special occasion, wedding guest, club night or cocktails with friends. Its elegant design includes a large knot, giving it a unique touch that sets it apart from other items in your closet. Pair this gorgeous red mid-length skirt with an off the shoulder top and heels for a night out on the town or dress it down with flats and a blazer for work.",Clothing,10,Goddiva (US),24726,Women's Trousers,201,https://images2.productserve.com/?w=200&h=200&bg=white&trim=5&t=letterbox&url=ssl%3Acdn.shopify.com%2Fs%2Ffiles%2F1%2F0487%2F8834%2F0899%2Ffiles%2FSK22_gold_front_1729787806.jpg&feedId=62769&k=76eeb8b8b02d47545dfb5d6aadb225470390aa87,USD,,"Over $120 - Free Delivery, Less than $120 - $12",https://goddiva.us/products/goddiva-knot-front-thigh-split-midi-skirt-gold,,,USD58,62769,Goddiva,1,,,,,,Womens,Skirts
https://www.awin1.com/pclick.php?p=36108716695&a=2771700&m=24726,Goddiva Knot Front Thigh Split Midi Skirt - Gold,36108716695,SK22-GOLD-10,https://cdn.shopify.com/s/files/1/0487/8834/0899/files/SK22_gold_front_1729787806.jpg,"This sexy and attractive knot front thigh split midi skirt is a one-of-a-kind garment that will definitely make you stand out from the crowd. This chic gold party skirt is perfect for all of your special occasions, whether it's for a party, date night, special occasion, wedding guest, club night or cocktails with friends. Its elegant design includes a large knot, giving it a unique touch that sets it apart from other items in your closet. Pair this gorgeous red mid-length skirt with an off the shoulder top and heels for a night out on the town or dress it down with flats and a blazer for work.",Clothing,10,Goddiva (US),24726,Women's Trousers,201,https://images2.productserve.com/?w=200&h=200&bg=white&trim=5&t=letterbox&url=ssl%3Acdn.shopify.com%2Fs%2Ffiles%2F1%2F0487%2F8834%2F0899%2Ffiles%2FSK22_gold_front_1729787806.jpg&feedId=62769&k=76eeb8b8b02d47545dfb5d6aadb225470390aa87,USD,,"Over $120 - Free Delivery, Less than $120 - $12",https://goddiva.us/products/goddiva-knot-front-thigh-split-midi-skirt-gold,,,USD58,62769,Goddiva,1,,,,,,Womens,Skirts
https://www.awin1.com/pclick.php?p=36108716694&a=2771700&m=24726,Goddiva Knot Front Thigh Split Midi Skirt - Gold,36108716694,SK22-GOLD-8,https://cdn.shopify.com/s/files/1/0487/8834/0899/files/SK22_gold_front_1729787806.jpg,"This sexy and attractive knot front thigh split midi skirt is a one-of-a-kind garment that will definitely make you stand out from the crowd. This chic gold party skirt is perfect for all of your special occasions, whether it's for a party, date night, special occasion, wedding guest, club night or cocktails with friends. Its elegant design includes a large knot, giving it a unique touch that sets it apart from other items in your closet. Pair this gorgeous red mid-length skirt with an off the shoulder top and heels for a night out on the town or dress it down with flats and a blazer for work.",Clothing,10,Goddiva (US),24726,Women's Trousers,201,https://images2.productserve.com/?w=200&h=200&bg=white&trim=5&t=letterbox&url=ssl%3Acdn.shopify.com%2Fs%2Ffiles%2F1%2F0487%2F8834%2F0899%2Ffiles%2FSK22_gold_front_1729787806.jpg&feedId=62769&k=76eeb8b8b02d47545dfb5d6aadb225470390aa87,USD,,"Over $120 - Free Delivery, Less than $120 - $12",https://goddiva.us/products/goddiva-knot-front-thigh-split-midi-skirt-gold,,,USD58,62769,Goddiva,1,,,,,,Womens,Skirts
https://www.awin1.com/pclick.php?p=34257111163&a=2771700&m=24726,Goddiva Wrap Sequin Top With Cami - Blackgold,34257111163,T203-BLACK-12,https://cdn.shopify.com/s/files/1/0487/8834/0899/files/25992_1717429746.jpg,"This top is for anyone who loves to be the centre of attention. Its gold sequin pattern will make you sparkle, and its classic black color will help you stand out from the crowd. You can pair it with a pencil skirt or black cigarette pants, or wear it with a pair of smart pants to impress your colleagues at work. This black top is designed to make you feel on top of your fashion. The front wrap detail and sequin work on the back give it a very feminine look. The deep neckline will show off your dcolletage while the cami provides some modesty. Wear this with a pair of leather leggings or smart pants for an evening event, or with a pair of smart black pants for an important meeting.",Clothing,10,Goddiva (US),24726,Women's Trousers,201,https://images2.productserve.com/?w=200&h=200&bg=white&trim=5&t=letterbox&url=ssl%3Acdn.shopify.com%2Fs%2Ffiles%2F1%2F0487%2F8834%2F0899%2Ffiles%2F25992_1717429746.jpg&feedId=62769&k=05b256fbd2f6f69489af82b5264d02295109c9f6,USD,,"Over $120 - Free Delivery, Less than $120 - $12",https://goddiva.us/products/goddiva-wrap-sequin-top-with-cami-blackgold,,,USD50,62769,Goddiva,1,,,,,,Womens,Tops & T-Shirts
https://www.awin1.com/pclick.php?p=34257111161&a=2771700&m=24726,Goddiva Wrap Sequin Top With Cami - Blackgold,34257111161,T203-BLACK-10,https://cdn.shopify.com/s/files/1/0487/8834/0899/files/25992_1717429746.jpg,"This top is for anyone who loves to be the centre of attention. Its gold sequin pattern will make you sparkle, and its classic black color will help you stand out from the crowd. You can pair it with a pencil skirt or black cigarette pants, or wear it with a pair of smart pants to impress your colleagues at work. This black top is designed to make you feel on top of your fashion. The front wrap detail and sequin work on the back give it a very feminine look. The deep neckline will show off your dcolletage while the cami provides some modesty. Wear this with a pair of leather leggings or smart pants for an evening event, or with a pair of smart black pants for an important meeting.",Clothing,10,Goddiva (US),24726,Women's Trousers,201,https://images2.productserve.com/?w=200&h=200&bg=white&trim=5&t=letterbox&url=ssl%3Acdn.shopify.com%2Fs%2Ffiles%2F1%2F0487%2F8834%2F0899%2Ffiles%2F25992_1717429746.jpg&feedId=62769&k=05b256fbd2f6f69489af82b5264d02295109c9f6,USD,,"Over $120 - Free Delivery, Less than $120 - $12",https://goddiva.us/products/goddiva-wrap-sequin-top-with-cami-blackgold,,,USD50,62769,Goddiva,1,,,,,,Womens,Tops & T-Shirts
https://www.awin1.com/pclick.php?p=34257111159&a=2771700&m=24726,Goddiva Wrap Sequin Top With Cami - Blackgold,34257111159,T203-BLACK-8,https://cdn.shopify.com/s/files/1/0487/8834/0899/files/25992_1717429746.jpg,"This top is for anyone who loves to be the centre of attention. Its gold sequin pattern will make you sparkle, and its classic black color will help you stand out from the crowd. You can pair it with a pencil skirt or black cigarette pants, or wear it with a pair of smart pants to impress your colleagues at work. This black top is designed to make you feel on top of your fashion. The front wrap detail and sequin work on the back give it a very feminine look. The deep neckline will show off your dcolletage while the cami provides some modesty. Wear this with a pair of leather leggings or smart pants for an evening event, or with a pair of smart black pants for an important meeting.",Clothing,10,Goddiva (US),24726,Women's Trousers,201,https://images2.productserve.com/?w=200&h=200&bg=white&trim=5&t=letterbox&url=ssl%3Acdn.shopify.com%2Fs%2Ffiles%2F1%2F0487%2F8834%2F0899%2Ffiles%2F25992_1717429746.jpg&feedId=62769&k=05b256fbd2f6f69489af82b5264d02295109c9f6,USD,,"Over $120 - Free Delivery, Less than $120 - $12",https://goddiva.us/products/goddiva-wrap-sequin-top-with-cami-blackgold,,,USD50,62769,Goddiva,1,,,,,,Womens,Tops & T-Shirts
https://www.awin1.com/pclick.php?p=37377281388&a=2771700&m=24726,Goddiva Printed Sheer Leggings - Black,37377281388,TR385-BLACK-M,https://cdn.shopify.com/s/files/1/0487/8834/0899/files/TR385_DR4317_BLACKPRINT_FRONT_1713364719.jpg,"*DRESS SOLD SEPARATELY*Elevate your wardrobe with our Printed Sheer Leggings  the ultimate fashion statement for the modern trendsetter. Boasting a unique blend of style and versatility, these black leggings are designed to take your outfits to the next level. Featuring a captivating printed sheer design, these black leggings exude confidence and allure with every step you take. Whether you pair them with the matching dress for a runway-inspired look or rock them on their own with a chic top, these leggings effortlessly elevate any ensemble. Versatility is the name of the game with these leggings. Wear them with the matching dress for a coordinated and head-turning ensemble that's perfect for a night out with friends or a romantic date night. Alternatively, style them with a nice top for a more casual yet fashionable vibe that's ideal for any occasion. With these black Printed Sheer Leggings, you're getting two outfits in one  giving you the freedom to express your unique sense of style however you please. Whether you're aiming for a bold and daring look or a sophisticated and chic ensemble, these black leggings are sure to make a statement wherever you go. So go ahead, unleash your inner fashionista and turn heads with every wear.",Clothing,20,Goddiva (US),24726,Women's Trousers,201,https://images2.productserve.com/?w=200&h=200&bg=white&trim=5&t=letterbox&url=ssl%3Acdn.shopify.com%2Fs%2Ffiles%2F1%2F0487%2F8834%2F0899%2Ffiles%2FTR385_DR4317_BLACKPRINT_FRONT_1713364719.jpg&feedId=62769&k=ce81d2b77464721bcbd7d88f5a3e68496c1440a8,USD,,"Over $120 - Free Delivery, Less than $120 - $12",https://goddiva.us/products/goddiva-printed-sheer-leggings-black,,,USD48,62769,Goddiva,1,,,,,,Womens,Trousers & Legwear
https://www.awin1.com/pclick.php?p=37377281387&a=2771700&m=24726,Goddiva Printed Sheer Leggings - Black,37377281387,TR385-BLACK-S,https://cdn.shopify.com/s/files/1/0487/8834/0899/files/TR385_DR4317_BLACKPRINT_FRONT_1713364719.jpg,"*DRESS SOLD SEPARATELY*Elevate your wardrobe with our Printed Sheer Leggings  the ultimate fashion statement for the modern trendsetter. Boasting a unique blend of style and versatility, these black leggings are designed to take your outfits to the next level. Featuring a captivating printed sheer design, these black leggings exude confidence and allure with every step you take. Whether you pair them with the matching dress for a runway-inspired look or rock them on their own with a chic top, these leggings effortlessly elevate any ensemble. Versatility is the name of the game with these leggings. Wear them with the matching dress for a coordinated and head-turning ensemble that's perfect for a night out with friends or a romantic date night. Alternatively, style them with a nice top for a more casual yet fashionable vibe that's ideal for any occasion. With these black Printed Sheer Leggings, you're getting two outfits in one  giving you the freedom to express your unique sense of style however you please. Whether you're aiming for a bold and daring look or a sophisticated and chic ensemble, these black leggings are sure to make a statement wherever you go. So go ahead, unleash your inner fashionista and turn heads with every wear.",Clothing,20,Goddiva (US),24726,Women's Trousers,201,https://images2.productserve.com/?w=200&h=200&bg=white&trim=5&t=letterbox&url=ssl%3Acdn.shopify.com%2Fs%2Ffiles%2F1%2F0487%2F8834%2F0899%2Ffiles%2FTR385_DR4317_BLACKPRINT_FRONT_1713364719.jpg&feedId=62769&k=ce81d2b77464721bcbd7d88f5a3e68496c1440a8,USD,,"Over $120 - Free Delivery, Less than $120 - $12",https://goddiva.us/products/goddiva-printed-sheer-leggings-black,,,USD48,62769,Goddiva,1,,,,,,Womens,Trousers & Legwear
https://www.awin1.com/pclick.php?p=37377281389&a=2771700&m=24726,Goddiva Printed Sheer Leggings - Black,37377281389,TR385-BLACK-L,https://cdn.shopify.com/s/files/1/0487/8834/0899/files/TR385_DR4317_BLACKPRINT_FRONT_1713364719.jpg,"*DRESS SOLD SEPARATELY*Elevate your wardrobe with our Printed Sheer Leggings  the ultimate fashion statement for the modern trendsetter. Boasting a unique blend of style and versatility, these black leggings are designed to take your outfits to the next level. Featuring a captivating printed sheer design, these black leggings exude confidence and allure with every step you take. Whether you pair them with the matching dress for a runway-inspired look or rock them on their own with a chic top, these leggings effortlessly elevate any ensemble. Versatility is the name of the game with these leggings. Wear them with the matching dress for a coordinated and head-turning ensemble that's perfect for a night out with friends or a romantic date night. Alternatively, style them with a nice top for a more casual yet fashionable vibe that's ideal for any occasion. With these black Printed Sheer Leggings, you're getting two outfits in one  giving you the freedom to express your unique sense of style however you please. Whether you're aiming for a bold and daring look or a sophisticated and chic ensemble, these black leggings are sure to make a statement wherever you go. So go ahead, unleash your inner fashionista and turn heads with every wear.",Clothing,20,Goddiva (US),24726,Women's Trousers,201,https://images2.productserve.com/?w=200&h=200&bg=white&trim=5&t=letterbox&url=ssl%3Acdn.shopify.com%2Fs%2Ffiles%2F1%2F0487%2F8834%2F0899%2Ffiles%2FTR385_DR4317_BLACKPRINT_FRONT_1713364719.jpg&feedId=62769&k=ce81d2b77464721bcbd7d88f5a3e68496c1440a8,USD,,"Over $120 - Free Delivery, Less than $120 - $12",https://goddiva.us/products/goddiva-printed-sheer-leggings-black,,,USD48,62769,Goddiva,1,,,,,,Womens,Trousers & Legwear
https://www.awin1.com/pclick.php?p=37670171264&a=2771700&m=24726,Goddiva Off The Shoulder Frill Neck Skater Romper - Black,37670171264,TR30B-BLACK-8,https://cdn.shopify.com/s/files/1/0487/8834/0899/files/TR30B_black_co_l_1653147410_1712150240.jpg,"Introducing the epitome of chic and playful sophistication: the Off The Shoulder Frill Neck Skater Romper in Black from Goddiva. This charming piece seamlessly blends flirty elegance with contemporary style, making it a must-have addition to your wardrobe. Crafted with meticulous attention to detail, this romper features an off-the-shoulder neckline adorned with delicate frill detailing, adding a touch of romance and whimsy to your look. The classic black hue exudes timeless allure, ensuring you make a statement wherever you go. The skater silhouette flatters your figure, cinching at the waist before gently flaring out to create a flattering and feminine silhouette. Whether you're dancing the night away or enjoying a day out with friends, this romper offers comfort and style in equal measure. Perfect for both daytime adventures and evening soires, the Off The Shoulder Frill Neck Skater Romper in Black from Goddiva is sure to become a staple in your wardrobe, effortlessly elevating your look with its undeniable charm and sophistication.",Clothing,10,Goddiva (US),24726,Women's Trousers,201,https://images2.productserve.com/?w=200&h=200&bg=white&trim=5&t=letterbox&url=ssl%3Acdn.shopify.com%2Fs%2Ffiles%2F1%2F0487%2F8834%2F0899%2Ffiles%2FTR30B_black_co_l_1653147410_1712150240.jpg&feedId=62769&k=7bf7a0c8f028e6e7c743131b4d1d0b7bd6b1beb2,USD,,"Over $120 - Free Delivery, Less than $120 - $12",https://goddiva.us/products/goddiva-off-the-shoulder-frill-neck-skater-playsuit-black,,,USD110,62769,Goddiva,1,,,,,,Womens,Playsuits & Jumpsuits
https://www.awin1.com/pclick.php?p=37670171265&a=2771700&m=24726,Goddiva Off The Shoulder Frill Neck Skater Romper - Black,37670171265,TR30B-BLACK-10,https://cdn.shopify.com/s/files/1/0487/8834/0899/files/TR30B_black_co_l_1653147410_1712150240.jpg,"Introducing the epitome of chic and playful sophistication: the Off The Shoulder Frill Neck Skater Romper in Black from Goddiva. This charming piece seamlessly blends flirty elegance with contemporary style, making it a must-have addition to your wardrobe. Crafted with meticulous attention to detail, this romper features an off-the-shoulder neckline adorned with delicate frill detailing, adding a touch of romance and whimsy to your look. The classic black hue exudes timeless allure, ensuring you make a statement wherever you go. The skater silhouette flatters your figure, cinching at the waist before gently flaring out to create a flattering and feminine silhouette. Whether you're dancing the night away or enjoying a day out with friends, this romper offers comfort and style in equal measure. Perfect for both daytime adventures and evening soires, the Off The Shoulder Frill Neck Skater Romper in Black from Goddiva is sure to become a staple in your wardrobe, effortlessly elevating your look with its undeniable charm and sophistication.",Clothing,10,Goddiva (US),24726,Women's Trousers,201,https://images2.productserve.com/?w=200&h=200&bg=white&trim=5&t=letterbox&url=ssl%3Acdn.shopify.com%2Fs%2Ffiles%2F1%2F0487%2F8834%2F0899%2Ffiles%2FTR30B_black_co_l_1653147410_1712150240.jpg&feedId=62769&k=7bf7a0c8f028e6e7c743131b4d1d0b7bd6b1beb2,USD,,"Over $120 - Free Delivery, Less than $120 - $12",https://goddiva.us/products/goddiva-off-the-shoulder-frill-neck-skater-playsuit-black,,,USD110,62769,Goddiva,1,,,,,,Womens,Playsuits & Jumpsuits
https://www.awin1.com/pclick.php?p=37670171266&a=2771700&m=24726,Goddiva Off The Shoulder Frill Neck Skater Romper - Black,37670171266,TR30B-BLACK-12,https://cdn.shopify.com/s/files/1/0487/8834/0899/files/TR30B_black_co_l_1653147410_1712150240.jpg,"Introducing the epitome of chic and playful sophistication: the Off The Shoulder Frill Neck Skater Romper in Black from Goddiva. This charming piece seamlessly blends flirty elegance with contemporary style, making it a must-have addition to your wardrobe. Crafted with meticulous attention to detail, this romper features an off-the-shoulder neckline adorned with delicate frill detailing, adding a touch of romance and whimsy to your look. The classic black hue exudes timeless allure, ensuring you make a statement wherever you go. The skater silhouette flatters your figure, cinching at the waist before gently flaring out to create a flattering and feminine silhouette. Whether you're dancing the night away or enjoying a day out with friends, this romper offers comfort and style in equal measure. Perfect for both daytime adventures and evening soires, the Off The Shoulder Frill Neck Skater Romper in Black from Goddiva is sure to become a staple in your wardrobe, effortlessly elevating your look with its undeniable charm and sophistication.",Clothing,10,Goddiva (US),24726,Women's Trousers,201,https://images2.productserve.com/?w=200&h=200&bg=white&trim=5&t=letterbox&url=ssl%3Acdn.shopify.com%2Fs%2Ffiles%2F1%2F0487%2F8834%2F0899%2Ffiles%2FTR30B_black_co_l_1653147410_1712150240.jpg&feedId=62769&k=7bf7a0c8f028e6e7c743131b4d1d0b7bd6b1beb2,USD,,"Over $120 - Free Delivery, Less than $120 - $12",https://goddiva.us/products/goddiva-off-the-shoulder-frill-neck-skater-playsuit-black,,,USD110,62769,Goddiva,1,,,,,,Womens,Playsuits & Jumpsuits
https://www.awin1.com/pclick.php?p=35642119238&a=2771700&m=24726,Goddiva Chiffon Romper With Flutter Sleeves - Blush,35642119238,TR352-BLUSH-10,https://cdn.shopify.com/s/files/1/0487/8834/0899/files/TR352_BLUSH_FRONT_1715269082.jpg,"This blush chiffon romper with short flutter sleeves is the perfect attire for any occasion, be it a wedding guest or party. The romper is made from light and airy chiffon fabric, which is perfect for keeping you cool and comfortable throughout the event. This romper has a stylish and flattering design that is both chic and sophisticated, making it an ideal choice for a variety of occasions. Its chiffon material gives it a soft and flowing drape that moves beautifully with every step you take. This pink romper also features a V-neckline that adds a touch of allure to the overall look, making it an excellent choice for a night out or any formal occasion. With its elegant design and flattering cut, you're sure to look and feel your best no matter what the occasion.",Clothing,34,Goddiva (US),24726,Women's Trousers,201,https://images2.productserve.com/?w=200&h=200&bg=white&trim=5&t=letterbox&url=ssl%3Acdn.shopify.com%2Fs%2Ffiles%2F1%2F0487%2F8834%2F0899%2Ffiles%2FTR352_BLUSH_FRONT_1715269082.jpg&feedId=62769&k=e5fa8425d5d1ae30c5d5c5a2a7afba442071eea8,USD,,"Over $120 - Free Delivery, Less than $120 - $12",https://goddiva.us/products/goddiva-chiffon-jumpsuit-with-flutter-sleeves-blush,,,USD76,62769,Goddiva,1,,,,,,Womens,Playsuits & Jumpsuits
https://www.awin1.com/pclick.php?p=35642119251&a=2771700&m=24726,Goddiva Chiffon Romper With Flutter Sleeves - Sage Green,35642119251,TR352-SAGEGREEN-12,https://cdn.shopify.com/s/files/1/0487/8834/0899/files/TR352_SAGEGREEN_FRONT_1715269059.jpg,"This sage green chiffon romper with short flutter sleeves is the perfect attire for any occasion, be it a wedding guest or party. The romper is made from light and airy chiffon fabric, which is perfect for keeping you cool and comfortable throughout the event. This romper has a stylish and flattering design that is both chic and sophisticated, making it an ideal choice for a variety of occasions. Its chiffon material gives it a soft and flowing drape that moves beautifully with every step you take. This pastel green romper also features a V-neckline that adds a touch of allure to the overall look, making it an excellent choice for a night out or any formal occasion. With its elegant design and flattering cut, you're sure to look and feel your best no matter what the occasion.",Clothing,34,Goddiva (US),24726,Women's Trousers,201,https://images2.productserve.com/?w=200&h=200&bg=white&trim=5&t=letterbox&url=ssl%3Acdn.shopify.com%2Fs%2Ffiles%2F1%2F0487%2F8834%2F0899%2Ffiles%2FTR352_SAGEGREEN_FRONT_1715269059.jpg&feedId=62769&k=7fa0fb25831390be41dacd63e4c06603e4ea06ef,USD,,"Over $120 - Free Delivery, Less than $120 - $12",https://goddiva.us/products/goddiva-chiffon-jumpsuit-with-flutter-sleeves-sage-green,,,USD76,62769,Goddiva,1,,,,,,Womens,Playsuits & Jumpsuits
https://www.awin1.com/pclick.php?p=33139369323&a=2771700&m=24726,Goddiva Bow Detail Bikini - Animal Print,33139369323,SW109-ANIMALPRINT-L,https://cdn.shopify.com/s/files/1/0487/8834/0899/products/ics0hqLa-10867.jpg,"This Bow Detail Bikini is the perfect choice for a day at the beach or to wear on vacation. The bold colors, prints and bow detail makes this two-piece pretty and fashionable that you will get compliments from everyone! In its summer essential hot animal print, this holiday fave definitely deserves to be seen poolside. With its bandeau style and low rise brief, this set is perfect for getting in those rays and making sure that you have minimal tan lines. Team with heels, beach hat and a long kaftan to get the ultimate beach club vibe this summer.",Clothing,10,Goddiva (US),24726,Women's Trousers,201,https://images2.productserve.com/?w=200&h=200&bg=white&trim=5&t=letterbox&url=ssl%3Acdn.shopify.com%2Fs%2Ffiles%2F1%2F0487%2F8834%2F0899%2Fproducts%2Fics0hqLa-10867.jpg&feedId=62769&k=a720b0977adc73e1edf57c78cdb0d12e3dda4178,USD,,"Over $120 - Free Delivery, Less than $120 - $12",https://goddiva.us/products/goddiva-bow-detail-bikini-animal-print,,,USD60,62769,Goddiva,1,,,,,,Womens,Swimwear
https://www.awin1.com/pclick.php?p=35126807413&a=2771700&m=24726,Goddiva Satin Knotted Midi Skirt - Purple,35126807413,SK23-PURPLE-8,https://cdn.shopify.com/s/files/1/0487/8834/0899/products/bqLIQPB6-14564.jpg,"Goddiva brings you this gorgeous satin midi skirt perfect for any occasion from date night to weddings and cocktail parties. This stylish short aubergine skirt will add a glamorous sense of style to your look. The midi length makes it the perfect fit for showing off your favourite heels, while the classic fitted silhouette flatters every figure.  The Goddiva Satin Knot Detail Midi Skirt is a wardrobe staple that is sure to become one of the most worn pieces in your collection. Featuring the classic midi length and satin fabric, this purple skirt looks beautiful with any top or blouse for an elegant look.  Pair with a simple top, heels & clutch bag for that special occasion.",Clothing,24,Goddiva (US),24726,Women's Trousers,201,https://images2.productserve.com/?w=200&h=200&bg=white&trim=5&t=letterbox&url=ssl%3Acdn.shopify.com%2Fs%2Ffiles%2F1%2F0487%2F8834%2F0899%2Fproducts%2FbqLIQPB6-14564.jpg&feedId=62769&k=839902b3f0a323c5f0573a9e7c053c28a4bb3e0e,USD,,"Over $120 - Free Delivery, Less than $120 - $12",https://goddiva.us/products/goddiva-satin-knotted-midi-skirt-purple,,,USD76,62769,Goddiva,1,,,,,,Womens,Skirts
https://www.awin1.com/pclick.php?p=35642119250&a=2771700&m=24726,Goddiva Chiffon Romper With Flutter Sleeves - Sage Green,35642119250,TR352-SAGEGREEN-10,https://cdn.shopify.com/s/files/1/0487/8834/0899/files/TR352_SAGEGREEN_FRONT_1715269059.jpg,"This sage green chiffon romper with short flutter sleeves is the perfect attire for any occasion, be it a wedding guest or party. The romper is made from light and airy chiffon fabric, which is perfect for keeping you cool and comfortable throughout the event. This romper has a stylish and flattering design that is both chic and sophisticated, making it an ideal choice for a variety of occasions. Its chiffon material gives it a soft and flowing drape that moves beautifully with every step you take. This pastel green romper also features a V-neckline that adds a touch of allure to the overall look, making it an excellent choice for a night out or any formal occasion. With its elegant design and flattering cut, you're sure to look and feel your best no matter what the occasion.",Clothing,34,Goddiva (US),24726,Women's Trousers,201,https://images2.productserve.com/?w=200&h=200&bg=white&trim=5&t=letterbox&url=ssl%3Acdn.shopify.com%2Fs%2Ffiles%2F1%2F0487%2F8834%2F0899%2Ffiles%2FTR352_SAGEGREEN_FRONT_1715269059.jpg&feedId=62769&k=7fa0fb25831390be41dacd63e4c06603e4ea06ef,USD,,"Over $120 - Free Delivery, Less than $120 - $12",https://goddiva.us/products/goddiva-chiffon-jumpsuit-with-flutter-sleeves-sage-green,,,USD76,62769,Goddiva,1,,,,,,Womens,Playsuits & Jumpsuits
https://www.awin1.com/pclick.php?p=33139369319&a=2771700&m=24726,Goddiva Bow Detail Bikini - Animal Print,33139369319,SW109-ANIMALPRINT-S,https://cdn.shopify.com/s/files/1/0487/8834/0899/products/ics0hqLa-10867.jpg,"This Bow Detail Bikini is the perfect choice for a day at the beach or to wear on vacation. The bold colors, prints and bow detail makes this two-piece pretty and fashionable that you will get compliments from everyone! In its summer essential hot animal print, this holiday fave definitely deserves to be seen poolside. With its bandeau style and low rise brief, this set is perfect for getting in those rays and making sure that you have minimal tan lines. Team with heels, beach hat and a long kaftan to get the ultimate beach club vibe this summer.",Clothing,10,Goddiva (US),24726,Women's Trousers,201,https://images2.productserve.com/?w=200&h=200&bg=white&trim=5&t=letterbox&url=ssl%3Acdn.shopify.com%2Fs%2Ffiles%2F1%2F0487%2F8834%2F0899%2Fproducts%2Fics0hqLa-10867.jpg&feedId=62769&k=a720b0977adc73e1edf57c78cdb0d12e3dda4178,USD,,"Over $120 - Free Delivery, Less than $120 - $12",https://goddiva.us/products/goddiva-bow-detail-bikini-animal-print,,,USD60,62769,Goddiva,1,,,,,,Womens,Swimwear
https://www.awin1.com/pclick.php?p=33139369321&a=2771700&m=24726,Goddiva Bow Detail Bikini - Animal Print,33139369321,SW109-ANIMALPRINT-M,https://cdn.shopify.com/s/files/1/0487/8834/0899/products/ics0hqLa-10867.jpg,"This Bow Detail Bikini is the perfect choice for a day at the beach or to wear on vacation. The bold colors, prints and bow detail makes this two-piece pretty and fashionable that you will get compliments from everyone! In its summer essential hot animal print, this holiday fave definitely deserves to be seen poolside. With its bandeau style and low rise brief, this set is perfect for getting in those rays and making sure that you have minimal tan lines. Team with heels, beach hat and a long kaftan to get the ultimate beach club vibe this summer.",Clothing,10,Goddiva (US),24726,Women's Trousers,201,https://images2.productserve.com/?w=200&h=200&bg=white&trim=5&t=letterbox&url=ssl%3Acdn.shopify.com%2Fs%2Ffiles%2F1%2F0487%2F8834%2F0899%2Fproducts%2Fics0hqLa-10867.jpg&feedId=62769&k=a720b0977adc73e1edf57c78cdb0d12e3dda4178,USD,,"Over $120 - Free Delivery, Less than $120 - $12",https://goddiva.us/products/goddiva-bow-detail-bikini-animal-print,,,USD60,62769,Goddiva,1,,,,,,Womens,Swimwear
https://www.awin1.com/pclick.php?p=35642119239&a=2771700&m=24726,Goddiva Chiffon Romper With Flutter Sleeves - Blush,35642119239,TR352-BLUSH-12,https://cdn.shopify.com/s/files/1/0487/8834/0899/files/TR352_BLUSH_FRONT_1715269082.jpg,"This blush chiffon romper with short flutter sleeves is the perfect attire for any occasion, be it a wedding guest or party. The romper is made from light and airy chiffon fabric, which is perfect for keeping you cool and comfortable throughout the event. This romper has a stylish and flattering design that is both chic and sophisticated, making it an ideal choice for a variety of occasions. Its chiffon material gives it a soft and flowing drape that moves beautifully with every step you take. This pink romper also features a V-neckline that adds a touch of allure to the overall look, making it an excellent choice for a night out or any formal occasion. With its elegant design and flattering cut, you're sure to look and feel your best no matter what the occasion.",Clothing,34,Goddiva (US),24726,Women's Trousers,201,https://images2.productserve.com/?w=200&h=200&bg=white&trim=5&t=letterbox&url=ssl%3Acdn.shopify.com%2Fs%2Ffiles%2F1%2F0487%2F8834%2F0899%2Ffiles%2FTR352_BLUSH_FRONT_1715269082.jpg&feedId=62769&k=e5fa8425d5d1ae30c5d5c5a2a7afba442071eea8,USD,,"Over $120 - Free Delivery, Less than $120 - $12",https://goddiva.us/products/goddiva-chiffon-jumpsuit-with-flutter-sleeves-blush,,,USD76,62769,Goddiva,1,,,,,,Womens,Playsuits & Jumpsuits
https://www.awin1.com/pclick.php?p=35642119237&a=2771700&m=24726,Goddiva Chiffon Romper With Flutter Sleeves - Blush,35642119237,TR352-BLUSH-8,https://cdn.shopify.com/s/files/1/0487/8834/0899/files/TR352_BLUSH_FRONT_1715269082.jpg,"This blush chiffon romper with short flutter sleeves is the perfect attire for any occasion, be it a wedding guest or party. The romper is made from light and airy chiffon fabric, which is perfect for keeping you cool and comfortable throughout the event. This romper has a stylish and flattering design that is both chic and sophisticated, making it an ideal choice for a variety of occasions. Its chiffon material gives it a soft and flowing drape that moves beautifully with every step you take. This pink romper also features a V-neckline that adds a touch of allure to the overall look, making it an excellent choice for a night out or any formal occasion. With its elegant design and flattering cut, you're sure to look and feel your best no matter what the occasion.",Clothing,34,Goddiva (US),24726,Women's Trousers,201,https://images2.productserve.com/?w=200&h=200&bg=white&trim=5&t=letterbox&url=ssl%3Acdn.shopify.com%2Fs%2Ffiles%2F1%2F0487%2F8834%2F0899%2Ffiles%2FTR352_BLUSH_FRONT_1715269082.jpg&feedId=62769&k=e5fa8425d5d1ae30c5d5c5a2a7afba442071eea8,USD,,"Over $120 - Free Delivery, Less than $120 - $12",https://goddiva.us/products/goddiva-chiffon-jumpsuit-with-flutter-sleeves-blush,,,USD76,62769,Goddiva,1,,,,,,Womens,Playsuits & Jumpsuits
https://www.awin1.com/pclick.php?p=35642119240&a=2771700&m=24726,Goddiva Chiffon Romper With Flutter Sleeves - Blush,35642119240,TR352-BLUSH-14,https://cdn.shopify.com/s/files/1/0487/8834/0899/files/TR352_BLUSH_FRONT_1715269082.jpg,"This blush chiffon romper with short flutter sleeves is the perfect attire for any occasion, be it a wedding guest or party. The romper is made from light and airy chiffon fabric, which is perfect for keeping you cool and comfortable throughout the event. This romper has a stylish and flattering design that is both chic and sophisticated, making it an ideal choice for a variety of occasions. Its chiffon material gives it a soft and flowing drape that moves beautifully with every step you take. This pink romper also features a V-neckline that adds a touch of allure to the overall look, making it an excellent choice for a night out or any formal occasion. With its elegant design and flattering cut, you're sure to look and feel your best no matter what the occasion.",Clothing,34,Goddiva (US),24726,Women's Trousers,201,https://images2.productserve.com/?w=200&h=200&bg=white&trim=5&t=letterbox&url=ssl%3Acdn.shopify.com%2Fs%2Ffiles%2F1%2F0487%2F8834%2F0899%2Ffiles%2FTR352_BLUSH_FRONT_1715269082.jpg&feedId=62769&k=e5fa8425d5d1ae30c5d5c5a2a7afba442071eea8,USD,,"Over $120 - Free Delivery, Less than $120 - $12",https://goddiva.us/products/goddiva-chiffon-jumpsuit-with-flutter-sleeves-blush,,,USD76,62769,Goddiva,1,,,,,,Womens,Playsuits & Jumpsuits
https://www.awin1.com/pclick.php?p=35642119252&a=2771700&m=24726,Goddiva Chiffon Romper With Flutter Sleeves - Sage Green,35642119252,TR352-SAGEGREEN-14,https://cdn.shopify.com/s/files/1/0487/8834/0899/files/TR352_SAGEGREEN_FRONT_1715269059.jpg,"This sage green chiffon romper with short flutter sleeves is the perfect attire for any occasion, be it a wedding guest or party. The romper is made from light and airy chiffon fabric, which is perfect for keeping you cool and comfortable throughout the event. This romper has a stylish and flattering design that is both chic and sophisticated, making it an ideal choice for a variety of occasions. Its chiffon material gives it a soft and flowing drape that moves beautifully with every step you take. This pastel green romper also features a V-neckline that adds a touch of allure to the overall look, making it an excellent choice for a night out or any formal occasion. With its elegant design and flattering cut, you're sure to look and feel your best no matter what the occasion.",Clothing,34,Goddiva (US),24726,Women's Trousers,201,https://images2.productserve.com/?w=200&h=200&bg=white&trim=5&t=letterbox&url=ssl%3Acdn.shopify.com%2Fs%2Ffiles%2F1%2F0487%2F8834%2F0899%2Ffiles%2FTR352_SAGEGREEN_FRONT_1715269059.jpg&feedId=62769&k=7fa0fb25831390be41dacd63e4c06603e4ea06ef,USD,,"Over $120 - Free Delivery, Less than $120 - $12",https://goddiva.us/products/goddiva-chiffon-jumpsuit-with-flutter-sleeves-sage-green,,,USD76,62769,Goddiva,1,,,,,,Womens,Playsuits & Jumpsuits
https://www.awin1.com/pclick.php?p=35126807415&a=2771700&m=24726,Goddiva Satin Knotted Midi Skirt - Purple,35126807415,SK23-PURPLE-10,https://cdn.shopify.com/s/files/1/0487/8834/0899/products/bqLIQPB6-14564.jpg,"Goddiva brings you this gorgeous satin midi skirt perfect for any occasion from date night to weddings and cocktail parties. This stylish short aubergine skirt will add a glamorous sense of style to your look. The midi length makes it the perfect fit for showing off your favourite heels, while the classic fitted silhouette flatters every figure.  The Goddiva Satin Knot Detail Midi Skirt is a wardrobe staple that is sure to become one of the most worn pieces in your collection. Featuring the classic midi length and satin fabric, this purple skirt looks beautiful with any top or blouse for an elegant look.  Pair with a simple top, heels & clutch bag for that special occasion.",Clothing,24,Goddiva (US),24726,Women's Trousers,201,https://images2.productserve.com/?w=200&h=200&bg=white&trim=5&t=letterbox&url=ssl%3Acdn.shopify.com%2Fs%2Ffiles%2F1%2F0487%2F8834%2F0899%2Fproducts%2FbqLIQPB6-14564.jpg&feedId=62769&k=839902b3f0a323c5f0573a9e7c053c28a4bb3e0e,USD,,"Over $120 - Free Delivery, Less than $120 - $12",https://goddiva.us/products/goddiva-satin-knotted-midi-skirt-purple,,,USD76,62769,Goddiva,1,,,,,,Womens,Skirts
https://www.awin1.com/pclick.php?p=35126807417&a=2771700&m=24726,Goddiva Satin Knotted Midi Skirt - Purple,35126807417,SK23-PURPLE-12,https://cdn.shopify.com/s/files/1/0487/8834/0899/products/bqLIQPB6-14564.jpg,"Goddiva brings you this gorgeous satin midi skirt perfect for any occasion from date night to weddings and cocktail parties. This stylish short aubergine skirt will add a glamorous sense of style to your look. The midi length makes it the perfect fit for showing off your favourite heels, while the classic fitted silhouette flatters every figure.  The Goddiva Satin Knot Detail Midi Skirt is a wardrobe staple that is sure to become one of the most worn pieces in your collection. Featuring the classic midi length and satin fabric, this purple skirt looks beautiful with any top or blouse for an elegant look.  Pair with a simple top, heels & clutch bag for that special occasion.",Clothing,24,Goddiva (US),24726,Women's Trousers,201,https://images2.productserve.com/?w=200&h=200&bg=white&trim=5&t=letterbox&url=ssl%3Acdn.shopify.com%2Fs%2Ffiles%2F1%2F0487%2F8834%2F0899%2Fproducts%2FbqLIQPB6-14564.jpg&feedId=62769&k=839902b3f0a323c5f0573a9e7c053c28a4bb3e0e,USD,,"Over $120 - Free Delivery, Less than $120 - $12",https://goddiva.us/products/goddiva-satin-knotted-midi-skirt-purple,,,USD76,62769,Goddiva,1,,,,,,Womens,Skirts
https://www.awin1.com/pclick.php?p=35642119249&a=2771700&m=24726,Goddiva Chiffon Romper With Flutter Sleeves - Sage Green,35642119249,TR352-SAGEGREEN-8,https://cdn.shopify.com/s/files/1/0487/8834/0899/files/TR352_SAGEGREEN_FRONT_1715269059.jpg,"This sage green chiffon romper with short flutter sleeves is the perfect attire for any occasion, be it a wedding guest or party. The romper is made from light and airy chiffon fabric, which is perfect for keeping you cool and comfortable throughout the event. This romper has a stylish and flattering design that is both chic and sophisticated, making it an ideal choice for a variety of occasions. Its chiffon material gives it a soft and flowing drape that moves beautifully with every step you take. This pastel green romper also features a V-neckline that adds a touch of allure to the overall look, making it an excellent choice for a night out or any formal occasion. With its elegant design and flattering cut, you're sure to look and feel your best no matter what the occasion.",Clothing,34,Goddiva (US),24726,Women's Trousers,201,https://images2.productserve.com/?w=200&h=200&bg=white&trim=5&t=letterbox&url=ssl%3Acdn.shopify.com%2Fs%2Ffiles%2F1%2F0487%2F8834%2F0899%2Ffiles%2FTR352_SAGEGREEN_FRONT_1715269059.jpg&feedId=62769&k=7fa0fb25831390be41dacd63e4c06603e4ea06ef,USD,,"Over $120 - Free Delivery, Less than $120 - $12",https://goddiva.us/products/goddiva-chiffon-jumpsuit-with-flutter-sleeves-sage-green,,,USD76,62769,Goddiva,1,,,,,,Womens,Playsuits & Jumpsuits
https://www.awin1.com/pclick.php?p=35655990243&a=2771700&m=24726,Goddiva Tropical Print Romper - Purple,35655990243,TR356-PURPLE-10,https://cdn.shopify.com/s/files/1/0487/8834/0899/products/nTe9021E-15435.jpg,"Tropical Print Romper is a casual summer romper that you can use for every occasion. Wear it on a lunch date or on holiday, or even at your wedding as a guest. The plunge v-neckline on the front makes this purple a showstopper for the season. Style it with white sneakers or sandals to look chic during the day or dress it up with heels for a night out with your girls! The plunging V-neckline adds a touch of sexiness that you can easily pair with small gold earrings and bangles. This purple romper will make all heads turn!",Clothing,49,Goddiva (US),24726,Women's Trousers,201,https://images2.productserve.com/?w=200&h=200&bg=white&trim=5&t=letterbox&url=ssl%3Acdn.shopify.com%2Fs%2Ffiles%2F1%2F0487%2F8834%2F0899%2Fproducts%2FnTe9021E-15435.jpg&feedId=62769&k=2edf334ed51940e74afef1469e090c3cb857c4be,USD,,"Over $120 - Free Delivery, Less than $120 - $12",https://goddiva.us/products/goddiva-tropical-print-jumpsuit-purple,,,USD70,62769,Goddiva,1,,,,,,Womens,Playsuits & Jumpsuits
https://www.awin1.com/pclick.php?p=35655990244&a=2771700&m=24726,Goddiva Tropical Print Romper - Purple,35655990244,TR356-PURPLE-12,https://cdn.shopify.com/s/files/1/0487/8834/0899/products/nTe9021E-15435.jpg,"Tropical Print Romper is a casual summer romper that you can use for every occasion. Wear it on a lunch date or on holiday, or even at your wedding as a guest. The plunge v-neckline on the front makes this purple a showstopper for the season. Style it with white sneakers or sandals to look chic during the day or dress it up with heels for a night out with your girls! The plunging V-neckline adds a touch of sexiness that you can easily pair with small gold earrings and bangles. This purple romper will make all heads turn!",Clothing,49,Goddiva (US),24726,Women's Trousers,201,https://images2.productserve.com/?w=200&h=200&bg=white&trim=5&t=letterbox&url=ssl%3Acdn.shopify.com%2Fs%2Ffiles%2F1%2F0487%2F8834%2F0899%2Fproducts%2FnTe9021E-15435.jpg&feedId=62769&k=2edf334ed51940e74afef1469e090c3cb857c4be,USD,,"Over $120 - Free Delivery, Less than $120 - $12",https://goddiva.us/products/goddiva-tropical-print-jumpsuit-purple,,,USD70,62769,Goddiva,1,,,,,,Womens,Playsuits & Jumpsuits
https://www.awin1.com/pclick.php?p=35655990242&a=2771700&m=24726,Goddiva Tropical Print Romper - Purple,35655990242,TR356-PURPLE-8,https://cdn.shopify.com/s/files/1/0487/8834/0899/products/nTe9021E-15435.jpg,"Tropical Print Romper is a casual summer romper that you can use for every occasion. Wear it on a lunch date or on holiday, or even at your wedding as a guest. The plunge v-neckline on the front makes this purple a showstopper for the season. Style it with white sneakers or sandals to look chic during the day or dress it up with heels for a night out with your girls! The plunging V-neckline adds a touch of sexiness that you can easily pair with small gold earrings and bangles. This purple romper will make all heads turn!",Clothing,49,Goddiva (US),24726,Women's Trousers,201,https://images2.productserve.com/?w=200&h=200&bg=white&trim=5&t=letterbox&url=ssl%3Acdn.shopify.com%2Fs%2Ffiles%2F1%2F0487%2F8834%2F0899%2Fproducts%2FnTe9021E-15435.jpg&feedId=62769&k=2edf334ed51940e74afef1469e090c3cb857c4be,USD,,"Over $120 - Free Delivery, Less than $120 - $12",https://goddiva.us/products/goddiva-tropical-print-jumpsuit-purple,,,USD70,62769,Goddiva,1,,,,,,Womens,Playsuits & Jumpsuits