aw_deep_link,product_name,aw_product_id,merchant_product_id,merchant_image_url,description,merchant_category,search_price,merchant_name,merchant_id,category_name,category_id,aw_image_url,currency,store_price,delivery_cost,merchant_deep_link,language,last_updated,display_price,data_feed_id,brand_name,in_stock,large_image,alternate_image,alternate_image_two,alternate_image_four,alternate_image_three,gender_added,category_added
https://www.awin1.com/pclick.php?p=37670171204&a=2771700&m=24726,City Goddess Wrap Front Maxi Slip Dress With Waist Tie-Up - Olive Green,37670171204,DR2250C-OLIVE-6,https://cdn.shopify.com/s/files/1/0487/8834/0899/files/DR2250_OLIVE_18085_front_1773416231.jpg,"Introducing the epitome of understated elegance: the Wrap Front Maxi Slip Dress With Waist Tie-Up in Olive from Goddiva. This exquisite dress combines timeless sophistication with modern allure, creating a look that's both chic and versatile. Crafted with meticulous attention to detail, this dress features a flattering wrap front design that accentuates your curves while offering a comfortable and customizable fit. The soft olive hue adds a touch of understated luxury to your ensemble, making it the perfect choice for both casual and formal occasions. The maxi length adds drama and elegance to your look, while the waist tie-up detail allows you to cinch in your waist for a flattering silhouette. Whether you're attending a summer wedding or enjoying a romantic evening out, this dress is sure to make a statement. Effortlessly chic and endlessly versatile, the Wrap Front Maxi Slip Dress With Waist Tie-Up in Olive from Goddiva is a wardrobe essential that promises to elevate your look with its timeless charm and sophistication.",Dresses,110,Goddiva,24726,Women's Dresses & Skirts,198,https://images2.productserve.com/?w=200&h=200&bg=white&trim=5&t=letterbox&url=ssl%3Acdn.shopify.com%2Fs%2Ffiles%2F1%2F0487%2F8834%2F0899%2Ffiles%2FDR2250_OLIVE_18085_front_1773416231.jpg&feedId=62769&k=b87897d4959beb592f64d6121b99a601e62290f1,USD,,"Over $120 - Free Delivery, Less than $120 - $12",https://goddiva.us/products/city-goddess-wrap-front-maxi-slip-dress-with-waist-tie-up-olive,,,USD110,62769,City Goddess,1,,,,,,Womens,Dresses
https://www.awin1.com/pclick.php?p=37670171195&a=2771700&m=24726,City Goddess Wrap Front Maxi Slip Dress With Waist Tie-Up - Black,37670171195,DR2250C-BLACK-12,https://cdn.shopify.com/s/files/1/0487/8834/0899/files/DR2250_BLACK_18085_front_1773416199.jpg,"Introducing an icon of timeless elegance: the Wrap Front Maxi Slip Dress With Waist Tie-Up in Black from Goddiva. This stunning dress effortlessly combines classic sophistication with modern allure, ensuring you make a statement with every step. Crafted with meticulous attention to detail, this dress features a flattering wrap front design that accentuates your curves while offering a comfortable and customizable fit. The timeless black hue exudes understated luxury, making it the perfect choice for any occasion, from cocktail parties to formal events. The maxi length adds drama and elegance to your look, while the waist tie-up detail allows you to cinch in your waist for a flattering silhouette. Whether you're attending a glamorous event or enjoying a night out with friends, this dress is sure to turn heads. Versatile and effortlessly chic, the Wrap Front Maxi Slip Dress With Waist Tie-Up in Black from Goddiva is a wardrobe essential that promises to elevate your look with its timeless charm and sophistication.",Dresses,110,Goddiva,24726,Women's Dresses & Skirts,198,https://images2.productserve.com/?w=200&h=200&bg=white&trim=5&t=letterbox&url=ssl%3Acdn.shopify.com%2Fs%2Ffiles%2F1%2F0487%2F8834%2F0899%2Ffiles%2FDR2250_BLACK_18085_front_1773416199.jpg&feedId=62769&k=9ae276b5a6d100c2d8c8ed1d419d4ff71939b0ff,USD,,"Over $120 - Free Delivery, Less than $120 - $12",https://goddiva.us/products/city-goddess-wrap-front-maxi-slip-dress-with-waist-tie-up-black,,,USD110,62769,City Goddess,1,,,,,,Womens,Dresses
https://www.awin1.com/pclick.php?p=37670171206&a=2771700&m=24726,City Goddess Wrap Front Maxi Slip Dress With Waist Tie-Up - Olive Green,37670171206,DR2250C-OLIVE-10,https://cdn.shopify.com/s/files/1/0487/8834/0899/files/DR2250_OLIVE_18085_front_1773416231.jpg,"Introducing the epitome of understated elegance: the Wrap Front Maxi Slip Dress With Waist Tie-Up in Olive from Goddiva. This exquisite dress combines timeless sophistication with modern allure, creating a look that's both chic and versatile. Crafted with meticulous attention to detail, this dress features a flattering wrap front design that accentuates your curves while offering a comfortable and customizable fit. The soft olive hue adds a touch of understated luxury to your ensemble, making it the perfect choice for both casual and formal occasions. The maxi length adds drama and elegance to your look, while the waist tie-up detail allows you to cinch in your waist for a flattering silhouette. Whether you're attending a summer wedding or enjoying a romantic evening out, this dress is sure to make a statement. Effortlessly chic and endlessly versatile, the Wrap Front Maxi Slip Dress With Waist Tie-Up in Olive from Goddiva is a wardrobe essential that promises to elevate your look with its timeless charm and sophistication.",Dresses,110,Goddiva,24726,Women's Dresses & Skirts,198,https://images2.productserve.com/?w=200&h=200&bg=white&trim=5&t=letterbox&url=ssl%3Acdn.shopify.com%2Fs%2Ffiles%2F1%2F0487%2F8834%2F0899%2Ffiles%2FDR2250_OLIVE_18085_front_1773416231.jpg&feedId=62769&k=b87897d4959beb592f64d6121b99a601e62290f1,USD,,"Over $120 - Free Delivery, Less than $120 - $12",https://goddiva.us/products/city-goddess-wrap-front-maxi-slip-dress-with-waist-tie-up-olive,,,USD110,62769,City Goddess,1,,,,,,Womens,Dresses
https://www.awin1.com/pclick.php?p=37670171205&a=2771700&m=24726,City Goddess Wrap Front Maxi Slip Dress With Waist Tie-Up - Olive Green,37670171205,DR2250C-OLIVE-8,https://cdn.shopify.com/s/files/1/0487/8834/0899/files/DR2250_OLIVE_18085_front_1773416231.jpg,"Introducing the epitome of understated elegance: the Wrap Front Maxi Slip Dress With Waist Tie-Up in Olive from Goddiva. This exquisite dress combines timeless sophistication with modern allure, creating a look that's both chic and versatile. Crafted with meticulous attention to detail, this dress features a flattering wrap front design that accentuates your curves while offering a comfortable and customizable fit. The soft olive hue adds a touch of understated luxury to your ensemble, making it the perfect choice for both casual and formal occasions. The maxi length adds drama and elegance to your look, while the waist tie-up detail allows you to cinch in your waist for a flattering silhouette. Whether you're attending a summer wedding or enjoying a romantic evening out, this dress is sure to make a statement. Effortlessly chic and endlessly versatile, the Wrap Front Maxi Slip Dress With Waist Tie-Up in Olive from Goddiva is a wardrobe essential that promises to elevate your look with its timeless charm and sophistication.",Dresses,110,Goddiva,24726,Women's Dresses & Skirts,198,https://images2.productserve.com/?w=200&h=200&bg=white&trim=5&t=letterbox&url=ssl%3Acdn.shopify.com%2Fs%2Ffiles%2F1%2F0487%2F8834%2F0899%2Ffiles%2FDR2250_OLIVE_18085_front_1773416231.jpg&feedId=62769&k=b87897d4959beb592f64d6121b99a601e62290f1,USD,,"Over $120 - Free Delivery, Less than $120 - $12",https://goddiva.us/products/city-goddess-wrap-front-maxi-slip-dress-with-waist-tie-up-olive,,,USD110,62769,City Goddess,1,,,,,,Womens,Dresses
https://www.awin1.com/pclick.php?p=37670171194&a=2771700&m=24726,City Goddess Wrap Front Maxi Slip Dress With Waist Tie-Up - Black,37670171194,DR2250C-BLACK-10,https://cdn.shopify.com/s/files/1/0487/8834/0899/files/DR2250_BLACK_18085_front_1773416199.jpg,"Introducing an icon of timeless elegance: the Wrap Front Maxi Slip Dress With Waist Tie-Up in Black from Goddiva. This stunning dress effortlessly combines classic sophistication with modern allure, ensuring you make a statement with every step. Crafted with meticulous attention to detail, this dress features a flattering wrap front design that accentuates your curves while offering a comfortable and customizable fit. The timeless black hue exudes understated luxury, making it the perfect choice for any occasion, from cocktail parties to formal events. The maxi length adds drama and elegance to your look, while the waist tie-up detail allows you to cinch in your waist for a flattering silhouette. Whether you're attending a glamorous event or enjoying a night out with friends, this dress is sure to turn heads. Versatile and effortlessly chic, the Wrap Front Maxi Slip Dress With Waist Tie-Up in Black from Goddiva is a wardrobe essential that promises to elevate your look with its timeless charm and sophistication.",Dresses,110,Goddiva,24726,Women's Dresses & Skirts,198,https://images2.productserve.com/?w=200&h=200&bg=white&trim=5&t=letterbox&url=ssl%3Acdn.shopify.com%2Fs%2Ffiles%2F1%2F0487%2F8834%2F0899%2Ffiles%2FDR2250_BLACK_18085_front_1773416199.jpg&feedId=62769&k=9ae276b5a6d100c2d8c8ed1d419d4ff71939b0ff,USD,,"Over $120 - Free Delivery, Less than $120 - $12",https://goddiva.us/products/city-goddess-wrap-front-maxi-slip-dress-with-waist-tie-up-black,,,USD110,62769,City Goddess,1,,,,,,Womens,Dresses
https://www.awin1.com/pclick.php?p=37670171193&a=2771700&m=24726,City Goddess Wrap Front Maxi Slip Dress With Waist Tie-Up - Black,37670171193,DR2250C-BLACK-8,https://cdn.shopify.com/s/files/1/0487/8834/0899/files/DR2250_BLACK_18085_front_1773416199.jpg,"Introducing an icon of timeless elegance: the Wrap Front Maxi Slip Dress With Waist Tie-Up in Black from Goddiva. This stunning dress effortlessly combines classic sophistication with modern allure, ensuring you make a statement with every step. Crafted with meticulous attention to detail, this dress features a flattering wrap front design that accentuates your curves while offering a comfortable and customizable fit. The timeless black hue exudes understated luxury, making it the perfect choice for any occasion, from cocktail parties to formal events. The maxi length adds drama and elegance to your look, while the waist tie-up detail allows you to cinch in your waist for a flattering silhouette. Whether you're attending a glamorous event or enjoying a night out with friends, this dress is sure to turn heads. Versatile and effortlessly chic, the Wrap Front Maxi Slip Dress With Waist Tie-Up in Black from Goddiva is a wardrobe essential that promises to elevate your look with its timeless charm and sophistication.",Dresses,110,Goddiva,24726,Women's Dresses & Skirts,198,https://images2.productserve.com/?w=200&h=200&bg=white&trim=5&t=letterbox&url=ssl%3Acdn.shopify.com%2Fs%2Ffiles%2F1%2F0487%2F8834%2F0899%2Ffiles%2FDR2250_BLACK_18085_front_1773416199.jpg&feedId=62769&k=9ae276b5a6d100c2d8c8ed1d419d4ff71939b0ff,USD,,"Over $120 - Free Delivery, Less than $120 - $12",https://goddiva.us/products/city-goddess-wrap-front-maxi-slip-dress-with-waist-tie-up-black,,,USD110,62769,City Goddess,1,,,,,,Womens,Dresses
https://www.awin1.com/pclick.php?p=37670171207&a=2771700&m=24726,City Goddess Wrap Front Maxi Slip Dress With Waist Tie-Up - Olive Green,37670171207,DR2250C-OLIVE-12,https://cdn.shopify.com/s/files/1/0487/8834/0899/files/DR2250_OLIVE_18085_front_1773416231.jpg,"Introducing the epitome of understated elegance: the Wrap Front Maxi Slip Dress With Waist Tie-Up in Olive from Goddiva. This exquisite dress combines timeless sophistication with modern allure, creating a look that's both chic and versatile. Crafted with meticulous attention to detail, this dress features a flattering wrap front design that accentuates your curves while offering a comfortable and customizable fit. The soft olive hue adds a touch of understated luxury to your ensemble, making it the perfect choice for both casual and formal occasions. The maxi length adds drama and elegance to your look, while the waist tie-up detail allows you to cinch in your waist for a flattering silhouette. Whether you're attending a summer wedding or enjoying a romantic evening out, this dress is sure to make a statement. Effortlessly chic and endlessly versatile, the Wrap Front Maxi Slip Dress With Waist Tie-Up in Olive from Goddiva is a wardrobe essential that promises to elevate your look with its timeless charm and sophistication.",Dresses,110,Goddiva,24726,Women's Dresses & Skirts,198,https://images2.productserve.com/?w=200&h=200&bg=white&trim=5&t=letterbox&url=ssl%3Acdn.shopify.com%2Fs%2Ffiles%2F1%2F0487%2F8834%2F0899%2Ffiles%2FDR2250_OLIVE_18085_front_1773416231.jpg&feedId=62769&k=b87897d4959beb592f64d6121b99a601e62290f1,USD,,"Over $120 - Free Delivery, Less than $120 - $12",https://goddiva.us/products/city-goddess-wrap-front-maxi-slip-dress-with-waist-tie-up-olive,,,USD110,62769,City Goddess,1,,,,,,Womens,Dresses
https://www.awin1.com/pclick.php?p=37670171192&a=2771700&m=24726,City Goddess Wrap Front Maxi Slip Dress With Waist Tie-Up - Black,37670171192,DR2250C-BLACK-6,https://cdn.shopify.com/s/files/1/0487/8834/0899/files/DR2250_BLACK_18085_front_1773416199.jpg,"Introducing an icon of timeless elegance: the Wrap Front Maxi Slip Dress With Waist Tie-Up in Black from Goddiva. This stunning dress effortlessly combines classic sophistication with modern allure, ensuring you make a statement with every step. Crafted with meticulous attention to detail, this dress features a flattering wrap front design that accentuates your curves while offering a comfortable and customizable fit. The timeless black hue exudes understated luxury, making it the perfect choice for any occasion, from cocktail parties to formal events. The maxi length adds drama and elegance to your look, while the waist tie-up detail allows you to cinch in your waist for a flattering silhouette. Whether you're attending a glamorous event or enjoying a night out with friends, this dress is sure to turn heads. Versatile and effortlessly chic, the Wrap Front Maxi Slip Dress With Waist Tie-Up in Black from Goddiva is a wardrobe essential that promises to elevate your look with its timeless charm and sophistication.",Dresses,110,Goddiva,24726,Women's Dresses & Skirts,198,https://images2.productserve.com/?w=200&h=200&bg=white&trim=5&t=letterbox&url=ssl%3Acdn.shopify.com%2Fs%2Ffiles%2F1%2F0487%2F8834%2F0899%2Ffiles%2FDR2250_BLACK_18085_front_1773416199.jpg&feedId=62769&k=9ae276b5a6d100c2d8c8ed1d419d4ff71939b0ff,USD,,"Over $120 - Free Delivery, Less than $120 - $12",https://goddiva.us/products/city-goddess-wrap-front-maxi-slip-dress-with-waist-tie-up-black,,,USD110,62769,City Goddess,1,,,,,,Womens,Dresses
https://www.awin1.com/pclick.php?p=42524838299&a=2771700&m=24726,City Goddess Wrap Front Maxi Slip Dress With Waist Tie-Up - Black,42524838299,DR2250C-BLACK-2,https://cdn.shopify.com/s/files/1/0487/8834/0899/files/DR2250_BLACK_18085_front_1773416199.jpg,"Introducing an icon of timeless elegance: the Wrap Front Maxi Slip Dress With Waist Tie-Up in Black from Goddiva. This stunning dress effortlessly combines classic sophistication with modern allure, ensuring you make a statement with every step. Crafted with meticulous attention to detail, this dress features a flattering wrap front design that accentuates your curves while offering a comfortable and customizable fit. The timeless black hue exudes understated luxury, making it the perfect choice for any occasion, from cocktail parties to formal events. The maxi length adds drama and elegance to your look, while the waist tie-up detail allows you to cinch in your waist for a flattering silhouette. Whether you're attending a glamorous event or enjoying a night out with friends, this dress is sure to turn heads. Versatile and effortlessly chic, the Wrap Front Maxi Slip Dress With Waist Tie-Up in Black from Goddiva is a wardrobe essential that promises to elevate your look with its timeless charm and sophistication.",Dresses,110,Goddiva,24726,Women's Dresses & Skirts,198,https://images2.productserve.com/?w=200&h=200&bg=white&trim=5&t=letterbox&url=ssl%3Acdn.shopify.com%2Fs%2Ffiles%2F1%2F0487%2F8834%2F0899%2Ffiles%2FDR2250_BLACK_18085_front_1773416199.jpg&feedId=62769&k=9ae276b5a6d100c2d8c8ed1d419d4ff71939b0ff,USD,,"Over $120 - Free Delivery, Less than $120 - $12",https://goddiva.us/products/city-goddess-wrap-front-maxi-slip-dress-with-waist-tie-up-black,,,USD110,62769,City Goddess,1,,,,,,Womens,Dresses
https://www.awin1.com/pclick.php?p=42524838300&a=2771700&m=24726,City Goddess Wrap Front Maxi Slip Dress With Waist Tie-Up - Black,42524838300,DR2250C-BLACK-4,https://cdn.shopify.com/s/files/1/0487/8834/0899/files/DR2250_BLACK_18085_front_1773416199.jpg,"Introducing an icon of timeless elegance: the Wrap Front Maxi Slip Dress With Waist Tie-Up in Black from Goddiva. This stunning dress effortlessly combines classic sophistication with modern allure, ensuring you make a statement with every step. Crafted with meticulous attention to detail, this dress features a flattering wrap front design that accentuates your curves while offering a comfortable and customizable fit. The timeless black hue exudes understated luxury, making it the perfect choice for any occasion, from cocktail parties to formal events. The maxi length adds drama and elegance to your look, while the waist tie-up detail allows you to cinch in your waist for a flattering silhouette. Whether you're attending a glamorous event or enjoying a night out with friends, this dress is sure to turn heads. Versatile and effortlessly chic, the Wrap Front Maxi Slip Dress With Waist Tie-Up in Black from Goddiva is a wardrobe essential that promises to elevate your look with its timeless charm and sophistication.",Dresses,110,Goddiva,24726,Women's Dresses & Skirts,198,https://images2.productserve.com/?w=200&h=200&bg=white&trim=5&t=letterbox&url=ssl%3Acdn.shopify.com%2Fs%2Ffiles%2F1%2F0487%2F8834%2F0899%2Ffiles%2FDR2250_BLACK_18085_front_1773416199.jpg&feedId=62769&k=9ae276b5a6d100c2d8c8ed1d419d4ff71939b0ff,USD,,"Over $120 - Free Delivery, Less than $120 - $12",https://goddiva.us/products/city-goddess-wrap-front-maxi-slip-dress-with-waist-tie-up-black,,,USD110,62769,City Goddess,1,,,,,,Womens,Dresses
https://www.awin1.com/pclick.php?p=42524838301&a=2771700&m=24726,City Goddess Wrap Front Maxi Slip Dress With Waist Tie-Up - Olive Green,42524838301,DR2250C-OLIVE-2,https://cdn.shopify.com/s/files/1/0487/8834/0899/files/DR2250_OLIVE_18085_front_1773416231.jpg,"Introducing the epitome of understated elegance: the Wrap Front Maxi Slip Dress With Waist Tie-Up in Olive from Goddiva. This exquisite dress combines timeless sophistication with modern allure, creating a look that's both chic and versatile. Crafted with meticulous attention to detail, this dress features a flattering wrap front design that accentuates your curves while offering a comfortable and customizable fit. The soft olive hue adds a touch of understated luxury to your ensemble, making it the perfect choice for both casual and formal occasions. The maxi length adds drama and elegance to your look, while the waist tie-up detail allows you to cinch in your waist for a flattering silhouette. Whether you're attending a summer wedding or enjoying a romantic evening out, this dress is sure to make a statement. Effortlessly chic and endlessly versatile, the Wrap Front Maxi Slip Dress With Waist Tie-Up in Olive from Goddiva is a wardrobe essential that promises to elevate your look with its timeless charm and sophistication.",Dresses,110,Goddiva,24726,Women's Dresses & Skirts,198,https://images2.productserve.com/?w=200&h=200&bg=white&trim=5&t=letterbox&url=ssl%3Acdn.shopify.com%2Fs%2Ffiles%2F1%2F0487%2F8834%2F0899%2Ffiles%2FDR2250_OLIVE_18085_front_1773416231.jpg&feedId=62769&k=b87897d4959beb592f64d6121b99a601e62290f1,USD,,"Over $120 - Free Delivery, Less than $120 - $12",https://goddiva.us/products/city-goddess-wrap-front-maxi-slip-dress-with-waist-tie-up-olive,,,USD110,62769,City Goddess,1,,,,,,Womens,Dresses
https://www.awin1.com/pclick.php?p=42524838302&a=2771700&m=24726,City Goddess Wrap Front Maxi Slip Dress With Waist Tie-Up - Olive Green,42524838302,DR2250C-OLIVE-4,https://cdn.shopify.com/s/files/1/0487/8834/0899/files/DR2250_OLIVE_18085_front_1773416231.jpg,"Introducing the epitome of understated elegance: the Wrap Front Maxi Slip Dress With Waist Tie-Up in Olive from Goddiva. This exquisite dress combines timeless sophistication with modern allure, creating a look that's both chic and versatile. Crafted with meticulous attention to detail, this dress features a flattering wrap front design that accentuates your curves while offering a comfortable and customizable fit. The soft olive hue adds a touch of understated luxury to your ensemble, making it the perfect choice for both casual and formal occasions. The maxi length adds drama and elegance to your look, while the waist tie-up detail allows you to cinch in your waist for a flattering silhouette. Whether you're attending a summer wedding or enjoying a romantic evening out, this dress is sure to make a statement. Effortlessly chic and endlessly versatile, the Wrap Front Maxi Slip Dress With Waist Tie-Up in Olive from Goddiva is a wardrobe essential that promises to elevate your look with its timeless charm and sophistication.",Dresses,110,Goddiva,24726,Women's Dresses & Skirts,198,https://images2.productserve.com/?w=200&h=200&bg=white&trim=5&t=letterbox&url=ssl%3Acdn.shopify.com%2Fs%2Ffiles%2F1%2F0487%2F8834%2F0899%2Ffiles%2FDR2250_OLIVE_18085_front_1773416231.jpg&feedId=62769&k=b87897d4959beb592f64d6121b99a601e62290f1,USD,,"Over $120 - Free Delivery, Less than $120 - $12",https://goddiva.us/products/city-goddess-wrap-front-maxi-slip-dress-with-waist-tie-up-olive,,,USD110,62769,City Goddess,1,,,,,,Womens,Dresses
https://www.awin1.com/pclick.php?p=31350418039&a=2771700&m=24726,Goddiva Full Sleeve Sequin Evening Dress - Black,31350418039,DR3196-BLACK-10,https://cdn.shopify.com/s/files/1/0487/8834/0899/files/DR3196_BLACK_811_front_1754297709.jpg,"Get ready for the occasion party season in this long sleeve black evening dress. With its mesh sleeves, sequin waistband and sequin embroidery, you will be turning heads without breaking a sweat! This winter warmer is a classic Goddiva staple piece for your evening events. This full sleeve sequin evening dress is the perfect team member for wedding guests, prom, black-tie events and other formal occasions. This sparkling design is also a top tier choice for christmas gatherings and new years celebrations. With its ravishing elegant black color you cant go wrong with this sizzling number. The mesh body will flatter your curves and the sequins will add just the right amount of sparkle to your ensemble.",Dresses,116,Goddiva,24726,Women's Dresses & Skirts,198,https://images2.productserve.com/?w=200&h=200&bg=white&trim=5&t=letterbox&url=ssl%3Acdn.shopify.com%2Fs%2Ffiles%2F1%2F0487%2F8834%2F0899%2Ffiles%2FDR3196_BLACK_811_front_1754297709.jpg&feedId=62769&k=08e394cea67001a06ebc84c0255ff763176dcf33,USD,,"Over $120 - Free Delivery, Less than $120 - $12",https://goddiva.us/products/goddiva-full-sleeve-sequin-evening-dress-black,,,USD270,62769,Goddiva,1,,,,,,Womens,Dresses
https://www.awin1.com/pclick.php?p=31350418043&a=2771700&m=24726,Goddiva Full Sleeve Sequin Evening Dress - Black,31350418043,DR3196-BLACK-14,https://cdn.shopify.com/s/files/1/0487/8834/0899/files/DR3196_BLACK_811_front_1754297709.jpg,"Get ready for the occasion party season in this long sleeve black evening dress. With its mesh sleeves, sequin waistband and sequin embroidery, you will be turning heads without breaking a sweat! This winter warmer is a classic Goddiva staple piece for your evening events. This full sleeve sequin evening dress is the perfect team member for wedding guests, prom, black-tie events and other formal occasions. This sparkling design is also a top tier choice for christmas gatherings and new years celebrations. With its ravishing elegant black color you cant go wrong with this sizzling number. The mesh body will flatter your curves and the sequins will add just the right amount of sparkle to your ensemble.",Dresses,116,Goddiva,24726,Women's Dresses & Skirts,198,https://images2.productserve.com/?w=200&h=200&bg=white&trim=5&t=letterbox&url=ssl%3Acdn.shopify.com%2Fs%2Ffiles%2F1%2F0487%2F8834%2F0899%2Ffiles%2FDR3196_BLACK_811_front_1754297709.jpg&feedId=62769&k=08e394cea67001a06ebc84c0255ff763176dcf33,USD,,"Over $120 - Free Delivery, Less than $120 - $12",https://goddiva.us/products/goddiva-full-sleeve-sequin-evening-dress-black,,,USD270,62769,Goddiva,1,,,,,,Womens,Dresses
https://www.awin1.com/pclick.php?p=31350418037&a=2771700&m=24726,Goddiva Full Sleeve Sequin Evening Dress - Black,31350418037,DR3196-BLACK-8,https://cdn.shopify.com/s/files/1/0487/8834/0899/files/DR3196_BLACK_811_front_1754297709.jpg,"Get ready for the occasion party season in this long sleeve black evening dress. With its mesh sleeves, sequin waistband and sequin embroidery, you will be turning heads without breaking a sweat! This winter warmer is a classic Goddiva staple piece for your evening events. This full sleeve sequin evening dress is the perfect team member for wedding guests, prom, black-tie events and other formal occasions. This sparkling design is also a top tier choice for christmas gatherings and new years celebrations. With its ravishing elegant black color you cant go wrong with this sizzling number. The mesh body will flatter your curves and the sequins will add just the right amount of sparkle to your ensemble.",Dresses,116,Goddiva,24726,Women's Dresses & Skirts,198,https://images2.productserve.com/?w=200&h=200&bg=white&trim=5&t=letterbox&url=ssl%3Acdn.shopify.com%2Fs%2Ffiles%2F1%2F0487%2F8834%2F0899%2Ffiles%2FDR3196_BLACK_811_front_1754297709.jpg&feedId=62769&k=08e394cea67001a06ebc84c0255ff763176dcf33,USD,,"Over $120 - Free Delivery, Less than $120 - $12",https://goddiva.us/products/goddiva-full-sleeve-sequin-evening-dress-black,,,USD270,62769,Goddiva,1,,,,,,Womens,Dresses
https://www.awin1.com/pclick.php?p=31350418041&a=2771700&m=24726,Goddiva Full Sleeve Sequin Evening Dress - Black,31350418041,DR3196-BLACK-12,https://cdn.shopify.com/s/files/1/0487/8834/0899/files/DR3196_BLACK_811_front_1754297709.jpg,"Get ready for the occasion party season in this long sleeve black evening dress. With its mesh sleeves, sequin waistband and sequin embroidery, you will be turning heads without breaking a sweat! This winter warmer is a classic Goddiva staple piece for your evening events. This full sleeve sequin evening dress is the perfect team member for wedding guests, prom, black-tie events and other formal occasions. This sparkling design is also a top tier choice for christmas gatherings and new years celebrations. With its ravishing elegant black color you cant go wrong with this sizzling number. The mesh body will flatter your curves and the sequins will add just the right amount of sparkle to your ensemble.",Dresses,116,Goddiva,24726,Women's Dresses & Skirts,198,https://images2.productserve.com/?w=200&h=200&bg=white&trim=5&t=letterbox&url=ssl%3Acdn.shopify.com%2Fs%2Ffiles%2F1%2F0487%2F8834%2F0899%2Ffiles%2FDR3196_BLACK_811_front_1754297709.jpg&feedId=62769&k=08e394cea67001a06ebc84c0255ff763176dcf33,USD,,"Over $120 - Free Delivery, Less than $120 - $12",https://goddiva.us/products/goddiva-full-sleeve-sequin-evening-dress-black,,,USD270,62769,Goddiva,1,,,,,,Womens,Dresses
https://www.awin1.com/pclick.php?p=34075255567&a=2771700&m=24726,Goddiva Wrap Style Spaghetti Strap Maxi With Split - Blush,34075255567,DR3137A-BLUSH-8,https://cdn.shopify.com/s/files/1/0487/8834/0899/files/DR3137_BLUSHPINK_630_front_1763480973.jpg,"Got an occasion and struggling to find something to wear? Well look no further, Goddiva has got you covered yet again with this wrap style spaghetti strap maxi with split to see you through any occasion. This simple yet breath-taking long blush sleeveless evening gown is the perfect fit for prom, bridesmaids and other formal occasions. With its flattering wrap style and front split, this dress is classy with a hint of sexiness. Teamed with its gorgeous sparkle effect, this long sparkling pink number is perfect for the occasion season. This sexy style will carry you from occasion to occasion, from season to season with such ease.",Dresses,116,Goddiva,24726,Women's Dresses & Skirts,198,https://images2.productserve.com/?w=200&h=200&bg=white&trim=5&t=letterbox&url=ssl%3Acdn.shopify.com%2Fs%2Ffiles%2F1%2F0487%2F8834%2F0899%2Ffiles%2FDR3137_BLUSHPINK_630_front_1763480973.jpg&feedId=62769&k=bcf49880205e8bb34a5452c8c1c44907c852fbd0,USD,,"Over $120 - Free Delivery, Less than $120 - $12",https://goddiva.us/products/goddiva-wrap-style-spaghetti-strap-maxi-with-split-blush-1,,,USD116,62769,Goddiva,1,,,,,,Womens,Dresses
https://www.awin1.com/pclick.php?p=34075255569&a=2771700&m=24726,Goddiva Wrap Style Spaghetti Strap Maxi With Split - Blush,34075255569,DR3137A-BLUSH-10,https://cdn.shopify.com/s/files/1/0487/8834/0899/files/DR3137_BLUSHPINK_630_front_1763480973.jpg,"Got an occasion and struggling to find something to wear? Well look no further, Goddiva has got you covered yet again with this wrap style spaghetti strap maxi with split to see you through any occasion. This simple yet breath-taking long blush sleeveless evening gown is the perfect fit for prom, bridesmaids and other formal occasions. With its flattering wrap style and front split, this dress is classy with a hint of sexiness. Teamed with its gorgeous sparkle effect, this long sparkling pink number is perfect for the occasion season. This sexy style will carry you from occasion to occasion, from season to season with such ease.",Dresses,116,Goddiva,24726,Women's Dresses & Skirts,198,https://images2.productserve.com/?w=200&h=200&bg=white&trim=5&t=letterbox&url=ssl%3Acdn.shopify.com%2Fs%2Ffiles%2F1%2F0487%2F8834%2F0899%2Ffiles%2FDR3137_BLUSHPINK_630_front_1763480973.jpg&feedId=62769&k=bcf49880205e8bb34a5452c8c1c44907c852fbd0,USD,,"Over $120 - Free Delivery, Less than $120 - $12",https://goddiva.us/products/goddiva-wrap-style-spaghetti-strap-maxi-with-split-blush-1,,,USD116,62769,Goddiva,1,,,,,,Womens,Dresses
https://www.awin1.com/pclick.php?p=34075255571&a=2771700&m=24726,Goddiva Wrap Style Spaghetti Strap Maxi With Split - Blush,34075255571,DR3137A-BLUSH-12,https://cdn.shopify.com/s/files/1/0487/8834/0899/files/DR3137_BLUSHPINK_630_front_1763480973.jpg,"Got an occasion and struggling to find something to wear? Well look no further, Goddiva has got you covered yet again with this wrap style spaghetti strap maxi with split to see you through any occasion. This simple yet breath-taking long blush sleeveless evening gown is the perfect fit for prom, bridesmaids and other formal occasions. With its flattering wrap style and front split, this dress is classy with a hint of sexiness. Teamed with its gorgeous sparkle effect, this long sparkling pink number is perfect for the occasion season. This sexy style will carry you from occasion to occasion, from season to season with such ease.",Dresses,116,Goddiva,24726,Women's Dresses & Skirts,198,https://images2.productserve.com/?w=200&h=200&bg=white&trim=5&t=letterbox&url=ssl%3Acdn.shopify.com%2Fs%2Ffiles%2F1%2F0487%2F8834%2F0899%2Ffiles%2FDR3137_BLUSHPINK_630_front_1763480973.jpg&feedId=62769&k=bcf49880205e8bb34a5452c8c1c44907c852fbd0,USD,,"Over $120 - Free Delivery, Less than $120 - $12",https://goddiva.us/products/goddiva-wrap-style-spaghetti-strap-maxi-with-split-blush-1,,,USD116,62769,Goddiva,1,,,,,,Womens,Dresses
https://www.awin1.com/pclick.php?p=34368908515&a=2771700&m=24726,Goddiva Geo Sequin Long Sleeve Maxi Dress - Black,34368908515,DR3495-BLACK-12,https://cdn.shopify.com/s/files/1/0487/8834/0899/files/DR3495_BLACK_2079_front_1763477838.jpg,"Featuring sheer long sleeves with a plunging V-neckline and an open back, this maxi dress with geometric sequins is sure to be the perfect way to spark up your look.  The sequins are intricately woven into a beautiful design that make the dress shimmer and shine under the lights. This long sleeve black maxi dress is a must-have in your wardrobe this season. Featuring an iridescent sequin pattern, plunging V-neckline and sheer long sleeves, it's perfect for those black tie occasions or when you want to make a statement. Step out in style for every occasion this season with this delicious black number. Style yours with heels and clutch bag for a glamorous look that will leave everyone spellbound.",Dresses,105,Goddiva,24726,Women's Dresses & Skirts,198,https://images2.productserve.com/?w=200&h=200&bg=white&trim=5&t=letterbox&url=ssl%3Acdn.shopify.com%2Fs%2Ffiles%2F1%2F0487%2F8834%2F0899%2Ffiles%2FDR3495_BLACK_2079_front_1763477838.jpg&feedId=62769&k=e159fa820003e80dae0ebade306f11cf8307fb01,USD,,"Over $120 - Free Delivery, Less than $120 - $12",https://goddiva.us/products/goddiva-geo-sequin-long-sleeve-maxi-dress-black,,,USD210,62769,Goddiva,1,,,,,,Womens,Dresses
https://www.awin1.com/pclick.php?p=34368908511&a=2771700&m=24726,Goddiva Geo Sequin Long Sleeve Maxi Dress - Black,34368908511,DR3495-BLACK-8,https://cdn.shopify.com/s/files/1/0487/8834/0899/files/DR3495_BLACK_2079_front_1763477838.jpg,"Featuring sheer long sleeves with a plunging V-neckline and an open back, this maxi dress with geometric sequins is sure to be the perfect way to spark up your look.  The sequins are intricately woven into a beautiful design that make the dress shimmer and shine under the lights. This long sleeve black maxi dress is a must-have in your wardrobe this season. Featuring an iridescent sequin pattern, plunging V-neckline and sheer long sleeves, it's perfect for those black tie occasions or when you want to make a statement. Step out in style for every occasion this season with this delicious black number. Style yours with heels and clutch bag for a glamorous look that will leave everyone spellbound.",Dresses,105,Goddiva,24726,Women's Dresses & Skirts,198,https://images2.productserve.com/?w=200&h=200&bg=white&trim=5&t=letterbox&url=ssl%3Acdn.shopify.com%2Fs%2Ffiles%2F1%2F0487%2F8834%2F0899%2Ffiles%2FDR3495_BLACK_2079_front_1763477838.jpg&feedId=62769&k=e159fa820003e80dae0ebade306f11cf8307fb01,USD,,"Over $120 - Free Delivery, Less than $120 - $12",https://goddiva.us/products/goddiva-geo-sequin-long-sleeve-maxi-dress-black,,,USD210,62769,Goddiva,1,,,,,,Womens,Dresses
https://www.awin1.com/pclick.php?p=34368908531&a=2771700&m=24726,Goddiva Geo Sequin Long Sleeve Maxi Dress - Purple,34368908531,DR3495-PURPLE-8,https://cdn.shopify.com/s/files/1/0487/8834/0899/files/DR3495_PURPLE_2054_front_1763477805.jpg,"Featuring sheer long sleeves with a plunging V-neckline and an open back, this maxi dress with geometric sequins is sure to be the perfect way to spark up your look.  The sequins are intricately woven into a beautiful design that make the dress shimmer and shine under the lights. This long sleeve purple maxi dress is a must-have in your wardrobe this season. Featuring an iridescent sequin pattern, plunging V-neckline and sheer long sleeves, it's perfect for those black tie occasions or when you want to make a statement. Step out in style for every occasion this season with this delicious aubergine number. Style yours with heels and clutch bag for a glamorous look that will leave everyone spellbound.",Dresses,105,Goddiva,24726,Women's Dresses & Skirts,198,https://images2.productserve.com/?w=200&h=200&bg=white&trim=5&t=letterbox&url=ssl%3Acdn.shopify.com%2Fs%2Ffiles%2F1%2F0487%2F8834%2F0899%2Ffiles%2FDR3495_PURPLE_2054_front_1763477805.jpg&feedId=62769&k=41b62527d345c80957fdeb2c0c45236287eb96fc,USD,,"Over $120 - Free Delivery, Less than $120 - $12",https://goddiva.us/products/goddiva-geo-sequin-long-sleeve-maxi-dress-purple,,,USD210,62769,Goddiva,1,,,,,,Womens,Dresses
https://www.awin1.com/pclick.php?p=34368908533&a=2771700&m=24726,Goddiva Geo Sequin Long Sleeve Maxi Dress - Purple,34368908533,DR3495-PURPLE-10,https://cdn.shopify.com/s/files/1/0487/8834/0899/files/DR3495_PURPLE_2054_front_1763477805.jpg,"Featuring sheer long sleeves with a plunging V-neckline and an open back, this maxi dress with geometric sequins is sure to be the perfect way to spark up your look.  The sequins are intricately woven into a beautiful design that make the dress shimmer and shine under the lights. This long sleeve purple maxi dress is a must-have in your wardrobe this season. Featuring an iridescent sequin pattern, plunging V-neckline and sheer long sleeves, it's perfect for those black tie occasions or when you want to make a statement. Step out in style for every occasion this season with this delicious aubergine number. Style yours with heels and clutch bag for a glamorous look that will leave everyone spellbound.",Dresses,105,Goddiva,24726,Women's Dresses & Skirts,198,https://images2.productserve.com/?w=200&h=200&bg=white&trim=5&t=letterbox&url=ssl%3Acdn.shopify.com%2Fs%2Ffiles%2F1%2F0487%2F8834%2F0899%2Ffiles%2FDR3495_PURPLE_2054_front_1763477805.jpg&feedId=62769&k=41b62527d345c80957fdeb2c0c45236287eb96fc,USD,,"Over $120 - Free Delivery, Less than $120 - $12",https://goddiva.us/products/goddiva-geo-sequin-long-sleeve-maxi-dress-purple,,,USD210,62769,Goddiva,1,,,,,,Womens,Dresses
https://www.awin1.com/pclick.php?p=34368908521&a=2771700&m=24726,Goddiva Geo Sequin Long Sleeve Maxi Dress - Emerald,34368908521,DR3495-EMERALD-8,https://cdn.shopify.com/s/files/1/0487/8834/0899/files/DR3495_EMERALD_2113_front_1763477937.jpg,"Featuring sheer long sleeves with a plunging V-neckline and an open back, this maxi dress with geometric sequins is sure to be the perfect way to spark up your look.  The sequins are intricately woven into a beautiful design that make the dress shimmer and shine under the lights. This long sleeve emerald maxi dress is a must-have in your wardrobe this season. Featuring an iridescent sequin pattern, plunging V-neckline and sheer long sleeves, it's perfect for those black tie occasions or when you want to make a statement. Step out in style for every occasion this season with this delicious dark green number. Style yours with heels and clutch bag for a glamorous look that will leave everyone spellbound.",Dresses,105,Goddiva,24726,Women's Dresses & Skirts,198,https://images2.productserve.com/?w=200&h=200&bg=white&trim=5&t=letterbox&url=ssl%3Acdn.shopify.com%2Fs%2Ffiles%2F1%2F0487%2F8834%2F0899%2Ffiles%2FDR3495_EMERALD_2113_front_1763477937.jpg&feedId=62769&k=0168e9bc59dcf6d733035ac8061c7fd85cda9493,USD,,"Over $120 - Free Delivery, Less than $120 - $12",https://goddiva.us/products/goddiva-geo-sequin-long-sleeve-maxi-dress-emerald,,,USD210,62769,Goddiva,1,,,,,,Womens,Dresses
https://www.awin1.com/pclick.php?p=34368908513&a=2771700&m=24726,Goddiva Geo Sequin Long Sleeve Maxi Dress - Black,34368908513,DR3495-BLACK-10,https://cdn.shopify.com/s/files/1/0487/8834/0899/files/DR3495_BLACK_2079_front_1763477838.jpg,"Featuring sheer long sleeves with a plunging V-neckline and an open back, this maxi dress with geometric sequins is sure to be the perfect way to spark up your look.  The sequins are intricately woven into a beautiful design that make the dress shimmer and shine under the lights. This long sleeve black maxi dress is a must-have in your wardrobe this season. Featuring an iridescent sequin pattern, plunging V-neckline and sheer long sleeves, it's perfect for those black tie occasions or when you want to make a statement. Step out in style for every occasion this season with this delicious black number. Style yours with heels and clutch bag for a glamorous look that will leave everyone spellbound.",Dresses,105,Goddiva,24726,Women's Dresses & Skirts,198,https://images2.productserve.com/?w=200&h=200&bg=white&trim=5&t=letterbox&url=ssl%3Acdn.shopify.com%2Fs%2Ffiles%2F1%2F0487%2F8834%2F0899%2Ffiles%2FDR3495_BLACK_2079_front_1763477838.jpg&feedId=62769&k=e159fa820003e80dae0ebade306f11cf8307fb01,USD,,"Over $120 - Free Delivery, Less than $120 - $12",https://goddiva.us/products/goddiva-geo-sequin-long-sleeve-maxi-dress-black,,,USD210,62769,Goddiva,1,,,,,,Womens,Dresses
https://www.awin1.com/pclick.php?p=34368908541&a=2771700&m=24726,Goddiva Geo Sequin Long Sleeve Maxi Dress - Wine,34368908541,DR3495-WINE-8,https://cdn.shopify.com/s/files/1/0487/8834/0899/files/DR3495_WINE_2025_front_1763477883.jpg,"Featuring sheer long sleeves with a plunging V-neckline and an open back, this maxi dress with geometric sequins is sure to be the perfect way to spark up your look.  The sequins are intricately woven into a beautiful design that make the dress shimmer and shine under the lights. This long sleeve wine maxi dress is a must-have in your wardrobe this season. Featuring an iridescent sequin pattern, plunging V-neckline and sheer long sleeves, it's perfect for those black tie occasions or when you want to make a statement. Step out in style for every occasion this season with this delicious dark red number. Style yours with heels and clutch bag for a glamorous look that will leave everyone spellbound.",Dresses,105,Goddiva,24726,Women's Dresses & Skirts,198,https://images2.productserve.com/?w=200&h=200&bg=white&trim=5&t=letterbox&url=ssl%3Acdn.shopify.com%2Fs%2Ffiles%2F1%2F0487%2F8834%2F0899%2Ffiles%2FDR3495_WINE_2025_front_1763477883.jpg&feedId=62769&k=7db3752f74a6fb19219b734421fcff3d99e75b04,USD,,"Over $120 - Free Delivery, Less than $120 - $12",https://goddiva.us/products/goddiva-geo-sequin-long-sleeve-maxi-dress-wine,,,USD210,62769,Goddiva,1,,,,,,Womens,Dresses
https://www.awin1.com/pclick.php?p=34368908523&a=2771700&m=24726,Goddiva Geo Sequin Long Sleeve Maxi Dress - Emerald,34368908523,DR3495-EMERALD-10,https://cdn.shopify.com/s/files/1/0487/8834/0899/files/DR3495_EMERALD_2113_front_1763477937.jpg,"Featuring sheer long sleeves with a plunging V-neckline and an open back, this maxi dress with geometric sequins is sure to be the perfect way to spark up your look.  The sequins are intricately woven into a beautiful design that make the dress shimmer and shine under the lights. This long sleeve emerald maxi dress is a must-have in your wardrobe this season. Featuring an iridescent sequin pattern, plunging V-neckline and sheer long sleeves, it's perfect for those black tie occasions or when you want to make a statement. Step out in style for every occasion this season with this delicious dark green number. Style yours with heels and clutch bag for a glamorous look that will leave everyone spellbound.",Dresses,105,Goddiva,24726,Women's Dresses & Skirts,198,https://images2.productserve.com/?w=200&h=200&bg=white&trim=5&t=letterbox&url=ssl%3Acdn.shopify.com%2Fs%2Ffiles%2F1%2F0487%2F8834%2F0899%2Ffiles%2FDR3495_EMERALD_2113_front_1763477937.jpg&feedId=62769&k=0168e9bc59dcf6d733035ac8061c7fd85cda9493,USD,,"Over $120 - Free Delivery, Less than $120 - $12",https://goddiva.us/products/goddiva-geo-sequin-long-sleeve-maxi-dress-emerald,,,USD210,62769,Goddiva,1,,,,,,Womens,Dresses
https://www.awin1.com/pclick.php?p=34368908543&a=2771700&m=24726,Goddiva Geo Sequin Long Sleeve Maxi Dress - Wine,34368908543,DR3495-WINE-10,https://cdn.shopify.com/s/files/1/0487/8834/0899/files/DR3495_WINE_2025_front_1763477883.jpg,"Featuring sheer long sleeves with a plunging V-neckline and an open back, this maxi dress with geometric sequins is sure to be the perfect way to spark up your look.  The sequins are intricately woven into a beautiful design that make the dress shimmer and shine under the lights. This long sleeve wine maxi dress is a must-have in your wardrobe this season. Featuring an iridescent sequin pattern, plunging V-neckline and sheer long sleeves, it's perfect for those black tie occasions or when you want to make a statement. Step out in style for every occasion this season with this delicious dark red number. Style yours with heels and clutch bag for a glamorous look that will leave everyone spellbound.",Dresses,105,Goddiva,24726,Women's Dresses & Skirts,198,https://images2.productserve.com/?w=200&h=200&bg=white&trim=5&t=letterbox&url=ssl%3Acdn.shopify.com%2Fs%2Ffiles%2F1%2F0487%2F8834%2F0899%2Ffiles%2FDR3495_WINE_2025_front_1763477883.jpg&feedId=62769&k=7db3752f74a6fb19219b734421fcff3d99e75b04,USD,,"Over $120 - Free Delivery, Less than $120 - $12",https://goddiva.us/products/goddiva-geo-sequin-long-sleeve-maxi-dress-wine,,,USD210,62769,Goddiva,1,,,,,,Womens,Dresses
https://www.awin1.com/pclick.php?p=34368908535&a=2771700&m=24726,Goddiva Geo Sequin Long Sleeve Maxi Dress - Purple,34368908535,DR3495-PURPLE-12,https://cdn.shopify.com/s/files/1/0487/8834/0899/files/DR3495_PURPLE_2054_front_1763477805.jpg,"Featuring sheer long sleeves with a plunging V-neckline and an open back, this maxi dress with geometric sequins is sure to be the perfect way to spark up your look.  The sequins are intricately woven into a beautiful design that make the dress shimmer and shine under the lights. This long sleeve purple maxi dress is a must-have in your wardrobe this season. Featuring an iridescent sequin pattern, plunging V-neckline and sheer long sleeves, it's perfect for those black tie occasions or when you want to make a statement. Step out in style for every occasion this season with this delicious aubergine number. Style yours with heels and clutch bag for a glamorous look that will leave everyone spellbound.",Dresses,105,Goddiva,24726,Women's Dresses & Skirts,198,https://images2.productserve.com/?w=200&h=200&bg=white&trim=5&t=letterbox&url=ssl%3Acdn.shopify.com%2Fs%2Ffiles%2F1%2F0487%2F8834%2F0899%2Ffiles%2FDR3495_PURPLE_2054_front_1763477805.jpg&feedId=62769&k=41b62527d345c80957fdeb2c0c45236287eb96fc,USD,,"Over $120 - Free Delivery, Less than $120 - $12",https://goddiva.us/products/goddiva-geo-sequin-long-sleeve-maxi-dress-purple,,,USD210,62769,Goddiva,1,,,,,,Womens,Dresses
https://www.awin1.com/pclick.php?p=34368908545&a=2771700&m=24726,Goddiva Geo Sequin Long Sleeve Maxi Dress - Wine,34368908545,DR3495-WINE-12,https://cdn.shopify.com/s/files/1/0487/8834/0899/files/DR3495_WINE_2025_front_1763477883.jpg,"Featuring sheer long sleeves with a plunging V-neckline and an open back, this maxi dress with geometric sequins is sure to be the perfect way to spark up your look.  The sequins are intricately woven into a beautiful design that make the dress shimmer and shine under the lights. This long sleeve wine maxi dress is a must-have in your wardrobe this season. Featuring an iridescent sequin pattern, plunging V-neckline and sheer long sleeves, it's perfect for those black tie occasions or when you want to make a statement. Step out in style for every occasion this season with this delicious dark red number. Style yours with heels and clutch bag for a glamorous look that will leave everyone spellbound.",Dresses,105,Goddiva,24726,Women's Dresses & Skirts,198,https://images2.productserve.com/?w=200&h=200&bg=white&trim=5&t=letterbox&url=ssl%3Acdn.shopify.com%2Fs%2Ffiles%2F1%2F0487%2F8834%2F0899%2Ffiles%2FDR3495_WINE_2025_front_1763477883.jpg&feedId=62769&k=7db3752f74a6fb19219b734421fcff3d99e75b04,USD,,"Over $120 - Free Delivery, Less than $120 - $12",https://goddiva.us/products/goddiva-geo-sequin-long-sleeve-maxi-dress-wine,,,USD210,62769,Goddiva,1,,,,,,Womens,Dresses
https://www.awin1.com/pclick.php?p=34368908525&a=2771700&m=24726,Goddiva Geo Sequin Long Sleeve Maxi Dress - Emerald,34368908525,DR3495-EMERALD-12,https://cdn.shopify.com/s/files/1/0487/8834/0899/files/DR3495_EMERALD_2113_front_1763477937.jpg,"Featuring sheer long sleeves with a plunging V-neckline and an open back, this maxi dress with geometric sequins is sure to be the perfect way to spark up your look.  The sequins are intricately woven into a beautiful design that make the dress shimmer and shine under the lights. This long sleeve emerald maxi dress is a must-have in your wardrobe this season. Featuring an iridescent sequin pattern, plunging V-neckline and sheer long sleeves, it's perfect for those black tie occasions or when you want to make a statement. Step out in style for every occasion this season with this delicious dark green number. Style yours with heels and clutch bag for a glamorous look that will leave everyone spellbound.",Dresses,105,Goddiva,24726,Women's Dresses & Skirts,198,https://images2.productserve.com/?w=200&h=200&bg=white&trim=5&t=letterbox&url=ssl%3Acdn.shopify.com%2Fs%2Ffiles%2F1%2F0487%2F8834%2F0899%2Ffiles%2FDR3495_EMERALD_2113_front_1763477937.jpg&feedId=62769&k=0168e9bc59dcf6d733035ac8061c7fd85cda9493,USD,,"Over $120 - Free Delivery, Less than $120 - $12",https://goddiva.us/products/goddiva-geo-sequin-long-sleeve-maxi-dress-emerald,,,USD210,62769,Goddiva,1,,,,,,Womens,Dresses
https://www.awin1.com/pclick.php?p=34671132703&a=2771700&m=24726,Goddiva One Shoulder Asymmetric Midi Dress - Emerald Green,34671132703,DR3702-EMERALD-10,https://cdn.shopify.com/s/files/1/0487/8834/0899/files/DR3702_EMERALD_18130_front_1773417318.jpg,"Goddiva's One Shoulder Asymmetric Midi is a sexy and stylish dress that has been designed to turn heads. This remarkable emerald piece will be sure to grab the attention you deserve at any special occasion, whether it is a night out, date night, wedding guest, or birthday celebration. With its one shoulder style teamed with an asymmetrical neckline and hem, this sparkly green celebratory number is your perfect pick for the season! This stunning one shoulder dress features an asymmetric cut that is flattering for all body types, making it an absolute showstopper! Pair it with your favourite heels and accessories to make the look complete.",Dresses,116,Goddiva,24726,Women's Dresses & Skirts,198,https://images2.productserve.com/?w=200&h=200&bg=white&trim=5&t=letterbox&url=ssl%3Acdn.shopify.com%2Fs%2Ffiles%2F1%2F0487%2F8834%2F0899%2Ffiles%2FDR3702_EMERALD_18130_front_1773417318.jpg&feedId=62769&k=ad7803344643bdea992b431645178763ea3e25c4,USD,,"Over $120 - Free Delivery, Less than $120 - $12",https://goddiva.us/products/goddiva-one-shoulder-asymmetric-midi-dress-emerald-green,,,USD116,62769,Goddiva,1,,,,,,Womens,Dresses
https://www.awin1.com/pclick.php?p=34671132707&a=2771700&m=24726,Goddiva One Shoulder Asymmetric Midi Dress - Emerald Green,34671132707,DR3702-EMERALD-14,https://cdn.shopify.com/s/files/1/0487/8834/0899/files/DR3702_EMERALD_18130_front_1773417318.jpg,"Goddiva's One Shoulder Asymmetric Midi is a sexy and stylish dress that has been designed to turn heads. This remarkable emerald piece will be sure to grab the attention you deserve at any special occasion, whether it is a night out, date night, wedding guest, or birthday celebration. With its one shoulder style teamed with an asymmetrical neckline and hem, this sparkly green celebratory number is your perfect pick for the season! This stunning one shoulder dress features an asymmetric cut that is flattering for all body types, making it an absolute showstopper! Pair it with your favourite heels and accessories to make the look complete.",Dresses,116,Goddiva,24726,Women's Dresses & Skirts,198,https://images2.productserve.com/?w=200&h=200&bg=white&trim=5&t=letterbox&url=ssl%3Acdn.shopify.com%2Fs%2Ffiles%2F1%2F0487%2F8834%2F0899%2Ffiles%2FDR3702_EMERALD_18130_front_1773417318.jpg&feedId=62769&k=ad7803344643bdea992b431645178763ea3e25c4,USD,,"Over $120 - Free Delivery, Less than $120 - $12",https://goddiva.us/products/goddiva-one-shoulder-asymmetric-midi-dress-emerald-green,,,USD116,62769,Goddiva,1,,,,,,Womens,Dresses
https://www.awin1.com/pclick.php?p=34671132701&a=2771700&m=24726,Goddiva One Shoulder Asymmetric Midi Dress - Emerald Green,34671132701,DR3702-EMERALD-8,https://cdn.shopify.com/s/files/1/0487/8834/0899/files/DR3702_EMERALD_18130_front_1773417318.jpg,"Goddiva's One Shoulder Asymmetric Midi is a sexy and stylish dress that has been designed to turn heads. This remarkable emerald piece will be sure to grab the attention you deserve at any special occasion, whether it is a night out, date night, wedding guest, or birthday celebration. With its one shoulder style teamed with an asymmetrical neckline and hem, this sparkly green celebratory number is your perfect pick for the season! This stunning one shoulder dress features an asymmetric cut that is flattering for all body types, making it an absolute showstopper! Pair it with your favourite heels and accessories to make the look complete.",Dresses,116,Goddiva,24726,Women's Dresses & Skirts,198,https://images2.productserve.com/?w=200&h=200&bg=white&trim=5&t=letterbox&url=ssl%3Acdn.shopify.com%2Fs%2Ffiles%2F1%2F0487%2F8834%2F0899%2Ffiles%2FDR3702_EMERALD_18130_front_1773417318.jpg&feedId=62769&k=ad7803344643bdea992b431645178763ea3e25c4,USD,,"Over $120 - Free Delivery, Less than $120 - $12",https://goddiva.us/products/goddiva-one-shoulder-asymmetric-midi-dress-emerald-green,,,USD116,62769,Goddiva,1,,,,,,Womens,Dresses
https://www.awin1.com/pclick.php?p=34671132705&a=2771700&m=24726,Goddiva One Shoulder Asymmetric Midi Dress - Emerald Green,34671132705,DR3702-EMERALD-12,https://cdn.shopify.com/s/files/1/0487/8834/0899/files/DR3702_EMERALD_18130_front_1773417318.jpg,"Goddiva's One Shoulder Asymmetric Midi is a sexy and stylish dress that has been designed to turn heads. This remarkable emerald piece will be sure to grab the attention you deserve at any special occasion, whether it is a night out, date night, wedding guest, or birthday celebration. With its one shoulder style teamed with an asymmetrical neckline and hem, this sparkly green celebratory number is your perfect pick for the season! This stunning one shoulder dress features an asymmetric cut that is flattering for all body types, making it an absolute showstopper! Pair it with your favourite heels and accessories to make the look complete.",Dresses,116,Goddiva,24726,Women's Dresses & Skirts,198,https://images2.productserve.com/?w=200&h=200&bg=white&trim=5&t=letterbox&url=ssl%3Acdn.shopify.com%2Fs%2Ffiles%2F1%2F0487%2F8834%2F0899%2Ffiles%2FDR3702_EMERALD_18130_front_1773417318.jpg&feedId=62769&k=ad7803344643bdea992b431645178763ea3e25c4,USD,,"Over $120 - Free Delivery, Less than $120 - $12",https://goddiva.us/products/goddiva-one-shoulder-asymmetric-midi-dress-emerald-green,,,USD116,62769,Goddiva,1,,,,,,Womens,Dresses
https://www.awin1.com/pclick.php?p=33948212865&a=2771700&m=24726,Goddiva Sequin Cowl Neck Midi Dress - Navy,33948212865,DR3321-NAVY-8,https://cdn.shopify.com/s/files/1/0487/8834/0899/files/DR3321A_NAVY_1422_front_1757331155.jpg,"Party season is here and you know what that means, It's time for a new sequin dress! This unreal sequin cowl neck midi dress by Goddiva will be your bestie this cocktail season. In its classic navy color, this date night worthy number is ticking all boxes. This jaw-dropping number is doing bits this season. This versatile style is designed to be worn on the shoulder, off the shoulder or off the shoulder, making it the only dress you need this season. A hands down winner for date nights, wedding guest, cocktails with friends, Christmas gatherings and even NYE celebrations, this dress will serve you the way you need to be served, having all eyes on you. With its never failing navy color, this short evening dress is made to be worn all year round for any occasion.",Dresses,170,Goddiva,24726,Women's Dresses & Skirts,198,https://images2.productserve.com/?w=200&h=200&bg=white&trim=5&t=letterbox&url=ssl%3Acdn.shopify.com%2Fs%2Ffiles%2F1%2F0487%2F8834%2F0899%2Ffiles%2FDR3321A_NAVY_1422_front_1757331155.jpg&feedId=62769&k=8194458dad5afd7b632ffe619e7ff10b05cea981,USD,,"Over $120 - Free Delivery, Less than $120 - $12",https://goddiva.us/products/goddiva-sequin-cowl-neck-midi-dress-navy,,,USD170,62769,Goddiva,1,,,,,,Womens,Dresses
https://www.awin1.com/pclick.php?p=33948212867&a=2771700&m=24726,Goddiva Sequin Cowl Neck Midi Dress - Navy,33948212867,DR3321-NAVY-10,https://cdn.shopify.com/s/files/1/0487/8834/0899/files/DR3321A_NAVY_1422_front_1757331155.jpg,"Party season is here and you know what that means, It's time for a new sequin dress! This unreal sequin cowl neck midi dress by Goddiva will be your bestie this cocktail season. In its classic navy color, this date night worthy number is ticking all boxes. This jaw-dropping number is doing bits this season. This versatile style is designed to be worn on the shoulder, off the shoulder or off the shoulder, making it the only dress you need this season. A hands down winner for date nights, wedding guest, cocktails with friends, Christmas gatherings and even NYE celebrations, this dress will serve you the way you need to be served, having all eyes on you. With its never failing navy color, this short evening dress is made to be worn all year round for any occasion.",Dresses,170,Goddiva,24726,Women's Dresses & Skirts,198,https://images2.productserve.com/?w=200&h=200&bg=white&trim=5&t=letterbox&url=ssl%3Acdn.shopify.com%2Fs%2Ffiles%2F1%2F0487%2F8834%2F0899%2Ffiles%2FDR3321A_NAVY_1422_front_1757331155.jpg&feedId=62769&k=8194458dad5afd7b632ffe619e7ff10b05cea981,USD,,"Over $120 - Free Delivery, Less than $120 - $12",https://goddiva.us/products/goddiva-sequin-cowl-neck-midi-dress-navy,,,USD170,62769,Goddiva,1,,,,,,Womens,Dresses
https://www.awin1.com/pclick.php?p=33948212869&a=2771700&m=24726,Goddiva Sequin Cowl Neck Midi Dress - Navy,33948212869,DR3321-NAVY-12,https://cdn.shopify.com/s/files/1/0487/8834/0899/files/DR3321A_NAVY_1422_front_1757331155.jpg,"Party season is here and you know what that means, It's time for a new sequin dress! This unreal sequin cowl neck midi dress by Goddiva will be your bestie this cocktail season. In its classic navy color, this date night worthy number is ticking all boxes. This jaw-dropping number is doing bits this season. This versatile style is designed to be worn on the shoulder, off the shoulder or off the shoulder, making it the only dress you need this season. A hands down winner for date nights, wedding guest, cocktails with friends, Christmas gatherings and even NYE celebrations, this dress will serve you the way you need to be served, having all eyes on you. With its never failing navy color, this short evening dress is made to be worn all year round for any occasion.",Dresses,170,Goddiva,24726,Women's Dresses & Skirts,198,https://images2.productserve.com/?w=200&h=200&bg=white&trim=5&t=letterbox&url=ssl%3Acdn.shopify.com%2Fs%2Ffiles%2F1%2F0487%2F8834%2F0899%2Ffiles%2FDR3321A_NAVY_1422_front_1757331155.jpg&feedId=62769&k=8194458dad5afd7b632ffe619e7ff10b05cea981,USD,,"Over $120 - Free Delivery, Less than $120 - $12",https://goddiva.us/products/goddiva-sequin-cowl-neck-midi-dress-navy,,,USD170,62769,Goddiva,1,,,,,,Womens,Dresses
https://www.awin1.com/pclick.php?p=35199357331&a=2771700&m=24726,Goddiva Bardot Sequin Embroidered Maxi Dress - Magenta,35199357331,DR1254A-MAGENTA-12,https://cdn.shopify.com/s/files/1/0487/8834/0899/files/DR1254A_MAGENTA_FRONT_1712759069.jpg,"Luxury meets affordability this season with this darling bardot sequin embroidered maxi dress by Goddiva. This luscious magenta evening dress is a charming little number. With its maxi length and bardot neckline, this sparky occasion piece is perfect for upcoming events; whether it's as a wedding guest or a bridesmaid, this long figure-flattering evening dress will be sure to do the trick. Its sequin embroidery detailing and scalloped hem bring an art dcor vibe to such a classy and elegant gown. In its rich pink color, this sparkling sequin evening gown is a winning pick for prom, special birthdays, weddings and even for red carpet events. Not to mention, with this sensational bold pink color, this dress is versatile from season to season, so youll always be occasion ready, no matter the event!",Maxi,130,Goddiva,24726,Women's Dresses & Skirts,198,https://images2.productserve.com/?w=200&h=200&bg=white&trim=5&t=letterbox&url=ssl%3Acdn.shopify.com%2Fs%2Ffiles%2F1%2F0487%2F8834%2F0899%2Ffiles%2FDR1254A_MAGENTA_FRONT_1712759069.jpg&feedId=62769&k=8627ad36e6a91b65943fb090c1a12570de1a4e3b,USD,,"Over $120 - Free Delivery, Less than $120 - $12",https://goddiva.us/products/goddiva-bardot-sequin-embroidered-maxi-dress-magenta,,,USD190,62769,Goddiva,1,,,,,,Womens,Dresses
https://www.awin1.com/pclick.php?p=35199357329&a=2771700&m=24726,Goddiva Bardot Sequin Embroidered Maxi Dress - Magenta,35199357329,DR1254A-MAGENTA-10,https://cdn.shopify.com/s/files/1/0487/8834/0899/files/DR1254A_MAGENTA_FRONT_1712759069.jpg,"Luxury meets affordability this season with this darling bardot sequin embroidered maxi dress by Goddiva. This luscious magenta evening dress is a charming little number. With its maxi length and bardot neckline, this sparky occasion piece is perfect for upcoming events; whether it's as a wedding guest or a bridesmaid, this long figure-flattering evening dress will be sure to do the trick. Its sequin embroidery detailing and scalloped hem bring an art dcor vibe to such a classy and elegant gown. In its rich pink color, this sparkling sequin evening gown is a winning pick for prom, special birthdays, weddings and even for red carpet events. Not to mention, with this sensational bold pink color, this dress is versatile from season to season, so youll always be occasion ready, no matter the event!",Maxi,130,Goddiva,24726,Women's Dresses & Skirts,198,https://images2.productserve.com/?w=200&h=200&bg=white&trim=5&t=letterbox&url=ssl%3Acdn.shopify.com%2Fs%2Ffiles%2F1%2F0487%2F8834%2F0899%2Ffiles%2FDR1254A_MAGENTA_FRONT_1712759069.jpg&feedId=62769&k=8627ad36e6a91b65943fb090c1a12570de1a4e3b,USD,,"Over $120 - Free Delivery, Less than $120 - $12",https://goddiva.us/products/goddiva-bardot-sequin-embroidered-maxi-dress-magenta,,,USD190,62769,Goddiva,1,,,,,,Womens,Dresses
https://www.awin1.com/pclick.php?p=35199357327&a=2771700&m=24726,Goddiva Bardot Sequin Embroidered Maxi Dress - Magenta,35199357327,DR1254A-MAGENTA-8,https://cdn.shopify.com/s/files/1/0487/8834/0899/files/DR1254A_MAGENTA_FRONT_1712759069.jpg,"Luxury meets affordability this season with this darling bardot sequin embroidered maxi dress by Goddiva. This luscious magenta evening dress is a charming little number. With its maxi length and bardot neckline, this sparky occasion piece is perfect for upcoming events; whether it's as a wedding guest or a bridesmaid, this long figure-flattering evening dress will be sure to do the trick. Its sequin embroidery detailing and scalloped hem bring an art dcor vibe to such a classy and elegant gown. In its rich pink color, this sparkling sequin evening gown is a winning pick for prom, special birthdays, weddings and even for red carpet events. Not to mention, with this sensational bold pink color, this dress is versatile from season to season, so youll always be occasion ready, no matter the event!",Maxi,130,Goddiva,24726,Women's Dresses & Skirts,198,https://images2.productserve.com/?w=200&h=200&bg=white&trim=5&t=letterbox&url=ssl%3Acdn.shopify.com%2Fs%2Ffiles%2F1%2F0487%2F8834%2F0899%2Ffiles%2FDR1254A_MAGENTA_FRONT_1712759069.jpg&feedId=62769&k=8627ad36e6a91b65943fb090c1a12570de1a4e3b,USD,,"Over $120 - Free Delivery, Less than $120 - $12",https://goddiva.us/products/goddiva-bardot-sequin-embroidered-maxi-dress-magenta,,,USD190,62769,Goddiva,1,,,,,,Womens,Dresses
https://www.awin1.com/pclick.php?p=35199357333&a=2771700&m=24726,Goddiva Bardot Sequin Embroidered Maxi Dress - Magenta,35199357333,DR1254A-MAGENTA-14,https://cdn.shopify.com/s/files/1/0487/8834/0899/files/DR1254A_MAGENTA_FRONT_1712759069.jpg,"Luxury meets affordability this season with this darling bardot sequin embroidered maxi dress by Goddiva. This luscious magenta evening dress is a charming little number. With its maxi length and bardot neckline, this sparky occasion piece is perfect for upcoming events; whether it's as a wedding guest or a bridesmaid, this long figure-flattering evening dress will be sure to do the trick. Its sequin embroidery detailing and scalloped hem bring an art dcor vibe to such a classy and elegant gown. In its rich pink color, this sparkling sequin evening gown is a winning pick for prom, special birthdays, weddings and even for red carpet events. Not to mention, with this sensational bold pink color, this dress is versatile from season to season, so youll always be occasion ready, no matter the event!",Maxi,130,Goddiva,24726,Women's Dresses & Skirts,198,https://images2.productserve.com/?w=200&h=200&bg=white&trim=5&t=letterbox&url=ssl%3Acdn.shopify.com%2Fs%2Ffiles%2F1%2F0487%2F8834%2F0899%2Ffiles%2FDR1254A_MAGENTA_FRONT_1712759069.jpg&feedId=62769&k=8627ad36e6a91b65943fb090c1a12570de1a4e3b,USD,,"Over $120 - Free Delivery, Less than $120 - $12",https://goddiva.us/products/goddiva-bardot-sequin-embroidered-maxi-dress-magenta,,,USD190,62769,Goddiva,1,,,,,,Womens,Dresses
https://www.awin1.com/pclick.php?p=35726192685&a=2771700&m=24726,Goddiva Cowl Bardot Satin Twill Maxi Dress - Navy,35726192685,DR4010-NAVY-12,https://cdn.shopify.com/s/files/1/0487/8834/0899/files/DR4010_NAVY_1775_front_1757334806.jpg,"Our navy cowl bardot satin twill maxi dress is the perfect choice for an elegant evening occasion or a glamorous bridesmaid look. The off-the-shoulder design and flowing maxi length combine to create a sophisticated and flattering silhouette that is sure to turn heads. Made from luxurious satin twill with a subtle sheen, this blue silky dress exudes effortless elegance and style. Whether you're attending a black-tie event or a formal wedding, our cowl bardot satin twill maxi dress is the perfect choice for any special occasion.",Dresses,150,Goddiva,24726,Women's Dresses & Skirts,198,https://images2.productserve.com/?w=200&h=200&bg=white&trim=5&t=letterbox&url=ssl%3Acdn.shopify.com%2Fs%2Ffiles%2F1%2F0487%2F8834%2F0899%2Ffiles%2FDR4010_NAVY_1775_front_1757334806.jpg&feedId=62769&k=34b34cf2feed1352f129bfc40ba75c78156c52a2,USD,,"Over $120 - Free Delivery, Less than $120 - $12",https://goddiva.us/products/goddiva-cowl-bardot-satin-twill-maxi-dress-navy,,,USD150,62769,Goddiva,1,,,,,,Womens,Dresses
https://www.awin1.com/pclick.php?p=35726192684&a=2771700&m=24726,Goddiva Cowl Bardot Satin Twill Maxi Dress - Navy,35726192684,DR4010-NAVY-10,https://cdn.shopify.com/s/files/1/0487/8834/0899/files/DR4010_NAVY_1775_front_1757334806.jpg,"Our navy cowl bardot satin twill maxi dress is the perfect choice for an elegant evening occasion or a glamorous bridesmaid look. The off-the-shoulder design and flowing maxi length combine to create a sophisticated and flattering silhouette that is sure to turn heads. Made from luxurious satin twill with a subtle sheen, this blue silky dress exudes effortless elegance and style. Whether you're attending a black-tie event or a formal wedding, our cowl bardot satin twill maxi dress is the perfect choice for any special occasion.",Dresses,150,Goddiva,24726,Women's Dresses & Skirts,198,https://images2.productserve.com/?w=200&h=200&bg=white&trim=5&t=letterbox&url=ssl%3Acdn.shopify.com%2Fs%2Ffiles%2F1%2F0487%2F8834%2F0899%2Ffiles%2FDR4010_NAVY_1775_front_1757334806.jpg&feedId=62769&k=34b34cf2feed1352f129bfc40ba75c78156c52a2,USD,,"Over $120 - Free Delivery, Less than $120 - $12",https://goddiva.us/products/goddiva-cowl-bardot-satin-twill-maxi-dress-navy,,,USD150,62769,Goddiva,1,,,,,,Womens,Dresses
https://www.awin1.com/pclick.php?p=35726192690&a=2771700&m=24726,Goddiva Cowl Bardot Satin Twill Maxi Dress - Red,35726192690,DR4010-RED-12,https://cdn.shopify.com/s/files/1/0487/8834/0899/files/DR4010_RED_1734_front_1757334929.jpg,"Our red cowl bardot satin twill maxi dress is the perfect choice for an elegant evening occasion or a glamorous bridesmaid look. The off-the-shoulder design and flowing maxi length combine to create a sophisticated and flattering silhouette that is sure to turn heads. Made from luxurious satin twill with a subtle sheen, this red silky dress exudes effortless elegance and style. Whether you're attending a black-tie event or a formal wedding, our cowl bardot satin twill maxi dress is the perfect choice for any special occasion.",Dresses,150,Goddiva,24726,Women's Dresses & Skirts,198,https://images2.productserve.com/?w=200&h=200&bg=white&trim=5&t=letterbox&url=ssl%3Acdn.shopify.com%2Fs%2Ffiles%2F1%2F0487%2F8834%2F0899%2Ffiles%2FDR4010_RED_1734_front_1757334929.jpg&feedId=62769&k=34c407c96ed2976906d29c3804baab214f606a1a,USD,,"Over $120 - Free Delivery, Less than $120 - $12",https://goddiva.us/products/goddiva-cowl-bardot-satin-twill-maxi-dress-red,,,USD150,62769,Goddiva,1,,,,,,Womens,Dresses
https://www.awin1.com/pclick.php?p=35726192683&a=2771700&m=24726,Goddiva Cowl Bardot Satin Twill Maxi Dress - Navy,35726192683,DR4010-NAVY-8,https://cdn.shopify.com/s/files/1/0487/8834/0899/files/DR4010_NAVY_1775_front_1757334806.jpg,"Our navy cowl bardot satin twill maxi dress is the perfect choice for an elegant evening occasion or a glamorous bridesmaid look. The off-the-shoulder design and flowing maxi length combine to create a sophisticated and flattering silhouette that is sure to turn heads. Made from luxurious satin twill with a subtle sheen, this blue silky dress exudes effortless elegance and style. Whether you're attending a black-tie event or a formal wedding, our cowl bardot satin twill maxi dress is the perfect choice for any special occasion.",Dresses,150,Goddiva,24726,Women's Dresses & Skirts,198,https://images2.productserve.com/?w=200&h=200&bg=white&trim=5&t=letterbox&url=ssl%3Acdn.shopify.com%2Fs%2Ffiles%2F1%2F0487%2F8834%2F0899%2Ffiles%2FDR4010_NAVY_1775_front_1757334806.jpg&feedId=62769&k=34b34cf2feed1352f129bfc40ba75c78156c52a2,USD,,"Over $120 - Free Delivery, Less than $120 - $12",https://goddiva.us/products/goddiva-cowl-bardot-satin-twill-maxi-dress-navy,,,USD150,62769,Goddiva,1,,,,,,Womens,Dresses
https://www.awin1.com/pclick.php?p=35726192688&a=2771700&m=24726,Goddiva Cowl Bardot Satin Twill Maxi Dress - Red,35726192688,DR4010-RED-8,https://cdn.shopify.com/s/files/1/0487/8834/0899/files/DR4010_RED_1734_front_1757334929.jpg,"Our red cowl bardot satin twill maxi dress is the perfect choice for an elegant evening occasion or a glamorous bridesmaid look. The off-the-shoulder design and flowing maxi length combine to create a sophisticated and flattering silhouette that is sure to turn heads. Made from luxurious satin twill with a subtle sheen, this red silky dress exudes effortless elegance and style. Whether you're attending a black-tie event or a formal wedding, our cowl bardot satin twill maxi dress is the perfect choice for any special occasion.",Dresses,150,Goddiva,24726,Women's Dresses & Skirts,198,https://images2.productserve.com/?w=200&h=200&bg=white&trim=5&t=letterbox&url=ssl%3Acdn.shopify.com%2Fs%2Ffiles%2F1%2F0487%2F8834%2F0899%2Ffiles%2FDR4010_RED_1734_front_1757334929.jpg&feedId=62769&k=34c407c96ed2976906d29c3804baab214f606a1a,USD,,"Over $120 - Free Delivery, Less than $120 - $12",https://goddiva.us/products/goddiva-cowl-bardot-satin-twill-maxi-dress-red,,,USD150,62769,Goddiva,1,,,,,,Womens,Dresses
https://www.awin1.com/pclick.php?p=35726192689&a=2771700&m=24726,Goddiva Cowl Bardot Satin Twill Maxi Dress - Red,35726192689,DR4010-RED-10,https://cdn.shopify.com/s/files/1/0487/8834/0899/files/DR4010_RED_1734_front_1757334929.jpg,"Our red cowl bardot satin twill maxi dress is the perfect choice for an elegant evening occasion or a glamorous bridesmaid look. The off-the-shoulder design and flowing maxi length combine to create a sophisticated and flattering silhouette that is sure to turn heads. Made from luxurious satin twill with a subtle sheen, this red silky dress exudes effortless elegance and style. Whether you're attending a black-tie event or a formal wedding, our cowl bardot satin twill maxi dress is the perfect choice for any special occasion.",Dresses,150,Goddiva,24726,Women's Dresses & Skirts,198,https://images2.productserve.com/?w=200&h=200&bg=white&trim=5&t=letterbox&url=ssl%3Acdn.shopify.com%2Fs%2Ffiles%2F1%2F0487%2F8834%2F0899%2Ffiles%2FDR4010_RED_1734_front_1757334929.jpg&feedId=62769&k=34c407c96ed2976906d29c3804baab214f606a1a,USD,,"Over $120 - Free Delivery, Less than $120 - $12",https://goddiva.us/products/goddiva-cowl-bardot-satin-twill-maxi-dress-red,,,USD150,62769,Goddiva,1,,,,,,Womens,Dresses
https://www.awin1.com/pclick.php?p=35807827711&a=2771700&m=24726,Goddiva Bardot Sequin Pleated Maxi Dress - Wine,35807827711,DR3643A-WINE-12,https://cdn.shopify.com/s/files/1/0487/8834/0899/files/DR3643_WINE_337_front_1763479270.jpg,"This Goddiva Bardot Sequin Pleated Maxi Dress is a show-stopping piece great for any special occasion. The beautiful sequin finish creates an elegant and glamorous look as they shine on the dress with each movement, while the off-the-shoulder neckline, front thigh slit and pleated hem add just enough drama to make this a unique choice for your party or event. This gorgeous wine maxi dress is not just for the red carpet! You'll want to wear this show-stopping gown everywhere, whether you're heading to a wedding, prom, or any special event; this sparkling wine dress from Goddiva will make you feel glamorous. Style it with strappy sandals for an elegant look.",Dresses,156,Goddiva,24726,Women's Dresses & Skirts,198,https://images2.productserve.com/?w=200&h=200&bg=white&trim=5&t=letterbox&url=ssl%3Acdn.shopify.com%2Fs%2Ffiles%2F1%2F0487%2F8834%2F0899%2Ffiles%2FDR3643_WINE_337_front_1763479270.jpg&feedId=62769&k=67db9b5106a288fce5bac335704942d814cef2ae,USD,,"Over $120 - Free Delivery, Less than $120 - $12",https://goddiva.us/products/goddiva-bardot-sequin-pleated-maxi-dress-wine,,,USD290,62769,Goddiva,1,,,,,,Womens,Dresses
https://www.awin1.com/pclick.php?p=35807827710&a=2771700&m=24726,Goddiva Bardot Sequin Pleated Maxi Dress - Wine,35807827710,DR3643A-WINE-10,https://cdn.shopify.com/s/files/1/0487/8834/0899/files/DR3643_WINE_337_front_1763479270.jpg,"This Goddiva Bardot Sequin Pleated Maxi Dress is a show-stopping piece great for any special occasion. The beautiful sequin finish creates an elegant and glamorous look as they shine on the dress with each movement, while the off-the-shoulder neckline, front thigh slit and pleated hem add just enough drama to make this a unique choice for your party or event. This gorgeous wine maxi dress is not just for the red carpet! You'll want to wear this show-stopping gown everywhere, whether you're heading to a wedding, prom, or any special event; this sparkling wine dress from Goddiva will make you feel glamorous. Style it with strappy sandals for an elegant look.",Dresses,156,Goddiva,24726,Women's Dresses & Skirts,198,https://images2.productserve.com/?w=200&h=200&bg=white&trim=5&t=letterbox&url=ssl%3Acdn.shopify.com%2Fs%2Ffiles%2F1%2F0487%2F8834%2F0899%2Ffiles%2FDR3643_WINE_337_front_1763479270.jpg&feedId=62769&k=67db9b5106a288fce5bac335704942d814cef2ae,USD,,"Over $120 - Free Delivery, Less than $120 - $12",https://goddiva.us/products/goddiva-bardot-sequin-pleated-maxi-dress-wine,,,USD290,62769,Goddiva,1,,,,,,Womens,Dresses
https://www.awin1.com/pclick.php?p=35807827712&a=2771700&m=24726,Goddiva Bardot Sequin Pleated Maxi Dress - Wine,35807827712,DR3643A-WINE-14,https://cdn.shopify.com/s/files/1/0487/8834/0899/files/DR3643_WINE_337_front_1763479270.jpg,"This Goddiva Bardot Sequin Pleated Maxi Dress is a show-stopping piece great for any special occasion. The beautiful sequin finish creates an elegant and glamorous look as they shine on the dress with each movement, while the off-the-shoulder neckline, front thigh slit and pleated hem add just enough drama to make this a unique choice for your party or event. This gorgeous wine maxi dress is not just for the red carpet! You'll want to wear this show-stopping gown everywhere, whether you're heading to a wedding, prom, or any special event; this sparkling wine dress from Goddiva will make you feel glamorous. Style it with strappy sandals for an elegant look.",Dresses,156,Goddiva,24726,Women's Dresses & Skirts,198,https://images2.productserve.com/?w=200&h=200&bg=white&trim=5&t=letterbox&url=ssl%3Acdn.shopify.com%2Fs%2Ffiles%2F1%2F0487%2F8834%2F0899%2Ffiles%2FDR3643_WINE_337_front_1763479270.jpg&feedId=62769&k=67db9b5106a288fce5bac335704942d814cef2ae,USD,,"Over $120 - Free Delivery, Less than $120 - $12",https://goddiva.us/products/goddiva-bardot-sequin-pleated-maxi-dress-wine,,,USD290,62769,Goddiva,1,,,,,,Womens,Dresses
https://www.awin1.com/pclick.php?p=35807827709&a=2771700&m=24726,Goddiva Bardot Sequin Pleated Maxi Dress - Wine,35807827709,DR3643A-WINE-8,https://cdn.shopify.com/s/files/1/0487/8834/0899/files/DR3643_WINE_337_front_1763479270.jpg,"This Goddiva Bardot Sequin Pleated Maxi Dress is a show-stopping piece great for any special occasion. The beautiful sequin finish creates an elegant and glamorous look as they shine on the dress with each movement, while the off-the-shoulder neckline, front thigh slit and pleated hem add just enough drama to make this a unique choice for your party or event. This gorgeous wine maxi dress is not just for the red carpet! You'll want to wear this show-stopping gown everywhere, whether you're heading to a wedding, prom, or any special event; this sparkling wine dress from Goddiva will make you feel glamorous. Style it with strappy sandals for an elegant look.",Dresses,156,Goddiva,24726,Women's Dresses & Skirts,198,https://images2.productserve.com/?w=200&h=200&bg=white&trim=5&t=letterbox&url=ssl%3Acdn.shopify.com%2Fs%2Ffiles%2F1%2F0487%2F8834%2F0899%2Ffiles%2FDR3643_WINE_337_front_1763479270.jpg&feedId=62769&k=67db9b5106a288fce5bac335704942d814cef2ae,USD,,"Over $120 - Free Delivery, Less than $120 - $12",https://goddiva.us/products/goddiva-bardot-sequin-pleated-maxi-dress-wine,,,USD290,62769,Goddiva,1,,,,,,Womens,Dresses
https://www.awin1.com/pclick.php?p=33948210333&a=2771700&m=24726,Goddiva Long Sleeve Sequin Evening Maxi Dress - Black,33948210333,DR3016-BLACK-10,https://cdn.shopify.com/s/files/1/0487/8834/0899/files/DR3016_BLACK_FRONT2_1723120902.jpg,"Step into the party season with the most fabulous black Goddiva dress you will ever find. This stunning long sleeve sequin evening maxi dress is definitely one to add to the evening dress section of your wardrobe. Every girl loves a bit of sparkle in their life and this stunning long black occasion dress does just that. Its embroidered designed v-neckline, and showering of sparkling sequins gives this dress a huge thumbs up for this season's parties. In its classically vintage black color, this sequined occasion dress is the perfect pick for this season's event. A phenomenal choice for wedding guests, formal christmas parties and new years get togethers. This affordable evening party dress is figure flattering and oozes with elegance, an elegance you will find hard to find in another dress. This twist on a Goddiva classic is just what you need to brighten up your wardrobe.",Dresses,116,Goddiva,24726,Women's Dresses & Skirts,198,https://images2.productserve.com/?w=200&h=200&bg=white&trim=5&t=letterbox&url=ssl%3Acdn.shopify.com%2Fs%2Ffiles%2F1%2F0487%2F8834%2F0899%2Ffiles%2FDR3016_BLACK_FRONT2_1723120902.jpg&feedId=62769&k=1551f2a8a3c34d66ab3ed11e41d40ead38558c7e,USD,,"Over $120 - Free Delivery, Less than $120 - $12",https://goddiva.us/products/goddiva-long-sleeve-sequin-evening-maxi-dress-black,,,USD240,62769,Goddiva,1,,,,,,Womens,Dresses
https://www.awin1.com/pclick.php?p=33948210335&a=2771700&m=24726,Goddiva Long Sleeve Sequin Evening Maxi Dress - Black,33948210335,DR3016-BLACK-12,https://cdn.shopify.com/s/files/1/0487/8834/0899/files/DR3016_BLACK_FRONT2_1723120902.jpg,"Step into the party season with the most fabulous black Goddiva dress you will ever find. This stunning long sleeve sequin evening maxi dress is definitely one to add to the evening dress section of your wardrobe. Every girl loves a bit of sparkle in their life and this stunning long black occasion dress does just that. Its embroidered designed v-neckline, and showering of sparkling sequins gives this dress a huge thumbs up for this season's parties. In its classically vintage black color, this sequined occasion dress is the perfect pick for this season's event. A phenomenal choice for wedding guests, formal christmas parties and new years get togethers. This affordable evening party dress is figure flattering and oozes with elegance, an elegance you will find hard to find in another dress. This twist on a Goddiva classic is just what you need to brighten up your wardrobe.",Dresses,116,Goddiva,24726,Women's Dresses & Skirts,198,https://images2.productserve.com/?w=200&h=200&bg=white&trim=5&t=letterbox&url=ssl%3Acdn.shopify.com%2Fs%2Ffiles%2F1%2F0487%2F8834%2F0899%2Ffiles%2FDR3016_BLACK_FRONT2_1723120902.jpg&feedId=62769&k=1551f2a8a3c34d66ab3ed11e41d40ead38558c7e,USD,,"Over $120 - Free Delivery, Less than $120 - $12",https://goddiva.us/products/goddiva-long-sleeve-sequin-evening-maxi-dress-black,,,USD240,62769,Goddiva,1,,,,,,Womens,Dresses
https://www.awin1.com/pclick.php?p=33948210331&a=2771700&m=24726,Goddiva Long Sleeve Sequin Evening Maxi Dress - Black,33948210331,DR3016-BLACK-8,https://cdn.shopify.com/s/files/1/0487/8834/0899/files/DR3016_BLACK_FRONT2_1723120902.jpg,"Step into the party season with the most fabulous black Goddiva dress you will ever find. This stunning long sleeve sequin evening maxi dress is definitely one to add to the evening dress section of your wardrobe. Every girl loves a bit of sparkle in their life and this stunning long black occasion dress does just that. Its embroidered designed v-neckline, and showering of sparkling sequins gives this dress a huge thumbs up for this season's parties. In its classically vintage black color, this sequined occasion dress is the perfect pick for this season's event. A phenomenal choice for wedding guests, formal christmas parties and new years get togethers. This affordable evening party dress is figure flattering and oozes with elegance, an elegance you will find hard to find in another dress. This twist on a Goddiva classic is just what you need to brighten up your wardrobe.",Dresses,116,Goddiva,24726,Women's Dresses & Skirts,198,https://images2.productserve.com/?w=200&h=200&bg=white&trim=5&t=letterbox&url=ssl%3Acdn.shopify.com%2Fs%2Ffiles%2F1%2F0487%2F8834%2F0899%2Ffiles%2FDR3016_BLACK_FRONT2_1723120902.jpg&feedId=62769&k=1551f2a8a3c34d66ab3ed11e41d40ead38558c7e,USD,,"Over $120 - Free Delivery, Less than $120 - $12",https://goddiva.us/products/goddiva-long-sleeve-sequin-evening-maxi-dress-black,,,USD240,62769,Goddiva,1,,,,,,Womens,Dresses
https://www.awin1.com/pclick.php?p=35885978312&a=2771700&m=24726,Goddiva Bardot Pleated Skirt Maxi Dress - Navy,35885978312,DR3096A-NAVY-10,https://cdn.shopify.com/s/files/1/0487/8834/0899/files/DR3096A_NAVY_FRONT_1713169517.jpg,"This navy dress is a timeless classic. It has a flattering cut that flatters every figure and is the perfect go-to for your special day. Off the shoulder style, fitted waist, flowy skirt, shimmery finish - this maxi dress has it all! This long evening dress has a classic and chic look that will always be in style, perfect as a prom dress in the summer or for bridesmaids for a wedding in any season. Its bardot neckline and shimmery finish makes this style look like something out of a fairy tale. This dark blue floor length dress with off the shoulder sleeves will be perfect for a fun wedding, prom or black-tie event. Its shimmering lurex teamed with a satin waistband adds to its beauty and makes it comfortable enough to wear all night long. The pleated skirt has an A-line shape that skims over any body type. A perfect pick for spring weddings, summer occasions and evening winter black tie gala, this dress is perfectly well rounded for any occasion any season.",Dresses,130,Goddiva,24726,Women's Dresses & Skirts,198,https://images2.productserve.com/?w=200&h=200&bg=white&trim=5&t=letterbox&url=ssl%3Acdn.shopify.com%2Fs%2Ffiles%2F1%2F0487%2F8834%2F0899%2Ffiles%2FDR3096A_NAVY_FRONT_1713169517.jpg&feedId=62769&k=81b853565e670902bc462a06cf7aaea332e70e66,USD,,"Over $120 - Free Delivery, Less than $120 - $12",https://goddiva.us/products/goddiva-bardot-pleated-skirt-maxi-navy,,,USD250,62769,Goddiva,1,,,,,,Womens,Dresses
https://www.awin1.com/pclick.php?p=35885978313&a=2771700&m=24726,Goddiva Bardot Pleated Skirt Maxi Dress - Navy,35885978313,DR3096A-NAVY-12,https://cdn.shopify.com/s/files/1/0487/8834/0899/files/DR3096A_NAVY_FRONT_1713169517.jpg,"This navy dress is a timeless classic. It has a flattering cut that flatters every figure and is the perfect go-to for your special day. Off the shoulder style, fitted waist, flowy skirt, shimmery finish - this maxi dress has it all! This long evening dress has a classic and chic look that will always be in style, perfect as a prom dress in the summer or for bridesmaids for a wedding in any season. Its bardot neckline and shimmery finish makes this style look like something out of a fairy tale. This dark blue floor length dress with off the shoulder sleeves will be perfect for a fun wedding, prom or black-tie event. Its shimmering lurex teamed with a satin waistband adds to its beauty and makes it comfortable enough to wear all night long. The pleated skirt has an A-line shape that skims over any body type. A perfect pick for spring weddings, summer occasions and evening winter black tie gala, this dress is perfectly well rounded for any occasion any season.",Dresses,130,Goddiva,24726,Women's Dresses & Skirts,198,https://images2.productserve.com/?w=200&h=200&bg=white&trim=5&t=letterbox&url=ssl%3Acdn.shopify.com%2Fs%2Ffiles%2F1%2F0487%2F8834%2F0899%2Ffiles%2FDR3096A_NAVY_FRONT_1713169517.jpg&feedId=62769&k=81b853565e670902bc462a06cf7aaea332e70e66,USD,,"Over $120 - Free Delivery, Less than $120 - $12",https://goddiva.us/products/goddiva-bardot-pleated-skirt-maxi-navy,,,USD250,62769,Goddiva,1,,,,,,Womens,Dresses
https://www.awin1.com/pclick.php?p=35885978311&a=2771700&m=24726,Goddiva Bardot Pleated Skirt Maxi Dress - Navy,35885978311,DR3096A-NAVY-8,https://cdn.shopify.com/s/files/1/0487/8834/0899/files/DR3096A_NAVY_FRONT_1713169517.jpg,"This navy dress is a timeless classic. It has a flattering cut that flatters every figure and is the perfect go-to for your special day. Off the shoulder style, fitted waist, flowy skirt, shimmery finish - this maxi dress has it all! This long evening dress has a classic and chic look that will always be in style, perfect as a prom dress in the summer or for bridesmaids for a wedding in any season. Its bardot neckline and shimmery finish makes this style look like something out of a fairy tale. This dark blue floor length dress with off the shoulder sleeves will be perfect for a fun wedding, prom or black-tie event. Its shimmering lurex teamed with a satin waistband adds to its beauty and makes it comfortable enough to wear all night long. The pleated skirt has an A-line shape that skims over any body type. A perfect pick for spring weddings, summer occasions and evening winter black tie gala, this dress is perfectly well rounded for any occasion any season.",Dresses,130,Goddiva,24726,Women's Dresses & Skirts,198,https://images2.productserve.com/?w=200&h=200&bg=white&trim=5&t=letterbox&url=ssl%3Acdn.shopify.com%2Fs%2Ffiles%2F1%2F0487%2F8834%2F0899%2Ffiles%2FDR3096A_NAVY_FRONT_1713169517.jpg&feedId=62769&k=81b853565e670902bc462a06cf7aaea332e70e66,USD,,"Over $120 - Free Delivery, Less than $120 - $12",https://goddiva.us/products/goddiva-bardot-pleated-skirt-maxi-navy,,,USD250,62769,Goddiva,1,,,,,,Womens,Dresses
https://www.awin1.com/pclick.php?p=36010022588&a=2771700&m=24726,Goddiva Satin Flutter Sleeve Mermaid - Rosepink,36010022588,DR3954-ROSEPINK-8,https://cdn.shopify.com/s/files/1/0487/8834/0899/files/DR3954_ROSEPINK_678_front_1757334653.jpg,"The epitome of elegance and sophistication. Our stunning rose pink satin flutter sleeve mermaid maxi is designed with meticulous attention to detail, this exquisite dress is the perfect choice for any special occasion. Crafted from luxurious satin fabric, this pink maxi dress drapes gracefully, creating a mesmerising silhouette that will leave a lasting impression. The satin material adds a touch of lustrous beauty, making it a standout piece for evening events, weddings, and even as a stunning bridesmaid ensemble. The flutter sleeves add a whimsical and feminine touch, creating an ethereal aura as you move. The cut accentuates your curves, hugging your figure in all the right places and exuding an air of timeless glamour. Whether you're attending a black-tie affair or a lavish cocktail party, this rose pink satin flutter sleeve mermaid maxi is designed to make you feel like the belle of the ball. Its versatility allows you to accessorise and style it to match your personal taste and the event's theme.Step into the limelight with confidence and grace in this enchanting gown. Embrace the allure of satin, the elegance of a maxi length, and the feminine charm of flutter sleeves. Make a statement and create unforgettable memories with our Satin Flutter Sleeve Mermaid Maxi.",Dresses,116,Goddiva,24726,Women's Dresses & Skirts,198,https://images2.productserve.com/?w=200&h=200&bg=white&trim=5&t=letterbox&url=ssl%3Acdn.shopify.com%2Fs%2Ffiles%2F1%2F0487%2F8834%2F0899%2Ffiles%2FDR3954_ROSEPINK_678_front_1757334653.jpg&feedId=62769&k=17ff6fc6daec629f2acdcd51fb5d03b469766513,USD,,"Over $120 - Free Delivery, Less than $120 - $12",https://goddiva.us/products/goddiva-satin-flutter-sleeve-mermaid-rosepink,,,USD116,62769,Goddiva,1,,,,,,Womens,Dresses
https://www.awin1.com/pclick.php?p=36010022591&a=2771700&m=24726,Goddiva Satin Flutter Sleeve Mermaid - Rosepink,36010022591,DR3954-ROSEPINK-14,https://cdn.shopify.com/s/files/1/0487/8834/0899/files/DR3954_ROSEPINK_678_front_1757334653.jpg,"The epitome of elegance and sophistication. Our stunning rose pink satin flutter sleeve mermaid maxi is designed with meticulous attention to detail, this exquisite dress is the perfect choice for any special occasion. Crafted from luxurious satin fabric, this pink maxi dress drapes gracefully, creating a mesmerising silhouette that will leave a lasting impression. The satin material adds a touch of lustrous beauty, making it a standout piece for evening events, weddings, and even as a stunning bridesmaid ensemble. The flutter sleeves add a whimsical and feminine touch, creating an ethereal aura as you move. The cut accentuates your curves, hugging your figure in all the right places and exuding an air of timeless glamour. Whether you're attending a black-tie affair or a lavish cocktail party, this rose pink satin flutter sleeve mermaid maxi is designed to make you feel like the belle of the ball. Its versatility allows you to accessorise and style it to match your personal taste and the event's theme.Step into the limelight with confidence and grace in this enchanting gown. Embrace the allure of satin, the elegance of a maxi length, and the feminine charm of flutter sleeves. Make a statement and create unforgettable memories with our Satin Flutter Sleeve Mermaid Maxi.",Dresses,116,Goddiva,24726,Women's Dresses & Skirts,198,https://images2.productserve.com/?w=200&h=200&bg=white&trim=5&t=letterbox&url=ssl%3Acdn.shopify.com%2Fs%2Ffiles%2F1%2F0487%2F8834%2F0899%2Ffiles%2FDR3954_ROSEPINK_678_front_1757334653.jpg&feedId=62769&k=17ff6fc6daec629f2acdcd51fb5d03b469766513,USD,,"Over $120 - Free Delivery, Less than $120 - $12",https://goddiva.us/products/goddiva-satin-flutter-sleeve-mermaid-rosepink,,,USD116,62769,Goddiva,1,,,,,,Womens,Dresses
https://www.awin1.com/pclick.php?p=36010022618&a=2771700&m=24726,Goddiva Satin Viscose Front Split Maxi - Red,36010022618,DR3862-RED-8,https://cdn.shopify.com/s/files/1/0487/8834/0899/files/DR3862_red_front__1729683103.jpg,"Our exquisite Satin Viscose Front Split Maxi Dress, the epitome of elegance and sophistication. Crafted with meticulous attention to detail, this red dress is designed to make you feel like a true fashion icon. The dress features a mesmerising sweetheart neckline that beautifully enhances your dcolletage, exuding femininity and grace. The long sleeves with shirred cuffs add a touch of romance, while the delicate button detailing adds a subtle yet stylish element to the overall design. A perfect pick for bridesmaids, wedding guests and for formal occasions. Made from luxurious satin viscose material, this red dress boasts a sumptuous texture that glides smoothly against your skin, providing unmatched comfort throughout the day or evening. The lightweight and breathable fabric make it a perfect choice for any season. Emphasising its allure, the thigh front split adds a flirtatious touch, allowing for effortless movement and a hint of allure as you walk. Whether you're attending a formal event, a special occasion, or a sophisticated evening soiree, this red dress will ensure all eyes are on you. Elevate your style with our Satin Viscose Front Split Maxi Dress. Its timeless appeal and impeccable craftsmanship make it a must-have in your wardrobe. Embrace the essence of elegance and captivate hearts wherever you go.",Dresses,110,Goddiva,24726,Women's Dresses & Skirts,198,https://images2.productserve.com/?w=200&h=200&bg=white&trim=5&t=letterbox&url=ssl%3Acdn.shopify.com%2Fs%2Ffiles%2F1%2F0487%2F8834%2F0899%2Ffiles%2FDR3862_red_front__1729683103.jpg&feedId=62769&k=31a0ce5d5157d17f60f5046ff5888862f49c7606,USD,,"Over $120 - Free Delivery, Less than $120 - $12",https://goddiva.us/products/goddiva-satin-viscose-front-split-maxi-red,,,USD110,62769,Goddiva,1,,,,,,Womens,Dresses
https://www.awin1.com/pclick.php?p=36010022619&a=2771700&m=24726,Goddiva Satin Viscose Front Split Maxi - Red,36010022619,DR3862-RED-10,https://cdn.shopify.com/s/files/1/0487/8834/0899/files/DR3862_red_front__1729683103.jpg,"Our exquisite Satin Viscose Front Split Maxi Dress, the epitome of elegance and sophistication. Crafted with meticulous attention to detail, this red dress is designed to make you feel like a true fashion icon. The dress features a mesmerising sweetheart neckline that beautifully enhances your dcolletage, exuding femininity and grace. The long sleeves with shirred cuffs add a touch of romance, while the delicate button detailing adds a subtle yet stylish element to the overall design. A perfect pick for bridesmaids, wedding guests and for formal occasions. Made from luxurious satin viscose material, this red dress boasts a sumptuous texture that glides smoothly against your skin, providing unmatched comfort throughout the day or evening. The lightweight and breathable fabric make it a perfect choice for any season. Emphasising its allure, the thigh front split adds a flirtatious touch, allowing for effortless movement and a hint of allure as you walk. Whether you're attending a formal event, a special occasion, or a sophisticated evening soiree, this red dress will ensure all eyes are on you. Elevate your style with our Satin Viscose Front Split Maxi Dress. Its timeless appeal and impeccable craftsmanship make it a must-have in your wardrobe. Embrace the essence of elegance and captivate hearts wherever you go.",Dresses,110,Goddiva,24726,Women's Dresses & Skirts,198,https://images2.productserve.com/?w=200&h=200&bg=white&trim=5&t=letterbox&url=ssl%3Acdn.shopify.com%2Fs%2Ffiles%2F1%2F0487%2F8834%2F0899%2Ffiles%2FDR3862_red_front__1729683103.jpg&feedId=62769&k=31a0ce5d5157d17f60f5046ff5888862f49c7606,USD,,"Over $120 - Free Delivery, Less than $120 - $12",https://goddiva.us/products/goddiva-satin-viscose-front-split-maxi-red,,,USD110,62769,Goddiva,1,,,,,,Womens,Dresses
https://www.awin1.com/pclick.php?p=36010022621&a=2771700&m=24726,Goddiva Satin Viscose Front Split Maxi - Red,36010022621,DR3862-RED-14,https://cdn.shopify.com/s/files/1/0487/8834/0899/files/DR3862_red_front__1729683103.jpg,"Our exquisite Satin Viscose Front Split Maxi Dress, the epitome of elegance and sophistication. Crafted with meticulous attention to detail, this red dress is designed to make you feel like a true fashion icon. The dress features a mesmerising sweetheart neckline that beautifully enhances your dcolletage, exuding femininity and grace. The long sleeves with shirred cuffs add a touch of romance, while the delicate button detailing adds a subtle yet stylish element to the overall design. A perfect pick for bridesmaids, wedding guests and for formal occasions. Made from luxurious satin viscose material, this red dress boasts a sumptuous texture that glides smoothly against your skin, providing unmatched comfort throughout the day or evening. The lightweight and breathable fabric make it a perfect choice for any season. Emphasising its allure, the thigh front split adds a flirtatious touch, allowing for effortless movement and a hint of allure as you walk. Whether you're attending a formal event, a special occasion, or a sophisticated evening soiree, this red dress will ensure all eyes are on you. Elevate your style with our Satin Viscose Front Split Maxi Dress. Its timeless appeal and impeccable craftsmanship make it a must-have in your wardrobe. Embrace the essence of elegance and captivate hearts wherever you go.",Dresses,110,Goddiva,24726,Women's Dresses & Skirts,198,https://images2.productserve.com/?w=200&h=200&bg=white&trim=5&t=letterbox&url=ssl%3Acdn.shopify.com%2Fs%2Ffiles%2F1%2F0487%2F8834%2F0899%2Ffiles%2FDR3862_red_front__1729683103.jpg&feedId=62769&k=31a0ce5d5157d17f60f5046ff5888862f49c7606,USD,,"Over $120 - Free Delivery, Less than $120 - $12",https://goddiva.us/products/goddiva-satin-viscose-front-split-maxi-red,,,USD110,62769,Goddiva,1,,,,,,Womens,Dresses
https://www.awin1.com/pclick.php?p=36010022590&a=2771700&m=24726,Goddiva Satin Flutter Sleeve Mermaid - Rosepink,36010022590,DR3954-ROSEPINK-12,https://cdn.shopify.com/s/files/1/0487/8834/0899/files/DR3954_ROSEPINK_678_front_1757334653.jpg,"The epitome of elegance and sophistication. Our stunning rose pink satin flutter sleeve mermaid maxi is designed with meticulous attention to detail, this exquisite dress is the perfect choice for any special occasion. Crafted from luxurious satin fabric, this pink maxi dress drapes gracefully, creating a mesmerising silhouette that will leave a lasting impression. The satin material adds a touch of lustrous beauty, making it a standout piece for evening events, weddings, and even as a stunning bridesmaid ensemble. The flutter sleeves add a whimsical and feminine touch, creating an ethereal aura as you move. The cut accentuates your curves, hugging your figure in all the right places and exuding an air of timeless glamour. Whether you're attending a black-tie affair or a lavish cocktail party, this rose pink satin flutter sleeve mermaid maxi is designed to make you feel like the belle of the ball. Its versatility allows you to accessorise and style it to match your personal taste and the event's theme.Step into the limelight with confidence and grace in this enchanting gown. Embrace the allure of satin, the elegance of a maxi length, and the feminine charm of flutter sleeves. Make a statement and create unforgettable memories with our Satin Flutter Sleeve Mermaid Maxi.",Dresses,116,Goddiva,24726,Women's Dresses & Skirts,198,https://images2.productserve.com/?w=200&h=200&bg=white&trim=5&t=letterbox&url=ssl%3Acdn.shopify.com%2Fs%2Ffiles%2F1%2F0487%2F8834%2F0899%2Ffiles%2FDR3954_ROSEPINK_678_front_1757334653.jpg&feedId=62769&k=17ff6fc6daec629f2acdcd51fb5d03b469766513,USD,,"Over $120 - Free Delivery, Less than $120 - $12",https://goddiva.us/products/goddiva-satin-flutter-sleeve-mermaid-rosepink,,,USD116,62769,Goddiva,1,,,,,,Womens,Dresses
https://www.awin1.com/pclick.php?p=36010022620&a=2771700&m=24726,Goddiva Satin Viscose Front Split Maxi - Red,36010022620,DR3862-RED-12,https://cdn.shopify.com/s/files/1/0487/8834/0899/files/DR3862_red_front__1729683103.jpg,"Our exquisite Satin Viscose Front Split Maxi Dress, the epitome of elegance and sophistication. Crafted with meticulous attention to detail, this red dress is designed to make you feel like a true fashion icon. The dress features a mesmerising sweetheart neckline that beautifully enhances your dcolletage, exuding femininity and grace. The long sleeves with shirred cuffs add a touch of romance, while the delicate button detailing adds a subtle yet stylish element to the overall design. A perfect pick for bridesmaids, wedding guests and for formal occasions. Made from luxurious satin viscose material, this red dress boasts a sumptuous texture that glides smoothly against your skin, providing unmatched comfort throughout the day or evening. The lightweight and breathable fabric make it a perfect choice for any season. Emphasising its allure, the thigh front split adds a flirtatious touch, allowing for effortless movement and a hint of allure as you walk. Whether you're attending a formal event, a special occasion, or a sophisticated evening soiree, this red dress will ensure all eyes are on you. Elevate your style with our Satin Viscose Front Split Maxi Dress. Its timeless appeal and impeccable craftsmanship make it a must-have in your wardrobe. Embrace the essence of elegance and captivate hearts wherever you go.",Dresses,110,Goddiva,24726,Women's Dresses & Skirts,198,https://images2.productserve.com/?w=200&h=200&bg=white&trim=5&t=letterbox&url=ssl%3Acdn.shopify.com%2Fs%2Ffiles%2F1%2F0487%2F8834%2F0899%2Ffiles%2FDR3862_red_front__1729683103.jpg&feedId=62769&k=31a0ce5d5157d17f60f5046ff5888862f49c7606,USD,,"Over $120 - Free Delivery, Less than $120 - $12",https://goddiva.us/products/goddiva-satin-viscose-front-split-maxi-red,,,USD110,62769,Goddiva,1,,,,,,Womens,Dresses
https://www.awin1.com/pclick.php?p=36010022589&a=2771700&m=24726,Goddiva Satin Flutter Sleeve Mermaid - Rosepink,36010022589,DR3954-ROSEPINK-10,https://cdn.shopify.com/s/files/1/0487/8834/0899/files/DR3954_ROSEPINK_678_front_1757334653.jpg,"The epitome of elegance and sophistication. Our stunning rose pink satin flutter sleeve mermaid maxi is designed with meticulous attention to detail, this exquisite dress is the perfect choice for any special occasion. Crafted from luxurious satin fabric, this pink maxi dress drapes gracefully, creating a mesmerising silhouette that will leave a lasting impression. The satin material adds a touch of lustrous beauty, making it a standout piece for evening events, weddings, and even as a stunning bridesmaid ensemble. The flutter sleeves add a whimsical and feminine touch, creating an ethereal aura as you move. The cut accentuates your curves, hugging your figure in all the right places and exuding an air of timeless glamour. Whether you're attending a black-tie affair or a lavish cocktail party, this rose pink satin flutter sleeve mermaid maxi is designed to make you feel like the belle of the ball. Its versatility allows you to accessorise and style it to match your personal taste and the event's theme.Step into the limelight with confidence and grace in this enchanting gown. Embrace the allure of satin, the elegance of a maxi length, and the feminine charm of flutter sleeves. Make a statement and create unforgettable memories with our Satin Flutter Sleeve Mermaid Maxi.",Dresses,116,Goddiva,24726,Women's Dresses & Skirts,198,https://images2.productserve.com/?w=200&h=200&bg=white&trim=5&t=letterbox&url=ssl%3Acdn.shopify.com%2Fs%2Ffiles%2F1%2F0487%2F8834%2F0899%2Ffiles%2FDR3954_ROSEPINK_678_front_1757334653.jpg&feedId=62769&k=17ff6fc6daec629f2acdcd51fb5d03b469766513,USD,,"Over $120 - Free Delivery, Less than $120 - $12",https://goddiva.us/products/goddiva-satin-flutter-sleeve-mermaid-rosepink,,,USD116,62769,Goddiva,1,,,,,,Womens,Dresses
https://www.awin1.com/pclick.php?p=36085226380&a=2771700&m=24726,Goddiva Crossover Lurex Glitter Maxi Dress - Emerald,36085226380,DR1886-EMERALD-8,https://cdn.shopify.com/s/files/1/0487/8834/0899/files/DR1886_EMERALD_18372_front_1773415979.jpg,"Get your glam on with this delicious cross over lurex glitter maxi dress by Goddiva. This long emerald dress is the winning choice for bridesmaids, prom and every other special occasion you have coming up. Its wrap style v neckline and sleeveless detailing as well as its thigh split bring an irresistible feel to such a stunning dress. With its dark green sparkling color, this affordable maxi dress is magnificent. Its sparkling glitter effect brings something different to this classy little number. Its amazing stretchy fabric will have you never wanting to part from this flirtatious occasion dress. So, shimmer & shine your way through this season and bring out the inner Goddiva Girl in you.",Dresses,110,Goddiva,24726,Women's Dresses & Skirts,198,https://images2.productserve.com/?w=200&h=200&bg=white&trim=5&t=letterbox&url=ssl%3Acdn.shopify.com%2Fs%2Ffiles%2F1%2F0487%2F8834%2F0899%2Ffiles%2FDR1886_EMERALD_18372_front_1773415979.jpg&feedId=62769&k=3c9979ee5e2a18ace12f7ac49e0120aad7273034,USD,,"Over $120 - Free Delivery, Less than $120 - $12",https://goddiva.us/products/goddiva-crossover-lurex-glitter-maxi-dress-emerald,,,USD170,62769,Goddiva,1,,,,,,Womens,Dresses
https://www.awin1.com/pclick.php?p=36085226382&a=2771700&m=24726,Goddiva Crossover Lurex Glitter Maxi Dress - Emerald,36085226382,DR1886-EMERALD-12,https://cdn.shopify.com/s/files/1/0487/8834/0899/files/DR1886_EMERALD_18372_front_1773415979.jpg,"Get your glam on with this delicious cross over lurex glitter maxi dress by Goddiva. This long emerald dress is the winning choice for bridesmaids, prom and every other special occasion you have coming up. Its wrap style v neckline and sleeveless detailing as well as its thigh split bring an irresistible feel to such a stunning dress. With its dark green sparkling color, this affordable maxi dress is magnificent. Its sparkling glitter effect brings something different to this classy little number. Its amazing stretchy fabric will have you never wanting to part from this flirtatious occasion dress. So, shimmer & shine your way through this season and bring out the inner Goddiva Girl in you.",Dresses,110,Goddiva,24726,Women's Dresses & Skirts,198,https://images2.productserve.com/?w=200&h=200&bg=white&trim=5&t=letterbox&url=ssl%3Acdn.shopify.com%2Fs%2Ffiles%2F1%2F0487%2F8834%2F0899%2Ffiles%2FDR1886_EMERALD_18372_front_1773415979.jpg&feedId=62769&k=3c9979ee5e2a18ace12f7ac49e0120aad7273034,USD,,"Over $120 - Free Delivery, Less than $120 - $12",https://goddiva.us/products/goddiva-crossover-lurex-glitter-maxi-dress-emerald,,,USD170,62769,Goddiva,1,,,,,,Womens,Dresses
https://www.awin1.com/pclick.php?p=36085226381&a=2771700&m=24726,Goddiva Crossover Lurex Glitter Maxi Dress - Emerald,36085226381,DR1886-EMERALD-10,https://cdn.shopify.com/s/files/1/0487/8834/0899/files/DR1886_EMERALD_18372_front_1773415979.jpg,"Get your glam on with this delicious cross over lurex glitter maxi dress by Goddiva. This long emerald dress is the winning choice for bridesmaids, prom and every other special occasion you have coming up. Its wrap style v neckline and sleeveless detailing as well as its thigh split bring an irresistible feel to such a stunning dress. With its dark green sparkling color, this affordable maxi dress is magnificent. Its sparkling glitter effect brings something different to this classy little number. Its amazing stretchy fabric will have you never wanting to part from this flirtatious occasion dress. So, shimmer & shine your way through this season and bring out the inner Goddiva Girl in you.",Dresses,110,Goddiva,24726,Women's Dresses & Skirts,198,https://images2.productserve.com/?w=200&h=200&bg=white&trim=5&t=letterbox&url=ssl%3Acdn.shopify.com%2Fs%2Ffiles%2F1%2F0487%2F8834%2F0899%2Ffiles%2FDR1886_EMERALD_18372_front_1773415979.jpg&feedId=62769&k=3c9979ee5e2a18ace12f7ac49e0120aad7273034,USD,,"Over $120 - Free Delivery, Less than $120 - $12",https://goddiva.us/products/goddiva-crossover-lurex-glitter-maxi-dress-emerald,,,USD170,62769,Goddiva,1,,,,,,Womens,Dresses
https://www.awin1.com/pclick.php?p=36085226383&a=2771700&m=24726,Goddiva Crossover Lurex Glitter Maxi Dress - Emerald,36085226383,DR1886-EMERALD-14,https://cdn.shopify.com/s/files/1/0487/8834/0899/files/DR1886_EMERALD_18372_front_1773415979.jpg,"Get your glam on with this delicious cross over lurex glitter maxi dress by Goddiva. This long emerald dress is the winning choice for bridesmaids, prom and every other special occasion you have coming up. Its wrap style v neckline and sleeveless detailing as well as its thigh split bring an irresistible feel to such a stunning dress. With its dark green sparkling color, this affordable maxi dress is magnificent. Its sparkling glitter effect brings something different to this classy little number. Its amazing stretchy fabric will have you never wanting to part from this flirtatious occasion dress. So, shimmer & shine your way through this season and bring out the inner Goddiva Girl in you.",Dresses,110,Goddiva,24726,Women's Dresses & Skirts,198,https://images2.productserve.com/?w=200&h=200&bg=white&trim=5&t=letterbox&url=ssl%3Acdn.shopify.com%2Fs%2Ffiles%2F1%2F0487%2F8834%2F0899%2Ffiles%2FDR1886_EMERALD_18372_front_1773415979.jpg&feedId=62769&k=3c9979ee5e2a18ace12f7ac49e0120aad7273034,USD,,"Over $120 - Free Delivery, Less than $120 - $12",https://goddiva.us/products/goddiva-crossover-lurex-glitter-maxi-dress-emerald,,,USD170,62769,Goddiva,1,,,,,,Womens,Dresses
https://www.awin1.com/pclick.php?p=36085226379&a=2771700&m=24726,Goddiva Crossover Lurex Glitter Maxi Dress - Emerald,36085226379,DR1886-EMERALD-6,https://cdn.shopify.com/s/files/1/0487/8834/0899/files/DR1886_EMERALD_18372_front_1773415979.jpg,"Get your glam on with this delicious cross over lurex glitter maxi dress by Goddiva. This long emerald dress is the winning choice for bridesmaids, prom and every other special occasion you have coming up. Its wrap style v neckline and sleeveless detailing as well as its thigh split bring an irresistible feel to such a stunning dress. With its dark green sparkling color, this affordable maxi dress is magnificent. Its sparkling glitter effect brings something different to this classy little number. Its amazing stretchy fabric will have you never wanting to part from this flirtatious occasion dress. So, shimmer & shine your way through this season and bring out the inner Goddiva Girl in you.",Dresses,110,Goddiva,24726,Women's Dresses & Skirts,198,https://images2.productserve.com/?w=200&h=200&bg=white&trim=5&t=letterbox&url=ssl%3Acdn.shopify.com%2Fs%2Ffiles%2F1%2F0487%2F8834%2F0899%2Ffiles%2FDR1886_EMERALD_18372_front_1773415979.jpg&feedId=62769&k=3c9979ee5e2a18ace12f7ac49e0120aad7273034,USD,,"Over $120 - Free Delivery, Less than $120 - $12",https://goddiva.us/products/goddiva-crossover-lurex-glitter-maxi-dress-emerald,,,USD170,62769,Goddiva,1,,,,,,Womens,Dresses
https://www.awin1.com/pclick.php?p=36097020062&a=2771700&m=24726,Goddiva Front Wrap Off The Shoulder Maxi Dress - Wine,36097020062,DR2290P-WINE-18,https://cdn.shopify.com/s/files/1/0487/8834/0899/files/DR2290P_wine_front__1723645984.jpg,"Get the look this season in this phenomenal wine scuba crepe occasion maxi dress. This front wrap-off-the-shoulder evening dress is the perfect choice for upcoming formal events. This gorgeous dark wine maxi dress from the Goddiva Plus Size Collection has everything you could want from a dress. With its floor-length; mermaid hem skirt, off-the-shoulder design and wrap style v neckline, this wine evening dress is ticking all the boxes for your upcoming events. This dress is the perfect choice for bridesmaids, wedding guests, mother of the bride (and the groom) it is an all-round perfect dress.",Dresses,110,Goddiva,24726,Women's Dresses & Skirts,198,https://images2.productserve.com/?w=200&h=200&bg=white&trim=5&t=letterbox&url=ssl%3Acdn.shopify.com%2Fs%2Ffiles%2F1%2F0487%2F8834%2F0899%2Ffiles%2FDR2290P_wine_front__1723645984.jpg&feedId=62769&k=6212c065b99874ab796cb434af02360f8f839fb3,USD,,"Over $120 - Free Delivery, Less than $120 - $12",https://goddiva.us/products/goddiva-front-wrap-off-the-shoulder-maxi-dress-wine,,,USD150,62769,Goddiva,1,,,,,,Womens,Dresses
https://www.awin1.com/pclick.php?p=36097020061&a=2771700&m=24726,Goddiva Front Wrap Off The Shoulder Maxi Dress - Wine,36097020061,DR2290P-WINE-16,https://cdn.shopify.com/s/files/1/0487/8834/0899/files/DR2290P_wine_front__1723645984.jpg,"Get the look this season in this phenomenal wine scuba crepe occasion maxi dress. This front wrap-off-the-shoulder evening dress is the perfect choice for upcoming formal events. This gorgeous dark wine maxi dress from the Goddiva Plus Size Collection has everything you could want from a dress. With its floor-length; mermaid hem skirt, off-the-shoulder design and wrap style v neckline, this wine evening dress is ticking all the boxes for your upcoming events. This dress is the perfect choice for bridesmaids, wedding guests, mother of the bride (and the groom) it is an all-round perfect dress.",Dresses,110,Goddiva,24726,Women's Dresses & Skirts,198,https://images2.productserve.com/?w=200&h=200&bg=white&trim=5&t=letterbox&url=ssl%3Acdn.shopify.com%2Fs%2Ffiles%2F1%2F0487%2F8834%2F0899%2Ffiles%2FDR2290P_wine_front__1723645984.jpg&feedId=62769&k=6212c065b99874ab796cb434af02360f8f839fb3,USD,,"Over $120 - Free Delivery, Less than $120 - $12",https://goddiva.us/products/goddiva-front-wrap-off-the-shoulder-maxi-dress-wine,,,USD150,62769,Goddiva,1,,,,,,Womens,Dresses
https://www.awin1.com/pclick.php?p=36097020057&a=2771700&m=24726,Goddiva Front Wrap Off The Shoulder Maxi Dress - Royalblue,36097020057,DR2290P-ROYALBLUE-18,https://cdn.shopify.com/s/files/1/0487/8834/0899/files/DR2290P_royal-blue_front__1723645881.jpg,"Get the look this season in this phenomenal blue scuba crepe occasion maxi dress. This front wrap-off-the-shoulder evening dress is the perfect choice for upcoming formal events. This gorgeous dark blue maxi dress from the Goddiva Plus Size Collection has everything you could want from a dress. With its floor-length; mermaid hem skirt, off-the-shoulder design and wrap style v neckline, this royalblue evening dress is ticking all the boxes for your upcoming events. This dress is the perfect choice for bridesmaids, wedding guests, mother of the bride (and the groom) it is an all-round perfect dress.",Dresses,110,Goddiva,24726,Women's Dresses & Skirts,198,https://images2.productserve.com/?w=200&h=200&bg=white&trim=5&t=letterbox&url=ssl%3Acdn.shopify.com%2Fs%2Ffiles%2F1%2F0487%2F8834%2F0899%2Ffiles%2FDR2290P_royal-blue_front__1723645881.jpg&feedId=62769&k=90a8e2c82d28b927d9461b9c7fe1904d494fc9f5,USD,,"Over $120 - Free Delivery, Less than $120 - $12",https://goddiva.us/products/goddiva-front-wrap-off-the-shoulder-maxi-dress-royalblue,,,USD150,62769,Goddiva,1,,,,,,Womens,Dresses
https://www.awin1.com/pclick.php?p=36097020063&a=2771700&m=24726,Goddiva Front Wrap Off The Shoulder Maxi Dress - Wine,36097020063,DR2290P-WINE-20,https://cdn.shopify.com/s/files/1/0487/8834/0899/files/DR2290P_wine_front__1723645984.jpg,"Get the look this season in this phenomenal wine scuba crepe occasion maxi dress. This front wrap-off-the-shoulder evening dress is the perfect choice for upcoming formal events. This gorgeous dark wine maxi dress from the Goddiva Plus Size Collection has everything you could want from a dress. With its floor-length; mermaid hem skirt, off-the-shoulder design and wrap style v neckline, this wine evening dress is ticking all the boxes for your upcoming events. This dress is the perfect choice for bridesmaids, wedding guests, mother of the bride (and the groom) it is an all-round perfect dress.",Dresses,110,Goddiva,24726,Women's Dresses & Skirts,198,https://images2.productserve.com/?w=200&h=200&bg=white&trim=5&t=letterbox&url=ssl%3Acdn.shopify.com%2Fs%2Ffiles%2F1%2F0487%2F8834%2F0899%2Ffiles%2FDR2290P_wine_front__1723645984.jpg&feedId=62769&k=6212c065b99874ab796cb434af02360f8f839fb3,USD,,"Over $120 - Free Delivery, Less than $120 - $12",https://goddiva.us/products/goddiva-front-wrap-off-the-shoulder-maxi-dress-wine,,,USD150,62769,Goddiva,1,,,,,,Womens,Dresses
https://www.awin1.com/pclick.php?p=36097020056&a=2771700&m=24726,Goddiva Front Wrap Off The Shoulder Maxi Dress - Royalblue,36097020056,DR2290P-ROYALBLUE-16,https://cdn.shopify.com/s/files/1/0487/8834/0899/files/DR2290P_royal-blue_front__1723645881.jpg,"Get the look this season in this phenomenal blue scuba crepe occasion maxi dress. This front wrap-off-the-shoulder evening dress is the perfect choice for upcoming formal events. This gorgeous dark blue maxi dress from the Goddiva Plus Size Collection has everything you could want from a dress. With its floor-length; mermaid hem skirt, off-the-shoulder design and wrap style v neckline, this royalblue evening dress is ticking all the boxes for your upcoming events. This dress is the perfect choice for bridesmaids, wedding guests, mother of the bride (and the groom) it is an all-round perfect dress.",Dresses,110,Goddiva,24726,Women's Dresses & Skirts,198,https://images2.productserve.com/?w=200&h=200&bg=white&trim=5&t=letterbox&url=ssl%3Acdn.shopify.com%2Fs%2Ffiles%2F1%2F0487%2F8834%2F0899%2Ffiles%2FDR2290P_royal-blue_front__1723645881.jpg&feedId=62769&k=90a8e2c82d28b927d9461b9c7fe1904d494fc9f5,USD,,"Over $120 - Free Delivery, Less than $120 - $12",https://goddiva.us/products/goddiva-front-wrap-off-the-shoulder-maxi-dress-royalblue,,,USD150,62769,Goddiva,1,,,,,,Womens,Dresses
https://www.awin1.com/pclick.php?p=36097020058&a=2771700&m=24726,Goddiva Front Wrap Off The Shoulder Maxi Dress - Royalblue,36097020058,DR2290P-ROYALBLUE-20,https://cdn.shopify.com/s/files/1/0487/8834/0899/files/DR2290P_royal-blue_front__1723645881.jpg,"Get the look this season in this phenomenal blue scuba crepe occasion maxi dress. This front wrap-off-the-shoulder evening dress is the perfect choice for upcoming formal events. This gorgeous dark blue maxi dress from the Goddiva Plus Size Collection has everything you could want from a dress. With its floor-length; mermaid hem skirt, off-the-shoulder design and wrap style v neckline, this royalblue evening dress is ticking all the boxes for your upcoming events. This dress is the perfect choice for bridesmaids, wedding guests, mother of the bride (and the groom) it is an all-round perfect dress.",Dresses,110,Goddiva,24726,Women's Dresses & Skirts,198,https://images2.productserve.com/?w=200&h=200&bg=white&trim=5&t=letterbox&url=ssl%3Acdn.shopify.com%2Fs%2Ffiles%2F1%2F0487%2F8834%2F0899%2Ffiles%2FDR2290P_royal-blue_front__1723645881.jpg&feedId=62769&k=90a8e2c82d28b927d9461b9c7fe1904d494fc9f5,USD,,"Over $120 - Free Delivery, Less than $120 - $12",https://goddiva.us/products/goddiva-front-wrap-off-the-shoulder-maxi-dress-royalblue,,,USD150,62769,Goddiva,1,,,,,,Womens,Dresses
https://www.awin1.com/pclick.php?p=36159671853&a=2771700&m=24726,Goddiva Bardot Jacquard Maxi Dress - Emerald,36159671853,DR3474-EMERALD-8,https://cdn.shopify.com/s/files/1/0487/8834/0899/files/DR3474-EMERALD_FRONT_1712153194.jpg,"The Bardot Jacquard Maxi dress is classically elegant and an absolute wardrobe essential. A Bardot sleeve, mermaid hem and gorgeous dark green color makes this maxi dress the ideal choice for any glamorous occasion. The jacquard print adds visual interest to the otherwise classic design. With a chic, graphic print and an elegant silhouette, this emerald bardot maxi dress from Goddiva is the perfect choice for an evening event. This stunning piece is perfect for wedding guests, black tie events, proms and galas! Create your boldest look yet by teaming this black tie maxi dress with dainty jewellery and heels for a sophisticated look.",Dresses,136,Goddiva,24726,Women's Dresses & Skirts,198,https://images2.productserve.com/?w=200&h=200&bg=white&trim=5&t=letterbox&url=ssl%3Acdn.shopify.com%2Fs%2Ffiles%2F1%2F0487%2F8834%2F0899%2Ffiles%2FDR3474-EMERALD_FRONT_1712153194.jpg&feedId=62769&k=dd4e2b598b1f09162414479752861ed02dbfd8ab,USD,,"Over $120 - Free Delivery, Less than $120 - $12",https://goddiva.us/products/goddiva-bardot-jacquard-maxi-dress-emerald,,,USD136,62769,Goddiva,1,,,,,,Womens,Dresses
https://www.awin1.com/pclick.php?p=36159671856&a=2771700&m=24726,Goddiva Bardot Jacquard Maxi Dress - Emerald,36159671856,DR3474-EMERALD-14,https://cdn.shopify.com/s/files/1/0487/8834/0899/files/DR3474-EMERALD_FRONT_1712153194.jpg,"The Bardot Jacquard Maxi dress is classically elegant and an absolute wardrobe essential. A Bardot sleeve, mermaid hem and gorgeous dark green color makes this maxi dress the ideal choice for any glamorous occasion. The jacquard print adds visual interest to the otherwise classic design. With a chic, graphic print and an elegant silhouette, this emerald bardot maxi dress from Goddiva is the perfect choice for an evening event. This stunning piece is perfect for wedding guests, black tie events, proms and galas! Create your boldest look yet by teaming this black tie maxi dress with dainty jewellery and heels for a sophisticated look.",Dresses,136,Goddiva,24726,Women's Dresses & Skirts,198,https://images2.productserve.com/?w=200&h=200&bg=white&trim=5&t=letterbox&url=ssl%3Acdn.shopify.com%2Fs%2Ffiles%2F1%2F0487%2F8834%2F0899%2Ffiles%2FDR3474-EMERALD_FRONT_1712153194.jpg&feedId=62769&k=dd4e2b598b1f09162414479752861ed02dbfd8ab,USD,,"Over $120 - Free Delivery, Less than $120 - $12",https://goddiva.us/products/goddiva-bardot-jacquard-maxi-dress-emerald,,,USD136,62769,Goddiva,1,,,,,,Womens,Dresses
https://www.awin1.com/pclick.php?p=36159671854&a=2771700&m=24726,Goddiva Bardot Jacquard Maxi Dress - Emerald,36159671854,DR3474-EMERALD-10,https://cdn.shopify.com/s/files/1/0487/8834/0899/files/DR3474-EMERALD_FRONT_1712153194.jpg,"The Bardot Jacquard Maxi dress is classically elegant and an absolute wardrobe essential. A Bardot sleeve, mermaid hem and gorgeous dark green color makes this maxi dress the ideal choice for any glamorous occasion. The jacquard print adds visual interest to the otherwise classic design. With a chic, graphic print and an elegant silhouette, this emerald bardot maxi dress from Goddiva is the perfect choice for an evening event. This stunning piece is perfect for wedding guests, black tie events, proms and galas! Create your boldest look yet by teaming this black tie maxi dress with dainty jewellery and heels for a sophisticated look.",Dresses,136,Goddiva,24726,Women's Dresses & Skirts,198,https://images2.productserve.com/?w=200&h=200&bg=white&trim=5&t=letterbox&url=ssl%3Acdn.shopify.com%2Fs%2Ffiles%2F1%2F0487%2F8834%2F0899%2Ffiles%2FDR3474-EMERALD_FRONT_1712153194.jpg&feedId=62769&k=dd4e2b598b1f09162414479752861ed02dbfd8ab,USD,,"Over $120 - Free Delivery, Less than $120 - $12",https://goddiva.us/products/goddiva-bardot-jacquard-maxi-dress-emerald,,,USD136,62769,Goddiva,1,,,,,,Womens,Dresses
https://www.awin1.com/pclick.php?p=36159671855&a=2771700&m=24726,Goddiva Bardot Jacquard Maxi Dress - Emerald,36159671855,DR3474-EMERALD-12,https://cdn.shopify.com/s/files/1/0487/8834/0899/files/DR3474-EMERALD_FRONT_1712153194.jpg,"The Bardot Jacquard Maxi dress is classically elegant and an absolute wardrobe essential. A Bardot sleeve, mermaid hem and gorgeous dark green color makes this maxi dress the ideal choice for any glamorous occasion. The jacquard print adds visual interest to the otherwise classic design. With a chic, graphic print and an elegant silhouette, this emerald bardot maxi dress from Goddiva is the perfect choice for an evening event. This stunning piece is perfect for wedding guests, black tie events, proms and galas! Create your boldest look yet by teaming this black tie maxi dress with dainty jewellery and heels for a sophisticated look.",Dresses,136,Goddiva,24726,Women's Dresses & Skirts,198,https://images2.productserve.com/?w=200&h=200&bg=white&trim=5&t=letterbox&url=ssl%3Acdn.shopify.com%2Fs%2Ffiles%2F1%2F0487%2F8834%2F0899%2Ffiles%2FDR3474-EMERALD_FRONT_1712153194.jpg&feedId=62769&k=dd4e2b598b1f09162414479752861ed02dbfd8ab,USD,,"Over $120 - Free Delivery, Less than $120 - $12",https://goddiva.us/products/goddiva-bardot-jacquard-maxi-dress-emerald,,,USD136,62769,Goddiva,1,,,,,,Womens,Dresses
https://www.awin1.com/pclick.php?p=36322049703&a=2771700&m=24726,Goddiva Cowl Back Sequin Maxi Dress - Blue,36322049703,DR3191-BLUE-8,https://cdn.shopify.com/s/files/1/0487/8834/0899/files/DR3191_BLUE_1745_front_1761930606.jpg,"Elevate your elegance with our stunning Cowl Back Sequin Maxi Dress. Drenched in the allure of sequins, this blue dress is a masterpiece that guarantees to make your presence unforgettable at any formal evening affair. Embrace the magic of the night as you slip into the alluring world of sequins that enrobe this dress from top to bottom. The captivating play of light and shadow on the sequins creates an entrancing aura, ensuring all eyes are irresistibly drawn to you. The capped sleeves of the dress offer a touch of modesty while maintaining a graceful silhouette. The sequins continue to delicately grace the sleeves, adding a harmonious balance to the ensemble. What truly sets this dress apart is the bewitching cowl back design. Draping elegantly, it adds an element of surprise and sensuality, revealing a glimpse of skin while leaving much to the imagination. The duality of demure and daring is expertly captured in this single design element. As you step into this blue dress, you step into a realm of opulence and charisma. Be prepared to mesmerize the crowd and leave an indelible mark on every formal occasion you grace. The Cowl Back Sequin Maxi Dress is more than an ensemble; it's an expression of your impeccable taste and unwavering confidence.",Dresses,170,Goddiva,24726,Women's Dresses & Skirts,198,https://images2.productserve.com/?w=200&h=200&bg=white&trim=5&t=letterbox&url=ssl%3Acdn.shopify.com%2Fs%2Ffiles%2F1%2F0487%2F8834%2F0899%2Ffiles%2FDR3191_BLUE_1745_front_1761930606.jpg&feedId=62769&k=34a84ffbc793076f71cad41ffc694164bae4eee1,USD,,"Over $120 - Free Delivery, Less than $120 - $12",https://goddiva.us/products/goddiva-cowl-back-sequin-maxi-blue,,,USD170,62769,Goddiva,1,,,,,,Womens,Dresses
https://www.awin1.com/pclick.php?p=36322049704&a=2771700&m=24726,Goddiva Cowl Back Sequin Maxi Dress - Blue,36322049704,DR3191-BLUE-10,https://cdn.shopify.com/s/files/1/0487/8834/0899/files/DR3191_BLUE_1745_front_1761930606.jpg,"Elevate your elegance with our stunning Cowl Back Sequin Maxi Dress. Drenched in the allure of sequins, this blue dress is a masterpiece that guarantees to make your presence unforgettable at any formal evening affair. Embrace the magic of the night as you slip into the alluring world of sequins that enrobe this dress from top to bottom. The captivating play of light and shadow on the sequins creates an entrancing aura, ensuring all eyes are irresistibly drawn to you. The capped sleeves of the dress offer a touch of modesty while maintaining a graceful silhouette. The sequins continue to delicately grace the sleeves, adding a harmonious balance to the ensemble. What truly sets this dress apart is the bewitching cowl back design. Draping elegantly, it adds an element of surprise and sensuality, revealing a glimpse of skin while leaving much to the imagination. The duality of demure and daring is expertly captured in this single design element. As you step into this blue dress, you step into a realm of opulence and charisma. Be prepared to mesmerize the crowd and leave an indelible mark on every formal occasion you grace. The Cowl Back Sequin Maxi Dress is more than an ensemble; it's an expression of your impeccable taste and unwavering confidence.",Dresses,170,Goddiva,24726,Women's Dresses & Skirts,198,https://images2.productserve.com/?w=200&h=200&bg=white&trim=5&t=letterbox&url=ssl%3Acdn.shopify.com%2Fs%2Ffiles%2F1%2F0487%2F8834%2F0899%2Ffiles%2FDR3191_BLUE_1745_front_1761930606.jpg&feedId=62769&k=34a84ffbc793076f71cad41ffc694164bae4eee1,USD,,"Over $120 - Free Delivery, Less than $120 - $12",https://goddiva.us/products/goddiva-cowl-back-sequin-maxi-blue,,,USD170,62769,Goddiva,1,,,,,,Womens,Dresses
https://www.awin1.com/pclick.php?p=36322049706&a=2771700&m=24726,Goddiva Cowl Back Sequin Maxi Dress - Blue,36322049706,DR3191-BLUE-14,https://cdn.shopify.com/s/files/1/0487/8834/0899/files/DR3191_BLUE_1745_front_1761930606.jpg,"Elevate your elegance with our stunning Cowl Back Sequin Maxi Dress. Drenched in the allure of sequins, this blue dress is a masterpiece that guarantees to make your presence unforgettable at any formal evening affair. Embrace the magic of the night as you slip into the alluring world of sequins that enrobe this dress from top to bottom. The captivating play of light and shadow on the sequins creates an entrancing aura, ensuring all eyes are irresistibly drawn to you. The capped sleeves of the dress offer a touch of modesty while maintaining a graceful silhouette. The sequins continue to delicately grace the sleeves, adding a harmonious balance to the ensemble. What truly sets this dress apart is the bewitching cowl back design. Draping elegantly, it adds an element of surprise and sensuality, revealing a glimpse of skin while leaving much to the imagination. The duality of demure and daring is expertly captured in this single design element. As you step into this blue dress, you step into a realm of opulence and charisma. Be prepared to mesmerize the crowd and leave an indelible mark on every formal occasion you grace. The Cowl Back Sequin Maxi Dress is more than an ensemble; it's an expression of your impeccable taste and unwavering confidence.",Dresses,170,Goddiva,24726,Women's Dresses & Skirts,198,https://images2.productserve.com/?w=200&h=200&bg=white&trim=5&t=letterbox&url=ssl%3Acdn.shopify.com%2Fs%2Ffiles%2F1%2F0487%2F8834%2F0899%2Ffiles%2FDR3191_BLUE_1745_front_1761930606.jpg&feedId=62769&k=34a84ffbc793076f71cad41ffc694164bae4eee1,USD,,"Over $120 - Free Delivery, Less than $120 - $12",https://goddiva.us/products/goddiva-cowl-back-sequin-maxi-blue,,,USD170,62769,Goddiva,1,,,,,,Womens,Dresses
https://www.awin1.com/pclick.php?p=36322049705&a=2771700&m=24726,Goddiva Cowl Back Sequin Maxi Dress - Blue,36322049705,DR3191-BLUE-12,https://cdn.shopify.com/s/files/1/0487/8834/0899/files/DR3191_BLUE_1745_front_1761930606.jpg,"Elevate your elegance with our stunning Cowl Back Sequin Maxi Dress. Drenched in the allure of sequins, this blue dress is a masterpiece that guarantees to make your presence unforgettable at any formal evening affair. Embrace the magic of the night as you slip into the alluring world of sequins that enrobe this dress from top to bottom. The captivating play of light and shadow on the sequins creates an entrancing aura, ensuring all eyes are irresistibly drawn to you. The capped sleeves of the dress offer a touch of modesty while maintaining a graceful silhouette. The sequins continue to delicately grace the sleeves, adding a harmonious balance to the ensemble. What truly sets this dress apart is the bewitching cowl back design. Draping elegantly, it adds an element of surprise and sensuality, revealing a glimpse of skin while leaving much to the imagination. The duality of demure and daring is expertly captured in this single design element. As you step into this blue dress, you step into a realm of opulence and charisma. Be prepared to mesmerize the crowd and leave an indelible mark on every formal occasion you grace. The Cowl Back Sequin Maxi Dress is more than an ensemble; it's an expression of your impeccable taste and unwavering confidence.",Dresses,170,Goddiva,24726,Women's Dresses & Skirts,198,https://images2.productserve.com/?w=200&h=200&bg=white&trim=5&t=letterbox&url=ssl%3Acdn.shopify.com%2Fs%2Ffiles%2F1%2F0487%2F8834%2F0899%2Ffiles%2FDR3191_BLUE_1745_front_1761930606.jpg&feedId=62769&k=34a84ffbc793076f71cad41ffc694164bae4eee1,USD,,"Over $120 - Free Delivery, Less than $120 - $12",https://goddiva.us/products/goddiva-cowl-back-sequin-maxi-blue,,,USD170,62769,Goddiva,1,,,,,,Womens,Dresses
https://www.awin1.com/pclick.php?p=36331410204&a=2771700&m=24726,Goddiva Lace Scallop Edge Mermaid Maxi Dress - Burgundy,36331410204,DR3890-BURGUNDY-10,https://cdn.shopify.com/s/files/1/0487/8834/0899/files/DR3890_Burggundy22300_1724762960.jpg,"Indulge in timeless sophistication with our Lace Scallop Edge Mermaid Maxi Dress. This burgundy off-the-shoulder masterpiece seamlessly combines elegance and allure, making it a must-have for your most special occasions. The front thigh split, adorned with delicate scalloped edge detailing, adds a touch of enchantment to the silhouette. Crafted to perfection, this burgundy dress is designed to shine at formal birthdays, black-tie events, bridesmaid gatherings, and prom nights. The intricate lacework exudes romance, while the mermaid cut accentuates your curves in all the right ways. The off-the-shoulder neckline and scalloped edges evoke a sense of refined beauty that's simply irresistible. Elevate your presence with this evening dress, an embodiment of grace and elegance. With its charming design and versatile appeal, this dress promises to make your moments unforgettable, ensuring you stand out on every occasion.",Dresses,130,Goddiva,24726,Women's Dresses & Skirts,198,https://images2.productserve.com/?w=200&h=200&bg=white&trim=5&t=letterbox&url=ssl%3Acdn.shopify.com%2Fs%2Ffiles%2F1%2F0487%2F8834%2F0899%2Ffiles%2FDR3890_Burggundy22300_1724762960.jpg&feedId=62769&k=024fecf2686894cd0b2d22ee4ab006a508fc0335,USD,,"Over $120 - Free Delivery, Less than $120 - $12",https://goddiva.us/products/goddiva-lace-scallop-edge-mermaid-maxi-burgundy,,,USD256,62769,Goddiva,1,,,,,,Womens,Dresses
https://www.awin1.com/pclick.php?p=36331410258&a=2771700&m=24726,Goddiva Sequin Scallop Lace Midi Dress - Black,36331410258,DR3960-BLACK-10,https://cdn.shopify.com/s/files/1/0487/8834/0899/files/DR3960_BLACK_448_front_1761304181.jpg,"Experience exquisite charm with our Sequin Scallop Lace Midi Dress. This black dress is designed for those seeking timeless allure, featuring intricate sequin scalloped detailing along the neckline, sleeve, and hem. The alluring v-neckline and sheer lace sleeve embrace a bodycon fit that effortlessly accentuates your silhouette. From dinners to date nights, and even special occasions like weddings, this black dress is your go-to for a range of semi-formal events. The delicate lace and thoughtful sequin scalloped touches add a touch of femininity and grace, making you stand out wherever you go. With its enchanting design, the Lace Sequin Scallop Midi Dress beautifully marries sophistication and allure. Unveil your confidence and radiate charm, making every moment memorable in this black stunning attire.",Dresses,116,Goddiva,24726,Women's Dresses & Skirts,198,https://images2.productserve.com/?w=200&h=200&bg=white&trim=5&t=letterbox&url=ssl%3Acdn.shopify.com%2Fs%2Ffiles%2F1%2F0487%2F8834%2F0899%2Ffiles%2FDR3960_BLACK_448_front_1761304181.jpg&feedId=62769&k=f2ce1e9a9d7356df1c36b3392e3496460a438c29,USD,,"Over $120 - Free Delivery, Less than $120 - $12",https://goddiva.us/products/goddiva-scallop-lace-midi-black,,,USD196,62769,Goddiva,1,,,,,,Womens,Dresses
https://www.awin1.com/pclick.php?p=36331410189&a=2771700&m=24726,Goddiva Bardot Pleated Skirt Maxi Dress - Royalblue,36331410189,DR3096A-ROYALBLUE-12,https://cdn.shopify.com/s/files/1/0487/8834/0899/products/DR3096A_royalblue_front_l_1694183592.jpg,"This royalblue dress is a timeless classic. It has a flattering cut that flatters every figure and is the perfect go-to for your special day. Off the shoulder style, fitted waist, flowy skirt, shimmery finish - this maxi dress has it all! This long evening dress has a classic and chic look that will always be in style, perfect as a prom dress in the summer or for bridesmaids for a wedding in any season. Its bardot neckline and shimmery finish makes this style look like something out of a fairy tale. This royalblue floor length dress with off the shoulder sleeves will be perfect for a fun wedding, prom or black-tie event. Its shimmering lurex teamed with a satin waistband adds to its beauty and makes it comfortable enough to wear all night long. The pleated skirt has an A-line shape that skims over any body type. A perfect pick for spring weddings, summer occasions and evening winter black tie gala, this dress is perfectly well rounded for any occasion any season.",Dresses,130,Goddiva,24726,Women's Dresses & Skirts,198,https://images2.productserve.com/?w=200&h=200&bg=white&trim=5&t=letterbox&url=ssl%3Acdn.shopify.com%2Fs%2Ffiles%2F1%2F0487%2F8834%2F0899%2Fproducts%2FDR3096A_royalblue_front_l_1694183592.jpg&feedId=62769&k=dbca86b2c5c60f20d860bed711e43708039c15ca,USD,,"Over $120 - Free Delivery, Less than $120 - $12",https://goddiva.us/products/goddiva-bardot-pleated-skirt-maxi-royalblue,,,USD250,62769,Goddiva,1,,,,,,Womens,Dresses
https://www.awin1.com/pclick.php?p=36331410187&a=2771700&m=24726,Goddiva Bardot Pleated Skirt Maxi Dress - Royalblue,36331410187,DR3096A-ROYALBLUE-8,https://cdn.shopify.com/s/files/1/0487/8834/0899/products/DR3096A_royalblue_front_l_1694183592.jpg,"This royalblue dress is a timeless classic. It has a flattering cut that flatters every figure and is the perfect go-to for your special day. Off the shoulder style, fitted waist, flowy skirt, shimmery finish - this maxi dress has it all! This long evening dress has a classic and chic look that will always be in style, perfect as a prom dress in the summer or for bridesmaids for a wedding in any season. Its bardot neckline and shimmery finish makes this style look like something out of a fairy tale. This royalblue floor length dress with off the shoulder sleeves will be perfect for a fun wedding, prom or black-tie event. Its shimmering lurex teamed with a satin waistband adds to its beauty and makes it comfortable enough to wear all night long. The pleated skirt has an A-line shape that skims over any body type. A perfect pick for spring weddings, summer occasions and evening winter black tie gala, this dress is perfectly well rounded for any occasion any season.",Dresses,130,Goddiva,24726,Women's Dresses & Skirts,198,https://images2.productserve.com/?w=200&h=200&bg=white&trim=5&t=letterbox&url=ssl%3Acdn.shopify.com%2Fs%2Ffiles%2F1%2F0487%2F8834%2F0899%2Fproducts%2FDR3096A_royalblue_front_l_1694183592.jpg&feedId=62769&k=dbca86b2c5c60f20d860bed711e43708039c15ca,USD,,"Over $120 - Free Delivery, Less than $120 - $12",https://goddiva.us/products/goddiva-bardot-pleated-skirt-maxi-royalblue,,,USD250,62769,Goddiva,1,,,,,,Womens,Dresses
https://www.awin1.com/pclick.php?p=36331410257&a=2771700&m=24726,Goddiva Sequin Scallop Lace Midi Dress - Black,36331410257,DR3960-BLACK-8,https://cdn.shopify.com/s/files/1/0487/8834/0899/files/DR3960_BLACK_448_front_1761304181.jpg,"Experience exquisite charm with our Sequin Scallop Lace Midi Dress. This black dress is designed for those seeking timeless allure, featuring intricate sequin scalloped detailing along the neckline, sleeve, and hem. The alluring v-neckline and sheer lace sleeve embrace a bodycon fit that effortlessly accentuates your silhouette. From dinners to date nights, and even special occasions like weddings, this black dress is your go-to for a range of semi-formal events. The delicate lace and thoughtful sequin scalloped touches add a touch of femininity and grace, making you stand out wherever you go. With its enchanting design, the Lace Sequin Scallop Midi Dress beautifully marries sophistication and allure. Unveil your confidence and radiate charm, making every moment memorable in this black stunning attire.",Dresses,116,Goddiva,24726,Women's Dresses & Skirts,198,https://images2.productserve.com/?w=200&h=200&bg=white&trim=5&t=letterbox&url=ssl%3Acdn.shopify.com%2Fs%2Ffiles%2F1%2F0487%2F8834%2F0899%2Ffiles%2FDR3960_BLACK_448_front_1761304181.jpg&feedId=62769&k=f2ce1e9a9d7356df1c36b3392e3496460a438c29,USD,,"Over $120 - Free Delivery, Less than $120 - $12",https://goddiva.us/products/goddiva-scallop-lace-midi-black,,,USD196,62769,Goddiva,1,,,,,,Womens,Dresses
https://www.awin1.com/pclick.php?p=36331410260&a=2771700&m=24726,Goddiva Sequin Scallop Lace Midi Dress - Black,36331410260,DR3960-BLACK-14,https://cdn.shopify.com/s/files/1/0487/8834/0899/files/DR3960_BLACK_448_front_1761304181.jpg,"Experience exquisite charm with our Sequin Scallop Lace Midi Dress. This black dress is designed for those seeking timeless allure, featuring intricate sequin scalloped detailing along the neckline, sleeve, and hem. The alluring v-neckline and sheer lace sleeve embrace a bodycon fit that effortlessly accentuates your silhouette. From dinners to date nights, and even special occasions like weddings, this black dress is your go-to for a range of semi-formal events. The delicate lace and thoughtful sequin scalloped touches add a touch of femininity and grace, making you stand out wherever you go. With its enchanting design, the Lace Sequin Scallop Midi Dress beautifully marries sophistication and allure. Unveil your confidence and radiate charm, making every moment memorable in this black stunning attire.",Dresses,116,Goddiva,24726,Women's Dresses & Skirts,198,https://images2.productserve.com/?w=200&h=200&bg=white&trim=5&t=letterbox&url=ssl%3Acdn.shopify.com%2Fs%2Ffiles%2F1%2F0487%2F8834%2F0899%2Ffiles%2FDR3960_BLACK_448_front_1761304181.jpg&feedId=62769&k=f2ce1e9a9d7356df1c36b3392e3496460a438c29,USD,,"Over $120 - Free Delivery, Less than $120 - $12",https://goddiva.us/products/goddiva-scallop-lace-midi-black,,,USD196,62769,Goddiva,1,,,,,,Womens,Dresses
https://www.awin1.com/pclick.php?p=36331410259&a=2771700&m=24726,Goddiva Sequin Scallop Lace Midi Dress - Black,36331410259,DR3960-BLACK-12,https://cdn.shopify.com/s/files/1/0487/8834/0899/files/DR3960_BLACK_448_front_1761304181.jpg,"Experience exquisite charm with our Sequin Scallop Lace Midi Dress. This black dress is designed for those seeking timeless allure, featuring intricate sequin scalloped detailing along the neckline, sleeve, and hem. The alluring v-neckline and sheer lace sleeve embrace a bodycon fit that effortlessly accentuates your silhouette. From dinners to date nights, and even special occasions like weddings, this black dress is your go-to for a range of semi-formal events. The delicate lace and thoughtful sequin scalloped touches add a touch of femininity and grace, making you stand out wherever you go. With its enchanting design, the Lace Sequin Scallop Midi Dress beautifully marries sophistication and allure. Unveil your confidence and radiate charm, making every moment memorable in this black stunning attire.",Dresses,116,Goddiva,24726,Women's Dresses & Skirts,198,https://images2.productserve.com/?w=200&h=200&bg=white&trim=5&t=letterbox&url=ssl%3Acdn.shopify.com%2Fs%2Ffiles%2F1%2F0487%2F8834%2F0899%2Ffiles%2FDR3960_BLACK_448_front_1761304181.jpg&feedId=62769&k=f2ce1e9a9d7356df1c36b3392e3496460a438c29,USD,,"Over $120 - Free Delivery, Less than $120 - $12",https://goddiva.us/products/goddiva-scallop-lace-midi-black,,,USD196,62769,Goddiva,1,,,,,,Womens,Dresses
https://www.awin1.com/pclick.php?p=36331410206&a=2771700&m=24726,Goddiva Lace Scallop Edge Mermaid Maxi Dress - Burgundy,36331410206,DR3890-BURGUNDY-14,https://cdn.shopify.com/s/files/1/0487/8834/0899/files/DR3890_Burggundy22300_1724762960.jpg,"Indulge in timeless sophistication with our Lace Scallop Edge Mermaid Maxi Dress. This burgundy off-the-shoulder masterpiece seamlessly combines elegance and allure, making it a must-have for your most special occasions. The front thigh split, adorned with delicate scalloped edge detailing, adds a touch of enchantment to the silhouette. Crafted to perfection, this burgundy dress is designed to shine at formal birthdays, black-tie events, bridesmaid gatherings, and prom nights. The intricate lacework exudes romance, while the mermaid cut accentuates your curves in all the right ways. The off-the-shoulder neckline and scalloped edges evoke a sense of refined beauty that's simply irresistible. Elevate your presence with this evening dress, an embodiment of grace and elegance. With its charming design and versatile appeal, this dress promises to make your moments unforgettable, ensuring you stand out on every occasion.",Dresses,130,Goddiva,24726,Women's Dresses & Skirts,198,https://images2.productserve.com/?w=200&h=200&bg=white&trim=5&t=letterbox&url=ssl%3Acdn.shopify.com%2Fs%2Ffiles%2F1%2F0487%2F8834%2F0899%2Ffiles%2FDR3890_Burggundy22300_1724762960.jpg&feedId=62769&k=024fecf2686894cd0b2d22ee4ab006a508fc0335,USD,,"Over $120 - Free Delivery, Less than $120 - $12",https://goddiva.us/products/goddiva-lace-scallop-edge-mermaid-maxi-burgundy,,,USD256,62769,Goddiva,1,,,,,,Womens,Dresses
https://www.awin1.com/pclick.php?p=36331410188&a=2771700&m=24726,Goddiva Bardot Pleated Skirt Maxi Dress - Royalblue,36331410188,DR3096A-ROYALBLUE-10,https://cdn.shopify.com/s/files/1/0487/8834/0899/products/DR3096A_royalblue_front_l_1694183592.jpg,"This royalblue dress is a timeless classic. It has a flattering cut that flatters every figure and is the perfect go-to for your special day. Off the shoulder style, fitted waist, flowy skirt, shimmery finish - this maxi dress has it all! This long evening dress has a classic and chic look that will always be in style, perfect as a prom dress in the summer or for bridesmaids for a wedding in any season. Its bardot neckline and shimmery finish makes this style look like something out of a fairy tale. This royalblue floor length dress with off the shoulder sleeves will be perfect for a fun wedding, prom or black-tie event. Its shimmering lurex teamed with a satin waistband adds to its beauty and makes it comfortable enough to wear all night long. The pleated skirt has an A-line shape that skims over any body type. A perfect pick for spring weddings, summer occasions and evening winter black tie gala, this dress is perfectly well rounded for any occasion any season.",Dresses,130,Goddiva,24726,Women's Dresses & Skirts,198,https://images2.productserve.com/?w=200&h=200&bg=white&trim=5&t=letterbox&url=ssl%3Acdn.shopify.com%2Fs%2Ffiles%2F1%2F0487%2F8834%2F0899%2Fproducts%2FDR3096A_royalblue_front_l_1694183592.jpg&feedId=62769&k=dbca86b2c5c60f20d860bed711e43708039c15ca,USD,,"Over $120 - Free Delivery, Less than $120 - $12",https://goddiva.us/products/goddiva-bardot-pleated-skirt-maxi-royalblue,,,USD250,62769,Goddiva,1,,,,,,Womens,Dresses
https://www.awin1.com/pclick.php?p=36331410203&a=2771700&m=24726,Goddiva Lace Scallop Edge Mermaid Maxi Dress - Burgundy,36331410203,DR3890-BURGUNDY-8,https://cdn.shopify.com/s/files/1/0487/8834/0899/files/DR3890_Burggundy22300_1724762960.jpg,"Indulge in timeless sophistication with our Lace Scallop Edge Mermaid Maxi Dress. This burgundy off-the-shoulder masterpiece seamlessly combines elegance and allure, making it a must-have for your most special occasions. The front thigh split, adorned with delicate scalloped edge detailing, adds a touch of enchantment to the silhouette. Crafted to perfection, this burgundy dress is designed to shine at formal birthdays, black-tie events, bridesmaid gatherings, and prom nights. The intricate lacework exudes romance, while the mermaid cut accentuates your curves in all the right ways. The off-the-shoulder neckline and scalloped edges evoke a sense of refined beauty that's simply irresistible. Elevate your presence with this evening dress, an embodiment of grace and elegance. With its charming design and versatile appeal, this dress promises to make your moments unforgettable, ensuring you stand out on every occasion.",Dresses,130,Goddiva,24726,Women's Dresses & Skirts,198,https://images2.productserve.com/?w=200&h=200&bg=white&trim=5&t=letterbox&url=ssl%3Acdn.shopify.com%2Fs%2Ffiles%2F1%2F0487%2F8834%2F0899%2Ffiles%2FDR3890_Burggundy22300_1724762960.jpg&feedId=62769&k=024fecf2686894cd0b2d22ee4ab006a508fc0335,USD,,"Over $120 - Free Delivery, Less than $120 - $12",https://goddiva.us/products/goddiva-lace-scallop-edge-mermaid-maxi-burgundy,,,USD256,62769,Goddiva,1,,,,,,Womens,Dresses
https://www.awin1.com/pclick.php?p=36331410205&a=2771700&m=24726,Goddiva Lace Scallop Edge Mermaid Maxi Dress - Burgundy,36331410205,DR3890-BURGUNDY-12,https://cdn.shopify.com/s/files/1/0487/8834/0899/files/DR3890_Burggundy22300_1724762960.jpg,"Indulge in timeless sophistication with our Lace Scallop Edge Mermaid Maxi Dress. This burgundy off-the-shoulder masterpiece seamlessly combines elegance and allure, making it a must-have for your most special occasions. The front thigh split, adorned with delicate scalloped edge detailing, adds a touch of enchantment to the silhouette. Crafted to perfection, this burgundy dress is designed to shine at formal birthdays, black-tie events, bridesmaid gatherings, and prom nights. The intricate lacework exudes romance, while the mermaid cut accentuates your curves in all the right ways. The off-the-shoulder neckline and scalloped edges evoke a sense of refined beauty that's simply irresistible. Elevate your presence with this evening dress, an embodiment of grace and elegance. With its charming design and versatile appeal, this dress promises to make your moments unforgettable, ensuring you stand out on every occasion.",Dresses,130,Goddiva,24726,Women's Dresses & Skirts,198,https://images2.productserve.com/?w=200&h=200&bg=white&trim=5&t=letterbox&url=ssl%3Acdn.shopify.com%2Fs%2Ffiles%2F1%2F0487%2F8834%2F0899%2Ffiles%2FDR3890_Burggundy22300_1724762960.jpg&feedId=62769&k=024fecf2686894cd0b2d22ee4ab006a508fc0335,USD,,"Over $120 - Free Delivery, Less than $120 - $12",https://goddiva.us/products/goddiva-lace-scallop-edge-mermaid-maxi-burgundy,,,USD256,62769,Goddiva,1,,,,,,Womens,Dresses
https://www.awin1.com/pclick.php?p=36365766633&a=2771700&m=24726,Goddiva Long Sleeve Sequin Flame Maxi - Emerald Green,36365766633,DR3486-EMERALD-12,https://cdn.shopify.com/s/files/1/0487/8834/0899/files/DR3486_EMERALD_1368_front_1761931010.jpg,"For that elegant black tie event, this emerald long sleeve sequin maxi will be the perfect addition to your wardrobe. The Long Sleeve Sequin Flame Maxi is a gorgeous evening dress with an elegant and classy look. It features a sheer mesh round neckline and sheer long sleeves, which highlight the elegance of the wearer. The sequin detailing of this formal emerald gown sparkles brilliantly in the light, adding a touch of glamour to your look. With its delicate mesh and sparkling sequin embellishment, designed in a flame pattern, this dress is the hottest dress of the season! This sparkling number is a must-buy for your upcoming events this season; whether it be for a black tie event, prom, wedding or formal party, this is the only gown you need.",Dresses,168,Goddiva,24726,Women's Dresses & Skirts,198,https://images2.productserve.com/?w=200&h=200&bg=white&trim=5&t=letterbox&url=ssl%3Acdn.shopify.com%2Fs%2Ffiles%2F1%2F0487%2F8834%2F0899%2Ffiles%2FDR3486_EMERALD_1368_front_1761931010.jpg&feedId=62769&k=69ad797cd69e79d46817bcd4592da6d6f7825233,USD,,"Over $120 - Free Delivery, Less than $120 - $12",https://goddiva.us/products/goddiva-long-sleeve-sequin-flame-maxi-emerald,,,USD240,62769,Goddiva,1,,,,,,Womens,Dresses
https://www.awin1.com/pclick.php?p=36365766625&a=2771700&m=24726,Goddiva Long Sleeve Sequin Flame Maxi - Champagne,36365766625,DR3486-CHAMPAGNE-8,https://cdn.shopify.com/s/files/1/0487/8834/0899/files/DR3486_CHAMPAGNE_2396_front_1763479602.jpg,"For that elegant black tie event, this champagne long sleeve sequin maxi will be the perfect addition to your wardrobe. The Long Sleeve Sequin Flame Maxi is a gorgeous evening dress with an elegant and classy look. It features a sheer mesh round neckline and sheer long sleeves, which highlight the elegance of the wearer. The sequin detailing of this formal champagne gown sparkles brilliantly in the light, adding a touch of glamour to your look. With its delicate mesh and sparkling sequin embellishment, designed in a flame pattern, this dress is the hottest dress of the season! This sparkling number is a must-buy for your upcoming events this season; whether it be for a black tie event, prom, wedding or formal party, this is the only gown you need.",Dresses,150,Goddiva,24726,Women's Dresses & Skirts,198,https://images2.productserve.com/?w=200&h=200&bg=white&trim=5&t=letterbox&url=ssl%3Acdn.shopify.com%2Fs%2Ffiles%2F1%2F0487%2F8834%2F0899%2Ffiles%2FDR3486_CHAMPAGNE_2396_front_1763479602.jpg&feedId=62769&k=7c8c13db1f5db69b3738a736c28b8dcbdcfe97fc,USD,,"Over $120 - Free Delivery, Less than $120 - $12",https://goddiva.us/products/goddiva-long-sleeve-sequin-flame-maxi-champagne,,,USD240,62769,Goddiva,1,,,,,,Womens,Dresses
https://www.awin1.com/pclick.php?p=36365766677&a=2771700&m=24726,Goddiva Plunge V-Neck Sequin Maxi - Burgundy,36365766677,DR3833-BURGUNDY-12,https://cdn.shopify.com/s/files/1/0487/8834/0899/files/DR3833_burgundy_front_1729679666.jpg,"Our Plunge V-Neck Sequin Maxi, a spellbinding blend of glamour and style. With a daring plunging v-neckline that exudes confidence, this burgundy dress is designed to make you shine at every event. The keyhole detail on the back adds an intriguing touch, leaving a lasting impression. The pleated gathered detailing on the skirt creates a mesmerizing flow, adding an element of sophistication to the ensemble. With long sleeves that strike a perfect balance between modesty and allure, this burgundy fitted yet stretchy sequin style is not just about aesthetics but also comfort. This dress is more than a fashion statement; it's an embodiment of grace and charm. Whether you're a bridesmaid, wedding guest, attending a black-tie affair, celebrating a birthday, or revelling in the spirit of Christmas, this wine dress is your ultimate companion. Its versatility knows no bounds, and it's lined sequin design ensures you shine effortlessly, wherever you go. Elevate your presence and make every moment unforgettable in our Plunge V-Neck Sequin Maxi.",Dresses,116,Goddiva,24726,Women's Dresses & Skirts,198,https://images2.productserve.com/?w=200&h=200&bg=white&trim=5&t=letterbox&url=ssl%3Acdn.shopify.com%2Fs%2Ffiles%2F1%2F0487%2F8834%2F0899%2Ffiles%2FDR3833_burgundy_front_1729679666.jpg&feedId=62769&k=af99584ca6fd9bc79994a5427f239f518da1c904,USD,,"Over $120 - Free Delivery, Less than $120 - $12",https://goddiva.us/products/goddiva-plunge-v-neck-sequin-maxi-burgundy,,,USD220,62769,Goddiva,1,,,,,,Womens,Dresses
https://www.awin1.com/pclick.php?p=36365766672&a=2771700&m=24726,Goddiva Plunge V-Neck Sequin Maxi - Blush,36365766672,DR3833-BLUSH-14,https://cdn.shopify.com/s/files/1/0487/8834/0899/files/DR3833_blush_front_1729679572.jpg,"Our Plunge V-Neck Sequin Maxi, a spellbinding blend of glamour and style. With a daring plunging v-neckline that exudes confidence, this blush dress is designed to make you shine at every event. The keyhole detail on the back adds an intriguing touch, leaving a lasting impression. The pleated gathered detailing on the skirt creates a mesmerising flow, adding an element of sophistication to the ensemble. With long sleeves that strike a perfect balance between modesty and allure, this blush fitted yet stretchy sequin style is not just about aesthetics but also comfort. This dress is more than a fashion statement; it's an embodiment of grace and charm. Whether you're a bridesmaid, wedding guest, attending a black-tie affair, celebrating a birthday, or revelling in the spirit of Christmas, this pink dress is your ultimate companion. Its versatility knows no bounds, and it's lined sequin design ensures you shine effortlessly, wherever you go. Elevate your presence and make every moment unforgettable in our Plunge V-Neck Sequin Maxi.",Dresses,116,Goddiva,24726,Women's Dresses & Skirts,198,https://images2.productserve.com/?w=200&h=200&bg=white&trim=5&t=letterbox&url=ssl%3Acdn.shopify.com%2Fs%2Ffiles%2F1%2F0487%2F8834%2F0899%2Ffiles%2FDR3833_blush_front_1729679572.jpg&feedId=62769&k=91d052f7b5d94b178dfe79971d126b4b32339f42,USD,,"Over $120 - Free Delivery, Less than $120 - $12",https://goddiva.us/products/goddiva-plunge-v-neck-sequin-maxi-blush,,,USD220,62769,Goddiva,1,,,,,,Womens,Dresses
https://www.awin1.com/pclick.php?p=36365766638&a=2771700&m=24726,Goddiva Long Sleeve Sequin Flame Maxi - Gold,36365766638,DR3486-GOLD-10,https://cdn.shopify.com/s/files/1/0487/8834/0899/files/DR3486_GOLD_2358_front_1763479579.jpg,"For that elegant black tie event, this gold long sleeve sequin maxi will be the perfect addition to your wardrobe. The Long Sleeve Sequin Flame Maxi is a gorgeous evening dress with an elegant and classy look. It features a sheer mesh round neckline and sheer long sleeves, which highlight the elegance of the wearer. The sequin detailing of this formal gold gown sparkles brilliantly in the light, adding a touch of glamour to your look. With its delicate mesh and sparkling sequin embellishment, designed in a flame pattern, this dress is the hottest dress of the season! This sparkling number is a must-buy for your upcoming events this season; whether it be for a black tie event, prom, wedding or formal party, this is the only gown you need.",Dresses,150,Goddiva,24726,Women's Dresses & Skirts,198,https://images2.productserve.com/?w=200&h=200&bg=white&trim=5&t=letterbox&url=ssl%3Acdn.shopify.com%2Fs%2Ffiles%2F1%2F0487%2F8834%2F0899%2Ffiles%2FDR3486_GOLD_2358_front_1763479579.jpg&feedId=62769&k=88ad5804267678f28dd4e5f5f58f7f0c10861ae4,USD,,"Over $120 - Free Delivery, Less than $120 - $12",https://goddiva.us/products/goddiva-long-sleeve-sequin-flame-maxi-gold,,,USD240,62769,Goddiva,1,,,,,,Womens,Dresses
https://www.awin1.com/pclick.php?p=36365766637&a=2771700&m=24726,Goddiva Long Sleeve Sequin Flame Maxi - Gold,36365766637,DR3486-GOLD-8,https://cdn.shopify.com/s/files/1/0487/8834/0899/files/DR3486_GOLD_2358_front_1763479579.jpg,"For that elegant black tie event, this gold long sleeve sequin maxi will be the perfect addition to your wardrobe. The Long Sleeve Sequin Flame Maxi is a gorgeous evening dress with an elegant and classy look. It features a sheer mesh round neckline and sheer long sleeves, which highlight the elegance of the wearer. The sequin detailing of this formal gold gown sparkles brilliantly in the light, adding a touch of glamour to your look. With its delicate mesh and sparkling sequin embellishment, designed in a flame pattern, this dress is the hottest dress of the season! This sparkling number is a must-buy for your upcoming events this season; whether it be for a black tie event, prom, wedding or formal party, this is the only gown you need.",Dresses,150,Goddiva,24726,Women's Dresses & Skirts,198,https://images2.productserve.com/?w=200&h=200&bg=white&trim=5&t=letterbox&url=ssl%3Acdn.shopify.com%2Fs%2Ffiles%2F1%2F0487%2F8834%2F0899%2Ffiles%2FDR3486_GOLD_2358_front_1763479579.jpg&feedId=62769&k=88ad5804267678f28dd4e5f5f58f7f0c10861ae4,USD,,"Over $120 - Free Delivery, Less than $120 - $12",https://goddiva.us/products/goddiva-long-sleeve-sequin-flame-maxi-gold,,,USD240,62769,Goddiva,1,,,,,,Womens,Dresses
https://www.awin1.com/pclick.php?p=36365766631&a=2771700&m=24726,Goddiva Long Sleeve Sequin Flame Maxi - Emerald Green,36365766631,DR3486-EMERALD-8,https://cdn.shopify.com/s/files/1/0487/8834/0899/files/DR3486_EMERALD_1368_front_1761931010.jpg,"For that elegant black tie event, this emerald long sleeve sequin maxi will be the perfect addition to your wardrobe. The Long Sleeve Sequin Flame Maxi is a gorgeous evening dress with an elegant and classy look. It features a sheer mesh round neckline and sheer long sleeves, which highlight the elegance of the wearer. The sequin detailing of this formal emerald gown sparkles brilliantly in the light, adding a touch of glamour to your look. With its delicate mesh and sparkling sequin embellishment, designed in a flame pattern, this dress is the hottest dress of the season! This sparkling number is a must-buy for your upcoming events this season; whether it be for a black tie event, prom, wedding or formal party, this is the only gown you need.",Dresses,168,Goddiva,24726,Women's Dresses & Skirts,198,https://images2.productserve.com/?w=200&h=200&bg=white&trim=5&t=letterbox&url=ssl%3Acdn.shopify.com%2Fs%2Ffiles%2F1%2F0487%2F8834%2F0899%2Ffiles%2FDR3486_EMERALD_1368_front_1761931010.jpg&feedId=62769&k=69ad797cd69e79d46817bcd4592da6d6f7825233,USD,,"Over $120 - Free Delivery, Less than $120 - $12",https://goddiva.us/products/goddiva-long-sleeve-sequin-flame-maxi-emerald,,,USD240,62769,Goddiva,1,,,,,,Womens,Dresses
https://www.awin1.com/pclick.php?p=36365766634&a=2771700&m=24726,Goddiva Long Sleeve Sequin Flame Maxi - Emerald Green,36365766634,DR3486-EMERALD-14,https://cdn.shopify.com/s/files/1/0487/8834/0899/files/DR3486_EMERALD_1368_front_1761931010.jpg,"For that elegant black tie event, this emerald long sleeve sequin maxi will be the perfect addition to your wardrobe. The Long Sleeve Sequin Flame Maxi is a gorgeous evening dress with an elegant and classy look. It features a sheer mesh round neckline and sheer long sleeves, which highlight the elegance of the wearer. The sequin detailing of this formal emerald gown sparkles brilliantly in the light, adding a touch of glamour to your look. With its delicate mesh and sparkling sequin embellishment, designed in a flame pattern, this dress is the hottest dress of the season! This sparkling number is a must-buy for your upcoming events this season; whether it be for a black tie event, prom, wedding or formal party, this is the only gown you need.",Dresses,168,Goddiva,24726,Women's Dresses & Skirts,198,https://images2.productserve.com/?w=200&h=200&bg=white&trim=5&t=letterbox&url=ssl%3Acdn.shopify.com%2Fs%2Ffiles%2F1%2F0487%2F8834%2F0899%2Ffiles%2FDR3486_EMERALD_1368_front_1761931010.jpg&feedId=62769&k=69ad797cd69e79d46817bcd4592da6d6f7825233,USD,,"Over $120 - Free Delivery, Less than $120 - $12",https://goddiva.us/products/goddiva-long-sleeve-sequin-flame-maxi-emerald,,,USD240,62769,Goddiva,1,,,,,,Womens,Dresses
https://www.awin1.com/pclick.php?p=36365766678&a=2771700&m=24726,Goddiva Plunge V-Neck Sequin Maxi - Burgundy,36365766678,DR3833-BURGUNDY-14,https://cdn.shopify.com/s/files/1/0487/8834/0899/files/DR3833_burgundy_front_1729679666.jpg,"Our Plunge V-Neck Sequin Maxi, a spellbinding blend of glamour and style. With a daring plunging v-neckline that exudes confidence, this burgundy dress is designed to make you shine at every event. The keyhole detail on the back adds an intriguing touch, leaving a lasting impression. The pleated gathered detailing on the skirt creates a mesmerizing flow, adding an element of sophistication to the ensemble. With long sleeves that strike a perfect balance between modesty and allure, this burgundy fitted yet stretchy sequin style is not just about aesthetics but also comfort. This dress is more than a fashion statement; it's an embodiment of grace and charm. Whether you're a bridesmaid, wedding guest, attending a black-tie affair, celebrating a birthday, or revelling in the spirit of Christmas, this wine dress is your ultimate companion. Its versatility knows no bounds, and it's lined sequin design ensures you shine effortlessly, wherever you go. Elevate your presence and make every moment unforgettable in our Plunge V-Neck Sequin Maxi.",Dresses,116,Goddiva,24726,Women's Dresses & Skirts,198,https://images2.productserve.com/?w=200&h=200&bg=white&trim=5&t=letterbox&url=ssl%3Acdn.shopify.com%2Fs%2Ffiles%2F1%2F0487%2F8834%2F0899%2Ffiles%2FDR3833_burgundy_front_1729679666.jpg&feedId=62769&k=af99584ca6fd9bc79994a5427f239f518da1c904,USD,,"Over $120 - Free Delivery, Less than $120 - $12",https://goddiva.us/products/goddiva-plunge-v-neck-sequin-maxi-burgundy,,,USD220,62769,Goddiva,1,,,,,,Womens,Dresses
https://www.awin1.com/pclick.php?p=36365766671&a=2771700&m=24726,Goddiva Plunge V-Neck Sequin Maxi - Blush,36365766671,DR3833-BLUSH-12,https://cdn.shopify.com/s/files/1/0487/8834/0899/files/DR3833_blush_front_1729679572.jpg,"Our Plunge V-Neck Sequin Maxi, a spellbinding blend of glamour and style. With a daring plunging v-neckline that exudes confidence, this blush dress is designed to make you shine at every event. The keyhole detail on the back adds an intriguing touch, leaving a lasting impression. The pleated gathered detailing on the skirt creates a mesmerising flow, adding an element of sophistication to the ensemble. With long sleeves that strike a perfect balance between modesty and allure, this blush fitted yet stretchy sequin style is not just about aesthetics but also comfort. This dress is more than a fashion statement; it's an embodiment of grace and charm. Whether you're a bridesmaid, wedding guest, attending a black-tie affair, celebrating a birthday, or revelling in the spirit of Christmas, this pink dress is your ultimate companion. Its versatility knows no bounds, and it's lined sequin design ensures you shine effortlessly, wherever you go. Elevate your presence and make every moment unforgettable in our Plunge V-Neck Sequin Maxi.",Dresses,116,Goddiva,24726,Women's Dresses & Skirts,198,https://images2.productserve.com/?w=200&h=200&bg=white&trim=5&t=letterbox&url=ssl%3Acdn.shopify.com%2Fs%2Ffiles%2F1%2F0487%2F8834%2F0899%2Ffiles%2FDR3833_blush_front_1729679572.jpg&feedId=62769&k=91d052f7b5d94b178dfe79971d126b4b32339f42,USD,,"Over $120 - Free Delivery, Less than $120 - $12",https://goddiva.us/products/goddiva-plunge-v-neck-sequin-maxi-blush,,,USD220,62769,Goddiva,1,,,,,,Womens,Dresses
https://www.awin1.com/pclick.php?p=36365766639&a=2771700&m=24726,Goddiva Long Sleeve Sequin Flame Maxi - Gold,36365766639,DR3486-GOLD-12,https://cdn.shopify.com/s/files/1/0487/8834/0899/files/DR3486_GOLD_2358_front_1763479579.jpg,"For that elegant black tie event, this gold long sleeve sequin maxi will be the perfect addition to your wardrobe. The Long Sleeve Sequin Flame Maxi is a gorgeous evening dress with an elegant and classy look. It features a sheer mesh round neckline and sheer long sleeves, which highlight the elegance of the wearer. The sequin detailing of this formal gold gown sparkles brilliantly in the light, adding a touch of glamour to your look. With its delicate mesh and sparkling sequin embellishment, designed in a flame pattern, this dress is the hottest dress of the season! This sparkling number is a must-buy for your upcoming events this season; whether it be for a black tie event, prom, wedding or formal party, this is the only gown you need.",Dresses,150,Goddiva,24726,Women's Dresses & Skirts,198,https://images2.productserve.com/?w=200&h=200&bg=white&trim=5&t=letterbox&url=ssl%3Acdn.shopify.com%2Fs%2Ffiles%2F1%2F0487%2F8834%2F0899%2Ffiles%2FDR3486_GOLD_2358_front_1763479579.jpg&feedId=62769&k=88ad5804267678f28dd4e5f5f58f7f0c10861ae4,USD,,"Over $120 - Free Delivery, Less than $120 - $12",https://goddiva.us/products/goddiva-long-sleeve-sequin-flame-maxi-gold,,,USD240,62769,Goddiva,1,,,,,,Womens,Dresses
https://www.awin1.com/pclick.php?p=36365766669&a=2771700&m=24726,Goddiva Plunge V-Neck Sequin Maxi - Blush,36365766669,DR3833-BLUSH-8,https://cdn.shopify.com/s/files/1/0487/8834/0899/files/DR3833_blush_front_1729679572.jpg,"Our Plunge V-Neck Sequin Maxi, a spellbinding blend of glamour and style. With a daring plunging v-neckline that exudes confidence, this blush dress is designed to make you shine at every event. The keyhole detail on the back adds an intriguing touch, leaving a lasting impression. The pleated gathered detailing on the skirt creates a mesmerising flow, adding an element of sophistication to the ensemble. With long sleeves that strike a perfect balance between modesty and allure, this blush fitted yet stretchy sequin style is not just about aesthetics but also comfort. This dress is more than a fashion statement; it's an embodiment of grace and charm. Whether you're a bridesmaid, wedding guest, attending a black-tie affair, celebrating a birthday, or revelling in the spirit of Christmas, this pink dress is your ultimate companion. Its versatility knows no bounds, and it's lined sequin design ensures you shine effortlessly, wherever you go. Elevate your presence and make every moment unforgettable in our Plunge V-Neck Sequin Maxi.",Dresses,116,Goddiva,24726,Women's Dresses & Skirts,198,https://images2.productserve.com/?w=200&h=200&bg=white&trim=5&t=letterbox&url=ssl%3Acdn.shopify.com%2Fs%2Ffiles%2F1%2F0487%2F8834%2F0899%2Ffiles%2FDR3833_blush_front_1729679572.jpg&feedId=62769&k=91d052f7b5d94b178dfe79971d126b4b32339f42,USD,,"Over $120 - Free Delivery, Less than $120 - $12",https://goddiva.us/products/goddiva-plunge-v-neck-sequin-maxi-blush,,,USD220,62769,Goddiva,1,,,,,,Womens,Dresses
https://www.awin1.com/pclick.php?p=36365766670&a=2771700&m=24726,Goddiva Plunge V-Neck Sequin Maxi - Blush,36365766670,DR3833-BLUSH-10,https://cdn.shopify.com/s/files/1/0487/8834/0899/files/DR3833_blush_front_1729679572.jpg,"Our Plunge V-Neck Sequin Maxi, a spellbinding blend of glamour and style. With a daring plunging v-neckline that exudes confidence, this blush dress is designed to make you shine at every event. The keyhole detail on the back adds an intriguing touch, leaving a lasting impression. The pleated gathered detailing on the skirt creates a mesmerising flow, adding an element of sophistication to the ensemble. With long sleeves that strike a perfect balance between modesty and allure, this blush fitted yet stretchy sequin style is not just about aesthetics but also comfort. This dress is more than a fashion statement; it's an embodiment of grace and charm. Whether you're a bridesmaid, wedding guest, attending a black-tie affair, celebrating a birthday, or revelling in the spirit of Christmas, this pink dress is your ultimate companion. Its versatility knows no bounds, and it's lined sequin design ensures you shine effortlessly, wherever you go. Elevate your presence and make every moment unforgettable in our Plunge V-Neck Sequin Maxi.",Dresses,116,Goddiva,24726,Women's Dresses & Skirts,198,https://images2.productserve.com/?w=200&h=200&bg=white&trim=5&t=letterbox&url=ssl%3Acdn.shopify.com%2Fs%2Ffiles%2F1%2F0487%2F8834%2F0899%2Ffiles%2FDR3833_blush_front_1729679572.jpg&feedId=62769&k=91d052f7b5d94b178dfe79971d126b4b32339f42,USD,,"Over $120 - Free Delivery, Less than $120 - $12",https://goddiva.us/products/goddiva-plunge-v-neck-sequin-maxi-blush,,,USD220,62769,Goddiva,1,,,,,,Womens,Dresses
https://www.awin1.com/pclick.php?p=36365766627&a=2771700&m=24726,Goddiva Long Sleeve Sequin Flame Maxi - Champagne,36365766627,DR3486-CHAMPAGNE-12,https://cdn.shopify.com/s/files/1/0487/8834/0899/files/DR3486_CHAMPAGNE_2396_front_1763479602.jpg,"For that elegant black tie event, this champagne long sleeve sequin maxi will be the perfect addition to your wardrobe. The Long Sleeve Sequin Flame Maxi is a gorgeous evening dress with an elegant and classy look. It features a sheer mesh round neckline and sheer long sleeves, which highlight the elegance of the wearer. The sequin detailing of this formal champagne gown sparkles brilliantly in the light, adding a touch of glamour to your look. With its delicate mesh and sparkling sequin embellishment, designed in a flame pattern, this dress is the hottest dress of the season! This sparkling number is a must-buy for your upcoming events this season; whether it be for a black tie event, prom, wedding or formal party, this is the only gown you need.",Dresses,150,Goddiva,24726,Women's Dresses & Skirts,198,https://images2.productserve.com/?w=200&h=200&bg=white&trim=5&t=letterbox&url=ssl%3Acdn.shopify.com%2Fs%2Ffiles%2F1%2F0487%2F8834%2F0899%2Ffiles%2FDR3486_CHAMPAGNE_2396_front_1763479602.jpg&feedId=62769&k=7c8c13db1f5db69b3738a736c28b8dcbdcfe97fc,USD,,"Over $120 - Free Delivery, Less than $120 - $12",https://goddiva.us/products/goddiva-long-sleeve-sequin-flame-maxi-champagne,,,USD240,62769,Goddiva,1,,,,,,Womens,Dresses
https://www.awin1.com/pclick.php?p=36365766626&a=2771700&m=24726,Goddiva Long Sleeve Sequin Flame Maxi - Champagne,36365766626,DR3486-CHAMPAGNE-10,https://cdn.shopify.com/s/files/1/0487/8834/0899/files/DR3486_CHAMPAGNE_2396_front_1763479602.jpg,"For that elegant black tie event, this champagne long sleeve sequin maxi will be the perfect addition to your wardrobe. The Long Sleeve Sequin Flame Maxi is a gorgeous evening dress with an elegant and classy look. It features a sheer mesh round neckline and sheer long sleeves, which highlight the elegance of the wearer. The sequin detailing of this formal champagne gown sparkles brilliantly in the light, adding a touch of glamour to your look. With its delicate mesh and sparkling sequin embellishment, designed in a flame pattern, this dress is the hottest dress of the season! This sparkling number is a must-buy for your upcoming events this season; whether it be for a black tie event, prom, wedding or formal party, this is the only gown you need.",Dresses,150,Goddiva,24726,Women's Dresses & Skirts,198,https://images2.productserve.com/?w=200&h=200&bg=white&trim=5&t=letterbox&url=ssl%3Acdn.shopify.com%2Fs%2Ffiles%2F1%2F0487%2F8834%2F0899%2Ffiles%2FDR3486_CHAMPAGNE_2396_front_1763479602.jpg&feedId=62769&k=7c8c13db1f5db69b3738a736c28b8dcbdcfe97fc,USD,,"Over $120 - Free Delivery, Less than $120 - $12",https://goddiva.us/products/goddiva-long-sleeve-sequin-flame-maxi-champagne,,,USD240,62769,Goddiva,1,,,,,,Womens,Dresses
https://www.awin1.com/pclick.php?p=36365766739&a=2771700&m=24726,Goddiva Twisted Front Sequin Maxi Dress - Blush,36365766739,DR2723-BLUSH-10,https://cdn.shopify.com/s/files/1/0487/8834/0899/files/DR2723_BLUSHPINK_1331_front_1763480804.jpg,"Slip into this sequin number and feel like you are on the stage accepting the award for the best dressed woman in the 21st century! This dazzling blush sequin maxi dress is the definition of affordable high end fashion. This twisted front sequin maxi dress is a great choice for bridesmaids, prom and black tie events. In its romantic blush color, this long sequin gown will have you stealing the show at every event. With its plunging v-neckline, twisted front knot detailing and mermaid hem, this evening occasion worthy maxi dress is a definite show stopper, especially in its gorgeous blush color. Showered with dazzling sequins, this long evening maxi dress is elegant yet daring, classy yet tantalising. The perfect attire to own the dance floor at the occasion of the year.",Dresses,170,Goddiva,24726,Women's Dresses & Skirts,198,https://images2.productserve.com/?w=200&h=200&bg=white&trim=5&t=letterbox&url=ssl%3Acdn.shopify.com%2Fs%2Ffiles%2F1%2F0487%2F8834%2F0899%2Ffiles%2FDR2723_BLUSHPINK_1331_front_1763480804.jpg&feedId=62769&k=6a0444cea3d6aee279ade20b5d8be4528ab4c6c3,USD,,"Over $120 - Free Delivery, Less than $120 - $12",https://goddiva.us/products/goddiva-twisted-front-sequin-maxi-blush,,,USD170,62769,Goddiva,1,,,,,,Womens,Dresses
https://www.awin1.com/pclick.php?p=36365766676&a=2771700&m=24726,Goddiva Plunge V-Neck Sequin Maxi - Burgundy,36365766676,DR3833-BURGUNDY-10,https://cdn.shopify.com/s/files/1/0487/8834/0899/files/DR3833_burgundy_front_1729679666.jpg,"Our Plunge V-Neck Sequin Maxi, a spellbinding blend of glamour and style. With a daring plunging v-neckline that exudes confidence, this burgundy dress is designed to make you shine at every event. The keyhole detail on the back adds an intriguing touch, leaving a lasting impression. The pleated gathered detailing on the skirt creates a mesmerizing flow, adding an element of sophistication to the ensemble. With long sleeves that strike a perfect balance between modesty and allure, this burgundy fitted yet stretchy sequin style is not just about aesthetics but also comfort. This dress is more than a fashion statement; it's an embodiment of grace and charm. Whether you're a bridesmaid, wedding guest, attending a black-tie affair, celebrating a birthday, or revelling in the spirit of Christmas, this wine dress is your ultimate companion. Its versatility knows no bounds, and it's lined sequin design ensures you shine effortlessly, wherever you go. Elevate your presence and make every moment unforgettable in our Plunge V-Neck Sequin Maxi.",Dresses,116,Goddiva,24726,Women's Dresses & Skirts,198,https://images2.productserve.com/?w=200&h=200&bg=white&trim=5&t=letterbox&url=ssl%3Acdn.shopify.com%2Fs%2Ffiles%2F1%2F0487%2F8834%2F0899%2Ffiles%2FDR3833_burgundy_front_1729679666.jpg&feedId=62769&k=af99584ca6fd9bc79994a5427f239f518da1c904,USD,,"Over $120 - Free Delivery, Less than $120 - $12",https://goddiva.us/products/goddiva-plunge-v-neck-sequin-maxi-burgundy,,,USD220,62769,Goddiva,1,,,,,,Womens,Dresses
https://www.awin1.com/pclick.php?p=36365766738&a=2771700&m=24726,Goddiva Twisted Front Sequin Maxi Dress - Blush,36365766738,DR2723-BLUSH-8,https://cdn.shopify.com/s/files/1/0487/8834/0899/files/DR2723_BLUSHPINK_1331_front_1763480804.jpg,"Slip into this sequin number and feel like you are on the stage accepting the award for the best dressed woman in the 21st century! This dazzling blush sequin maxi dress is the definition of affordable high end fashion. This twisted front sequin maxi dress is a great choice for bridesmaids, prom and black tie events. In its romantic blush color, this long sequin gown will have you stealing the show at every event. With its plunging v-neckline, twisted front knot detailing and mermaid hem, this evening occasion worthy maxi dress is a definite show stopper, especially in its gorgeous blush color. Showered with dazzling sequins, this long evening maxi dress is elegant yet daring, classy yet tantalising. The perfect attire to own the dance floor at the occasion of the year.",Dresses,170,Goddiva,24726,Women's Dresses & Skirts,198,https://images2.productserve.com/?w=200&h=200&bg=white&trim=5&t=letterbox&url=ssl%3Acdn.shopify.com%2Fs%2Ffiles%2F1%2F0487%2F8834%2F0899%2Ffiles%2FDR2723_BLUSHPINK_1331_front_1763480804.jpg&feedId=62769&k=6a0444cea3d6aee279ade20b5d8be4528ab4c6c3,USD,,"Over $120 - Free Delivery, Less than $120 - $12",https://goddiva.us/products/goddiva-twisted-front-sequin-maxi-blush,,,USD170,62769,Goddiva,1,,,,,,Womens,Dresses
https://www.awin1.com/pclick.php?p=36365766632&a=2771700&m=24726,Goddiva Long Sleeve Sequin Flame Maxi - Emerald Green,36365766632,DR3486-EMERALD-10,https://cdn.shopify.com/s/files/1/0487/8834/0899/files/DR3486_EMERALD_1368_front_1761931010.jpg,"For that elegant black tie event, this emerald long sleeve sequin maxi will be the perfect addition to your wardrobe. The Long Sleeve Sequin Flame Maxi is a gorgeous evening dress with an elegant and classy look. It features a sheer mesh round neckline and sheer long sleeves, which highlight the elegance of the wearer. The sequin detailing of this formal emerald gown sparkles brilliantly in the light, adding a touch of glamour to your look. With its delicate mesh and sparkling sequin embellishment, designed in a flame pattern, this dress is the hottest dress of the season! This sparkling number is a must-buy for your upcoming events this season; whether it be for a black tie event, prom, wedding or formal party, this is the only gown you need.",Dresses,168,Goddiva,24726,Women's Dresses & Skirts,198,https://images2.productserve.com/?w=200&h=200&bg=white&trim=5&t=letterbox&url=ssl%3Acdn.shopify.com%2Fs%2Ffiles%2F1%2F0487%2F8834%2F0899%2Ffiles%2FDR3486_EMERALD_1368_front_1761931010.jpg&feedId=62769&k=69ad797cd69e79d46817bcd4592da6d6f7825233,USD,,"Over $120 - Free Delivery, Less than $120 - $12",https://goddiva.us/products/goddiva-long-sleeve-sequin-flame-maxi-emerald,,,USD240,62769,Goddiva,1,,,,,,Womens,Dresses
https://www.awin1.com/pclick.php?p=36365766740&a=2771700&m=24726,Goddiva Twisted Front Sequin Maxi Dress - Blush,36365766740,DR2723-BLUSH-12,https://cdn.shopify.com/s/files/1/0487/8834/0899/files/DR2723_BLUSHPINK_1331_front_1763480804.jpg,"Slip into this sequin number and feel like you are on the stage accepting the award for the best dressed woman in the 21st century! This dazzling blush sequin maxi dress is the definition of affordable high end fashion. This twisted front sequin maxi dress is a great choice for bridesmaids, prom and black tie events. In its romantic blush color, this long sequin gown will have you stealing the show at every event. With its plunging v-neckline, twisted front knot detailing and mermaid hem, this evening occasion worthy maxi dress is a definite show stopper, especially in its gorgeous blush color. Showered with dazzling sequins, this long evening maxi dress is elegant yet daring, classy yet tantalising. The perfect attire to own the dance floor at the occasion of the year.",Dresses,170,Goddiva,24726,Women's Dresses & Skirts,198,https://images2.productserve.com/?w=200&h=200&bg=white&trim=5&t=letterbox&url=ssl%3Acdn.shopify.com%2Fs%2Ffiles%2F1%2F0487%2F8834%2F0899%2Ffiles%2FDR2723_BLUSHPINK_1331_front_1763480804.jpg&feedId=62769&k=6a0444cea3d6aee279ade20b5d8be4528ab4c6c3,USD,,"Over $120 - Free Delivery, Less than $120 - $12",https://goddiva.us/products/goddiva-twisted-front-sequin-maxi-blush,,,USD170,62769,Goddiva,1,,,,,,Womens,Dresses
https://www.awin1.com/pclick.php?p=36365766741&a=2771700&m=24726,Goddiva Twisted Front Sequin Maxi Dress - Blush,36365766741,DR2723-BLUSH-14,https://cdn.shopify.com/s/files/1/0487/8834/0899/files/DR2723_BLUSHPINK_1331_front_1763480804.jpg,"Slip into this sequin number and feel like you are on the stage accepting the award for the best dressed woman in the 21st century! This dazzling blush sequin maxi dress is the definition of affordable high end fashion. This twisted front sequin maxi dress is a great choice for bridesmaids, prom and black tie events. In its romantic blush color, this long sequin gown will have you stealing the show at every event. With its plunging v-neckline, twisted front knot detailing and mermaid hem, this evening occasion worthy maxi dress is a definite show stopper, especially in its gorgeous blush color. Showered with dazzling sequins, this long evening maxi dress is elegant yet daring, classy yet tantalising. The perfect attire to own the dance floor at the occasion of the year.",Dresses,170,Goddiva,24726,Women's Dresses & Skirts,198,https://images2.productserve.com/?w=200&h=200&bg=white&trim=5&t=letterbox&url=ssl%3Acdn.shopify.com%2Fs%2Ffiles%2F1%2F0487%2F8834%2F0899%2Ffiles%2FDR2723_BLUSHPINK_1331_front_1763480804.jpg&feedId=62769&k=6a0444cea3d6aee279ade20b5d8be4528ab4c6c3,USD,,"Over $120 - Free Delivery, Less than $120 - $12",https://goddiva.us/products/goddiva-twisted-front-sequin-maxi-blush,,,USD170,62769,Goddiva,1,,,,,,Womens,Dresses
https://www.awin1.com/pclick.php?p=36365766640&a=2771700&m=24726,Goddiva Long Sleeve Sequin Flame Maxi - Gold,36365766640,DR3486-GOLD-14,https://cdn.shopify.com/s/files/1/0487/8834/0899/files/DR3486_GOLD_2358_front_1763479579.jpg,"For that elegant black tie event, this gold long sleeve sequin maxi will be the perfect addition to your wardrobe. The Long Sleeve Sequin Flame Maxi is a gorgeous evening dress with an elegant and classy look. It features a sheer mesh round neckline and sheer long sleeves, which highlight the elegance of the wearer. The sequin detailing of this formal gold gown sparkles brilliantly in the light, adding a touch of glamour to your look. With its delicate mesh and sparkling sequin embellishment, designed in a flame pattern, this dress is the hottest dress of the season! This sparkling number is a must-buy for your upcoming events this season; whether it be for a black tie event, prom, wedding or formal party, this is the only gown you need.",Dresses,150,Goddiva,24726,Women's Dresses & Skirts,198,https://images2.productserve.com/?w=200&h=200&bg=white&trim=5&t=letterbox&url=ssl%3Acdn.shopify.com%2Fs%2Ffiles%2F1%2F0487%2F8834%2F0899%2Ffiles%2FDR3486_GOLD_2358_front_1763479579.jpg&feedId=62769&k=88ad5804267678f28dd4e5f5f58f7f0c10861ae4,USD,,"Over $120 - Free Delivery, Less than $120 - $12",https://goddiva.us/products/goddiva-long-sleeve-sequin-flame-maxi-gold,,,USD240,62769,Goddiva,1,,,,,,Womens,Dresses
https://www.awin1.com/pclick.php?p=36365766628&a=2771700&m=24726,Goddiva Long Sleeve Sequin Flame Maxi - Champagne,36365766628,DR3486-CHAMPAGNE-14,https://cdn.shopify.com/s/files/1/0487/8834/0899/files/DR3486_CHAMPAGNE_2396_front_1763479602.jpg,"For that elegant black tie event, this champagne long sleeve sequin maxi will be the perfect addition to your wardrobe. The Long Sleeve Sequin Flame Maxi is a gorgeous evening dress with an elegant and classy look. It features a sheer mesh round neckline and sheer long sleeves, which highlight the elegance of the wearer. The sequin detailing of this formal champagne gown sparkles brilliantly in the light, adding a touch of glamour to your look. With its delicate mesh and sparkling sequin embellishment, designed in a flame pattern, this dress is the hottest dress of the season! This sparkling number is a must-buy for your upcoming events this season; whether it be for a black tie event, prom, wedding or formal party, this is the only gown you need.",Dresses,150,Goddiva,24726,Women's Dresses & Skirts,198,https://images2.productserve.com/?w=200&h=200&bg=white&trim=5&t=letterbox&url=ssl%3Acdn.shopify.com%2Fs%2Ffiles%2F1%2F0487%2F8834%2F0899%2Ffiles%2FDR3486_CHAMPAGNE_2396_front_1763479602.jpg&feedId=62769&k=7c8c13db1f5db69b3738a736c28b8dcbdcfe97fc,USD,,"Over $120 - Free Delivery, Less than $120 - $12",https://goddiva.us/products/goddiva-long-sleeve-sequin-flame-maxi-champagne,,,USD240,62769,Goddiva,1,,,,,,Womens,Dresses
https://www.awin1.com/pclick.php?p=36365766675&a=2771700&m=24726,Goddiva Plunge V-Neck Sequin Maxi - Burgundy,36365766675,DR3833-BURGUNDY-8,https://cdn.shopify.com/s/files/1/0487/8834/0899/files/DR3833_burgundy_front_1729679666.jpg,"Our Plunge V-Neck Sequin Maxi, a spellbinding blend of glamour and style. With a daring plunging v-neckline that exudes confidence, this burgundy dress is designed to make you shine at every event. The keyhole detail on the back adds an intriguing touch, leaving a lasting impression. The pleated gathered detailing on the skirt creates a mesmerizing flow, adding an element of sophistication to the ensemble. With long sleeves that strike a perfect balance between modesty and allure, this burgundy fitted yet stretchy sequin style is not just about aesthetics but also comfort. This dress is more than a fashion statement; it's an embodiment of grace and charm. Whether you're a bridesmaid, wedding guest, attending a black-tie affair, celebrating a birthday, or revelling in the spirit of Christmas, this wine dress is your ultimate companion. Its versatility knows no bounds, and it's lined sequin design ensures you shine effortlessly, wherever you go. Elevate your presence and make every moment unforgettable in our Plunge V-Neck Sequin Maxi.",Dresses,116,Goddiva,24726,Women's Dresses & Skirts,198,https://images2.productserve.com/?w=200&h=200&bg=white&trim=5&t=letterbox&url=ssl%3Acdn.shopify.com%2Fs%2Ffiles%2F1%2F0487%2F8834%2F0899%2Ffiles%2FDR3833_burgundy_front_1729679666.jpg&feedId=62769&k=af99584ca6fd9bc79994a5427f239f518da1c904,USD,,"Over $120 - Free Delivery, Less than $120 - $12",https://goddiva.us/products/goddiva-plunge-v-neck-sequin-maxi-burgundy,,,USD220,62769,Goddiva,1,,,,,,Womens,Dresses
https://www.awin1.com/pclick.php?p=36412440914&a=2771700&m=24726,Goddiva Sequin Cowl Neck Midi Dress - Navy,36412440914,DR3321-NAVY-6,https://cdn.shopify.com/s/files/1/0487/8834/0899/files/DR3321A_NAVY_1422_front_1757331155.jpg,"Party season is here and you know what that means, It's time for a new sequin dress! This unreal sequin cowl neck midi dress by Goddiva will be your bestie this cocktail season. In its classic navy color, this date night worthy number is ticking all boxes. This jaw-dropping number is doing bits this season. This versatile style is designed to be worn on the shoulder, off the shoulder or off the shoulder, making it the only dress you need this season. A hands down winner for date nights, wedding guest, cocktails with friends, Christmas gatherings and even NYE celebrations, this dress will serve you the way you need to be served, having all eyes on you. With its never failing navy color, this short evening dress is made to be worn all year round for any occasion.",Dresses,170,Goddiva,24726,Women's Dresses & Skirts,198,https://images2.productserve.com/?w=200&h=200&bg=white&trim=5&t=letterbox&url=ssl%3Acdn.shopify.com%2Fs%2Ffiles%2F1%2F0487%2F8834%2F0899%2Ffiles%2FDR3321A_NAVY_1422_front_1757331155.jpg&feedId=62769&k=8194458dad5afd7b632ffe619e7ff10b05cea981,USD,,"Over $120 - Free Delivery, Less than $120 - $12",https://goddiva.us/products/goddiva-sequin-cowl-neck-midi-dress-navy,,,USD170,62769,Goddiva,1,,,,,,Womens,Dresses
https://www.awin1.com/pclick.php?p=36412440846&a=2771700&m=24726,Goddiva Cowl Back Sequin Maxi - Burgundy,36412440846,DR3191-BURGUNDY-8,https://cdn.shopify.com/s/files/1/0487/8834/0899/files/DR3191_BURGUNDY_1650_front_1761930516.jpg,"Elevate your elegance with our stunning Cowl Back Sequin Maxi Dress. Drenched in the allure of sequins, this burgundy dress is a masterpiece that guarantees to make your presence unforgettable at any formal evening affair. Embrace the magic of the night as you slip into the alluring world of sequins that enrobe this dress from top to bottom. The captivating play of light and shadow on the sequins creates an entrancing aura, ensuring all eyes are irresistibly drawn to you. The capped sleeves of the dress offer a touch of modesty while maintaining a graceful silhouette. The sequins continue to delicately grace the sleeves, adding a harmonious balance to the ensemble. What truly sets this dress apart is the bewitching cowl back design. Draping elegantly, it adds an element of surprise and sensuality, revealing a glimpse of skin while leaving much to the imagination. The duality of demure and daring is expertly captured in this single design element. As you step into this burgundy dress, you step into a realm of opulence and charisma. Be prepared to mesmerize the crowd and leave an indelible mark on every formal occasion you grace. The Cowl Back Sequin Maxi Dress is more than an ensemble; it's an expression of your impeccable taste and unwavering confidence.",Dresses,170,Goddiva,24726,Women's Dresses & Skirts,198,https://images2.productserve.com/?w=200&h=200&bg=white&trim=5&t=letterbox&url=ssl%3Acdn.shopify.com%2Fs%2Ffiles%2F1%2F0487%2F8834%2F0899%2Ffiles%2FDR3191_BURGUNDY_1650_front_1761930516.jpg&feedId=62769&k=8d224af302fa1f92da9341a393525fc0b80321c0,USD,,"Over $120 - Free Delivery, Less than $120 - $12",https://goddiva.us/products/goddiva-cowl-back-sequin-maxi-burgundy,,,USD170,62769,Goddiva,1,,,,,,Womens,Dresses
https://www.awin1.com/pclick.php?p=36412440848&a=2771700&m=24726,Goddiva Cowl Back Sequin Maxi - Burgundy,36412440848,DR3191-BURGUNDY-12,https://cdn.shopify.com/s/files/1/0487/8834/0899/files/DR3191_BURGUNDY_1650_front_1761930516.jpg,"Elevate your elegance with our stunning Cowl Back Sequin Maxi Dress. Drenched in the allure of sequins, this burgundy dress is a masterpiece that guarantees to make your presence unforgettable at any formal evening affair. Embrace the magic of the night as you slip into the alluring world of sequins that enrobe this dress from top to bottom. The captivating play of light and shadow on the sequins creates an entrancing aura, ensuring all eyes are irresistibly drawn to you. The capped sleeves of the dress offer a touch of modesty while maintaining a graceful silhouette. The sequins continue to delicately grace the sleeves, adding a harmonious balance to the ensemble. What truly sets this dress apart is the bewitching cowl back design. Draping elegantly, it adds an element of surprise and sensuality, revealing a glimpse of skin while leaving much to the imagination. The duality of demure and daring is expertly captured in this single design element. As you step into this burgundy dress, you step into a realm of opulence and charisma. Be prepared to mesmerize the crowd and leave an indelible mark on every formal occasion you grace. The Cowl Back Sequin Maxi Dress is more than an ensemble; it's an expression of your impeccable taste and unwavering confidence.",Dresses,170,Goddiva,24726,Women's Dresses & Skirts,198,https://images2.productserve.com/?w=200&h=200&bg=white&trim=5&t=letterbox&url=ssl%3Acdn.shopify.com%2Fs%2Ffiles%2F1%2F0487%2F8834%2F0899%2Ffiles%2FDR3191_BURGUNDY_1650_front_1761930516.jpg&feedId=62769&k=8d224af302fa1f92da9341a393525fc0b80321c0,USD,,"Over $120 - Free Delivery, Less than $120 - $12",https://goddiva.us/products/goddiva-cowl-back-sequin-maxi-burgundy,,,USD170,62769,Goddiva,1,,,,,,Womens,Dresses
https://www.awin1.com/pclick.php?p=36412440847&a=2771700&m=24726,Goddiva Cowl Back Sequin Maxi - Burgundy,36412440847,DR3191-BURGUNDY-10,https://cdn.shopify.com/s/files/1/0487/8834/0899/files/DR3191_BURGUNDY_1650_front_1761930516.jpg,"Elevate your elegance with our stunning Cowl Back Sequin Maxi Dress. Drenched in the allure of sequins, this burgundy dress is a masterpiece that guarantees to make your presence unforgettable at any formal evening affair. Embrace the magic of the night as you slip into the alluring world of sequins that enrobe this dress from top to bottom. The captivating play of light and shadow on the sequins creates an entrancing aura, ensuring all eyes are irresistibly drawn to you. The capped sleeves of the dress offer a touch of modesty while maintaining a graceful silhouette. The sequins continue to delicately grace the sleeves, adding a harmonious balance to the ensemble. What truly sets this dress apart is the bewitching cowl back design. Draping elegantly, it adds an element of surprise and sensuality, revealing a glimpse of skin while leaving much to the imagination. The duality of demure and daring is expertly captured in this single design element. As you step into this burgundy dress, you step into a realm of opulence and charisma. Be prepared to mesmerize the crowd and leave an indelible mark on every formal occasion you grace. The Cowl Back Sequin Maxi Dress is more than an ensemble; it's an expression of your impeccable taste and unwavering confidence.",Dresses,170,Goddiva,24726,Women's Dresses & Skirts,198,https://images2.productserve.com/?w=200&h=200&bg=white&trim=5&t=letterbox&url=ssl%3Acdn.shopify.com%2Fs%2Ffiles%2F1%2F0487%2F8834%2F0899%2Ffiles%2FDR3191_BURGUNDY_1650_front_1761930516.jpg&feedId=62769&k=8d224af302fa1f92da9341a393525fc0b80321c0,USD,,"Over $120 - Free Delivery, Less than $120 - $12",https://goddiva.us/products/goddiva-cowl-back-sequin-maxi-burgundy,,,USD170,62769,Goddiva,1,,,,,,Womens,Dresses
https://www.awin1.com/pclick.php?p=36412440849&a=2771700&m=24726,Goddiva Cowl Back Sequin Maxi - Burgundy,36412440849,DR3191-BURGUNDY-14,https://cdn.shopify.com/s/files/1/0487/8834/0899/files/DR3191_BURGUNDY_1650_front_1761930516.jpg,"Elevate your elegance with our stunning Cowl Back Sequin Maxi Dress. Drenched in the allure of sequins, this burgundy dress is a masterpiece that guarantees to make your presence unforgettable at any formal evening affair. Embrace the magic of the night as you slip into the alluring world of sequins that enrobe this dress from top to bottom. The captivating play of light and shadow on the sequins creates an entrancing aura, ensuring all eyes are irresistibly drawn to you. The capped sleeves of the dress offer a touch of modesty while maintaining a graceful silhouette. The sequins continue to delicately grace the sleeves, adding a harmonious balance to the ensemble. What truly sets this dress apart is the bewitching cowl back design. Draping elegantly, it adds an element of surprise and sensuality, revealing a glimpse of skin while leaving much to the imagination. The duality of demure and daring is expertly captured in this single design element. As you step into this burgundy dress, you step into a realm of opulence and charisma. Be prepared to mesmerize the crowd and leave an indelible mark on every formal occasion you grace. The Cowl Back Sequin Maxi Dress is more than an ensemble; it's an expression of your impeccable taste and unwavering confidence.",Dresses,170,Goddiva,24726,Women's Dresses & Skirts,198,https://images2.productserve.com/?w=200&h=200&bg=white&trim=5&t=letterbox&url=ssl%3Acdn.shopify.com%2Fs%2Ffiles%2F1%2F0487%2F8834%2F0899%2Ffiles%2FDR3191_BURGUNDY_1650_front_1761930516.jpg&feedId=62769&k=8d224af302fa1f92da9341a393525fc0b80321c0,USD,,"Over $120 - Free Delivery, Less than $120 - $12",https://goddiva.us/products/goddiva-cowl-back-sequin-maxi-burgundy,,,USD170,62769,Goddiva,1,,,,,,Womens,Dresses
https://www.awin1.com/pclick.php?p=36426397536&a=2771700&m=24726,Goddiva Liquid Sequin Corsage Maxi - Emerald Green,36426397536,DR4056-EMERALD-8,https://cdn.shopify.com/s/files/1/0487/8834/0899/files/DR4056_EMERALD_1182_front_1754300203.jpg,"Radiate glamour and confidence in the Goddiva Liquid Sequin Corsage Maxi Dress from our new Old Hollywood Collection. It is the embodiment of evening dresses. This stunning emerald dress features a captivating plunge v-neckline, elegant long sleeves, a luxurious velvet waistband, and a charming corsage detail, making it the ultimate choice for formal parties, formal events, prom, black tie affairs, and exquisite Galas. With its liquid sequin allure, this emerald evening occasion dress exudes sophistication and style. The plunge v-neckline adds a touch of allure, while the velvet waistband cinches your silhouette, creating a timeless and flattering look. Our Liquid Sequin Corsage Maxi Dress is your top pick for making a grand entrance at any formal gathering. Whether you're attending a black-tie Gala or celebrating a special prom night, this emerald dress ensures you shine with grace and poise. Choose this exceptional sequin dress to make every occasion extraordinary.",Dresses,116,Goddiva,24726,Women's Dresses & Skirts,198,https://images2.productserve.com/?w=200&h=200&bg=white&trim=5&t=letterbox&url=ssl%3Acdn.shopify.com%2Fs%2Ffiles%2F1%2F0487%2F8834%2F0899%2Ffiles%2FDR4056_EMERALD_1182_front_1754300203.jpg&feedId=62769&k=edff731e6c7a17b829c22e6bb8f218857d748138,USD,,"Over $120 - Free Delivery, Less than $120 - $12",https://goddiva.us/products/goddiva-liquid-sequin-corsage-maxi-emerald,,,USD170,62769,Goddiva,1,,,,,,Womens,Dresses
https://www.awin1.com/pclick.php?p=36426397539&a=2771700&m=24726,Goddiva Liquid Sequin Corsage Maxi - Emerald Green,36426397539,DR4056-EMERALD-14,https://cdn.shopify.com/s/files/1/0487/8834/0899/files/DR4056_EMERALD_1182_front_1754300203.jpg,"Radiate glamour and confidence in the Goddiva Liquid Sequin Corsage Maxi Dress from our new Old Hollywood Collection. It is the embodiment of evening dresses. This stunning emerald dress features a captivating plunge v-neckline, elegant long sleeves, a luxurious velvet waistband, and a charming corsage detail, making it the ultimate choice for formal parties, formal events, prom, black tie affairs, and exquisite Galas. With its liquid sequin allure, this emerald evening occasion dress exudes sophistication and style. The plunge v-neckline adds a touch of allure, while the velvet waistband cinches your silhouette, creating a timeless and flattering look. Our Liquid Sequin Corsage Maxi Dress is your top pick for making a grand entrance at any formal gathering. Whether you're attending a black-tie Gala or celebrating a special prom night, this emerald dress ensures you shine with grace and poise. Choose this exceptional sequin dress to make every occasion extraordinary.",Dresses,116,Goddiva,24726,Women's Dresses & Skirts,198,https://images2.productserve.com/?w=200&h=200&bg=white&trim=5&t=letterbox&url=ssl%3Acdn.shopify.com%2Fs%2Ffiles%2F1%2F0487%2F8834%2F0899%2Ffiles%2FDR4056_EMERALD_1182_front_1754300203.jpg&feedId=62769&k=edff731e6c7a17b829c22e6bb8f218857d748138,USD,,"Over $120 - Free Delivery, Less than $120 - $12",https://goddiva.us/products/goddiva-liquid-sequin-corsage-maxi-emerald,,,USD170,62769,Goddiva,1,,,,,,Womens,Dresses
https://www.awin1.com/pclick.php?p=36426397537&a=2771700&m=24726,Goddiva Liquid Sequin Corsage Maxi - Emerald Green,36426397537,DR4056-EMERALD-10,https://cdn.shopify.com/s/files/1/0487/8834/0899/files/DR4056_EMERALD_1182_front_1754300203.jpg,"Radiate glamour and confidence in the Goddiva Liquid Sequin Corsage Maxi Dress from our new Old Hollywood Collection. It is the embodiment of evening dresses. This stunning emerald dress features a captivating plunge v-neckline, elegant long sleeves, a luxurious velvet waistband, and a charming corsage detail, making it the ultimate choice for formal parties, formal events, prom, black tie affairs, and exquisite Galas. With its liquid sequin allure, this emerald evening occasion dress exudes sophistication and style. The plunge v-neckline adds a touch of allure, while the velvet waistband cinches your silhouette, creating a timeless and flattering look. Our Liquid Sequin Corsage Maxi Dress is your top pick for making a grand entrance at any formal gathering. Whether you're attending a black-tie Gala or celebrating a special prom night, this emerald dress ensures you shine with grace and poise. Choose this exceptional sequin dress to make every occasion extraordinary.",Dresses,116,Goddiva,24726,Women's Dresses & Skirts,198,https://images2.productserve.com/?w=200&h=200&bg=white&trim=5&t=letterbox&url=ssl%3Acdn.shopify.com%2Fs%2Ffiles%2F1%2F0487%2F8834%2F0899%2Ffiles%2FDR4056_EMERALD_1182_front_1754300203.jpg&feedId=62769&k=edff731e6c7a17b829c22e6bb8f218857d748138,USD,,"Over $120 - Free Delivery, Less than $120 - $12",https://goddiva.us/products/goddiva-liquid-sequin-corsage-maxi-emerald,,,USD170,62769,Goddiva,1,,,,,,Womens,Dresses
https://www.awin1.com/pclick.php?p=36426397750&a=2771700&m=24726,Goddiva Square Neck Scalloped Lace Maxi - Champagne,36426397750,DR4016-CHAMPAGNE-8,https://cdn.shopify.com/s/files/1/0487/8834/0899/files/dr4016_CHAMPAGNE_front_1764590525.jpg,"Elegance meets sophistication in our Square Neck Scalloped Lace Maxi Dress, the perfect choice for evening dresses, formal dresses, and special occasion wear. This champagne dress, with its square neckline, three-quarter sleeves, and exquisite embroidered sequin detailing on the lace, is designed to make you stand out at formal parties, wedding events, and black-tie occasions. With its timeless style and attention to detail, this champagne  occasion dress is ideal for wedding guests and those who want to make a statement as the mother of the bride. The square neckline adds a touch of vintage charm, while the scalloped lace and sequin embellishments provide a subtle touch of glamour. Whether you're attending a black-tie event or a formal party, this champagne Square Neck Scalloped Lace Maxi Dress ensures you exude elegance and grace. Make every moment a special one with this stunning dress. It's your go-to choice for those unforgettable occasions where you want to feel confident and stylish.",Dresses,130,Goddiva,24726,Women's Dresses & Skirts,198,https://images2.productserve.com/?w=200&h=200&bg=white&trim=5&t=letterbox&url=ssl%3Acdn.shopify.com%2Fs%2Ffiles%2F1%2F0487%2F8834%2F0899%2Ffiles%2Fdr4016_CHAMPAGNE_front_1764590525.jpg&feedId=62769&k=92d5e468ecd6d6721685d349e23f00100fc70f5f,USD,,"Over $120 - Free Delivery, Less than $120 - $12",https://goddiva.us/products/goddiva-square-neck-scalloped-lace-maxi-champagne,,,USD190,62769,Goddiva,1,,,,,,Womens,Dresses
https://www.awin1.com/pclick.php?p=36426397763&a=2771700&m=24726,Goddiva Square Neck Scalloped Embroidered Sequin Midi Dress - Black,36426397763,DR4124-BLACK-10,https://cdn.shopify.com/s/files/1/0487/8834/0899/files/DR4124_BLACK_575_front_1759921681.jpg,"Prepare to steal the spotlight in our Square Neck Scalloped Lace Midi Dress, the ultimate choice for parties and special occasions. This charming black dress features a timeless square neckline, elegant long sleeves, and an exquisite all-over embroidered sequin design on lace, making it the ideal option for parties, mother of the bride, wedding guests, and semi-formal events. With its captivating sequin detailing, this black occasion dress radiates glamour and style. The square neckline adds a touch of vintage elegance, while the scalloped lace design provides a classic and sophisticated look. Our Square Neck Scalloped Lace Midi Dress is the perfect pick for making a memorable entrance at any special event. Whether you're a wedding guest or attending a semi-formal affair, this black dress ensures you exude confidence and grace. Choose this exceptional dress to make every occasion extraordinary.",Dresses,189,Goddiva,24726,Women's Dresses & Skirts,198,https://images2.productserve.com/?w=200&h=200&bg=white&trim=5&t=letterbox&url=ssl%3Acdn.shopify.com%2Fs%2Ffiles%2F1%2F0487%2F8834%2F0899%2Ffiles%2FDR4124_BLACK_575_front_1759921681.jpg&feedId=62769&k=f73147d97fd6d122de07378e3a0c3a55f98ac215,USD,,"Over $120 - Free Delivery, Less than $120 - $12",https://goddiva.us/products/goddiva-square-neck-scalloped-lace-midi-black,,,USD270,62769,Goddiva,1,,,,,,Womens,Dresses
https://www.awin1.com/pclick.php?p=36426397751&a=2771700&m=24726,Goddiva Square Neck Scalloped Lace Maxi - Champagne,36426397751,DR4016-CHAMPAGNE-10,https://cdn.shopify.com/s/files/1/0487/8834/0899/files/dr4016_CHAMPAGNE_front_1764590525.jpg,"Elegance meets sophistication in our Square Neck Scalloped Lace Maxi Dress, the perfect choice for evening dresses, formal dresses, and special occasion wear. This champagne dress, with its square neckline, three-quarter sleeves, and exquisite embroidered sequin detailing on the lace, is designed to make you stand out at formal parties, wedding events, and black-tie occasions. With its timeless style and attention to detail, this champagne  occasion dress is ideal for wedding guests and those who want to make a statement as the mother of the bride. The square neckline adds a touch of vintage charm, while the scalloped lace and sequin embellishments provide a subtle touch of glamour. Whether you're attending a black-tie event or a formal party, this champagne Square Neck Scalloped Lace Maxi Dress ensures you exude elegance and grace. Make every moment a special one with this stunning dress. It's your go-to choice for those unforgettable occasions where you want to feel confident and stylish.",Dresses,130,Goddiva,24726,Women's Dresses & Skirts,198,https://images2.productserve.com/?w=200&h=200&bg=white&trim=5&t=letterbox&url=ssl%3Acdn.shopify.com%2Fs%2Ffiles%2F1%2F0487%2F8834%2F0899%2Ffiles%2Fdr4016_CHAMPAGNE_front_1764590525.jpg&feedId=62769&k=92d5e468ecd6d6721685d349e23f00100fc70f5f,USD,,"Over $120 - Free Delivery, Less than $120 - $12",https://goddiva.us/products/goddiva-square-neck-scalloped-lace-maxi-champagne,,,USD190,62769,Goddiva,1,,,,,,Womens,Dresses
https://www.awin1.com/pclick.php?p=36426397762&a=2771700&m=24726,Goddiva Square Neck Scalloped Embroidered Sequin Midi Dress - Black,36426397762,DR4124-BLACK-8,https://cdn.shopify.com/s/files/1/0487/8834/0899/files/DR4124_BLACK_575_front_1759921681.jpg,"Prepare to steal the spotlight in our Square Neck Scalloped Lace Midi Dress, the ultimate choice for parties and special occasions. This charming black dress features a timeless square neckline, elegant long sleeves, and an exquisite all-over embroidered sequin design on lace, making it the ideal option for parties, mother of the bride, wedding guests, and semi-formal events. With its captivating sequin detailing, this black occasion dress radiates glamour and style. The square neckline adds a touch of vintage elegance, while the scalloped lace design provides a classic and sophisticated look. Our Square Neck Scalloped Lace Midi Dress is the perfect pick for making a memorable entrance at any special event. Whether you're a wedding guest or attending a semi-formal affair, this black dress ensures you exude confidence and grace. Choose this exceptional dress to make every occasion extraordinary.",Dresses,189,Goddiva,24726,Women's Dresses & Skirts,198,https://images2.productserve.com/?w=200&h=200&bg=white&trim=5&t=letterbox&url=ssl%3Acdn.shopify.com%2Fs%2Ffiles%2F1%2F0487%2F8834%2F0899%2Ffiles%2FDR4124_BLACK_575_front_1759921681.jpg&feedId=62769&k=f73147d97fd6d122de07378e3a0c3a55f98ac215,USD,,"Over $120 - Free Delivery, Less than $120 - $12",https://goddiva.us/products/goddiva-square-neck-scalloped-lace-midi-black,,,USD270,62769,Goddiva,1,,,,,,Womens,Dresses
https://www.awin1.com/pclick.php?p=36426397753&a=2771700&m=24726,Goddiva Square Neck Scalloped Lace Maxi - Champagne,36426397753,DR4016-CHAMPAGNE-14,https://cdn.shopify.com/s/files/1/0487/8834/0899/files/dr4016_CHAMPAGNE_front_1764590525.jpg,"Elegance meets sophistication in our Square Neck Scalloped Lace Maxi Dress, the perfect choice for evening dresses, formal dresses, and special occasion wear. This champagne dress, with its square neckline, three-quarter sleeves, and exquisite embroidered sequin detailing on the lace, is designed to make you stand out at formal parties, wedding events, and black-tie occasions. With its timeless style and attention to detail, this champagne  occasion dress is ideal for wedding guests and those who want to make a statement as the mother of the bride. The square neckline adds a touch of vintage charm, while the scalloped lace and sequin embellishments provide a subtle touch of glamour. Whether you're attending a black-tie event or a formal party, this champagne Square Neck Scalloped Lace Maxi Dress ensures you exude elegance and grace. Make every moment a special one with this stunning dress. It's your go-to choice for those unforgettable occasions where you want to feel confident and stylish.",Dresses,130,Goddiva,24726,Women's Dresses & Skirts,198,https://images2.productserve.com/?w=200&h=200&bg=white&trim=5&t=letterbox&url=ssl%3Acdn.shopify.com%2Fs%2Ffiles%2F1%2F0487%2F8834%2F0899%2Ffiles%2Fdr4016_CHAMPAGNE_front_1764590525.jpg&feedId=62769&k=92d5e468ecd6d6721685d349e23f00100fc70f5f,USD,,"Over $120 - Free Delivery, Less than $120 - $12",https://goddiva.us/products/goddiva-square-neck-scalloped-lace-maxi-champagne,,,USD190,62769,Goddiva,1,,,,,,Womens,Dresses
https://www.awin1.com/pclick.php?p=36426397538&a=2771700&m=24726,Goddiva Liquid Sequin Corsage Maxi - Emerald Green,36426397538,DR4056-EMERALD-12,https://cdn.shopify.com/s/files/1/0487/8834/0899/files/DR4056_EMERALD_1182_front_1754300203.jpg,"Radiate glamour and confidence in the Goddiva Liquid Sequin Corsage Maxi Dress from our new Old Hollywood Collection. It is the embodiment of evening dresses. This stunning emerald dress features a captivating plunge v-neckline, elegant long sleeves, a luxurious velvet waistband, and a charming corsage detail, making it the ultimate choice for formal parties, formal events, prom, black tie affairs, and exquisite Galas. With its liquid sequin allure, this emerald evening occasion dress exudes sophistication and style. The plunge v-neckline adds a touch of allure, while the velvet waistband cinches your silhouette, creating a timeless and flattering look. Our Liquid Sequin Corsage Maxi Dress is your top pick for making a grand entrance at any formal gathering. Whether you're attending a black-tie Gala or celebrating a special prom night, this emerald dress ensures you shine with grace and poise. Choose this exceptional sequin dress to make every occasion extraordinary.",Dresses,116,Goddiva,24726,Women's Dresses & Skirts,198,https://images2.productserve.com/?w=200&h=200&bg=white&trim=5&t=letterbox&url=ssl%3Acdn.shopify.com%2Fs%2Ffiles%2F1%2F0487%2F8834%2F0899%2Ffiles%2FDR4056_EMERALD_1182_front_1754300203.jpg&feedId=62769&k=edff731e6c7a17b829c22e6bb8f218857d748138,USD,,"Over $120 - Free Delivery, Less than $120 - $12",https://goddiva.us/products/goddiva-liquid-sequin-corsage-maxi-emerald,,,USD170,62769,Goddiva,1,,,,,,Womens,Dresses
https://www.awin1.com/pclick.php?p=36426397765&a=2771700&m=24726,Goddiva Square Neck Scalloped Embroidered Sequin Midi Dress - Black,36426397765,DR4124-BLACK-14,https://cdn.shopify.com/s/files/1/0487/8834/0899/files/DR4124_BLACK_575_front_1759921681.jpg,"Prepare to steal the spotlight in our Square Neck Scalloped Lace Midi Dress, the ultimate choice for parties and special occasions. This charming black dress features a timeless square neckline, elegant long sleeves, and an exquisite all-over embroidered sequin design on lace, making it the ideal option for parties, mother of the bride, wedding guests, and semi-formal events. With its captivating sequin detailing, this black occasion dress radiates glamour and style. The square neckline adds a touch of vintage elegance, while the scalloped lace design provides a classic and sophisticated look. Our Square Neck Scalloped Lace Midi Dress is the perfect pick for making a memorable entrance at any special event. Whether you're a wedding guest or attending a semi-formal affair, this black dress ensures you exude confidence and grace. Choose this exceptional dress to make every occasion extraordinary.",Dresses,189,Goddiva,24726,Women's Dresses & Skirts,198,https://images2.productserve.com/?w=200&h=200&bg=white&trim=5&t=letterbox&url=ssl%3Acdn.shopify.com%2Fs%2Ffiles%2F1%2F0487%2F8834%2F0899%2Ffiles%2FDR4124_BLACK_575_front_1759921681.jpg&feedId=62769&k=f73147d97fd6d122de07378e3a0c3a55f98ac215,USD,,"Over $120 - Free Delivery, Less than $120 - $12",https://goddiva.us/products/goddiva-square-neck-scalloped-lace-midi-black,,,USD270,62769,Goddiva,1,,,,,,Womens,Dresses
https://www.awin1.com/pclick.php?p=36426397752&a=2771700&m=24726,Goddiva Square Neck Scalloped Lace Maxi - Champagne,36426397752,DR4016-CHAMPAGNE-12,https://cdn.shopify.com/s/files/1/0487/8834/0899/files/dr4016_CHAMPAGNE_front_1764590525.jpg,"Elegance meets sophistication in our Square Neck Scalloped Lace Maxi Dress, the perfect choice for evening dresses, formal dresses, and special occasion wear. This champagne dress, with its square neckline, three-quarter sleeves, and exquisite embroidered sequin detailing on the lace, is designed to make you stand out at formal parties, wedding events, and black-tie occasions. With its timeless style and attention to detail, this champagne  occasion dress is ideal for wedding guests and those who want to make a statement as the mother of the bride. The square neckline adds a touch of vintage charm, while the scalloped lace and sequin embellishments provide a subtle touch of glamour. Whether you're attending a black-tie event or a formal party, this champagne Square Neck Scalloped Lace Maxi Dress ensures you exude elegance and grace. Make every moment a special one with this stunning dress. It's your go-to choice for those unforgettable occasions where you want to feel confident and stylish.",Dresses,130,Goddiva,24726,Women's Dresses & Skirts,198,https://images2.productserve.com/?w=200&h=200&bg=white&trim=5&t=letterbox&url=ssl%3Acdn.shopify.com%2Fs%2Ffiles%2F1%2F0487%2F8834%2F0899%2Ffiles%2Fdr4016_CHAMPAGNE_front_1764590525.jpg&feedId=62769&k=92d5e468ecd6d6721685d349e23f00100fc70f5f,USD,,"Over $120 - Free Delivery, Less than $120 - $12",https://goddiva.us/products/goddiva-square-neck-scalloped-lace-maxi-champagne,,,USD190,62769,Goddiva,1,,,,,,Womens,Dresses
https://www.awin1.com/pclick.php?p=36426397764&a=2771700&m=24726,Goddiva Square Neck Scalloped Embroidered Sequin Midi Dress - Black,36426397764,DR4124-BLACK-12,https://cdn.shopify.com/s/files/1/0487/8834/0899/files/DR4124_BLACK_575_front_1759921681.jpg,"Prepare to steal the spotlight in our Square Neck Scalloped Lace Midi Dress, the ultimate choice for parties and special occasions. This charming black dress features a timeless square neckline, elegant long sleeves, and an exquisite all-over embroidered sequin design on lace, making it the ideal option for parties, mother of the bride, wedding guests, and semi-formal events. With its captivating sequin detailing, this black occasion dress radiates glamour and style. The square neckline adds a touch of vintage elegance, while the scalloped lace design provides a classic and sophisticated look. Our Square Neck Scalloped Lace Midi Dress is the perfect pick for making a memorable entrance at any special event. Whether you're a wedding guest or attending a semi-formal affair, this black dress ensures you exude confidence and grace. Choose this exceptional dress to make every occasion extraordinary.",Dresses,189,Goddiva,24726,Women's Dresses & Skirts,198,https://images2.productserve.com/?w=200&h=200&bg=white&trim=5&t=letterbox&url=ssl%3Acdn.shopify.com%2Fs%2Ffiles%2F1%2F0487%2F8834%2F0899%2Ffiles%2FDR4124_BLACK_575_front_1759921681.jpg&feedId=62769&k=f73147d97fd6d122de07378e3a0c3a55f98ac215,USD,,"Over $120 - Free Delivery, Less than $120 - $12",https://goddiva.us/products/goddiva-square-neck-scalloped-lace-midi-black,,,USD270,62769,Goddiva,1,,,,,,Womens,Dresses
https://www.awin1.com/pclick.php?p=36455582406&a=2771700&m=24726,Goddiva Racer Neck Corsage Scuba Maxi - Red,36455582406,DR4053-RED-8,https://cdn.shopify.com/s/files/1/0487/8834/0899/files/DR4053_RED_3878_front_1770808514.jpg,"Unveil your inner elegance with the Goddiva Racer Neck Corsage Scuba Maxi Dress, a sublime choice for a spectrum of special occasions. The unique racer-style neckline and sleeveless design lend a contemporary touch to this red dress, while the exquisite corsage detail at the neck adds a distinctive charm. Constructed from luxurious scuba crepe material, this red maxi dress effortlessly skims over your body showing off your sensational silhouette. It's the ideal choice for formal parties, black-tie events, galas, proms, and even a graceful bridesmaid dress. Let your style shine at any event with the Racer Neck Corsage Scuba Maxi Dress, your versatile occasion dress that radiates sophistication and allure.",Dresses,116,Goddiva,24726,Women's Dresses & Skirts,198,https://images2.productserve.com/?w=200&h=200&bg=white&trim=5&t=letterbox&url=ssl%3Acdn.shopify.com%2Fs%2Ffiles%2F1%2F0487%2F8834%2F0899%2Ffiles%2FDR4053_RED_3878_front_1770808514.jpg&feedId=62769&k=50341ef97083dd5651653e1157627bbe37892222,USD,,"Over $120 - Free Delivery, Less than $120 - $12",https://goddiva.us/products/goddiva-racer-neck-corsage-scuba-maxi-red,,,USD116,62769,Goddiva,1,,,,,,Womens,Dresses
https://www.awin1.com/pclick.php?p=36455582408&a=2771700&m=24726,Goddiva Racer Neck Corsage Scuba Maxi - Red,36455582408,DR4053-RED-12,https://cdn.shopify.com/s/files/1/0487/8834/0899/files/DR4053_RED_3878_front_1770808514.jpg,"Unveil your inner elegance with the Goddiva Racer Neck Corsage Scuba Maxi Dress, a sublime choice for a spectrum of special occasions. The unique racer-style neckline and sleeveless design lend a contemporary touch to this red dress, while the exquisite corsage detail at the neck adds a distinctive charm. Constructed from luxurious scuba crepe material, this red maxi dress effortlessly skims over your body showing off your sensational silhouette. It's the ideal choice for formal parties, black-tie events, galas, proms, and even a graceful bridesmaid dress. Let your style shine at any event with the Racer Neck Corsage Scuba Maxi Dress, your versatile occasion dress that radiates sophistication and allure.",Dresses,116,Goddiva,24726,Women's Dresses & Skirts,198,https://images2.productserve.com/?w=200&h=200&bg=white&trim=5&t=letterbox&url=ssl%3Acdn.shopify.com%2Fs%2Ffiles%2F1%2F0487%2F8834%2F0899%2Ffiles%2FDR4053_RED_3878_front_1770808514.jpg&feedId=62769&k=50341ef97083dd5651653e1157627bbe37892222,USD,,"Over $120 - Free Delivery, Less than $120 - $12",https://goddiva.us/products/goddiva-racer-neck-corsage-scuba-maxi-red,,,USD116,62769,Goddiva,1,,,,,,Womens,Dresses
https://www.awin1.com/pclick.php?p=36455582407&a=2771700&m=24726,Goddiva Racer Neck Corsage Scuba Maxi - Red,36455582407,DR4053-RED-10,https://cdn.shopify.com/s/files/1/0487/8834/0899/files/DR4053_RED_3878_front_1770808514.jpg,"Unveil your inner elegance with the Goddiva Racer Neck Corsage Scuba Maxi Dress, a sublime choice for a spectrum of special occasions. The unique racer-style neckline and sleeveless design lend a contemporary touch to this red dress, while the exquisite corsage detail at the neck adds a distinctive charm. Constructed from luxurious scuba crepe material, this red maxi dress effortlessly skims over your body showing off your sensational silhouette. It's the ideal choice for formal parties, black-tie events, galas, proms, and even a graceful bridesmaid dress. Let your style shine at any event with the Racer Neck Corsage Scuba Maxi Dress, your versatile occasion dress that radiates sophistication and allure.",Dresses,116,Goddiva,24726,Women's Dresses & Skirts,198,https://images2.productserve.com/?w=200&h=200&bg=white&trim=5&t=letterbox&url=ssl%3Acdn.shopify.com%2Fs%2Ffiles%2F1%2F0487%2F8834%2F0899%2Ffiles%2FDR4053_RED_3878_front_1770808514.jpg&feedId=62769&k=50341ef97083dd5651653e1157627bbe37892222,USD,,"Over $120 - Free Delivery, Less than $120 - $12",https://goddiva.us/products/goddiva-racer-neck-corsage-scuba-maxi-red,,,USD116,62769,Goddiva,1,,,,,,Womens,Dresses
https://www.awin1.com/pclick.php?p=36479136268&a=2771700&m=24726,Goddiva Floral Sequin Mesh Maxi - Gold,36479136268,DR4041-GOLD-14,https://cdn.shopify.com/s/files/1/0487/8834/0899/files/DR4041_GOLD_1627_front_1761303073.jpg,"Elevate your evening look with our exquisite Floral Sequin Mesh Maxi Dress. This stunning gown, available in gold, boasts a classic round neckline and elegant long sleeves. It's the ideal choice for a wide range of occasions, including formal events, black-tie soires, special gatherings, and even prom night. The captivating floral sequin pattern adorning this gold dress glistens and shimmers beautifully under the evening lights, ensuring you'll be the centre of attention wherever you go. This sequin night dress seamlessly combines sophistication and style, making it the perfect addition to your evening wardrobe. Designed to provide not only a touch of glamour but also unmatched comfort, this gold evening dress masterpiece will make you look and feel your best at every special event. Embrace the allure of the night with this unique blend of maxi dresses and glamour. Whether you're attending a high-society gala or a red-carpet affair, our Floral Sequin Mesh Maxi Dress is your ticket to making a lasting impression. Don't settle for ordinary maxi dresses; choose our Floral Sequin Mesh Maxi Dress to ensure you stand out and leave a lasting impression at your next special occasion. It's the perfect fusion of style and elegance, designed to make you shine under the spotlight.",Dresses,130,Goddiva,24726,Women's Dresses & Skirts,198,https://images2.productserve.com/?w=200&h=200&bg=white&trim=5&t=letterbox&url=ssl%3Acdn.shopify.com%2Fs%2Ffiles%2F1%2F0487%2F8834%2F0899%2Ffiles%2FDR4041_GOLD_1627_front_1761303073.jpg&feedId=62769&k=225fa9c6bf1f8dcafee209f3adb5335b9bdaaff6,USD,,"Over $120 - Free Delivery, Less than $120 - $12",https://goddiva.us/products/goddiva-floral-sequin-mesh-maxi-gold,,,USD190,62769,Goddiva,1,,,,,,Womens,Dresses
https://www.awin1.com/pclick.php?p=36479136261&a=2771700&m=24726,Goddiva Floral Sequin Mesh Maxi - Champagne,36479136261,DR4041-CHAMPAGNE-12,https://cdn.shopify.com/s/files/1/0487/8834/0899/files/DR4041_CHAMPAGNE_1600_front_1761303188.jpg,"Elevate your evening look with our exquisite Floral Sequin Mesh Maxi Dress. This stunning gown, available in champagne, boasts a classic round neckline and elegant long sleeves. It's the ideal choice for a wide range of occasions, including formal events, black-tie soires, special gatherings, and even prom night. The captivating floral sequin pattern adorning this champagne dress glistens and shimmers beautifully under the evening lights, ensuring you'll be the centre of attention wherever you go. This sequin night dress seamlessly combines sophistication and style, making it the perfect addition to your evening wardrobe. Designed to provide not only a touch of glamour but also unmatched comfort, this champagne evening dress masterpiece will make you look and feel your best at every special event. Embrace the allure of the night with this unique blend of maxi dresses and glamour. Whether you're attending a high-society gala or a red-carpet affair, our Floral Sequin Mesh Maxi Dress is your ticket to making a lasting impression. Don't settle for ordinary maxi dresses; choose our Floral Sequin Mesh Maxi Dress to ensure you stand out and leave a lasting impression at your next special occasion. It's the perfect fusion of style and elegance, designed to make you shine under the spotlight.",Dresses,130,Goddiva,24726,Women's Dresses & Skirts,198,https://images2.productserve.com/?w=200&h=200&bg=white&trim=5&t=letterbox&url=ssl%3Acdn.shopify.com%2Fs%2Ffiles%2F1%2F0487%2F8834%2F0899%2Ffiles%2FDR4041_CHAMPAGNE_1600_front_1761303188.jpg&feedId=62769&k=c843bc99524cf571d290c5d28ce9e07d835b7d42,USD,,"Over $120 - Free Delivery, Less than $120 - $12",https://goddiva.us/products/goddiva-floral-sequin-mesh-maxi-champagne,,,USD190,62769,Goddiva,1,,,,,,Womens,Dresses
https://www.awin1.com/pclick.php?p=36479136359&a=2771700&m=24726,Goddiva One Shoulder Sequin Evening Maxi - Wine,36479136359,DR4069-WINE-14,https://cdn.shopify.com/s/files/1/0487/8834/0899/files/DR4069_WINE_2221_front_1761930815.jpg,"Prepare to make a grand entrance in our One Shoulder Sequin Evening Maxi Dress, a true masterpiece in modern evening fashion. Featuring a bold and eye-catching asymmetric neckline and a unique one-shoulder design with an alluring cut-out detail, this wine dress is the ultimate choice for a wide array of special occasions. It's your passport to being the star of the show at formal events, prestigious black-tie gatherings, memorable special occasions, opulent galas, and it even shines as a standout option for prom and bridesmaids. The entire gown is meticulously adorned with a breathtaking all-over sequin design, ensuring you'll sparkle and shimmer under the mesmerizing evening lights. This wine sequin night dress seamlessly bridges the worlds of maxi dresses and high-end evening wear, offering a blend of style, sophistication, and unparalleled allure. Whether you're stepping onto the red carpet at a high-profile gala or making a memorable appearance as a bridesmaid at a wedding, our One Shoulder Sequin Evening Maxi Dress is tailored to make you stand out. It's not just a dress; it's a statement of confidence, elegance, and glamour. Embrace the spotlight and treasure every moment in this remarkable wine gown that is destined to create lasting memories. Don't settle for the ordinary  choose our One Shoulder Sequin Evening Maxi Dress for an extraordinary and unforgettable evening.",Dresses,156,Goddiva,24726,Women's Dresses & Skirts,198,https://images2.productserve.com/?w=200&h=200&bg=white&trim=5&t=letterbox&url=ssl%3Acdn.shopify.com%2Fs%2Ffiles%2F1%2F0487%2F8834%2F0899%2Ffiles%2FDR4069_WINE_2221_front_1761930815.jpg&feedId=62769&k=1832ab06b4b77ef36bc3f7cd54bd40408e08eef4,USD,,"Over $120 - Free Delivery, Less than $120 - $12",https://goddiva.us/products/goddiva-one-shoulder-sequin-evening-maxi-wine,,,USD156,62769,Goddiva,1,,,,,,Womens,Dresses
https://www.awin1.com/pclick.php?p=36479136267&a=2771700&m=24726,Goddiva Floral Sequin Mesh Maxi - Gold,36479136267,DR4041-GOLD-12,https://cdn.shopify.com/s/files/1/0487/8834/0899/files/DR4041_GOLD_1627_front_1761303073.jpg,"Elevate your evening look with our exquisite Floral Sequin Mesh Maxi Dress. This stunning gown, available in gold, boasts a classic round neckline and elegant long sleeves. It's the ideal choice for a wide range of occasions, including formal events, black-tie soires, special gatherings, and even prom night. The captivating floral sequin pattern adorning this gold dress glistens and shimmers beautifully under the evening lights, ensuring you'll be the centre of attention wherever you go. This sequin night dress seamlessly combines sophistication and style, making it the perfect addition to your evening wardrobe. Designed to provide not only a touch of glamour but also unmatched comfort, this gold evening dress masterpiece will make you look and feel your best at every special event. Embrace the allure of the night with this unique blend of maxi dresses and glamour. Whether you're attending a high-society gala or a red-carpet affair, our Floral Sequin Mesh Maxi Dress is your ticket to making a lasting impression. Don't settle for ordinary maxi dresses; choose our Floral Sequin Mesh Maxi Dress to ensure you stand out and leave a lasting impression at your next special occasion. It's the perfect fusion of style and elegance, designed to make you shine under the spotlight.",Dresses,130,Goddiva,24726,Women's Dresses & Skirts,198,https://images2.productserve.com/?w=200&h=200&bg=white&trim=5&t=letterbox&url=ssl%3Acdn.shopify.com%2Fs%2Ffiles%2F1%2F0487%2F8834%2F0899%2Ffiles%2FDR4041_GOLD_1627_front_1761303073.jpg&feedId=62769&k=225fa9c6bf1f8dcafee209f3adb5335b9bdaaff6,USD,,"Over $120 - Free Delivery, Less than $120 - $12",https://goddiva.us/products/goddiva-floral-sequin-mesh-maxi-gold,,,USD190,62769,Goddiva,1,,,,,,Womens,Dresses
https://www.awin1.com/pclick.php?p=36479136272&a=2771700&m=24726,Goddiva Floral Sequin Mesh Maxi - Navy,36479136272,DR4041-NAVY-10,https://cdn.shopify.com/s/files/1/0487/8834/0899/files/DR4041_NAVY_1646_front_1761303114.jpg,"Elevate your evening look with our exquisite Floral Sequin Mesh Maxi Dress. This stunning gown, available in navy, boasts a classic round neckline and elegant long sleeves. It's the ideal choice for a wide range of occasions, including formal events, black-tie soires, special gatherings, and even prom night. The captivating floral sequin pattern adorning this navy dress glistens and shimmers beautifully under the evening lights, ensuring you'll be the centre of attention wherever you go. This sequin night dress seamlessly combines sophistication and style, making it the perfect addition to your evening wardrobe. Designed to provide not only a touch of glamour but also unmatched comfort, this navy evening dress masterpiece will make you look and feel your best at every special event. Embrace the allure of the night with this unique blend of maxi dresses and glamour. Whether you're attending a high-society gala or a red-carpet affair, our Floral Sequin Mesh Maxi Dress is your ticket to making a lasting impression. Don't settle for ordinary maxi dresses; choose our Floral Sequin Mesh Maxi Dress to ensure you stand out and leave a lasting impression at your next special occasion. It's the perfect fusion of style and elegance, designed to make you shine under the spotlight.",Dresses,130,Goddiva,24726,Women's Dresses & Skirts,198,https://images2.productserve.com/?w=200&h=200&bg=white&trim=5&t=letterbox&url=ssl%3Acdn.shopify.com%2Fs%2Ffiles%2F1%2F0487%2F8834%2F0899%2Ffiles%2FDR4041_NAVY_1646_front_1761303114.jpg&feedId=62769&k=2520d00f132c8a89ac906f8f33e68e98ba55400a,USD,,"Over $120 - Free Delivery, Less than $120 - $12",https://goddiva.us/products/goddiva-floral-sequin-mesh-maxi-navy,,,USD190,62769,Goddiva,1,,,,,,Womens,Dresses
https://www.awin1.com/pclick.php?p=36479136300&a=2771700&m=24726,Goddiva Liquid Sequin Boobtube Midaxi With Corsage - Silver,36479136300,DR4126-SILVER-8,https://cdn.shopify.com/s/files/1/0487/8834/0899/files/DR4126_SILVER_2235_front_1763481740.jpg,"Get ready to shine and shimmer at your next party or special occasion with our Liquid Sequin Boobtube Midaxi Dress with Corsage. This silver dress is the epitome of glamour, designed to make you stand out with its captivating sequin dazzle. The bandeau boobtube neckline adds a touch of allure, showcasing your shoulders and collarbone beautifully. This silver dress is all about embracing your inner diva, and the bodycon fit ensures it hugs your curves in all the right places. The midaxi length strikes the perfect balance between a maxi and midi, allowing you to flaunt your style with confidence. Whether you're celebrating a special occasion or hitting the town for a night of fun, this silver dress will ensure you're the centre of attention. Dazzle and dance the night away with our Liquid Sequin Boobtube Midaxi Dress with Corsage. This dress is your passport to a night filled with excitement and unforgettable moments.",Dresses,118,Goddiva,24726,Women's Dresses & Skirts,198,https://images2.productserve.com/?w=200&h=200&bg=white&trim=5&t=letterbox&url=ssl%3Acdn.shopify.com%2Fs%2Ffiles%2F1%2F0487%2F8834%2F0899%2Ffiles%2FDR4126_SILVER_2235_front_1763481740.jpg&feedId=62769&k=30ce55a0bce59a3c3020f6217f7fbf806df2e54c,USD,,"Over $120 - Free Delivery, Less than $120 - $12",https://goddiva.us/products/goddiva-liquid-sequin-boobtube-midaxi-with-corsage-silver,,,USD118,62769,Goddiva,1,,,,,,Womens,Dresses
https://www.awin1.com/pclick.php?p=36479136302&a=2771700&m=24726,Goddiva Liquid Sequin Boobtube Midaxi With Corsage - Silver,36479136302,DR4126-SILVER-12,https://cdn.shopify.com/s/files/1/0487/8834/0899/files/DR4126_SILVER_2235_front_1763481740.jpg,"Get ready to shine and shimmer at your next party or special occasion with our Liquid Sequin Boobtube Midaxi Dress with Corsage. This silver dress is the epitome of glamour, designed to make you stand out with its captivating sequin dazzle. The bandeau boobtube neckline adds a touch of allure, showcasing your shoulders and collarbone beautifully. This silver dress is all about embracing your inner diva, and the bodycon fit ensures it hugs your curves in all the right places. The midaxi length strikes the perfect balance between a maxi and midi, allowing you to flaunt your style with confidence. Whether you're celebrating a special occasion or hitting the town for a night of fun, this silver dress will ensure you're the centre of attention. Dazzle and dance the night away with our Liquid Sequin Boobtube Midaxi Dress with Corsage. This dress is your passport to a night filled with excitement and unforgettable moments.",Dresses,118,Goddiva,24726,Women's Dresses & Skirts,198,https://images2.productserve.com/?w=200&h=200&bg=white&trim=5&t=letterbox&url=ssl%3Acdn.shopify.com%2Fs%2Ffiles%2F1%2F0487%2F8834%2F0899%2Ffiles%2FDR4126_SILVER_2235_front_1763481740.jpg&feedId=62769&k=30ce55a0bce59a3c3020f6217f7fbf806df2e54c,USD,,"Over $120 - Free Delivery, Less than $120 - $12",https://goddiva.us/products/goddiva-liquid-sequin-boobtube-midaxi-with-corsage-silver,,,USD118,62769,Goddiva,1,,,,,,Womens,Dresses
https://www.awin1.com/pclick.php?p=36479136274&a=2771700&m=24726,Goddiva Floral Sequin Mesh Maxi - Navy,36479136274,DR4041-NAVY-14,https://cdn.shopify.com/s/files/1/0487/8834/0899/files/DR4041_NAVY_1646_front_1761303114.jpg,"Elevate your evening look with our exquisite Floral Sequin Mesh Maxi Dress. This stunning gown, available in navy, boasts a classic round neckline and elegant long sleeves. It's the ideal choice for a wide range of occasions, including formal events, black-tie soires, special gatherings, and even prom night. The captivating floral sequin pattern adorning this navy dress glistens and shimmers beautifully under the evening lights, ensuring you'll be the centre of attention wherever you go. This sequin night dress seamlessly combines sophistication and style, making it the perfect addition to your evening wardrobe. Designed to provide not only a touch of glamour but also unmatched comfort, this navy evening dress masterpiece will make you look and feel your best at every special event. Embrace the allure of the night with this unique blend of maxi dresses and glamour. Whether you're attending a high-society gala or a red-carpet affair, our Floral Sequin Mesh Maxi Dress is your ticket to making a lasting impression. Don't settle for ordinary maxi dresses; choose our Floral Sequin Mesh Maxi Dress to ensure you stand out and leave a lasting impression at your next special occasion. It's the perfect fusion of style and elegance, designed to make you shine under the spotlight.",Dresses,130,Goddiva,24726,Women's Dresses & Skirts,198,https://images2.productserve.com/?w=200&h=200&bg=white&trim=5&t=letterbox&url=ssl%3Acdn.shopify.com%2Fs%2Ffiles%2F1%2F0487%2F8834%2F0899%2Ffiles%2FDR4041_NAVY_1646_front_1761303114.jpg&feedId=62769&k=2520d00f132c8a89ac906f8f33e68e98ba55400a,USD,,"Over $120 - Free Delivery, Less than $120 - $12",https://goddiva.us/products/goddiva-floral-sequin-mesh-maxi-navy,,,USD190,62769,Goddiva,1,,,,,,Womens,Dresses
https://www.awin1.com/pclick.php?p=36479136266&a=2771700&m=24726,Goddiva Floral Sequin Mesh Maxi - Gold,36479136266,DR4041-GOLD-10,https://cdn.shopify.com/s/files/1/0487/8834/0899/files/DR4041_GOLD_1627_front_1761303073.jpg,"Elevate your evening look with our exquisite Floral Sequin Mesh Maxi Dress. This stunning gown, available in gold, boasts a classic round neckline and elegant long sleeves. It's the ideal choice for a wide range of occasions, including formal events, black-tie soires, special gatherings, and even prom night. The captivating floral sequin pattern adorning this gold dress glistens and shimmers beautifully under the evening lights, ensuring you'll be the centre of attention wherever you go. This sequin night dress seamlessly combines sophistication and style, making it the perfect addition to your evening wardrobe. Designed to provide not only a touch of glamour but also unmatched comfort, this gold evening dress masterpiece will make you look and feel your best at every special event. Embrace the allure of the night with this unique blend of maxi dresses and glamour. Whether you're attending a high-society gala or a red-carpet affair, our Floral Sequin Mesh Maxi Dress is your ticket to making a lasting impression. Don't settle for ordinary maxi dresses; choose our Floral Sequin Mesh Maxi Dress to ensure you stand out and leave a lasting impression at your next special occasion. It's the perfect fusion of style and elegance, designed to make you shine under the spotlight.",Dresses,130,Goddiva,24726,Women's Dresses & Skirts,198,https://images2.productserve.com/?w=200&h=200&bg=white&trim=5&t=letterbox&url=ssl%3Acdn.shopify.com%2Fs%2Ffiles%2F1%2F0487%2F8834%2F0899%2Ffiles%2FDR4041_GOLD_1627_front_1761303073.jpg&feedId=62769&k=225fa9c6bf1f8dcafee209f3adb5335b9bdaaff6,USD,,"Over $120 - Free Delivery, Less than $120 - $12",https://goddiva.us/products/goddiva-floral-sequin-mesh-maxi-gold,,,USD190,62769,Goddiva,1,,,,,,Womens,Dresses
https://www.awin1.com/pclick.php?p=36479136265&a=2771700&m=24726,Goddiva Floral Sequin Mesh Maxi - Gold,36479136265,DR4041-GOLD-8,https://cdn.shopify.com/s/files/1/0487/8834/0899/files/DR4041_GOLD_1627_front_1761303073.jpg,"Elevate your evening look with our exquisite Floral Sequin Mesh Maxi Dress. This stunning gown, available in gold, boasts a classic round neckline and elegant long sleeves. It's the ideal choice for a wide range of occasions, including formal events, black-tie soires, special gatherings, and even prom night. The captivating floral sequin pattern adorning this gold dress glistens and shimmers beautifully under the evening lights, ensuring you'll be the centre of attention wherever you go. This sequin night dress seamlessly combines sophistication and style, making it the perfect addition to your evening wardrobe. Designed to provide not only a touch of glamour but also unmatched comfort, this gold evening dress masterpiece will make you look and feel your best at every special event. Embrace the allure of the night with this unique blend of maxi dresses and glamour. Whether you're attending a high-society gala or a red-carpet affair, our Floral Sequin Mesh Maxi Dress is your ticket to making a lasting impression. Don't settle for ordinary maxi dresses; choose our Floral Sequin Mesh Maxi Dress to ensure you stand out and leave a lasting impression at your next special occasion. It's the perfect fusion of style and elegance, designed to make you shine under the spotlight.",Dresses,130,Goddiva,24726,Women's Dresses & Skirts,198,https://images2.productserve.com/?w=200&h=200&bg=white&trim=5&t=letterbox&url=ssl%3Acdn.shopify.com%2Fs%2Ffiles%2F1%2F0487%2F8834%2F0899%2Ffiles%2FDR4041_GOLD_1627_front_1761303073.jpg&feedId=62769&k=225fa9c6bf1f8dcafee209f3adb5335b9bdaaff6,USD,,"Over $120 - Free Delivery, Less than $120 - $12",https://goddiva.us/products/goddiva-floral-sequin-mesh-maxi-gold,,,USD190,62769,Goddiva,1,,,,,,Womens,Dresses
https://www.awin1.com/pclick.php?p=36479136301&a=2771700&m=24726,Goddiva Liquid Sequin Boobtube Midaxi With Corsage - Silver,36479136301,DR4126-SILVER-10,https://cdn.shopify.com/s/files/1/0487/8834/0899/files/DR4126_SILVER_2235_front_1763481740.jpg,"Get ready to shine and shimmer at your next party or special occasion with our Liquid Sequin Boobtube Midaxi Dress with Corsage. This silver dress is the epitome of glamour, designed to make you stand out with its captivating sequin dazzle. The bandeau boobtube neckline adds a touch of allure, showcasing your shoulders and collarbone beautifully. This silver dress is all about embracing your inner diva, and the bodycon fit ensures it hugs your curves in all the right places. The midaxi length strikes the perfect balance between a maxi and midi, allowing you to flaunt your style with confidence. Whether you're celebrating a special occasion or hitting the town for a night of fun, this silver dress will ensure you're the centre of attention. Dazzle and dance the night away with our Liquid Sequin Boobtube Midaxi Dress with Corsage. This dress is your passport to a night filled with excitement and unforgettable moments.",Dresses,118,Goddiva,24726,Women's Dresses & Skirts,198,https://images2.productserve.com/?w=200&h=200&bg=white&trim=5&t=letterbox&url=ssl%3Acdn.shopify.com%2Fs%2Ffiles%2F1%2F0487%2F8834%2F0899%2Ffiles%2FDR4126_SILVER_2235_front_1763481740.jpg&feedId=62769&k=30ce55a0bce59a3c3020f6217f7fbf806df2e54c,USD,,"Over $120 - Free Delivery, Less than $120 - $12",https://goddiva.us/products/goddiva-liquid-sequin-boobtube-midaxi-with-corsage-silver,,,USD118,62769,Goddiva,1,,,,,,Womens,Dresses
https://www.awin1.com/pclick.php?p=36479136271&a=2771700&m=24726,Goddiva Floral Sequin Mesh Maxi - Navy,36479136271,DR4041-NAVY-8,https://cdn.shopify.com/s/files/1/0487/8834/0899/files/DR4041_NAVY_1646_front_1761303114.jpg,"Elevate your evening look with our exquisite Floral Sequin Mesh Maxi Dress. This stunning gown, available in navy, boasts a classic round neckline and elegant long sleeves. It's the ideal choice for a wide range of occasions, including formal events, black-tie soires, special gatherings, and even prom night. The captivating floral sequin pattern adorning this navy dress glistens and shimmers beautifully under the evening lights, ensuring you'll be the centre of attention wherever you go. This sequin night dress seamlessly combines sophistication and style, making it the perfect addition to your evening wardrobe. Designed to provide not only a touch of glamour but also unmatched comfort, this navy evening dress masterpiece will make you look and feel your best at every special event. Embrace the allure of the night with this unique blend of maxi dresses and glamour. Whether you're attending a high-society gala or a red-carpet affair, our Floral Sequin Mesh Maxi Dress is your ticket to making a lasting impression. Don't settle for ordinary maxi dresses; choose our Floral Sequin Mesh Maxi Dress to ensure you stand out and leave a lasting impression at your next special occasion. It's the perfect fusion of style and elegance, designed to make you shine under the spotlight.",Dresses,130,Goddiva,24726,Women's Dresses & Skirts,198,https://images2.productserve.com/?w=200&h=200&bg=white&trim=5&t=letterbox&url=ssl%3Acdn.shopify.com%2Fs%2Ffiles%2F1%2F0487%2F8834%2F0899%2Ffiles%2FDR4041_NAVY_1646_front_1761303114.jpg&feedId=62769&k=2520d00f132c8a89ac906f8f33e68e98ba55400a,USD,,"Over $120 - Free Delivery, Less than $120 - $12",https://goddiva.us/products/goddiva-floral-sequin-mesh-maxi-navy,,,USD190,62769,Goddiva,1,,,,,,Womens,Dresses
https://www.awin1.com/pclick.php?p=36479136260&a=2771700&m=24726,Goddiva Floral Sequin Mesh Maxi - Champagne,36479136260,DR4041-CHAMPAGNE-10,https://cdn.shopify.com/s/files/1/0487/8834/0899/files/DR4041_CHAMPAGNE_1600_front_1761303188.jpg,"Elevate your evening look with our exquisite Floral Sequin Mesh Maxi Dress. This stunning gown, available in champagne, boasts a classic round neckline and elegant long sleeves. It's the ideal choice for a wide range of occasions, including formal events, black-tie soires, special gatherings, and even prom night. The captivating floral sequin pattern adorning this champagne dress glistens and shimmers beautifully under the evening lights, ensuring you'll be the centre of attention wherever you go. This sequin night dress seamlessly combines sophistication and style, making it the perfect addition to your evening wardrobe. Designed to provide not only a touch of glamour but also unmatched comfort, this champagne evening dress masterpiece will make you look and feel your best at every special event. Embrace the allure of the night with this unique blend of maxi dresses and glamour. Whether you're attending a high-society gala or a red-carpet affair, our Floral Sequin Mesh Maxi Dress is your ticket to making a lasting impression. Don't settle for ordinary maxi dresses; choose our Floral Sequin Mesh Maxi Dress to ensure you stand out and leave a lasting impression at your next special occasion. It's the perfect fusion of style and elegance, designed to make you shine under the spotlight.",Dresses,130,Goddiva,24726,Women's Dresses & Skirts,198,https://images2.productserve.com/?w=200&h=200&bg=white&trim=5&t=letterbox&url=ssl%3Acdn.shopify.com%2Fs%2Ffiles%2F1%2F0487%2F8834%2F0899%2Ffiles%2FDR4041_CHAMPAGNE_1600_front_1761303188.jpg&feedId=62769&k=c843bc99524cf571d290c5d28ce9e07d835b7d42,USD,,"Over $120 - Free Delivery, Less than $120 - $12",https://goddiva.us/products/goddiva-floral-sequin-mesh-maxi-champagne,,,USD190,62769,Goddiva,1,,,,,,Womens,Dresses
https://www.awin1.com/pclick.php?p=36479136262&a=2771700&m=24726,Goddiva Floral Sequin Mesh Maxi - Champagne,36479136262,DR4041-CHAMPAGNE-14,https://cdn.shopify.com/s/files/1/0487/8834/0899/files/DR4041_CHAMPAGNE_1600_front_1761303188.jpg,"Elevate your evening look with our exquisite Floral Sequin Mesh Maxi Dress. This stunning gown, available in champagne, boasts a classic round neckline and elegant long sleeves. It's the ideal choice for a wide range of occasions, including formal events, black-tie soires, special gatherings, and even prom night. The captivating floral sequin pattern adorning this champagne dress glistens and shimmers beautifully under the evening lights, ensuring you'll be the centre of attention wherever you go. This sequin night dress seamlessly combines sophistication and style, making it the perfect addition to your evening wardrobe. Designed to provide not only a touch of glamour but also unmatched comfort, this champagne evening dress masterpiece will make you look and feel your best at every special event. Embrace the allure of the night with this unique blend of maxi dresses and glamour. Whether you're attending a high-society gala or a red-carpet affair, our Floral Sequin Mesh Maxi Dress is your ticket to making a lasting impression. Don't settle for ordinary maxi dresses; choose our Floral Sequin Mesh Maxi Dress to ensure you stand out and leave a lasting impression at your next special occasion. It's the perfect fusion of style and elegance, designed to make you shine under the spotlight.",Dresses,130,Goddiva,24726,Women's Dresses & Skirts,198,https://images2.productserve.com/?w=200&h=200&bg=white&trim=5&t=letterbox&url=ssl%3Acdn.shopify.com%2Fs%2Ffiles%2F1%2F0487%2F8834%2F0899%2Ffiles%2FDR4041_CHAMPAGNE_1600_front_1761303188.jpg&feedId=62769&k=c843bc99524cf571d290c5d28ce9e07d835b7d42,USD,,"Over $120 - Free Delivery, Less than $120 - $12",https://goddiva.us/products/goddiva-floral-sequin-mesh-maxi-champagne,,,USD190,62769,Goddiva,1,,,,,,Womens,Dresses
https://www.awin1.com/pclick.php?p=36479136259&a=2771700&m=24726,Goddiva Floral Sequin Mesh Maxi - Champagne,36479136259,DR4041-CHAMPAGNE-8,https://cdn.shopify.com/s/files/1/0487/8834/0899/files/DR4041_CHAMPAGNE_1600_front_1761303188.jpg,"Elevate your evening look with our exquisite Floral Sequin Mesh Maxi Dress. This stunning gown, available in champagne, boasts a classic round neckline and elegant long sleeves. It's the ideal choice for a wide range of occasions, including formal events, black-tie soires, special gatherings, and even prom night. The captivating floral sequin pattern adorning this champagne dress glistens and shimmers beautifully under the evening lights, ensuring you'll be the centre of attention wherever you go. This sequin night dress seamlessly combines sophistication and style, making it the perfect addition to your evening wardrobe. Designed to provide not only a touch of glamour but also unmatched comfort, this champagne evening dress masterpiece will make you look and feel your best at every special event. Embrace the allure of the night with this unique blend of maxi dresses and glamour. Whether you're attending a high-society gala or a red-carpet affair, our Floral Sequin Mesh Maxi Dress is your ticket to making a lasting impression. Don't settle for ordinary maxi dresses; choose our Floral Sequin Mesh Maxi Dress to ensure you stand out and leave a lasting impression at your next special occasion. It's the perfect fusion of style and elegance, designed to make you shine under the spotlight.",Dresses,130,Goddiva,24726,Women's Dresses & Skirts,198,https://images2.productserve.com/?w=200&h=200&bg=white&trim=5&t=letterbox&url=ssl%3Acdn.shopify.com%2Fs%2Ffiles%2F1%2F0487%2F8834%2F0899%2Ffiles%2FDR4041_CHAMPAGNE_1600_front_1761303188.jpg&feedId=62769&k=c843bc99524cf571d290c5d28ce9e07d835b7d42,USD,,"Over $120 - Free Delivery, Less than $120 - $12",https://goddiva.us/products/goddiva-floral-sequin-mesh-maxi-champagne,,,USD190,62769,Goddiva,1,,,,,,Womens,Dresses
https://www.awin1.com/pclick.php?p=36479136357&a=2771700&m=24726,Goddiva One Shoulder Sequin Evening Maxi - Wine,36479136357,DR4069-WINE-10,https://cdn.shopify.com/s/files/1/0487/8834/0899/files/DR4069_WINE_2221_front_1761930815.jpg,"Prepare to make a grand entrance in our One Shoulder Sequin Evening Maxi Dress, a true masterpiece in modern evening fashion. Featuring a bold and eye-catching asymmetric neckline and a unique one-shoulder design with an alluring cut-out detail, this wine dress is the ultimate choice for a wide array of special occasions. It's your passport to being the star of the show at formal events, prestigious black-tie gatherings, memorable special occasions, opulent galas, and it even shines as a standout option for prom and bridesmaids. The entire gown is meticulously adorned with a breathtaking all-over sequin design, ensuring you'll sparkle and shimmer under the mesmerizing evening lights. This wine sequin night dress seamlessly bridges the worlds of maxi dresses and high-end evening wear, offering a blend of style, sophistication, and unparalleled allure. Whether you're stepping onto the red carpet at a high-profile gala or making a memorable appearance as a bridesmaid at a wedding, our One Shoulder Sequin Evening Maxi Dress is tailored to make you stand out. It's not just a dress; it's a statement of confidence, elegance, and glamour. Embrace the spotlight and treasure every moment in this remarkable wine gown that is destined to create lasting memories. Don't settle for the ordinary  choose our One Shoulder Sequin Evening Maxi Dress for an extraordinary and unforgettable evening.",Dresses,156,Goddiva,24726,Women's Dresses & Skirts,198,https://images2.productserve.com/?w=200&h=200&bg=white&trim=5&t=letterbox&url=ssl%3Acdn.shopify.com%2Fs%2Ffiles%2F1%2F0487%2F8834%2F0899%2Ffiles%2FDR4069_WINE_2221_front_1761930815.jpg&feedId=62769&k=1832ab06b4b77ef36bc3f7cd54bd40408e08eef4,USD,,"Over $120 - Free Delivery, Less than $120 - $12",https://goddiva.us/products/goddiva-one-shoulder-sequin-evening-maxi-wine,,,USD156,62769,Goddiva,1,,,,,,Womens,Dresses
https://www.awin1.com/pclick.php?p=36479136356&a=2771700&m=24726,Goddiva One Shoulder Sequin Evening Maxi - Wine,36479136356,DR4069-WINE-8,https://cdn.shopify.com/s/files/1/0487/8834/0899/files/DR4069_WINE_2221_front_1761930815.jpg,"Prepare to make a grand entrance in our One Shoulder Sequin Evening Maxi Dress, a true masterpiece in modern evening fashion. Featuring a bold and eye-catching asymmetric neckline and a unique one-shoulder design with an alluring cut-out detail, this wine dress is the ultimate choice for a wide array of special occasions. It's your passport to being the star of the show at formal events, prestigious black-tie gatherings, memorable special occasions, opulent galas, and it even shines as a standout option for prom and bridesmaids. The entire gown is meticulously adorned with a breathtaking all-over sequin design, ensuring you'll sparkle and shimmer under the mesmerizing evening lights. This wine sequin night dress seamlessly bridges the worlds of maxi dresses and high-end evening wear, offering a blend of style, sophistication, and unparalleled allure. Whether you're stepping onto the red carpet at a high-profile gala or making a memorable appearance as a bridesmaid at a wedding, our One Shoulder Sequin Evening Maxi Dress is tailored to make you stand out. It's not just a dress; it's a statement of confidence, elegance, and glamour. Embrace the spotlight and treasure every moment in this remarkable wine gown that is destined to create lasting memories. Don't settle for the ordinary  choose our One Shoulder Sequin Evening Maxi Dress for an extraordinary and unforgettable evening.",Dresses,156,Goddiva,24726,Women's Dresses & Skirts,198,https://images2.productserve.com/?w=200&h=200&bg=white&trim=5&t=letterbox&url=ssl%3Acdn.shopify.com%2Fs%2Ffiles%2F1%2F0487%2F8834%2F0899%2Ffiles%2FDR4069_WINE_2221_front_1761930815.jpg&feedId=62769&k=1832ab06b4b77ef36bc3f7cd54bd40408e08eef4,USD,,"Over $120 - Free Delivery, Less than $120 - $12",https://goddiva.us/products/goddiva-one-shoulder-sequin-evening-maxi-wine,,,USD156,62769,Goddiva,1,,,,,,Womens,Dresses
https://www.awin1.com/pclick.php?p=36479136273&a=2771700&m=24726,Goddiva Floral Sequin Mesh Maxi - Navy,36479136273,DR4041-NAVY-12,https://cdn.shopify.com/s/files/1/0487/8834/0899/files/DR4041_NAVY_1646_front_1761303114.jpg,"Elevate your evening look with our exquisite Floral Sequin Mesh Maxi Dress. This stunning gown, available in navy, boasts a classic round neckline and elegant long sleeves. It's the ideal choice for a wide range of occasions, including formal events, black-tie soires, special gatherings, and even prom night. The captivating floral sequin pattern adorning this navy dress glistens and shimmers beautifully under the evening lights, ensuring you'll be the centre of attention wherever you go. This sequin night dress seamlessly combines sophistication and style, making it the perfect addition to your evening wardrobe. Designed to provide not only a touch of glamour but also unmatched comfort, this navy evening dress masterpiece will make you look and feel your best at every special event. Embrace the allure of the night with this unique blend of maxi dresses and glamour. Whether you're attending a high-society gala or a red-carpet affair, our Floral Sequin Mesh Maxi Dress is your ticket to making a lasting impression. Don't settle for ordinary maxi dresses; choose our Floral Sequin Mesh Maxi Dress to ensure you stand out and leave a lasting impression at your next special occasion. It's the perfect fusion of style and elegance, designed to make you shine under the spotlight.",Dresses,130,Goddiva,24726,Women's Dresses & Skirts,198,https://images2.productserve.com/?w=200&h=200&bg=white&trim=5&t=letterbox&url=ssl%3Acdn.shopify.com%2Fs%2Ffiles%2F1%2F0487%2F8834%2F0899%2Ffiles%2FDR4041_NAVY_1646_front_1761303114.jpg&feedId=62769&k=2520d00f132c8a89ac906f8f33e68e98ba55400a,USD,,"Over $120 - Free Delivery, Less than $120 - $12",https://goddiva.us/products/goddiva-floral-sequin-mesh-maxi-navy,,,USD190,62769,Goddiva,1,,,,,,Womens,Dresses
https://www.awin1.com/pclick.php?p=36479136358&a=2771700&m=24726,Goddiva One Shoulder Sequin Evening Maxi - Wine,36479136358,DR4069-WINE-12,https://cdn.shopify.com/s/files/1/0487/8834/0899/files/DR4069_WINE_2221_front_1761930815.jpg,"Prepare to make a grand entrance in our One Shoulder Sequin Evening Maxi Dress, a true masterpiece in modern evening fashion. Featuring a bold and eye-catching asymmetric neckline and a unique one-shoulder design with an alluring cut-out detail, this wine dress is the ultimate choice for a wide array of special occasions. It's your passport to being the star of the show at formal events, prestigious black-tie gatherings, memorable special occasions, opulent galas, and it even shines as a standout option for prom and bridesmaids. The entire gown is meticulously adorned with a breathtaking all-over sequin design, ensuring you'll sparkle and shimmer under the mesmerizing evening lights. This wine sequin night dress seamlessly bridges the worlds of maxi dresses and high-end evening wear, offering a blend of style, sophistication, and unparalleled allure. Whether you're stepping onto the red carpet at a high-profile gala or making a memorable appearance as a bridesmaid at a wedding, our One Shoulder Sequin Evening Maxi Dress is tailored to make you stand out. It's not just a dress; it's a statement of confidence, elegance, and glamour. Embrace the spotlight and treasure every moment in this remarkable wine gown that is destined to create lasting memories. Don't settle for the ordinary  choose our One Shoulder Sequin Evening Maxi Dress for an extraordinary and unforgettable evening.",Dresses,156,Goddiva,24726,Women's Dresses & Skirts,198,https://images2.productserve.com/?w=200&h=200&bg=white&trim=5&t=letterbox&url=ssl%3Acdn.shopify.com%2Fs%2Ffiles%2F1%2F0487%2F8834%2F0899%2Ffiles%2FDR4069_WINE_2221_front_1761930815.jpg&feedId=62769&k=1832ab06b4b77ef36bc3f7cd54bd40408e08eef4,USD,,"Over $120 - Free Delivery, Less than $120 - $12",https://goddiva.us/products/goddiva-one-shoulder-sequin-evening-maxi-wine,,,USD156,62769,Goddiva,1,,,,,,Womens,Dresses
https://www.awin1.com/pclick.php?p=36506861360&a=2771700&m=24726,Goddiva Liquid Sequin Midi With Corsage - Gold,36506861360,DR4072-GOLD-14,https://cdn.shopify.com/s/files/1/0487/8834/0899/files/DR4072_GOLD_1316_front_1754301475.jpg,"Make a stunning entrance at your next party or special occasion with our Liquid Sequin Midi Dress. This gold dress exudes pure glamour, adorned with captivating sequin embellishments. The midi length offers a perfect blend of classic and contemporary style, ensuring you're ready for any occasion.  As you move, the sequins shimmer and sparkle, making you the centre of attention. Featuring long sleeves and a bodycon fit, this gold dress keeps you both comfortable and elegant, no matter the celebration. The detachable corsage detail is the cherry on top, allowing you to customise your outfit to your heart's content! Step into the spotlight and make every occasion unforgettable with our Liquid Sequin Midi Dress. Don't just attend the party; own it with style, grace, and a touch of sequin magic. Embrace the night and create unforgettable moments with this dazzling gold dress.",Dresses,150,Goddiva,24726,Women's Dresses & Skirts,198,https://images2.productserve.com/?w=200&h=200&bg=white&trim=5&t=letterbox&url=ssl%3Acdn.shopify.com%2Fs%2Ffiles%2F1%2F0487%2F8834%2F0899%2Ffiles%2FDR4072_GOLD_1316_front_1754301475.jpg&feedId=62769&k=32de12308782b9dbbcbe34c8a4976b5bccf8660a,USD,,"Over $120 - Free Delivery, Less than $120 - $12",https://goddiva.us/products/goddiva-liquid-sequin-midi-with-corsage-gold,,,USD150,62769,Goddiva,1,,,,,,Womens,Dresses
https://www.awin1.com/pclick.php?p=36506861359&a=2771700&m=24726,Goddiva Liquid Sequin Midi With Corsage - Gold,36506861359,DR4072-GOLD-12,https://cdn.shopify.com/s/files/1/0487/8834/0899/files/DR4072_GOLD_1316_front_1754301475.jpg,"Make a stunning entrance at your next party or special occasion with our Liquid Sequin Midi Dress. This gold dress exudes pure glamour, adorned with captivating sequin embellishments. The midi length offers a perfect blend of classic and contemporary style, ensuring you're ready for any occasion.  As you move, the sequins shimmer and sparkle, making you the centre of attention. Featuring long sleeves and a bodycon fit, this gold dress keeps you both comfortable and elegant, no matter the celebration. The detachable corsage detail is the cherry on top, allowing you to customise your outfit to your heart's content! Step into the spotlight and make every occasion unforgettable with our Liquid Sequin Midi Dress. Don't just attend the party; own it with style, grace, and a touch of sequin magic. Embrace the night and create unforgettable moments with this dazzling gold dress.",Dresses,150,Goddiva,24726,Women's Dresses & Skirts,198,https://images2.productserve.com/?w=200&h=200&bg=white&trim=5&t=letterbox&url=ssl%3Acdn.shopify.com%2Fs%2Ffiles%2F1%2F0487%2F8834%2F0899%2Ffiles%2FDR4072_GOLD_1316_front_1754301475.jpg&feedId=62769&k=32de12308782b9dbbcbe34c8a4976b5bccf8660a,USD,,"Over $120 - Free Delivery, Less than $120 - $12",https://goddiva.us/products/goddiva-liquid-sequin-midi-with-corsage-gold,,,USD150,62769,Goddiva,1,,,,,,Womens,Dresses
https://www.awin1.com/pclick.php?p=36506861358&a=2771700&m=24726,Goddiva Liquid Sequin Midi With Corsage - Gold,36506861358,DR4072-GOLD-10,https://cdn.shopify.com/s/files/1/0487/8834/0899/files/DR4072_GOLD_1316_front_1754301475.jpg,"Make a stunning entrance at your next party or special occasion with our Liquid Sequin Midi Dress. This gold dress exudes pure glamour, adorned with captivating sequin embellishments. The midi length offers a perfect blend of classic and contemporary style, ensuring you're ready for any occasion.  As you move, the sequins shimmer and sparkle, making you the centre of attention. Featuring long sleeves and a bodycon fit, this gold dress keeps you both comfortable and elegant, no matter the celebration. The detachable corsage detail is the cherry on top, allowing you to customise your outfit to your heart's content! Step into the spotlight and make every occasion unforgettable with our Liquid Sequin Midi Dress. Don't just attend the party; own it with style, grace, and a touch of sequin magic. Embrace the night and create unforgettable moments with this dazzling gold dress.",Dresses,150,Goddiva,24726,Women's Dresses & Skirts,198,https://images2.productserve.com/?w=200&h=200&bg=white&trim=5&t=letterbox&url=ssl%3Acdn.shopify.com%2Fs%2Ffiles%2F1%2F0487%2F8834%2F0899%2Ffiles%2FDR4072_GOLD_1316_front_1754301475.jpg&feedId=62769&k=32de12308782b9dbbcbe34c8a4976b5bccf8660a,USD,,"Over $120 - Free Delivery, Less than $120 - $12",https://goddiva.us/products/goddiva-liquid-sequin-midi-with-corsage-gold,,,USD150,62769,Goddiva,1,,,,,,Womens,Dresses
https://www.awin1.com/pclick.php?p=36506861357&a=2771700&m=24726,Goddiva Liquid Sequin Midi With Corsage - Gold,36506861357,DR4072-GOLD-8,https://cdn.shopify.com/s/files/1/0487/8834/0899/files/DR4072_GOLD_1316_front_1754301475.jpg,"Make a stunning entrance at your next party or special occasion with our Liquid Sequin Midi Dress. This gold dress exudes pure glamour, adorned with captivating sequin embellishments. The midi length offers a perfect blend of classic and contemporary style, ensuring you're ready for any occasion.  As you move, the sequins shimmer and sparkle, making you the centre of attention. Featuring long sleeves and a bodycon fit, this gold dress keeps you both comfortable and elegant, no matter the celebration. The detachable corsage detail is the cherry on top, allowing you to customise your outfit to your heart's content! Step into the spotlight and make every occasion unforgettable with our Liquid Sequin Midi Dress. Don't just attend the party; own it with style, grace, and a touch of sequin magic. Embrace the night and create unforgettable moments with this dazzling gold dress.",Dresses,150,Goddiva,24726,Women's Dresses & Skirts,198,https://images2.productserve.com/?w=200&h=200&bg=white&trim=5&t=letterbox&url=ssl%3Acdn.shopify.com%2Fs%2Ffiles%2F1%2F0487%2F8834%2F0899%2Ffiles%2FDR4072_GOLD_1316_front_1754301475.jpg&feedId=62769&k=32de12308782b9dbbcbe34c8a4976b5bccf8660a,USD,,"Over $120 - Free Delivery, Less than $120 - $12",https://goddiva.us/products/goddiva-liquid-sequin-midi-with-corsage-gold,,,USD150,62769,Goddiva,1,,,,,,Womens,Dresses
https://www.awin1.com/pclick.php?p=36542485800&a=2771700&m=24726,Goddiva Scalloped Lace & Velvet Maxi Dress - Burgundy,36542485800,DR3972-BURGUNDY-10,https://cdn.shopify.com/s/files/1/0487/8834/0899/products/DR3972_burgundy_front_l_1698737900.jpg,"Step into the world of timeless elegance with our Scalloped Lace & Velvet Maxi Dress, a perfect choice for glamorous evening occasions that demand a touch of sophistication. This burgundy dress is the epitome of class and grace, tailored for black tie events and grand gala evenings. The enchanting velvet skirt adds a touch of luxury and comfort, ensuring you look and feel your best throughout the night. Its maxi length brings an air of grandeur and is the perfect choice for making a memorable entrance. With a delicate v-neckline, this burgundy dress exudes a subtle allure, setting the stage for the stunning lace and sequin bodice. The combination of lace and sequin detailing creates a captivating effect that ensures you're the centre of attention. The three-quarter lace bell sleeves add an extra dash of elegance and style, providing the perfect balance of coverage and allure. Scalloped detailing on both the bodice and sleeves adds a unique touch that makes this dress stand out from the rest. Our burgundy Scalloped Lace & Velvet Maxi Dress is the perfect choice for black tie events and grand gala evenings. It embodies the essence of sophistication with its perfect blend of lace, velvet, and sequin magic. Make a lasting impression and own the night with this exquisite dress, where timeless elegance meets modern allure.",Dresses,116,Goddiva,24726,Women's Dresses & Skirts,198,https://images2.productserve.com/?w=200&h=200&bg=white&trim=5&t=letterbox&url=ssl%3Acdn.shopify.com%2Fs%2Ffiles%2F1%2F0487%2F8834%2F0899%2Fproducts%2FDR3972_burgundy_front_l_1698737900.jpg&feedId=62769&k=6373da58bcf8c107077832e29147db63c34c7bb8,USD,,"Over $120 - Free Delivery, Less than $120 - $12",https://goddiva.us/products/goddiva-scalloped-lace-velvet-maxi-dress-burgundy,,,USD178,62769,Goddiva,1,,,,,,Womens,Dresses
https://www.awin1.com/pclick.php?p=36542485799&a=2771700&m=24726,Goddiva Scalloped Lace & Velvet Maxi Dress - Burgundy,36542485799,DR3972-BURGUNDY-8,https://cdn.shopify.com/s/files/1/0487/8834/0899/products/DR3972_burgundy_front_l_1698737900.jpg,"Step into the world of timeless elegance with our Scalloped Lace & Velvet Maxi Dress, a perfect choice for glamorous evening occasions that demand a touch of sophistication. This burgundy dress is the epitome of class and grace, tailored for black tie events and grand gala evenings. The enchanting velvet skirt adds a touch of luxury and comfort, ensuring you look and feel your best throughout the night. Its maxi length brings an air of grandeur and is the perfect choice for making a memorable entrance. With a delicate v-neckline, this burgundy dress exudes a subtle allure, setting the stage for the stunning lace and sequin bodice. The combination of lace and sequin detailing creates a captivating effect that ensures you're the centre of attention. The three-quarter lace bell sleeves add an extra dash of elegance and style, providing the perfect balance of coverage and allure. Scalloped detailing on both the bodice and sleeves adds a unique touch that makes this dress stand out from the rest. Our burgundy Scalloped Lace & Velvet Maxi Dress is the perfect choice for black tie events and grand gala evenings. It embodies the essence of sophistication with its perfect blend of lace, velvet, and sequin magic. Make a lasting impression and own the night with this exquisite dress, where timeless elegance meets modern allure.",Dresses,116,Goddiva,24726,Women's Dresses & Skirts,198,https://images2.productserve.com/?w=200&h=200&bg=white&trim=5&t=letterbox&url=ssl%3Acdn.shopify.com%2Fs%2Ffiles%2F1%2F0487%2F8834%2F0899%2Fproducts%2FDR3972_burgundy_front_l_1698737900.jpg&feedId=62769&k=6373da58bcf8c107077832e29147db63c34c7bb8,USD,,"Over $120 - Free Delivery, Less than $120 - $12",https://goddiva.us/products/goddiva-scalloped-lace-velvet-maxi-dress-burgundy,,,USD178,62769,Goddiva,1,,,,,,Womens,Dresses
https://www.awin1.com/pclick.php?p=36542485801&a=2771700&m=24726,Goddiva Scalloped Lace & Velvet Maxi Dress - Burgundy,36542485801,DR3972-BURGUNDY-12,https://cdn.shopify.com/s/files/1/0487/8834/0899/products/DR3972_burgundy_front_l_1698737900.jpg,"Step into the world of timeless elegance with our Scalloped Lace & Velvet Maxi Dress, a perfect choice for glamorous evening occasions that demand a touch of sophistication. This burgundy dress is the epitome of class and grace, tailored for black tie events and grand gala evenings. The enchanting velvet skirt adds a touch of luxury and comfort, ensuring you look and feel your best throughout the night. Its maxi length brings an air of grandeur and is the perfect choice for making a memorable entrance. With a delicate v-neckline, this burgundy dress exudes a subtle allure, setting the stage for the stunning lace and sequin bodice. The combination of lace and sequin detailing creates a captivating effect that ensures you're the centre of attention. The three-quarter lace bell sleeves add an extra dash of elegance and style, providing the perfect balance of coverage and allure. Scalloped detailing on both the bodice and sleeves adds a unique touch that makes this dress stand out from the rest. Our burgundy Scalloped Lace & Velvet Maxi Dress is the perfect choice for black tie events and grand gala evenings. It embodies the essence of sophistication with its perfect blend of lace, velvet, and sequin magic. Make a lasting impression and own the night with this exquisite dress, where timeless elegance meets modern allure.",Dresses,116,Goddiva,24726,Women's Dresses & Skirts,198,https://images2.productserve.com/?w=200&h=200&bg=white&trim=5&t=letterbox&url=ssl%3Acdn.shopify.com%2Fs%2Ffiles%2F1%2F0487%2F8834%2F0899%2Fproducts%2FDR3972_burgundy_front_l_1698737900.jpg&feedId=62769&k=6373da58bcf8c107077832e29147db63c34c7bb8,USD,,"Over $120 - Free Delivery, Less than $120 - $12",https://goddiva.us/products/goddiva-scalloped-lace-velvet-maxi-dress-burgundy,,,USD178,62769,Goddiva,1,,,,,,Womens,Dresses
https://www.awin1.com/pclick.php?p=36542485802&a=2771700&m=24726,Goddiva Scalloped Lace & Velvet Maxi Dress - Burgundy,36542485802,DR3972-BURGUNDY-14,https://cdn.shopify.com/s/files/1/0487/8834/0899/products/DR3972_burgundy_front_l_1698737900.jpg,"Step into the world of timeless elegance with our Scalloped Lace & Velvet Maxi Dress, a perfect choice for glamorous evening occasions that demand a touch of sophistication. This burgundy dress is the epitome of class and grace, tailored for black tie events and grand gala evenings. The enchanting velvet skirt adds a touch of luxury and comfort, ensuring you look and feel your best throughout the night. Its maxi length brings an air of grandeur and is the perfect choice for making a memorable entrance. With a delicate v-neckline, this burgundy dress exudes a subtle allure, setting the stage for the stunning lace and sequin bodice. The combination of lace and sequin detailing creates a captivating effect that ensures you're the centre of attention. The three-quarter lace bell sleeves add an extra dash of elegance and style, providing the perfect balance of coverage and allure. Scalloped detailing on both the bodice and sleeves adds a unique touch that makes this dress stand out from the rest. Our burgundy Scalloped Lace & Velvet Maxi Dress is the perfect choice for black tie events and grand gala evenings. It embodies the essence of sophistication with its perfect blend of lace, velvet, and sequin magic. Make a lasting impression and own the night with this exquisite dress, where timeless elegance meets modern allure.",Dresses,116,Goddiva,24726,Women's Dresses & Skirts,198,https://images2.productserve.com/?w=200&h=200&bg=white&trim=5&t=letterbox&url=ssl%3Acdn.shopify.com%2Fs%2Ffiles%2F1%2F0487%2F8834%2F0899%2Fproducts%2FDR3972_burgundy_front_l_1698737900.jpg&feedId=62769&k=6373da58bcf8c107077832e29147db63c34c7bb8,USD,,"Over $120 - Free Delivery, Less than $120 - $12",https://goddiva.us/products/goddiva-scalloped-lace-velvet-maxi-dress-burgundy,,,USD178,62769,Goddiva,1,,,,,,Womens,Dresses
https://www.awin1.com/pclick.php?p=36552074243&a=2771700&m=24726,Goddiva Long Sleeve Sequin V Wrap Maxi Dress - Blush,36552074243,DR3485-BLUSH-8,https://cdn.shopify.com/s/files/1/0487/8834/0899/products/DR3485_blush_0143_1698157018.jpg,"This blush long sleeve sequin maxi is the hit of the season!! This elegant sequin maxi dress is a trendy, flattering style that will make you look and feel amazing at your next black tie event. The glamorous fabric will have everyone looking when they see you in this long sleeve maxi evening dress. This sparkling blush gown is a classic designed evening dress for the modern woman. It features a v-neckline, sequin embellishment, long sleeves and a fitted style that gives it an elegant appeal. The perfect piece for black tie events, prom; and even for the mother of the bride (or Groom). Pair with heels for a gorgeous look you'll love!",Dresses,190,Goddiva,24726,Women's Dresses & Skirts,198,https://images2.productserve.com/?w=200&h=200&bg=white&trim=5&t=letterbox&url=ssl%3Acdn.shopify.com%2Fs%2Ffiles%2F1%2F0487%2F8834%2F0899%2Fproducts%2FDR3485_blush_0143_1698157018.jpg&feedId=62769&k=c6fa7aab4df5e9390ff901a707d9f231750eb106,USD,,"Over $120 - Free Delivery, Less than $120 - $12",https://goddiva.us/products/goddiva-long-sleeve-sequin-v-wrap-maxi-dress-blush,,,USD300,62769,Goddiva,1,,,,,,Womens,Dresses
https://www.awin1.com/pclick.php?p=36552074245&a=2771700&m=24726,Goddiva Long Sleeve Sequin V Wrap Maxi Dress - Blush,36552074245,DR3485-BLUSH-12,https://cdn.shopify.com/s/files/1/0487/8834/0899/products/DR3485_blush_0143_1698157018.jpg,"This blush long sleeve sequin maxi is the hit of the season!! This elegant sequin maxi dress is a trendy, flattering style that will make you look and feel amazing at your next black tie event. The glamorous fabric will have everyone looking when they see you in this long sleeve maxi evening dress. This sparkling blush gown is a classic designed evening dress for the modern woman. It features a v-neckline, sequin embellishment, long sleeves and a fitted style that gives it an elegant appeal. The perfect piece for black tie events, prom; and even for the mother of the bride (or Groom). Pair with heels for a gorgeous look you'll love!",Dresses,190,Goddiva,24726,Women's Dresses & Skirts,198,https://images2.productserve.com/?w=200&h=200&bg=white&trim=5&t=letterbox&url=ssl%3Acdn.shopify.com%2Fs%2Ffiles%2F1%2F0487%2F8834%2F0899%2Fproducts%2FDR3485_blush_0143_1698157018.jpg&feedId=62769&k=c6fa7aab4df5e9390ff901a707d9f231750eb106,USD,,"Over $120 - Free Delivery, Less than $120 - $12",https://goddiva.us/products/goddiva-long-sleeve-sequin-v-wrap-maxi-dress-blush,,,USD300,62769,Goddiva,1,,,,,,Womens,Dresses
https://www.awin1.com/pclick.php?p=36552074244&a=2771700&m=24726,Goddiva Long Sleeve Sequin V Wrap Maxi Dress - Blush,36552074244,DR3485-BLUSH-10,https://cdn.shopify.com/s/files/1/0487/8834/0899/products/DR3485_blush_0143_1698157018.jpg,"This blush long sleeve sequin maxi is the hit of the season!! This elegant sequin maxi dress is a trendy, flattering style that will make you look and feel amazing at your next black tie event. The glamorous fabric will have everyone looking when they see you in this long sleeve maxi evening dress. This sparkling blush gown is a classic designed evening dress for the modern woman. It features a v-neckline, sequin embellishment, long sleeves and a fitted style that gives it an elegant appeal. The perfect piece for black tie events, prom; and even for the mother of the bride (or Groom). Pair with heels for a gorgeous look you'll love!",Dresses,190,Goddiva,24726,Women's Dresses & Skirts,198,https://images2.productserve.com/?w=200&h=200&bg=white&trim=5&t=letterbox&url=ssl%3Acdn.shopify.com%2Fs%2Ffiles%2F1%2F0487%2F8834%2F0899%2Fproducts%2FDR3485_blush_0143_1698157018.jpg&feedId=62769&k=c6fa7aab4df5e9390ff901a707d9f231750eb106,USD,,"Over $120 - Free Delivery, Less than $120 - $12",https://goddiva.us/products/goddiva-long-sleeve-sequin-v-wrap-maxi-dress-blush,,,USD300,62769,Goddiva,1,,,,,,Womens,Dresses
https://www.awin1.com/pclick.php?p=36556608725&a=2771700&m=24726,Goddiva Ice Velvet Bardot Wrap Maxi - Emerald Green,36556608725,DR4029-EMERALD-8,https://cdn.shopify.com/s/files/1/0487/8834/0899/files/DR4029_EMERALD_1197_front_1757335536.jpg,"A masterpiece of glamour and style designed for special occasions, the Ice Velvet Bardot Wrap Maxi. This emerald maxi dress, featuring a captivating wrap-style off-the-shoulder neckline, is a testament to timeless elegance and sophistication. Crafted for unforgettable evenings, this dress is perfect for any special occasion, be it a bridesmaid's role or prom night. Its sleeveless design and A-line skirt with a chic front split make it the ideal choice for those who crave comfort without sacrificing style. The soft touch ice velvet material used in this emerald dress ensures you'll feel like royalty as it caresses your skin. The luxurious fabric adds an extra layer of opulence, allowing you to shine and stand out in the crowd. Whether you're seeking the perfect bridesmaid dress, gearing up for a glamorous evening out, or preparing to make a grand entrance at prom, this emerald Ice Velvet Bardot Wrap Maxi Dress is the embodiment of timeless beauty and grace. Dress to impress and make unforgettable memories in this enchanting maxi dress. Order yours today and step into the spotlight with unmatched elegance and charm.",Dresses,130,Goddiva,24726,Women's Dresses & Skirts,198,https://images2.productserve.com/?w=200&h=200&bg=white&trim=5&t=letterbox&url=ssl%3Acdn.shopify.com%2Fs%2Ffiles%2F1%2F0487%2F8834%2F0899%2Ffiles%2FDR4029_EMERALD_1197_front_1757335536.jpg&feedId=62769&k=c2ba978591c4a386b3ebf5a98468a7fd4017bfd3,USD,,"Over $120 - Free Delivery, Less than $120 - $12",https://goddiva.us/products/goddiva-ice-velvet-bardot-wrap-maxi-emerald,,,USD170,62769,Goddiva,1,,,,,,Womens,Dresses
https://www.awin1.com/pclick.php?p=36556608728&a=2771700&m=24726,Goddiva Ice Velvet Bardot Wrap Maxi - Emerald Green,36556608728,DR4029-EMERALD-14,https://cdn.shopify.com/s/files/1/0487/8834/0899/files/DR4029_EMERALD_1197_front_1757335536.jpg,"A masterpiece of glamour and style designed for special occasions, the Ice Velvet Bardot Wrap Maxi. This emerald maxi dress, featuring a captivating wrap-style off-the-shoulder neckline, is a testament to timeless elegance and sophistication. Crafted for unforgettable evenings, this dress is perfect for any special occasion, be it a bridesmaid's role or prom night. Its sleeveless design and A-line skirt with a chic front split make it the ideal choice for those who crave comfort without sacrificing style. The soft touch ice velvet material used in this emerald dress ensures you'll feel like royalty as it caresses your skin. The luxurious fabric adds an extra layer of opulence, allowing you to shine and stand out in the crowd. Whether you're seeking the perfect bridesmaid dress, gearing up for a glamorous evening out, or preparing to make a grand entrance at prom, this emerald Ice Velvet Bardot Wrap Maxi Dress is the embodiment of timeless beauty and grace. Dress to impress and make unforgettable memories in this enchanting maxi dress. Order yours today and step into the spotlight with unmatched elegance and charm.",Dresses,130,Goddiva,24726,Women's Dresses & Skirts,198,https://images2.productserve.com/?w=200&h=200&bg=white&trim=5&t=letterbox&url=ssl%3Acdn.shopify.com%2Fs%2Ffiles%2F1%2F0487%2F8834%2F0899%2Ffiles%2FDR4029_EMERALD_1197_front_1757335536.jpg&feedId=62769&k=c2ba978591c4a386b3ebf5a98468a7fd4017bfd3,USD,,"Over $120 - Free Delivery, Less than $120 - $12",https://goddiva.us/products/goddiva-ice-velvet-bardot-wrap-maxi-emerald,,,USD170,62769,Goddiva,1,,,,,,Womens,Dresses
https://www.awin1.com/pclick.php?p=36556608727&a=2771700&m=24726,Goddiva Ice Velvet Bardot Wrap Maxi - Emerald Green,36556608727,DR4029-EMERALD-12,https://cdn.shopify.com/s/files/1/0487/8834/0899/files/DR4029_EMERALD_1197_front_1757335536.jpg,"A masterpiece of glamour and style designed for special occasions, the Ice Velvet Bardot Wrap Maxi. This emerald maxi dress, featuring a captivating wrap-style off-the-shoulder neckline, is a testament to timeless elegance and sophistication. Crafted for unforgettable evenings, this dress is perfect for any special occasion, be it a bridesmaid's role or prom night. Its sleeveless design and A-line skirt with a chic front split make it the ideal choice for those who crave comfort without sacrificing style. The soft touch ice velvet material used in this emerald dress ensures you'll feel like royalty as it caresses your skin. The luxurious fabric adds an extra layer of opulence, allowing you to shine and stand out in the crowd. Whether you're seeking the perfect bridesmaid dress, gearing up for a glamorous evening out, or preparing to make a grand entrance at prom, this emerald Ice Velvet Bardot Wrap Maxi Dress is the embodiment of timeless beauty and grace. Dress to impress and make unforgettable memories in this enchanting maxi dress. Order yours today and step into the spotlight with unmatched elegance and charm.",Dresses,130,Goddiva,24726,Women's Dresses & Skirts,198,https://images2.productserve.com/?w=200&h=200&bg=white&trim=5&t=letterbox&url=ssl%3Acdn.shopify.com%2Fs%2Ffiles%2F1%2F0487%2F8834%2F0899%2Ffiles%2FDR4029_EMERALD_1197_front_1757335536.jpg&feedId=62769&k=c2ba978591c4a386b3ebf5a98468a7fd4017bfd3,USD,,"Over $120 - Free Delivery, Less than $120 - $12",https://goddiva.us/products/goddiva-ice-velvet-bardot-wrap-maxi-emerald,,,USD170,62769,Goddiva,1,,,,,,Womens,Dresses
https://www.awin1.com/pclick.php?p=36556608726&a=2771700&m=24726,Goddiva Ice Velvet Bardot Wrap Maxi - Emerald Green,36556608726,DR4029-EMERALD-10,https://cdn.shopify.com/s/files/1/0487/8834/0899/files/DR4029_EMERALD_1197_front_1757335536.jpg,"A masterpiece of glamour and style designed for special occasions, the Ice Velvet Bardot Wrap Maxi. This emerald maxi dress, featuring a captivating wrap-style off-the-shoulder neckline, is a testament to timeless elegance and sophistication. Crafted for unforgettable evenings, this dress is perfect for any special occasion, be it a bridesmaid's role or prom night. Its sleeveless design and A-line skirt with a chic front split make it the ideal choice for those who crave comfort without sacrificing style. The soft touch ice velvet material used in this emerald dress ensures you'll feel like royalty as it caresses your skin. The luxurious fabric adds an extra layer of opulence, allowing you to shine and stand out in the crowd. Whether you're seeking the perfect bridesmaid dress, gearing up for a glamorous evening out, or preparing to make a grand entrance at prom, this emerald Ice Velvet Bardot Wrap Maxi Dress is the embodiment of timeless beauty and grace. Dress to impress and make unforgettable memories in this enchanting maxi dress. Order yours today and step into the spotlight with unmatched elegance and charm.",Dresses,130,Goddiva,24726,Women's Dresses & Skirts,198,https://images2.productserve.com/?w=200&h=200&bg=white&trim=5&t=letterbox&url=ssl%3Acdn.shopify.com%2Fs%2Ffiles%2F1%2F0487%2F8834%2F0899%2Ffiles%2FDR4029_EMERALD_1197_front_1757335536.jpg&feedId=62769&k=c2ba978591c4a386b3ebf5a98468a7fd4017bfd3,USD,,"Over $120 - Free Delivery, Less than $120 - $12",https://goddiva.us/products/goddiva-ice-velvet-bardot-wrap-maxi-emerald,,,USD170,62769,Goddiva,1,,,,,,Womens,Dresses
https://www.awin1.com/pclick.php?p=36608993322&a=2771700&m=24726,Goddiva Sequin Flutter Sleeve Maxi - Navy,36608993322,DR4021-NAVY-8,https://cdn.shopify.com/s/files/1/0487/8834/0899/products/DR4021_navy_front_l_1699619301.jpg,"Take your evening attire to the next level with our Sequin Flutter Sleeve Maxi Dress, a true masterpiece designed for those unforgettable occasion moments. This navy dress is a dazzling choice for a glamorous prom, an elegant evening out, or even as a stunning option for your bridesmaids. The round neckline offers a timeless and graceful look, setting the stage for an evening filled with grace and charm. With short flutter sleeves, this navy dress strikes the perfect balance between elegance and comfort, ensuring you're dressed to impress on any special occasion. The maxi length of the dress makes it an ideal choice for a sophisticated and formal setting, such as a prom night or a lavish evening event. The sequin embellishments catch the light with every step you take, making you shine and sparkle all through the night. With a V-neckline back, this navy dress adds a hint of allure and creates a captivating silhouette from every angle. Our Sequin Flutter Sleeve Maxi Dress is a versatile choice for various occasions, making it a memorable choice for your special bridesmaids. Make a statement and be the embodiment of elegance with this sequin-adorned dress. Whether it's a prom night, a special evening event, or a bridal party celebration, this dress is the perfect choice to ensure that you and your bridesmaids shine, creating unforgettable memories for everyone in attendance. Don't just attend the event; own it with grace and style.",Dresses,170,Goddiva,24726,Women's Dresses & Skirts,198,https://images2.productserve.com/?w=200&h=200&bg=white&trim=5&t=letterbox&url=ssl%3Acdn.shopify.com%2Fs%2Ffiles%2F1%2F0487%2F8834%2F0899%2Fproducts%2FDR4021_navy_front_l_1699619301.jpg&feedId=62769&k=1df63db9eb52a67120f68b15d15579e845c5dd72,USD,,"Over $120 - Free Delivery, Less than $120 - $12",https://goddiva.us/products/goddiva-sequin-flutter-sleeve-maxi-navy,,,USD240,62769,Goddiva,1,,,,,,Womens,Dresses
https://www.awin1.com/pclick.php?p=36608993323&a=2771700&m=24726,Goddiva Sequin Flutter Sleeve Maxi - Navy,36608993323,DR4021-NAVY-10,https://cdn.shopify.com/s/files/1/0487/8834/0899/products/DR4021_navy_front_l_1699619301.jpg,"Take your evening attire to the next level with our Sequin Flutter Sleeve Maxi Dress, a true masterpiece designed for those unforgettable occasion moments. This navy dress is a dazzling choice for a glamorous prom, an elegant evening out, or even as a stunning option for your bridesmaids. The round neckline offers a timeless and graceful look, setting the stage for an evening filled with grace and charm. With short flutter sleeves, this navy dress strikes the perfect balance between elegance and comfort, ensuring you're dressed to impress on any special occasion. The maxi length of the dress makes it an ideal choice for a sophisticated and formal setting, such as a prom night or a lavish evening event. The sequin embellishments catch the light with every step you take, making you shine and sparkle all through the night. With a V-neckline back, this navy dress adds a hint of allure and creates a captivating silhouette from every angle. Our Sequin Flutter Sleeve Maxi Dress is a versatile choice for various occasions, making it a memorable choice for your special bridesmaids. Make a statement and be the embodiment of elegance with this sequin-adorned dress. Whether it's a prom night, a special evening event, or a bridal party celebration, this dress is the perfect choice to ensure that you and your bridesmaids shine, creating unforgettable memories for everyone in attendance. Don't just attend the event; own it with grace and style.",Dresses,170,Goddiva,24726,Women's Dresses & Skirts,198,https://images2.productserve.com/?w=200&h=200&bg=white&trim=5&t=letterbox&url=ssl%3Acdn.shopify.com%2Fs%2Ffiles%2F1%2F0487%2F8834%2F0899%2Fproducts%2FDR4021_navy_front_l_1699619301.jpg&feedId=62769&k=1df63db9eb52a67120f68b15d15579e845c5dd72,USD,,"Over $120 - Free Delivery, Less than $120 - $12",https://goddiva.us/products/goddiva-sequin-flutter-sleeve-maxi-navy,,,USD240,62769,Goddiva,1,,,,,,Womens,Dresses
https://www.awin1.com/pclick.php?p=36608993324&a=2771700&m=24726,Goddiva Sequin Flutter Sleeve Maxi - Navy,36608993324,DR4021-NAVY-12,https://cdn.shopify.com/s/files/1/0487/8834/0899/products/DR4021_navy_front_l_1699619301.jpg,"Take your evening attire to the next level with our Sequin Flutter Sleeve Maxi Dress, a true masterpiece designed for those unforgettable occasion moments. This navy dress is a dazzling choice for a glamorous prom, an elegant evening out, or even as a stunning option for your bridesmaids. The round neckline offers a timeless and graceful look, setting the stage for an evening filled with grace and charm. With short flutter sleeves, this navy dress strikes the perfect balance between elegance and comfort, ensuring you're dressed to impress on any special occasion. The maxi length of the dress makes it an ideal choice for a sophisticated and formal setting, such as a prom night or a lavish evening event. The sequin embellishments catch the light with every step you take, making you shine and sparkle all through the night. With a V-neckline back, this navy dress adds a hint of allure and creates a captivating silhouette from every angle. Our Sequin Flutter Sleeve Maxi Dress is a versatile choice for various occasions, making it a memorable choice for your special bridesmaids. Make a statement and be the embodiment of elegance with this sequin-adorned dress. Whether it's a prom night, a special evening event, or a bridal party celebration, this dress is the perfect choice to ensure that you and your bridesmaids shine, creating unforgettable memories for everyone in attendance. Don't just attend the event; own it with grace and style.",Dresses,170,Goddiva,24726,Women's Dresses & Skirts,198,https://images2.productserve.com/?w=200&h=200&bg=white&trim=5&t=letterbox&url=ssl%3Acdn.shopify.com%2Fs%2Ffiles%2F1%2F0487%2F8834%2F0899%2Fproducts%2FDR4021_navy_front_l_1699619301.jpg&feedId=62769&k=1df63db9eb52a67120f68b15d15579e845c5dd72,USD,,"Over $120 - Free Delivery, Less than $120 - $12",https://goddiva.us/products/goddiva-sequin-flutter-sleeve-maxi-navy,,,USD240,62769,Goddiva,1,,,,,,Womens,Dresses
https://www.awin1.com/pclick.php?p=36643072609&a=2771700&m=24726,Goddiva One Sleeve Diagonal Sequin Midi - Gold,36643072609,DR4071-GOLD-8,https://cdn.shopify.com/s/files/1/0487/8834/0899/files/DR4071_GOLD_1460_front_1757335828.jpg,"Make a dazzling statement at your next occasion in our One Sleeve Diagonal Sequin Midi Dress. This stunning midi dress is the ultimate choice for those special moments, be it as a stylish wedding guest, at a chic party, for a glamorous New Year's party, or a romantic date night out. With its unique one-shoulder style and asymmetric neckline, this gold dress exudes sophistication and allure. The diagonal gold and black sequins add a touch of sparkle and shine, ensuring you'll be the centre of attention at any event. The bodycon fit hugs your curves, adding a sultry charm to your look. This gold dress is designed for those who appreciate a touch of luxury and style. The versatility of our One Sleeve Diagonal Sequin Midi Dress makes it perfect for various occasions. Make a lasting impression at any event, leaving everyone in awe of your grace and beauty. Don't just attend the event; own it with style and make every moment unforgettable.",Dresses,130,Goddiva,24726,Women's Dresses & Skirts,198,https://images2.productserve.com/?w=200&h=200&bg=white&trim=5&t=letterbox&url=ssl%3Acdn.shopify.com%2Fs%2Ffiles%2F1%2F0487%2F8834%2F0899%2Ffiles%2FDR4071_GOLD_1460_front_1757335828.jpg&feedId=62769&k=11f6d05e46b4295c27801bad418c95328f78195e,USD,,"Over $120 - Free Delivery, Less than $120 - $12",https://goddiva.us/products/goddiva-one-sleeve-diagonal-sequin-midi-gold,,,USD156,62769,Goddiva,1,,,,,,Womens,Dresses
https://www.awin1.com/pclick.php?p=36643072610&a=2771700&m=24726,Goddiva One Sleeve Diagonal Sequin Midi - Gold,36643072610,DR4071-GOLD-10,https://cdn.shopify.com/s/files/1/0487/8834/0899/files/DR4071_GOLD_1460_front_1757335828.jpg,"Make a dazzling statement at your next occasion in our One Sleeve Diagonal Sequin Midi Dress. This stunning midi dress is the ultimate choice for those special moments, be it as a stylish wedding guest, at a chic party, for a glamorous New Year's party, or a romantic date night out. With its unique one-shoulder style and asymmetric neckline, this gold dress exudes sophistication and allure. The diagonal gold and black sequins add a touch of sparkle and shine, ensuring you'll be the centre of attention at any event. The bodycon fit hugs your curves, adding a sultry charm to your look. This gold dress is designed for those who appreciate a touch of luxury and style. The versatility of our One Sleeve Diagonal Sequin Midi Dress makes it perfect for various occasions. Make a lasting impression at any event, leaving everyone in awe of your grace and beauty. Don't just attend the event; own it with style and make every moment unforgettable.",Dresses,130,Goddiva,24726,Women's Dresses & Skirts,198,https://images2.productserve.com/?w=200&h=200&bg=white&trim=5&t=letterbox&url=ssl%3Acdn.shopify.com%2Fs%2Ffiles%2F1%2F0487%2F8834%2F0899%2Ffiles%2FDR4071_GOLD_1460_front_1757335828.jpg&feedId=62769&k=11f6d05e46b4295c27801bad418c95328f78195e,USD,,"Over $120 - Free Delivery, Less than $120 - $12",https://goddiva.us/products/goddiva-one-sleeve-diagonal-sequin-midi-gold,,,USD156,62769,Goddiva,1,,,,,,Womens,Dresses
https://www.awin1.com/pclick.php?p=36643072611&a=2771700&m=24726,Goddiva One Sleeve Diagonal Sequin Midi - Gold,36643072611,DR4071-GOLD-12,https://cdn.shopify.com/s/files/1/0487/8834/0899/files/DR4071_GOLD_1460_front_1757335828.jpg,"Make a dazzling statement at your next occasion in our One Sleeve Diagonal Sequin Midi Dress. This stunning midi dress is the ultimate choice for those special moments, be it as a stylish wedding guest, at a chic party, for a glamorous New Year's party, or a romantic date night out. With its unique one-shoulder style and asymmetric neckline, this gold dress exudes sophistication and allure. The diagonal gold and black sequins add a touch of sparkle and shine, ensuring you'll be the centre of attention at any event. The bodycon fit hugs your curves, adding a sultry charm to your look. This gold dress is designed for those who appreciate a touch of luxury and style. The versatility of our One Sleeve Diagonal Sequin Midi Dress makes it perfect for various occasions. Make a lasting impression at any event, leaving everyone in awe of your grace and beauty. Don't just attend the event; own it with style and make every moment unforgettable.",Dresses,130,Goddiva,24726,Women's Dresses & Skirts,198,https://images2.productserve.com/?w=200&h=200&bg=white&trim=5&t=letterbox&url=ssl%3Acdn.shopify.com%2Fs%2Ffiles%2F1%2F0487%2F8834%2F0899%2Ffiles%2FDR4071_GOLD_1460_front_1757335828.jpg&feedId=62769&k=11f6d05e46b4295c27801bad418c95328f78195e,USD,,"Over $120 - Free Delivery, Less than $120 - $12",https://goddiva.us/products/goddiva-one-sleeve-diagonal-sequin-midi-gold,,,USD156,62769,Goddiva,1,,,,,,Womens,Dresses
https://www.awin1.com/pclick.php?p=36386878826&a=2771700&m=24726,Goddiva Long Sleeve Sequin V Wrap Maxi Dress - Black,36386878826,DR3485-BLACK-14,https://cdn.shopify.com/s/files/1/0487/8834/0899/files/41493_1728901376.jpg,"This black long sleeve sequin maxi is the hit of the season!! This elegant sequin maxi dress is a trendy, flattering style that will make you look and feel amazing at your next black tie event. The glamorous fabric will have everyone looking when they see you in this long sleeve maxi evening dress. This sparkling black gown is a classic designed evening dress for the modern woman. It features a v-neckline, sequin embellishment, long sleeves and a fitted style that gives it an elegant appeal. The perfect piece for black tie events, prom; and even for the mother of the bride (or Groom). Pair with heels for a gorgeous look you'll love!",Dresses,190,Goddiva,24726,Women's Dresses & Skirts,198,https://images2.productserve.com/?w=200&h=200&bg=white&trim=5&t=letterbox&url=ssl%3Acdn.shopify.com%2Fs%2Ffiles%2F1%2F0487%2F8834%2F0899%2Ffiles%2F41493_1728901376.jpg&feedId=62769&k=017e5f3b88cce67a730747f5d0d6522a3fa4bde9,USD,,"Over $120 - Free Delivery, Less than $120 - $12",https://goddiva.us/products/goddiva-long-sleeve-sequin-v-wrap-maxi-dress-black,,,USD300,62769,Goddiva,1,,,,,,Womens,Dresses
https://www.awin1.com/pclick.php?p=36386878823&a=2771700&m=24726,Goddiva Long Sleeve Sequin V Wrap Maxi Dress - Black,36386878823,DR3485-BLACK-8,https://cdn.shopify.com/s/files/1/0487/8834/0899/files/41493_1728901376.jpg,"This black long sleeve sequin maxi is the hit of the season!! This elegant sequin maxi dress is a trendy, flattering style that will make you look and feel amazing at your next black tie event. The glamorous fabric will have everyone looking when they see you in this long sleeve maxi evening dress. This sparkling black gown is a classic designed evening dress for the modern woman. It features a v-neckline, sequin embellishment, long sleeves and a fitted style that gives it an elegant appeal. The perfect piece for black tie events, prom; and even for the mother of the bride (or Groom). Pair with heels for a gorgeous look you'll love!",Dresses,190,Goddiva,24726,Women's Dresses & Skirts,198,https://images2.productserve.com/?w=200&h=200&bg=white&trim=5&t=letterbox&url=ssl%3Acdn.shopify.com%2Fs%2Ffiles%2F1%2F0487%2F8834%2F0899%2Ffiles%2F41493_1728901376.jpg&feedId=62769&k=017e5f3b88cce67a730747f5d0d6522a3fa4bde9,USD,,"Over $120 - Free Delivery, Less than $120 - $12",https://goddiva.us/products/goddiva-long-sleeve-sequin-v-wrap-maxi-dress-black,,,USD300,62769,Goddiva,1,,,,,,Womens,Dresses
https://www.awin1.com/pclick.php?p=36386878824&a=2771700&m=24726,Goddiva Long Sleeve Sequin V Wrap Maxi Dress - Black,36386878824,DR3485-BLACK-10,https://cdn.shopify.com/s/files/1/0487/8834/0899/files/41493_1728901376.jpg,"This black long sleeve sequin maxi is the hit of the season!! This elegant sequin maxi dress is a trendy, flattering style that will make you look and feel amazing at your next black tie event. The glamorous fabric will have everyone looking when they see you in this long sleeve maxi evening dress. This sparkling black gown is a classic designed evening dress for the modern woman. It features a v-neckline, sequin embellishment, long sleeves and a fitted style that gives it an elegant appeal. The perfect piece for black tie events, prom; and even for the mother of the bride (or Groom). Pair with heels for a gorgeous look you'll love!",Dresses,190,Goddiva,24726,Women's Dresses & Skirts,198,https://images2.productserve.com/?w=200&h=200&bg=white&trim=5&t=letterbox&url=ssl%3Acdn.shopify.com%2Fs%2Ffiles%2F1%2F0487%2F8834%2F0899%2Ffiles%2F41493_1728901376.jpg&feedId=62769&k=017e5f3b88cce67a730747f5d0d6522a3fa4bde9,USD,,"Over $120 - Free Delivery, Less than $120 - $12",https://goddiva.us/products/goddiva-long-sleeve-sequin-v-wrap-maxi-dress-black,,,USD300,62769,Goddiva,1,,,,,,Womens,Dresses
https://www.awin1.com/pclick.php?p=36386878825&a=2771700&m=24726,Goddiva Long Sleeve Sequin V Wrap Maxi Dress - Black,36386878825,DR3485-BLACK-12,https://cdn.shopify.com/s/files/1/0487/8834/0899/files/41493_1728901376.jpg,"This black long sleeve sequin maxi is the hit of the season!! This elegant sequin maxi dress is a trendy, flattering style that will make you look and feel amazing at your next black tie event. The glamorous fabric will have everyone looking when they see you in this long sleeve maxi evening dress. This sparkling black gown is a classic designed evening dress for the modern woman. It features a v-neckline, sequin embellishment, long sleeves and a fitted style that gives it an elegant appeal. The perfect piece for black tie events, prom; and even for the mother of the bride (or Groom). Pair with heels for a gorgeous look you'll love!",Dresses,190,Goddiva,24726,Women's Dresses & Skirts,198,https://images2.productserve.com/?w=200&h=200&bg=white&trim=5&t=letterbox&url=ssl%3Acdn.shopify.com%2Fs%2Ffiles%2F1%2F0487%2F8834%2F0899%2Ffiles%2F41493_1728901376.jpg&feedId=62769&k=017e5f3b88cce67a730747f5d0d6522a3fa4bde9,USD,,"Over $120 - Free Delivery, Less than $120 - $12",https://goddiva.us/products/goddiva-long-sleeve-sequin-v-wrap-maxi-dress-black,,,USD300,62769,Goddiva,1,,,,,,Womens,Dresses
https://www.awin1.com/pclick.php?p=33948213185&a=2771700&m=24726,Goddiva Starburst Sequin Maxi Dress - Rosegold,33948213185,DR1824-ROSEGOLD-8,https://cdn.shopify.com/s/files/1/0487/8834/0899/files/DR1824_ROSEGOLD_2949_front_1768904474.jpg,"Turn up the heat in this starburst effect maxi dress by Goddiva. This impressive sparkling evening dress brings a unique twist to a classic little number. Its all over sequins splashed in a starburst effect, gives this long occasion dress an artistic vibe. Its flirtatious plunge v neck, classic long sheer sleeves and its exquisite fishtail hem give it that extra touch of elegance. This timeless rosegold maxi dress is the winning choice for any occasion. At its affordable price, this dark rosegold occasion gown is sensational, especially with its red-carpet-inspired style. Shopping for an occasion dress has never been easier, so, why not look flawless in this obvious choice for wedding guests, bridesmaids, prom queens and any other special occasion. Be ready for all events when you have this dress in your life.",Dresses,190,Goddiva,24726,Women's Dresses & Skirts,198,https://images2.productserve.com/?w=200&h=200&bg=white&trim=5&t=letterbox&url=ssl%3Acdn.shopify.com%2Fs%2Ffiles%2F1%2F0487%2F8834%2F0899%2Ffiles%2FDR1824_ROSEGOLD_2949_front_1768904474.jpg&feedId=62769&k=aa6a2627d7c29a2f3ee2de59b33bf6e5b630c3ae,USD,,"Over $120 - Free Delivery, Less than $120 - $12",https://goddiva.us/products/starburst-sequin-maxi-dress-rosegold,,,USD270,62769,Goddiva,1,,,,,,Womens,Dresses
https://www.awin1.com/pclick.php?p=33948213189&a=2771700&m=24726,Goddiva Starburst Sequin Maxi Dress - Rosegold,33948213189,DR1824-ROSEGOLD-12,https://cdn.shopify.com/s/files/1/0487/8834/0899/files/DR1824_ROSEGOLD_2949_front_1768904474.jpg,"Turn up the heat in this starburst effect maxi dress by Goddiva. This impressive sparkling evening dress brings a unique twist to a classic little number. Its all over sequins splashed in a starburst effect, gives this long occasion dress an artistic vibe. Its flirtatious plunge v neck, classic long sheer sleeves and its exquisite fishtail hem give it that extra touch of elegance. This timeless rosegold maxi dress is the winning choice for any occasion. At its affordable price, this dark rosegold occasion gown is sensational, especially with its red-carpet-inspired style. Shopping for an occasion dress has never been easier, so, why not look flawless in this obvious choice for wedding guests, bridesmaids, prom queens and any other special occasion. Be ready for all events when you have this dress in your life.",Dresses,190,Goddiva,24726,Women's Dresses & Skirts,198,https://images2.productserve.com/?w=200&h=200&bg=white&trim=5&t=letterbox&url=ssl%3Acdn.shopify.com%2Fs%2Ffiles%2F1%2F0487%2F8834%2F0899%2Ffiles%2FDR1824_ROSEGOLD_2949_front_1768904474.jpg&feedId=62769&k=aa6a2627d7c29a2f3ee2de59b33bf6e5b630c3ae,USD,,"Over $120 - Free Delivery, Less than $120 - $12",https://goddiva.us/products/starburst-sequin-maxi-dress-rosegold,,,USD270,62769,Goddiva,1,,,,,,Womens,Dresses
https://www.awin1.com/pclick.php?p=33948213187&a=2771700&m=24726,Goddiva Starburst Sequin Maxi Dress - Rosegold,33948213187,DR1824-ROSEGOLD-10,https://cdn.shopify.com/s/files/1/0487/8834/0899/files/DR1824_ROSEGOLD_2949_front_1768904474.jpg,"Turn up the heat in this starburst effect maxi dress by Goddiva. This impressive sparkling evening dress brings a unique twist to a classic little number. Its all over sequins splashed in a starburst effect, gives this long occasion dress an artistic vibe. Its flirtatious plunge v neck, classic long sheer sleeves and its exquisite fishtail hem give it that extra touch of elegance. This timeless rosegold maxi dress is the winning choice for any occasion. At its affordable price, this dark rosegold occasion gown is sensational, especially with its red-carpet-inspired style. Shopping for an occasion dress has never been easier, so, why not look flawless in this obvious choice for wedding guests, bridesmaids, prom queens and any other special occasion. Be ready for all events when you have this dress in your life.",Dresses,190,Goddiva,24726,Women's Dresses & Skirts,198,https://images2.productserve.com/?w=200&h=200&bg=white&trim=5&t=letterbox&url=ssl%3Acdn.shopify.com%2Fs%2Ffiles%2F1%2F0487%2F8834%2F0899%2Ffiles%2FDR1824_ROSEGOLD_2949_front_1768904474.jpg&feedId=62769&k=aa6a2627d7c29a2f3ee2de59b33bf6e5b630c3ae,USD,,"Over $120 - Free Delivery, Less than $120 - $12",https://goddiva.us/products/starburst-sequin-maxi-dress-rosegold,,,USD270,62769,Goddiva,1,,,,,,Womens,Dresses
https://www.awin1.com/pclick.php?p=33948213191&a=2771700&m=24726,Goddiva Starburst Sequin Maxi Dress - Rosegold,33948213191,DR1824-ROSEGOLD-14,https://cdn.shopify.com/s/files/1/0487/8834/0899/files/DR1824_ROSEGOLD_2949_front_1768904474.jpg,"Turn up the heat in this starburst effect maxi dress by Goddiva. This impressive sparkling evening dress brings a unique twist to a classic little number. Its all over sequins splashed in a starburst effect, gives this long occasion dress an artistic vibe. Its flirtatious plunge v neck, classic long sheer sleeves and its exquisite fishtail hem give it that extra touch of elegance. This timeless rosegold maxi dress is the winning choice for any occasion. At its affordable price, this dark rosegold occasion gown is sensational, especially with its red-carpet-inspired style. Shopping for an occasion dress has never been easier, so, why not look flawless in this obvious choice for wedding guests, bridesmaids, prom queens and any other special occasion. Be ready for all events when you have this dress in your life.",Dresses,190,Goddiva,24726,Women's Dresses & Skirts,198,https://images2.productserve.com/?w=200&h=200&bg=white&trim=5&t=letterbox&url=ssl%3Acdn.shopify.com%2Fs%2Ffiles%2F1%2F0487%2F8834%2F0899%2Ffiles%2FDR1824_ROSEGOLD_2949_front_1768904474.jpg&feedId=62769&k=aa6a2627d7c29a2f3ee2de59b33bf6e5b630c3ae,USD,,"Over $120 - Free Delivery, Less than $120 - $12",https://goddiva.us/products/starburst-sequin-maxi-dress-rosegold,,,USD270,62769,Goddiva,1,,,,,,Womens,Dresses
https://www.awin1.com/pclick.php?p=37192094525&a=2771700&m=24726,Goddiva Denim Frilled Bardot High Low Dress - Blue Denim,37192094525,DR4165-BLUEDENIM-8,https://cdn.shopify.com/s/files/1/0487/8834/0899/files/IMG_4054_1_1718627815.jpg,"Step into the spotlight with our mesmerising Denim Frilled Bardot High Low dress, a true showstopper that exudes elegance and charm. Embrace your inner fashionista with this off-the-shoulder style featuring a stunning frilled overlay on the bust, creating a captivating silhouette that commands attention wherever you go. Crafted with precision and finesse, this dress boasts a raw hem for a touch of edgy sophistication, setting you apart from the crowd with its unique flair. The high-low design adds a contemporary twist to this timeless classic, ensuring you make a memorable entrance and exit. Effortlessly transition from sunlit brunches to moonlit soires with this versatile ensemble, as it effortlessly adapts to any occasion. With just a switch of accessories, transform your look from laid-back chic to glamorous elegance, making it the perfect choice for summer days and sultry nights alike. Indulge in the luxury of comfort and style as you glide through life in our Denim Frilled Bardot High Low dress, embracing its flattering silhouette that accentuates your curves in all the right places. Elevate your wardrobe with this must-have piece and embrace the confidence that comes with wearing a true fashion statement. Get ready to steal the spotlight and leave a lasting impression with this sensational showstopper.",Dresses,105,Goddiva,24726,Women's Dresses & Skirts,198,https://images2.productserve.com/?w=200&h=200&bg=white&trim=5&t=letterbox&url=ssl%3Acdn.shopify.com%2Fs%2Ffiles%2F1%2F0487%2F8834%2F0899%2Ffiles%2FIMG_4054_1_1718627815.jpg&feedId=62769&k=2a6512d39f88c7ece566a4d7664aa4d29b3c2878,USD,,"Over $120 - Free Delivery, Less than $120 - $12",https://goddiva.us/products/goddiva-denim-frilled-bardot-high-low-dress-blue-denim,,,USD150,62769,Goddiva,1,,,,,,Womens,Dresses
https://www.awin1.com/pclick.php?p=37192094528&a=2771700&m=24726,Goddiva Denim Frilled Bardot High Low Dress - Blue Denim,37192094528,DR4165-BLUEDENIM-14,https://cdn.shopify.com/s/files/1/0487/8834/0899/files/IMG_4054_1_1718627815.jpg,"Step into the spotlight with our mesmerising Denim Frilled Bardot High Low dress, a true showstopper that exudes elegance and charm. Embrace your inner fashionista with this off-the-shoulder style featuring a stunning frilled overlay on the bust, creating a captivating silhouette that commands attention wherever you go. Crafted with precision and finesse, this dress boasts a raw hem for a touch of edgy sophistication, setting you apart from the crowd with its unique flair. The high-low design adds a contemporary twist to this timeless classic, ensuring you make a memorable entrance and exit. Effortlessly transition from sunlit brunches to moonlit soires with this versatile ensemble, as it effortlessly adapts to any occasion. With just a switch of accessories, transform your look from laid-back chic to glamorous elegance, making it the perfect choice for summer days and sultry nights alike. Indulge in the luxury of comfort and style as you glide through life in our Denim Frilled Bardot High Low dress, embracing its flattering silhouette that accentuates your curves in all the right places. Elevate your wardrobe with this must-have piece and embrace the confidence that comes with wearing a true fashion statement. Get ready to steal the spotlight and leave a lasting impression with this sensational showstopper.",Dresses,105,Goddiva,24726,Women's Dresses & Skirts,198,https://images2.productserve.com/?w=200&h=200&bg=white&trim=5&t=letterbox&url=ssl%3Acdn.shopify.com%2Fs%2Ffiles%2F1%2F0487%2F8834%2F0899%2Ffiles%2FIMG_4054_1_1718627815.jpg&feedId=62769&k=2a6512d39f88c7ece566a4d7664aa4d29b3c2878,USD,,"Over $120 - Free Delivery, Less than $120 - $12",https://goddiva.us/products/goddiva-denim-frilled-bardot-high-low-dress-blue-denim,,,USD150,62769,Goddiva,1,,,,,,Womens,Dresses
https://www.awin1.com/pclick.php?p=37192094526&a=2771700&m=24726,Goddiva Denim Frilled Bardot High Low Dress - Blue Denim,37192094526,DR4165-BLUEDENIM-10,https://cdn.shopify.com/s/files/1/0487/8834/0899/files/IMG_4054_1_1718627815.jpg,"Step into the spotlight with our mesmerising Denim Frilled Bardot High Low dress, a true showstopper that exudes elegance and charm. Embrace your inner fashionista with this off-the-shoulder style featuring a stunning frilled overlay on the bust, creating a captivating silhouette that commands attention wherever you go. Crafted with precision and finesse, this dress boasts a raw hem for a touch of edgy sophistication, setting you apart from the crowd with its unique flair. The high-low design adds a contemporary twist to this timeless classic, ensuring you make a memorable entrance and exit. Effortlessly transition from sunlit brunches to moonlit soires with this versatile ensemble, as it effortlessly adapts to any occasion. With just a switch of accessories, transform your look from laid-back chic to glamorous elegance, making it the perfect choice for summer days and sultry nights alike. Indulge in the luxury of comfort and style as you glide through life in our Denim Frilled Bardot High Low dress, embracing its flattering silhouette that accentuates your curves in all the right places. Elevate your wardrobe with this must-have piece and embrace the confidence that comes with wearing a true fashion statement. Get ready to steal the spotlight and leave a lasting impression with this sensational showstopper.",Dresses,105,Goddiva,24726,Women's Dresses & Skirts,198,https://images2.productserve.com/?w=200&h=200&bg=white&trim=5&t=letterbox&url=ssl%3Acdn.shopify.com%2Fs%2Ffiles%2F1%2F0487%2F8834%2F0899%2Ffiles%2FIMG_4054_1_1718627815.jpg&feedId=62769&k=2a6512d39f88c7ece566a4d7664aa4d29b3c2878,USD,,"Over $120 - Free Delivery, Less than $120 - $12",https://goddiva.us/products/goddiva-denim-frilled-bardot-high-low-dress-blue-denim,,,USD150,62769,Goddiva,1,,,,,,Womens,Dresses
https://www.awin1.com/pclick.php?p=37192094527&a=2771700&m=24726,Goddiva Denim Frilled Bardot High Low Dress - Blue Denim,37192094527,DR4165-BLUEDENIM-12,https://cdn.shopify.com/s/files/1/0487/8834/0899/files/IMG_4054_1_1718627815.jpg,"Step into the spotlight with our mesmerising Denim Frilled Bardot High Low dress, a true showstopper that exudes elegance and charm. Embrace your inner fashionista with this off-the-shoulder style featuring a stunning frilled overlay on the bust, creating a captivating silhouette that commands attention wherever you go. Crafted with precision and finesse, this dress boasts a raw hem for a touch of edgy sophistication, setting you apart from the crowd with its unique flair. The high-low design adds a contemporary twist to this timeless classic, ensuring you make a memorable entrance and exit. Effortlessly transition from sunlit brunches to moonlit soires with this versatile ensemble, as it effortlessly adapts to any occasion. With just a switch of accessories, transform your look from laid-back chic to glamorous elegance, making it the perfect choice for summer days and sultry nights alike. Indulge in the luxury of comfort and style as you glide through life in our Denim Frilled Bardot High Low dress, embracing its flattering silhouette that accentuates your curves in all the right places. Elevate your wardrobe with this must-have piece and embrace the confidence that comes with wearing a true fashion statement. Get ready to steal the spotlight and leave a lasting impression with this sensational showstopper.",Dresses,105,Goddiva,24726,Women's Dresses & Skirts,198,https://images2.productserve.com/?w=200&h=200&bg=white&trim=5&t=letterbox&url=ssl%3Acdn.shopify.com%2Fs%2Ffiles%2F1%2F0487%2F8834%2F0899%2Ffiles%2FIMG_4054_1_1718627815.jpg&feedId=62769&k=2a6512d39f88c7ece566a4d7664aa4d29b3c2878,USD,,"Over $120 - Free Delivery, Less than $120 - $12",https://goddiva.us/products/goddiva-denim-frilled-bardot-high-low-dress-blue-denim,,,USD150,62769,Goddiva,1,,,,,,Womens,Dresses
https://www.awin1.com/pclick.php?p=37360455292&a=2771700&m=24726,Goddiva Shirred Chiffon Floral Bardot Midi Dress - Multi,37360455292,DR3810QZ-MULTI-10,https://cdn.shopify.com/s/files/1/0487/8834/0899/files/IMG_2010_1721897363.jpg,"Get ready to dazzle in this enchanting Shirred Bodice Chiffon Pleated Tiered Midi dress. Crafted from luxurious chiffon fabric, this dress exudes grace and sophistication, making it a perfect choice for various special occasions. The bodice of the dress showcases delicate shirring, creating a flattering and textured look that beautifully accentuates the upper body. This feature not only adds visual interest but also enhances the fit for comfortable yet stylish wear. Flowing gracefully from the cinched waist, the chiffon fabric drapes elegantly down to a midi length. The soft and lightweight chiffon material ensures a dreamy and ethereal appeal as you move gracefully through any event. Adding an extra touch of glamour, the dress features pleated tiers that gracefully descend along the skirt. The tiered design gives a romantic and whimsical feel, creating an eye-catching cascading effect that is sure to captivate attention. As a true statement piece, this dress is adorned with a mesmerizing multi-color pattern, making it a stand-out ensemble in any crowd. Its versatility allows you to pair it with different accessories, shoes, and hairstyles to create various looks that suit your personal style.",Dresses,133,Goddiva,24726,Women's Dresses & Skirts,198,https://images2.productserve.com/?w=200&h=200&bg=white&trim=5&t=letterbox&url=ssl%3Acdn.shopify.com%2Fs%2Ffiles%2F1%2F0487%2F8834%2F0899%2Ffiles%2FIMG_2010_1721897363.jpg&feedId=62769&k=17be455b4498e53d6822372e38d1ef234d6428e6,USD,,"Over $120 - Free Delivery, Less than $120 - $12",https://goddiva.us/products/goddiva-shirred-chiffon-floral-bardot-midi-multi,,,USD190,62769,Goddiva,1,,,,,,Womens,Dresses
https://www.awin1.com/pclick.php?p=37360455294&a=2771700&m=24726,Goddiva Shirred Chiffon Floral Bardot Midi Dress - Multi,37360455294,DR3810QZ-MULTI-14,https://cdn.shopify.com/s/files/1/0487/8834/0899/files/IMG_2010_1721897363.jpg,"Get ready to dazzle in this enchanting Shirred Bodice Chiffon Pleated Tiered Midi dress. Crafted from luxurious chiffon fabric, this dress exudes grace and sophistication, making it a perfect choice for various special occasions. The bodice of the dress showcases delicate shirring, creating a flattering and textured look that beautifully accentuates the upper body. This feature not only adds visual interest but also enhances the fit for comfortable yet stylish wear. Flowing gracefully from the cinched waist, the chiffon fabric drapes elegantly down to a midi length. The soft and lightweight chiffon material ensures a dreamy and ethereal appeal as you move gracefully through any event. Adding an extra touch of glamour, the dress features pleated tiers that gracefully descend along the skirt. The tiered design gives a romantic and whimsical feel, creating an eye-catching cascading effect that is sure to captivate attention. As a true statement piece, this dress is adorned with a mesmerizing multi-color pattern, making it a stand-out ensemble in any crowd. Its versatility allows you to pair it with different accessories, shoes, and hairstyles to create various looks that suit your personal style.",Dresses,133,Goddiva,24726,Women's Dresses & Skirts,198,https://images2.productserve.com/?w=200&h=200&bg=white&trim=5&t=letterbox&url=ssl%3Acdn.shopify.com%2Fs%2Ffiles%2F1%2F0487%2F8834%2F0899%2Ffiles%2FIMG_2010_1721897363.jpg&feedId=62769&k=17be455b4498e53d6822372e38d1ef234d6428e6,USD,,"Over $120 - Free Delivery, Less than $120 - $12",https://goddiva.us/products/goddiva-shirred-chiffon-floral-bardot-midi-multi,,,USD190,62769,Goddiva,1,,,,,,Womens,Dresses
https://www.awin1.com/pclick.php?p=37360455293&a=2771700&m=24726,Goddiva Shirred Chiffon Floral Bardot Midi Dress - Multi,37360455293,DR3810QZ-MULTI-12,https://cdn.shopify.com/s/files/1/0487/8834/0899/files/IMG_2010_1721897363.jpg,"Get ready to dazzle in this enchanting Shirred Bodice Chiffon Pleated Tiered Midi dress. Crafted from luxurious chiffon fabric, this dress exudes grace and sophistication, making it a perfect choice for various special occasions. The bodice of the dress showcases delicate shirring, creating a flattering and textured look that beautifully accentuates the upper body. This feature not only adds visual interest but also enhances the fit for comfortable yet stylish wear. Flowing gracefully from the cinched waist, the chiffon fabric drapes elegantly down to a midi length. The soft and lightweight chiffon material ensures a dreamy and ethereal appeal as you move gracefully through any event. Adding an extra touch of glamour, the dress features pleated tiers that gracefully descend along the skirt. The tiered design gives a romantic and whimsical feel, creating an eye-catching cascading effect that is sure to captivate attention. As a true statement piece, this dress is adorned with a mesmerizing multi-color pattern, making it a stand-out ensemble in any crowd. Its versatility allows you to pair it with different accessories, shoes, and hairstyles to create various looks that suit your personal style.",Dresses,133,Goddiva,24726,Women's Dresses & Skirts,198,https://images2.productserve.com/?w=200&h=200&bg=white&trim=5&t=letterbox&url=ssl%3Acdn.shopify.com%2Fs%2Ffiles%2F1%2F0487%2F8834%2F0899%2Ffiles%2FIMG_2010_1721897363.jpg&feedId=62769&k=17be455b4498e53d6822372e38d1ef234d6428e6,USD,,"Over $120 - Free Delivery, Less than $120 - $12",https://goddiva.us/products/goddiva-shirred-chiffon-floral-bardot-midi-multi,,,USD190,62769,Goddiva,1,,,,,,Womens,Dresses
https://www.awin1.com/pclick.php?p=37377281361&a=2771700&m=24726,Goddiva Floral Wrap High And Low Midaxi Dress - Navy,37377281361,DR4369-NAVY-8,https://cdn.shopify.com/s/files/1/0487/8834/0899/files/DR4369_NAVYPRINT_FRONT_1713192295.jpg,"Hello gorgeous, is what you'll be hearing when you step out in this stunning navy Floral Wrap High And Low Midaxi Dress. Step into sophistication and grace with ease, thanks to the enchanting asymmetric tiered hem that adds a dynamic edge to your ensemble. The elasticated waist ensures a comfortable and flattering fit, allowing you to move with ease and confidence throughout the day or night. Short flutter sleeves add a delightful touch to this already stunning piece, embracing the allure of feminine charm. Whether you're attending a semi-formal affair, gracing the aisle as a wedding guest, or enjoying a leisurely brunch with friends, this blue dress effortlessly transitions from one occasion to the next with unparalleled elegance. The timeless print exudes refinement and sophistication, making it a versatile addition to any wardrobe. Flaunt your impeccable taste and embrace the beauty of effortless sophistication with this navy Floral Wrap High And Low Midaxi  Dress.",Dresses,109,Goddiva,24726,Women's Dresses & Skirts,198,https://images2.productserve.com/?w=200&h=200&bg=white&trim=5&t=letterbox&url=ssl%3Acdn.shopify.com%2Fs%2Ffiles%2F1%2F0487%2F8834%2F0899%2Ffiles%2FDR4369_NAVYPRINT_FRONT_1713192295.jpg&feedId=62769&k=4b4ce129103ae8cbd0d32a7f7ebb334fa2775712,USD,,"Over $120 - Free Delivery, Less than $120 - $12",https://goddiva.us/products/goddiva-floral-wrap-high-and-low-maxi-dress-navy,,,USD170,62769,Goddiva,1,,,,,,Womens,Dresses
https://www.awin1.com/pclick.php?p=37377281363&a=2771700&m=24726,Goddiva Floral Wrap High And Low Midaxi Dress - Navy,37377281363,DR4369-NAVY-12,https://cdn.shopify.com/s/files/1/0487/8834/0899/files/DR4369_NAVYPRINT_FRONT_1713192295.jpg,"Hello gorgeous, is what you'll be hearing when you step out in this stunning navy Floral Wrap High And Low Midaxi Dress. Step into sophistication and grace with ease, thanks to the enchanting asymmetric tiered hem that adds a dynamic edge to your ensemble. The elasticated waist ensures a comfortable and flattering fit, allowing you to move with ease and confidence throughout the day or night. Short flutter sleeves add a delightful touch to this already stunning piece, embracing the allure of feminine charm. Whether you're attending a semi-formal affair, gracing the aisle as a wedding guest, or enjoying a leisurely brunch with friends, this blue dress effortlessly transitions from one occasion to the next with unparalleled elegance. The timeless print exudes refinement and sophistication, making it a versatile addition to any wardrobe. Flaunt your impeccable taste and embrace the beauty of effortless sophistication with this navy Floral Wrap High And Low Midaxi  Dress.",Dresses,109,Goddiva,24726,Women's Dresses & Skirts,198,https://images2.productserve.com/?w=200&h=200&bg=white&trim=5&t=letterbox&url=ssl%3Acdn.shopify.com%2Fs%2Ffiles%2F1%2F0487%2F8834%2F0899%2Ffiles%2FDR4369_NAVYPRINT_FRONT_1713192295.jpg&feedId=62769&k=4b4ce129103ae8cbd0d32a7f7ebb334fa2775712,USD,,"Over $120 - Free Delivery, Less than $120 - $12",https://goddiva.us/products/goddiva-floral-wrap-high-and-low-maxi-dress-navy,,,USD170,62769,Goddiva,1,,,,,,Womens,Dresses
https://www.awin1.com/pclick.php?p=37377281362&a=2771700&m=24726,Goddiva Floral Wrap High And Low Midaxi Dress - Navy,37377281362,DR4369-NAVY-10,https://cdn.shopify.com/s/files/1/0487/8834/0899/files/DR4369_NAVYPRINT_FRONT_1713192295.jpg,"Hello gorgeous, is what you'll be hearing when you step out in this stunning navy Floral Wrap High And Low Midaxi Dress. Step into sophistication and grace with ease, thanks to the enchanting asymmetric tiered hem that adds a dynamic edge to your ensemble. The elasticated waist ensures a comfortable and flattering fit, allowing you to move with ease and confidence throughout the day or night. Short flutter sleeves add a delightful touch to this already stunning piece, embracing the allure of feminine charm. Whether you're attending a semi-formal affair, gracing the aisle as a wedding guest, or enjoying a leisurely brunch with friends, this blue dress effortlessly transitions from one occasion to the next with unparalleled elegance. The timeless print exudes refinement and sophistication, making it a versatile addition to any wardrobe. Flaunt your impeccable taste and embrace the beauty of effortless sophistication with this navy Floral Wrap High And Low Midaxi  Dress.",Dresses,109,Goddiva,24726,Women's Dresses & Skirts,198,https://images2.productserve.com/?w=200&h=200&bg=white&trim=5&t=letterbox&url=ssl%3Acdn.shopify.com%2Fs%2Ffiles%2F1%2F0487%2F8834%2F0899%2Ffiles%2FDR4369_NAVYPRINT_FRONT_1713192295.jpg&feedId=62769&k=4b4ce129103ae8cbd0d32a7f7ebb334fa2775712,USD,,"Over $120 - Free Delivery, Less than $120 - $12",https://goddiva.us/products/goddiva-floral-wrap-high-and-low-maxi-dress-navy,,,USD170,62769,Goddiva,1,,,,,,Womens,Dresses
https://www.awin1.com/pclick.php?p=37377281364&a=2771700&m=24726,Goddiva Floral Wrap High And Low Midaxi Dress - Navy,37377281364,DR4369-NAVY-14,https://cdn.shopify.com/s/files/1/0487/8834/0899/files/DR4369_NAVYPRINT_FRONT_1713192295.jpg,"Hello gorgeous, is what you'll be hearing when you step out in this stunning navy Floral Wrap High And Low Midaxi Dress. Step into sophistication and grace with ease, thanks to the enchanting asymmetric tiered hem that adds a dynamic edge to your ensemble. The elasticated waist ensures a comfortable and flattering fit, allowing you to move with ease and confidence throughout the day or night. Short flutter sleeves add a delightful touch to this already stunning piece, embracing the allure of feminine charm. Whether you're attending a semi-formal affair, gracing the aisle as a wedding guest, or enjoying a leisurely brunch with friends, this blue dress effortlessly transitions from one occasion to the next with unparalleled elegance. The timeless print exudes refinement and sophistication, making it a versatile addition to any wardrobe. Flaunt your impeccable taste and embrace the beauty of effortless sophistication with this navy Floral Wrap High And Low Midaxi  Dress.",Dresses,109,Goddiva,24726,Women's Dresses & Skirts,198,https://images2.productserve.com/?w=200&h=200&bg=white&trim=5&t=letterbox&url=ssl%3Acdn.shopify.com%2Fs%2Ffiles%2F1%2F0487%2F8834%2F0899%2Ffiles%2FDR4369_NAVYPRINT_FRONT_1713192295.jpg&feedId=62769&k=4b4ce129103ae8cbd0d32a7f7ebb334fa2775712,USD,,"Over $120 - Free Delivery, Less than $120 - $12",https://goddiva.us/products/goddiva-floral-wrap-high-and-low-maxi-dress-navy,,,USD170,62769,Goddiva,1,,,,,,Womens,Dresses
https://www.awin1.com/pclick.php?p=37511088383&a=2771700&m=24726,Goddiva Printed Ruffle Neck & Hem Dress - Multi,37511088383,DR3881QZ-MULTI-10,https://cdn.shopify.com/s/files/1/0487/8834/0899/files/DR3881QZ_multi_33360_front_1767706092.jpg,"Introducing the Goddiva Printed Ruffle Neck & Hem Dress in Multi  a stunning piece that radiates elegance and sophistication. Crafted to perfection, this dress showcases a captivating blend of vibrant colors and intricate prints, making it a true statement piece.The ruffle neck and hemline add a playful and feminine touch, while the flattering silhouette accentuates your curves in all the right places. Made from high-quality fabric, this dress drapes beautifully, offering both style and comfort.Whether you're attending a summer garden party, a beach wedding, or a special dinner event, this dress is sure to make you stand out from the crowd. Its versatile design allows for effortless styling  pair it with heels and statement jewelry for a polished look, or dress it down with sandals for a more casual vibe.Don't miss the opportunity to add a touch of glamour to your wardrobe with the Goddiva Printed Ruffle Neck & Hem Dress in Multi. Available now for retail, this exquisite dress is guaranteed to become a staple in your collection, effortlessly elevating your style with its timeless beauty.",Dresses,116,Goddiva,24726,Women's Dresses & Skirts,198,https://images2.productserve.com/?w=200&h=200&bg=white&trim=5&t=letterbox&url=ssl%3Acdn.shopify.com%2Fs%2Ffiles%2F1%2F0487%2F8834%2F0899%2Ffiles%2FDR3881QZ_multi_33360_front_1767706092.jpg&feedId=62769&k=a06bed2122ef555a732753f776448d3ab7076883,USD,,"Over $120 - Free Delivery, Less than $120 - $12",https://goddiva.us/products/goddiva-printed-ruffle-neck-hem-dress-multi,,,USD156,62769,Goddiva,1,,,,,,Womens,Dresses
https://www.awin1.com/pclick.php?p=37511088385&a=2771700&m=24726,Goddiva Printed Ruffle Neck & Hem Dress - Multi,37511088385,DR3881QZ-MULTI-14,https://cdn.shopify.com/s/files/1/0487/8834/0899/files/DR3881QZ_multi_33360_front_1767706092.jpg,"Introducing the Goddiva Printed Ruffle Neck & Hem Dress in Multi  a stunning piece that radiates elegance and sophistication. Crafted to perfection, this dress showcases a captivating blend of vibrant colors and intricate prints, making it a true statement piece.The ruffle neck and hemline add a playful and feminine touch, while the flattering silhouette accentuates your curves in all the right places. Made from high-quality fabric, this dress drapes beautifully, offering both style and comfort.Whether you're attending a summer garden party, a beach wedding, or a special dinner event, this dress is sure to make you stand out from the crowd. Its versatile design allows for effortless styling  pair it with heels and statement jewelry for a polished look, or dress it down with sandals for a more casual vibe.Don't miss the opportunity to add a touch of glamour to your wardrobe with the Goddiva Printed Ruffle Neck & Hem Dress in Multi. Available now for retail, this exquisite dress is guaranteed to become a staple in your collection, effortlessly elevating your style with its timeless beauty.",Dresses,116,Goddiva,24726,Women's Dresses & Skirts,198,https://images2.productserve.com/?w=200&h=200&bg=white&trim=5&t=letterbox&url=ssl%3Acdn.shopify.com%2Fs%2Ffiles%2F1%2F0487%2F8834%2F0899%2Ffiles%2FDR3881QZ_multi_33360_front_1767706092.jpg&feedId=62769&k=a06bed2122ef555a732753f776448d3ab7076883,USD,,"Over $120 - Free Delivery, Less than $120 - $12",https://goddiva.us/products/goddiva-printed-ruffle-neck-hem-dress-multi,,,USD156,62769,Goddiva,1,,,,,,Womens,Dresses
https://www.awin1.com/pclick.php?p=37511088384&a=2771700&m=24726,Goddiva Printed Ruffle Neck & Hem Dress - Multi,37511088384,DR3881QZ-MULTI-12,https://cdn.shopify.com/s/files/1/0487/8834/0899/files/DR3881QZ_multi_33360_front_1767706092.jpg,"Introducing the Goddiva Printed Ruffle Neck & Hem Dress in Multi  a stunning piece that radiates elegance and sophistication. Crafted to perfection, this dress showcases a captivating blend of vibrant colors and intricate prints, making it a true statement piece.The ruffle neck and hemline add a playful and feminine touch, while the flattering silhouette accentuates your curves in all the right places. Made from high-quality fabric, this dress drapes beautifully, offering both style and comfort.Whether you're attending a summer garden party, a beach wedding, or a special dinner event, this dress is sure to make you stand out from the crowd. Its versatile design allows for effortless styling  pair it with heels and statement jewelry for a polished look, or dress it down with sandals for a more casual vibe.Don't miss the opportunity to add a touch of glamour to your wardrobe with the Goddiva Printed Ruffle Neck & Hem Dress in Multi. Available now for retail, this exquisite dress is guaranteed to become a staple in your collection, effortlessly elevating your style with its timeless beauty.",Dresses,116,Goddiva,24726,Women's Dresses & Skirts,198,https://images2.productserve.com/?w=200&h=200&bg=white&trim=5&t=letterbox&url=ssl%3Acdn.shopify.com%2Fs%2Ffiles%2F1%2F0487%2F8834%2F0899%2Ffiles%2FDR3881QZ_multi_33360_front_1767706092.jpg&feedId=62769&k=a06bed2122ef555a732753f776448d3ab7076883,USD,,"Over $120 - Free Delivery, Less than $120 - $12",https://goddiva.us/products/goddiva-printed-ruffle-neck-hem-dress-multi,,,USD156,62769,Goddiva,1,,,,,,Womens,Dresses
https://www.awin1.com/pclick.php?p=37511088382&a=2771700&m=24726,Goddiva Printed Ruffle Neck & Hem Dress - Multi,37511088382,DR3881QZ-MULTI-8,https://cdn.shopify.com/s/files/1/0487/8834/0899/files/DR3881QZ_multi_33360_front_1767706092.jpg,"Introducing the Goddiva Printed Ruffle Neck & Hem Dress in Multi  a stunning piece that radiates elegance and sophistication. Crafted to perfection, this dress showcases a captivating blend of vibrant colors and intricate prints, making it a true statement piece.The ruffle neck and hemline add a playful and feminine touch, while the flattering silhouette accentuates your curves in all the right places. Made from high-quality fabric, this dress drapes beautifully, offering both style and comfort.Whether you're attending a summer garden party, a beach wedding, or a special dinner event, this dress is sure to make you stand out from the crowd. Its versatile design allows for effortless styling  pair it with heels and statement jewelry for a polished look, or dress it down with sandals for a more casual vibe.Don't miss the opportunity to add a touch of glamour to your wardrobe with the Goddiva Printed Ruffle Neck & Hem Dress in Multi. Available now for retail, this exquisite dress is guaranteed to become a staple in your collection, effortlessly elevating your style with its timeless beauty.",Dresses,116,Goddiva,24726,Women's Dresses & Skirts,198,https://images2.productserve.com/?w=200&h=200&bg=white&trim=5&t=letterbox&url=ssl%3Acdn.shopify.com%2Fs%2Ffiles%2F1%2F0487%2F8834%2F0899%2Ffiles%2FDR3881QZ_multi_33360_front_1767706092.jpg&feedId=62769&k=a06bed2122ef555a732753f776448d3ab7076883,USD,,"Over $120 - Free Delivery, Less than $120 - $12",https://goddiva.us/products/goddiva-printed-ruffle-neck-hem-dress-multi,,,USD156,62769,Goddiva,1,,,,,,Womens,Dresses
https://www.awin1.com/pclick.php?p=37584600502&a=2771700&m=24726,Goddiva Halter Cowl Neck Back Maxi Dress - Red,37584600502,DR4387-RED-10,https://cdn.shopify.com/s/files/1/0487/8834/0899/files/DR4387_RED_1885_front_1762180980.jpg,"Step into the spotlight and make heads turn with our sensational Halter Cowl Neck Back Maxi Dress. This isn't just any dress; it's a statement piece designed to exude elegance and allure, perfect for those glamorous evenings where you want to leave a lasting impression. Designed to accentuate your curves in all the right places, this red dress features a mesmerising halter cowl neck that gracefully drapes over your silhouette, drawing attention to your dcolletage while adding an air of sophistication. But the real showstopper? That's the open back detail, daring and utterly captivating, leaving a lasting impression as you walk away. But we didn't stop there. With its trending  gathered detailing on the bum area, strategically placed to enhance your best ""ass-et"" and ensure you feel confident from every angle. Yes, you read that rightit's all about embracing your curves with style and sass. Whether you're stepping onto the promenade or attending a glamorous evening soire, this red dress promises to make you feel like you've just stepped off the pages of a fashion magazine. So go ahead, unleash your inner goddess, and let this out-of-this-world dress be your ticket to unforgettable moments and endless compliments.",Dresses,130,Goddiva,24726,Women's Dresses & Skirts,198,https://images2.productserve.com/?w=200&h=200&bg=white&trim=5&t=letterbox&url=ssl%3Acdn.shopify.com%2Fs%2Ffiles%2F1%2F0487%2F8834%2F0899%2Ffiles%2FDR4387_RED_1885_front_1762180980.jpg&feedId=62769&k=44867da449d4299e6063d9a0aed357b75a9094d4,USD,,"Over $120 - Free Delivery, Less than $120 - $12",https://goddiva.us/products/goddiva-halter-cowl-neck-back-maxi-dress-red,,,USD130,62769,Goddiva,1,,,,,,Womens,Dresses
https://www.awin1.com/pclick.php?p=37584600501&a=2771700&m=24726,Goddiva Halter Cowl Neck Back Maxi Dress - Red,37584600501,DR4387-RED-8,https://cdn.shopify.com/s/files/1/0487/8834/0899/files/DR4387_RED_1885_front_1762180980.jpg,"Step into the spotlight and make heads turn with our sensational Halter Cowl Neck Back Maxi Dress. This isn't just any dress; it's a statement piece designed to exude elegance and allure, perfect for those glamorous evenings where you want to leave a lasting impression. Designed to accentuate your curves in all the right places, this red dress features a mesmerising halter cowl neck that gracefully drapes over your silhouette, drawing attention to your dcolletage while adding an air of sophistication. But the real showstopper? That's the open back detail, daring and utterly captivating, leaving a lasting impression as you walk away. But we didn't stop there. With its trending  gathered detailing on the bum area, strategically placed to enhance your best ""ass-et"" and ensure you feel confident from every angle. Yes, you read that rightit's all about embracing your curves with style and sass. Whether you're stepping onto the promenade or attending a glamorous evening soire, this red dress promises to make you feel like you've just stepped off the pages of a fashion magazine. So go ahead, unleash your inner goddess, and let this out-of-this-world dress be your ticket to unforgettable moments and endless compliments.",Dresses,130,Goddiva,24726,Women's Dresses & Skirts,198,https://images2.productserve.com/?w=200&h=200&bg=white&trim=5&t=letterbox&url=ssl%3Acdn.shopify.com%2Fs%2Ffiles%2F1%2F0487%2F8834%2F0899%2Ffiles%2FDR4387_RED_1885_front_1762180980.jpg&feedId=62769&k=44867da449d4299e6063d9a0aed357b75a9094d4,USD,,"Over $120 - Free Delivery, Less than $120 - $12",https://goddiva.us/products/goddiva-halter-cowl-neck-back-maxi-dress-red,,,USD130,62769,Goddiva,1,,,,,,Womens,Dresses
https://www.awin1.com/pclick.php?p=37584600503&a=2771700&m=24726,Goddiva Halter Cowl Neck Back Maxi Dress - Red,37584600503,DR4387-RED-12,https://cdn.shopify.com/s/files/1/0487/8834/0899/files/DR4387_RED_1885_front_1762180980.jpg,"Step into the spotlight and make heads turn with our sensational Halter Cowl Neck Back Maxi Dress. This isn't just any dress; it's a statement piece designed to exude elegance and allure, perfect for those glamorous evenings where you want to leave a lasting impression. Designed to accentuate your curves in all the right places, this red dress features a mesmerising halter cowl neck that gracefully drapes over your silhouette, drawing attention to your dcolletage while adding an air of sophistication. But the real showstopper? That's the open back detail, daring and utterly captivating, leaving a lasting impression as you walk away. But we didn't stop there. With its trending  gathered detailing on the bum area, strategically placed to enhance your best ""ass-et"" and ensure you feel confident from every angle. Yes, you read that rightit's all about embracing your curves with style and sass. Whether you're stepping onto the promenade or attending a glamorous evening soire, this red dress promises to make you feel like you've just stepped off the pages of a fashion magazine. So go ahead, unleash your inner goddess, and let this out-of-this-world dress be your ticket to unforgettable moments and endless compliments.",Dresses,130,Goddiva,24726,Women's Dresses & Skirts,198,https://images2.productserve.com/?w=200&h=200&bg=white&trim=5&t=letterbox&url=ssl%3Acdn.shopify.com%2Fs%2Ffiles%2F1%2F0487%2F8834%2F0899%2Ffiles%2FDR4387_RED_1885_front_1762180980.jpg&feedId=62769&k=44867da449d4299e6063d9a0aed357b75a9094d4,USD,,"Over $120 - Free Delivery, Less than $120 - $12",https://goddiva.us/products/goddiva-halter-cowl-neck-back-maxi-dress-red,,,USD130,62769,Goddiva,1,,,,,,Womens,Dresses
https://www.awin1.com/pclick.php?p=37584600506&a=2771700&m=24726,Goddiva Halter Cowl Neck Back Maxi Dress - Royal Blue,37584600506,DR4387-ROYALBLUE-8,https://cdn.shopify.com/s/files/1/0487/8834/0899/files/DR4387_ROYALBLUE_1884_front_1762181004.jpg,"Step into the spotlight and make heads turn with our sensational Halter Cowl Neck Back Maxi Dress. This isn't just any dress; it's a statement piece designed to exude elegance and allure, perfect for those glamorous evenings where you want to leave a lasting impression. Designed to accentuate your curves in all the right places, this royalblue dress features a mesmerising halter cowl neck that gracefully drapes over your silhouette, drawing attention to your dcolletage while adding an air of sophistication. But the real showstopper? That's the open back detail, daring and utterly captivating, leaving a lasting impression as you walk away. But we didn't stop there. With its trending  gathered detailing on the bum area, strategically placed to enhance your best ""ass-et"" and ensure you feel confident from every angle. Yes, you read that rightit's all about embracing your curves with style and sass. Whether you're stepping onto the promenade or attending a glamorous evening soire, this royalblue dress promises to make you feel like you've just stepped off the pages of a fashion magazine. So go ahead, unleash your inner goddess, and let this out-of-this-world dress be your ticket to unforgettable moments and endless compliments.",Dresses,130,Goddiva,24726,Women's Dresses & Skirts,198,https://images2.productserve.com/?w=200&h=200&bg=white&trim=5&t=letterbox&url=ssl%3Acdn.shopify.com%2Fs%2Ffiles%2F1%2F0487%2F8834%2F0899%2Ffiles%2FDR4387_ROYALBLUE_1884_front_1762181004.jpg&feedId=62769&k=103c5448ce4fb4fa61e1b57306c4f36078815368,USD,,"Over $120 - Free Delivery, Less than $120 - $12",https://goddiva.us/products/goddiva-halter-cowl-neck-back-maxi-dress-royal-blue,,,USD130,62769,Goddiva,1,,,,,,Womens,Dresses
https://www.awin1.com/pclick.php?p=37584600507&a=2771700&m=24726,Goddiva Halter Cowl Neck Back Maxi Dress - Royal Blue,37584600507,DR4387-ROYALBLUE-10,https://cdn.shopify.com/s/files/1/0487/8834/0899/files/DR4387_ROYALBLUE_1884_front_1762181004.jpg,"Step into the spotlight and make heads turn with our sensational Halter Cowl Neck Back Maxi Dress. This isn't just any dress; it's a statement piece designed to exude elegance and allure, perfect for those glamorous evenings where you want to leave a lasting impression. Designed to accentuate your curves in all the right places, this royalblue dress features a mesmerising halter cowl neck that gracefully drapes over your silhouette, drawing attention to your dcolletage while adding an air of sophistication. But the real showstopper? That's the open back detail, daring and utterly captivating, leaving a lasting impression as you walk away. But we didn't stop there. With its trending  gathered detailing on the bum area, strategically placed to enhance your best ""ass-et"" and ensure you feel confident from every angle. Yes, you read that rightit's all about embracing your curves with style and sass. Whether you're stepping onto the promenade or attending a glamorous evening soire, this royalblue dress promises to make you feel like you've just stepped off the pages of a fashion magazine. So go ahead, unleash your inner goddess, and let this out-of-this-world dress be your ticket to unforgettable moments and endless compliments.",Dresses,130,Goddiva,24726,Women's Dresses & Skirts,198,https://images2.productserve.com/?w=200&h=200&bg=white&trim=5&t=letterbox&url=ssl%3Acdn.shopify.com%2Fs%2Ffiles%2F1%2F0487%2F8834%2F0899%2Ffiles%2FDR4387_ROYALBLUE_1884_front_1762181004.jpg&feedId=62769&k=103c5448ce4fb4fa61e1b57306c4f36078815368,USD,,"Over $120 - Free Delivery, Less than $120 - $12",https://goddiva.us/products/goddiva-halter-cowl-neck-back-maxi-dress-royal-blue,,,USD130,62769,Goddiva,1,,,,,,Womens,Dresses
https://www.awin1.com/pclick.php?p=37584600508&a=2771700&m=24726,Goddiva Halter Cowl Neck Back Maxi Dress - Royal Blue,37584600508,DR4387-ROYALBLUE-12,https://cdn.shopify.com/s/files/1/0487/8834/0899/files/DR4387_ROYALBLUE_1884_front_1762181004.jpg,"Step into the spotlight and make heads turn with our sensational Halter Cowl Neck Back Maxi Dress. This isn't just any dress; it's a statement piece designed to exude elegance and allure, perfect for those glamorous evenings where you want to leave a lasting impression. Designed to accentuate your curves in all the right places, this royalblue dress features a mesmerising halter cowl neck that gracefully drapes over your silhouette, drawing attention to your dcolletage while adding an air of sophistication. But the real showstopper? That's the open back detail, daring and utterly captivating, leaving a lasting impression as you walk away. But we didn't stop there. With its trending  gathered detailing on the bum area, strategically placed to enhance your best ""ass-et"" and ensure you feel confident from every angle. Yes, you read that rightit's all about embracing your curves with style and sass. Whether you're stepping onto the promenade or attending a glamorous evening soire, this royalblue dress promises to make you feel like you've just stepped off the pages of a fashion magazine. So go ahead, unleash your inner goddess, and let this out-of-this-world dress be your ticket to unforgettable moments and endless compliments.",Dresses,130,Goddiva,24726,Women's Dresses & Skirts,198,https://images2.productserve.com/?w=200&h=200&bg=white&trim=5&t=letterbox&url=ssl%3Acdn.shopify.com%2Fs%2Ffiles%2F1%2F0487%2F8834%2F0899%2Ffiles%2FDR4387_ROYALBLUE_1884_front_1762181004.jpg&feedId=62769&k=103c5448ce4fb4fa61e1b57306c4f36078815368,USD,,"Over $120 - Free Delivery, Less than $120 - $12",https://goddiva.us/products/goddiva-halter-cowl-neck-back-maxi-dress-royal-blue,,,USD130,62769,Goddiva,1,,,,,,Womens,Dresses
https://www.awin1.com/pclick.php?p=37584600541&a=2771700&m=24726,Goddiva Off The Shoulder Frill Gathered Maxi Dress - Rose Pink,37584600541,DR4204-ROSEPINK-8,https://cdn.shopify.com/s/files/1/0487/8834/0899/files/DR4204_rosepink_0242_front_1770735102.jpg,"Dress to impress in our exquisite Off The Shoulder Frill Gathered Maxi Dress, designed to elevate your formalwear game effortlessly. Whether you're a radiant bridesmaid, a belle of the prom, or attending any formal event, this Rose Pink dress is your ultimate companion for making heads turn and hearts flutter. Indulge in the timeless elegance of the off-the-shoulder style, exuding a touch of classic charm with a modern twist. The frilled detailing delicately accentuates the bust, adding a playful yet sophisticated dimension to your ensemble. Picture-perfect for capturing memorable moments on your special day or stealing the spotlight at any formal affair. Created with meticulous attention to detail and tailored to perfection, this Pink maxi dress boasts a flattering gathered silhouette that drapes gracefully, enhancing your natural curves and ensuring a comfortable fit throughout the event. The flowing skirt cascades elegantly to the floor, creating an enchanting aura as you glide across the room. Prepare to enchant and captivate with every step you take in this mesmerising masterpiece. Make a statement and leave a lasting impression with our Off The Shoulder Frill Gathered Maxi Dress.",Dresses,130,Goddiva,24726,Women's Dresses & Skirts,198,https://images2.productserve.com/?w=200&h=200&bg=white&trim=5&t=letterbox&url=ssl%3Acdn.shopify.com%2Fs%2Ffiles%2F1%2F0487%2F8834%2F0899%2Ffiles%2FDR4204_rosepink_0242_front_1770735102.jpg&feedId=62769&k=53b1ef134167a25a1525037b51910e2268244672,USD,,"Over $120 - Free Delivery, Less than $120 - $12",https://goddiva.us/products/goddiva-off-the-shoulder-frill-gathered-maxi-dress-rose-pink,,,USD130,62769,Goddiva,1,,,,,,Womens,Dresses
https://www.awin1.com/pclick.php?p=37584600543&a=2771700&m=24726,Goddiva Off The Shoulder Frill Gathered Maxi Dress - Rose Pink,37584600543,DR4204-ROSEPINK-12,https://cdn.shopify.com/s/files/1/0487/8834/0899/files/DR4204_rosepink_0242_front_1770735102.jpg,"Dress to impress in our exquisite Off The Shoulder Frill Gathered Maxi Dress, designed to elevate your formalwear game effortlessly. Whether you're a radiant bridesmaid, a belle of the prom, or attending any formal event, this Rose Pink dress is your ultimate companion for making heads turn and hearts flutter. Indulge in the timeless elegance of the off-the-shoulder style, exuding a touch of classic charm with a modern twist. The frilled detailing delicately accentuates the bust, adding a playful yet sophisticated dimension to your ensemble. Picture-perfect for capturing memorable moments on your special day or stealing the spotlight at any formal affair. Created with meticulous attention to detail and tailored to perfection, this Pink maxi dress boasts a flattering gathered silhouette that drapes gracefully, enhancing your natural curves and ensuring a comfortable fit throughout the event. The flowing skirt cascades elegantly to the floor, creating an enchanting aura as you glide across the room. Prepare to enchant and captivate with every step you take in this mesmerising masterpiece. Make a statement and leave a lasting impression with our Off The Shoulder Frill Gathered Maxi Dress.",Dresses,130,Goddiva,24726,Women's Dresses & Skirts,198,https://images2.productserve.com/?w=200&h=200&bg=white&trim=5&t=letterbox&url=ssl%3Acdn.shopify.com%2Fs%2Ffiles%2F1%2F0487%2F8834%2F0899%2Ffiles%2FDR4204_rosepink_0242_front_1770735102.jpg&feedId=62769&k=53b1ef134167a25a1525037b51910e2268244672,USD,,"Over $120 - Free Delivery, Less than $120 - $12",https://goddiva.us/products/goddiva-off-the-shoulder-frill-gathered-maxi-dress-rose-pink,,,USD130,62769,Goddiva,1,,,,,,Womens,Dresses
https://www.awin1.com/pclick.php?p=37584600542&a=2771700&m=24726,Goddiva Off The Shoulder Frill Gathered Maxi Dress - Rose Pink,37584600542,DR4204-ROSEPINK-10,https://cdn.shopify.com/s/files/1/0487/8834/0899/files/DR4204_rosepink_0242_front_1770735102.jpg,"Dress to impress in our exquisite Off The Shoulder Frill Gathered Maxi Dress, designed to elevate your formalwear game effortlessly. Whether you're a radiant bridesmaid, a belle of the prom, or attending any formal event, this Rose Pink dress is your ultimate companion for making heads turn and hearts flutter. Indulge in the timeless elegance of the off-the-shoulder style, exuding a touch of classic charm with a modern twist. The frilled detailing delicately accentuates the bust, adding a playful yet sophisticated dimension to your ensemble. Picture-perfect for capturing memorable moments on your special day or stealing the spotlight at any formal affair. Created with meticulous attention to detail and tailored to perfection, this Pink maxi dress boasts a flattering gathered silhouette that drapes gracefully, enhancing your natural curves and ensuring a comfortable fit throughout the event. The flowing skirt cascades elegantly to the floor, creating an enchanting aura as you glide across the room. Prepare to enchant and captivate with every step you take in this mesmerising masterpiece. Make a statement and leave a lasting impression with our Off The Shoulder Frill Gathered Maxi Dress.",Dresses,130,Goddiva,24726,Women's Dresses & Skirts,198,https://images2.productserve.com/?w=200&h=200&bg=white&trim=5&t=letterbox&url=ssl%3Acdn.shopify.com%2Fs%2Ffiles%2F1%2F0487%2F8834%2F0899%2Ffiles%2FDR4204_rosepink_0242_front_1770735102.jpg&feedId=62769&k=53b1ef134167a25a1525037b51910e2268244672,USD,,"Over $120 - Free Delivery, Less than $120 - $12",https://goddiva.us/products/goddiva-off-the-shoulder-frill-gathered-maxi-dress-rose-pink,,,USD130,62769,Goddiva,1,,,,,,Womens,Dresses
https://www.awin1.com/pclick.php?p=37584600544&a=2771700&m=24726,Goddiva Off The Shoulder Frill Gathered Maxi Dress - Rose Pink,37584600544,DR4204-ROSEPINK-14,https://cdn.shopify.com/s/files/1/0487/8834/0899/files/DR4204_rosepink_0242_front_1770735102.jpg,"Dress to impress in our exquisite Off The Shoulder Frill Gathered Maxi Dress, designed to elevate your formalwear game effortlessly. Whether you're a radiant bridesmaid, a belle of the prom, or attending any formal event, this Rose Pink dress is your ultimate companion for making heads turn and hearts flutter. Indulge in the timeless elegance of the off-the-shoulder style, exuding a touch of classic charm with a modern twist. The frilled detailing delicately accentuates the bust, adding a playful yet sophisticated dimension to your ensemble. Picture-perfect for capturing memorable moments on your special day or stealing the spotlight at any formal affair. Created with meticulous attention to detail and tailored to perfection, this Pink maxi dress boasts a flattering gathered silhouette that drapes gracefully, enhancing your natural curves and ensuring a comfortable fit throughout the event. The flowing skirt cascades elegantly to the floor, creating an enchanting aura as you glide across the room. Prepare to enchant and captivate with every step you take in this mesmerising masterpiece. Make a statement and leave a lasting impression with our Off The Shoulder Frill Gathered Maxi Dress.",Dresses,130,Goddiva,24726,Women's Dresses & Skirts,198,https://images2.productserve.com/?w=200&h=200&bg=white&trim=5&t=letterbox&url=ssl%3Acdn.shopify.com%2Fs%2Ffiles%2F1%2F0487%2F8834%2F0899%2Ffiles%2FDR4204_rosepink_0242_front_1770735102.jpg&feedId=62769&k=53b1ef134167a25a1525037b51910e2268244672,USD,,"Over $120 - Free Delivery, Less than $120 - $12",https://goddiva.us/products/goddiva-off-the-shoulder-frill-gathered-maxi-dress-rose-pink,,,USD130,62769,Goddiva,1,,,,,,Womens,Dresses
https://www.awin1.com/pclick.php?p=37670171219&a=2771700&m=24726,Goddiva Bardot Pleated Midi Dress - Black,37670171219,DR1092A-BLACK-14,https://cdn.shopify.com/s/files/1/0487/8834/0899/files/DR1092SC_BLACK_0020_front_1770733588.jpg,"Introducing the epitome of timeless elegance: the Bardot Pleated Midi Dress in Black from Goddiva. This exquisite dress combines classic sophistication with modern allure, ensuring you make a statement with every step. Crafted with meticulous attention to detail, this dress features a stunning Bardot neckline that gracefully frames your shoulders while exuding feminine charm. The timeless black hue radiates sophistication and versatility, making it a perfect choice for any occasion. The pleated detailing adds texture and movement to the midi length skirt, creating a fluid and graceful silhouette that flatters every figure. Whether you're attending a cocktail party, a formal event, or a romantic dinner, this dress is sure to captivate attention. Elevate your look with the Bardot Pleated Midi Dress in Black from Goddiva, and embrace the beauty of timeless glamour with every wear.",Dresses,130,Goddiva,24726,Women's Dresses & Skirts,198,https://images2.productserve.com/?w=200&h=200&bg=white&trim=5&t=letterbox&url=ssl%3Acdn.shopify.com%2Fs%2Ffiles%2F1%2F0487%2F8834%2F0899%2Ffiles%2FDR1092SC_BLACK_0020_front_1770733588.jpg&feedId=62769&k=98dd324868a6c7dfb58bff72b34a772b8b427c4b,USD,,"Over $120 - Free Delivery, Less than $120 - $12",https://goddiva.us/products/goddiva-bardot-pleated-midi-dress-black,,,USD130,62769,Goddiva,1,,,,,,Womens,Dresses
https://www.awin1.com/pclick.php?p=37670171277&a=2771700&m=24726,Goddiva Patterned Sequin Cut Out Midi Dress - Navy,37670171277,DR3756-NAVY-10,https://cdn.shopify.com/s/files/1/0487/8834/0899/files/DR3756_NAVY_2608_front_1763479451.jpg,"Indulge in the epitome of glamour and sophistication with the Patterned Sequin Cut Out Midi Dress in Navy from Goddiva. This exquisite dress combines intricate detailing with a flattering silhouette, ensuring you captivate attention with every step. Crafted with meticulous precision, this dress features an array of shimmering sequins arranged in a mesmerizing pattern that adds depth and dimension to your ensemble. The rich navy hue exudes opulence and elegance, making it the perfect choice for any special occasion. The cut-out detailing adds a contemporary edge to the classic midi silhouette, revealing just the right amount of skin for a subtly alluring look. Meanwhile, the midi length offers a perfect balance between sophistication and allure, ensuring you command attention from every angle. Whether you're attending a cocktail party, a formal event, or a night out on the town, the Patterned Sequin Cut Out Midi Dress in Navy from Goddiva is sure to make a statement. Elevate your look and embrace the beauty of timeless glamour with this exquisite dress.",Dresses,110,Goddiva,24726,Women's Dresses & Skirts,198,https://images2.productserve.com/?w=200&h=200&bg=white&trim=5&t=letterbox&url=ssl%3Acdn.shopify.com%2Fs%2Ffiles%2F1%2F0487%2F8834%2F0899%2Ffiles%2FDR3756_NAVY_2608_front_1763479451.jpg&feedId=62769&k=a1aa44350fafee7349b91d07c999f7cb1732df6f,USD,,"Over $120 - Free Delivery, Less than $120 - $12",https://goddiva.us/products/goddiva-patterned-sequin-cut-out-midi-dress-navy,,,USD110,62769,Goddiva,1,,,,,,Womens,Dresses
https://www.awin1.com/pclick.php?p=37670171218&a=2771700&m=24726,Goddiva Bardot Pleated Midi Dress - Black,37670171218,DR1092A-BLACK-12,https://cdn.shopify.com/s/files/1/0487/8834/0899/files/DR1092SC_BLACK_0020_front_1770733588.jpg,"Introducing the epitome of timeless elegance: the Bardot Pleated Midi Dress in Black from Goddiva. This exquisite dress combines classic sophistication with modern allure, ensuring you make a statement with every step. Crafted with meticulous attention to detail, this dress features a stunning Bardot neckline that gracefully frames your shoulders while exuding feminine charm. The timeless black hue radiates sophistication and versatility, making it a perfect choice for any occasion. The pleated detailing adds texture and movement to the midi length skirt, creating a fluid and graceful silhouette that flatters every figure. Whether you're attending a cocktail party, a formal event, or a romantic dinner, this dress is sure to captivate attention. Elevate your look with the Bardot Pleated Midi Dress in Black from Goddiva, and embrace the beauty of timeless glamour with every wear.",Dresses,130,Goddiva,24726,Women's Dresses & Skirts,198,https://images2.productserve.com/?w=200&h=200&bg=white&trim=5&t=letterbox&url=ssl%3Acdn.shopify.com%2Fs%2Ffiles%2F1%2F0487%2F8834%2F0899%2Ffiles%2FDR1092SC_BLACK_0020_front_1770733588.jpg&feedId=62769&k=98dd324868a6c7dfb58bff72b34a772b8b427c4b,USD,,"Over $120 - Free Delivery, Less than $120 - $12",https://goddiva.us/products/goddiva-bardot-pleated-midi-dress-black,,,USD130,62769,Goddiva,1,,,,,,Womens,Dresses
https://www.awin1.com/pclick.php?p=37670171216&a=2771700&m=24726,Goddiva Bardot Pleated Midi Dress - Black,37670171216,DR1092A-BLACK-8,https://cdn.shopify.com/s/files/1/0487/8834/0899/files/DR1092SC_BLACK_0020_front_1770733588.jpg,"Introducing the epitome of timeless elegance: the Bardot Pleated Midi Dress in Black from Goddiva. This exquisite dress combines classic sophistication with modern allure, ensuring you make a statement with every step. Crafted with meticulous attention to detail, this dress features a stunning Bardot neckline that gracefully frames your shoulders while exuding feminine charm. The timeless black hue radiates sophistication and versatility, making it a perfect choice for any occasion. The pleated detailing adds texture and movement to the midi length skirt, creating a fluid and graceful silhouette that flatters every figure. Whether you're attending a cocktail party, a formal event, or a romantic dinner, this dress is sure to captivate attention. Elevate your look with the Bardot Pleated Midi Dress in Black from Goddiva, and embrace the beauty of timeless glamour with every wear.",Dresses,130,Goddiva,24726,Women's Dresses & Skirts,198,https://images2.productserve.com/?w=200&h=200&bg=white&trim=5&t=letterbox&url=ssl%3Acdn.shopify.com%2Fs%2Ffiles%2F1%2F0487%2F8834%2F0899%2Ffiles%2FDR1092SC_BLACK_0020_front_1770733588.jpg&feedId=62769&k=98dd324868a6c7dfb58bff72b34a772b8b427c4b,USD,,"Over $120 - Free Delivery, Less than $120 - $12",https://goddiva.us/products/goddiva-bardot-pleated-midi-dress-black,,,USD130,62769,Goddiva,1,,,,,,Womens,Dresses
https://www.awin1.com/pclick.php?p=37670171278&a=2771700&m=24726,Goddiva Patterned Sequin Cut Out Midi Dress - Navy,37670171278,DR3756-NAVY-12,https://cdn.shopify.com/s/files/1/0487/8834/0899/files/DR3756_NAVY_2608_front_1763479451.jpg,"Indulge in the epitome of glamour and sophistication with the Patterned Sequin Cut Out Midi Dress in Navy from Goddiva. This exquisite dress combines intricate detailing with a flattering silhouette, ensuring you captivate attention with every step. Crafted with meticulous precision, this dress features an array of shimmering sequins arranged in a mesmerizing pattern that adds depth and dimension to your ensemble. The rich navy hue exudes opulence and elegance, making it the perfect choice for any special occasion. The cut-out detailing adds a contemporary edge to the classic midi silhouette, revealing just the right amount of skin for a subtly alluring look. Meanwhile, the midi length offers a perfect balance between sophistication and allure, ensuring you command attention from every angle. Whether you're attending a cocktail party, a formal event, or a night out on the town, the Patterned Sequin Cut Out Midi Dress in Navy from Goddiva is sure to make a statement. Elevate your look and embrace the beauty of timeless glamour with this exquisite dress.",Dresses,110,Goddiva,24726,Women's Dresses & Skirts,198,https://images2.productserve.com/?w=200&h=200&bg=white&trim=5&t=letterbox&url=ssl%3Acdn.shopify.com%2Fs%2Ffiles%2F1%2F0487%2F8834%2F0899%2Ffiles%2FDR3756_NAVY_2608_front_1763479451.jpg&feedId=62769&k=a1aa44350fafee7349b91d07c999f7cb1732df6f,USD,,"Over $120 - Free Delivery, Less than $120 - $12",https://goddiva.us/products/goddiva-patterned-sequin-cut-out-midi-dress-navy,,,USD110,62769,Goddiva,1,,,,,,Womens,Dresses
https://www.awin1.com/pclick.php?p=37670171276&a=2771700&m=24726,Goddiva Patterned Sequin Cut Out Midi Dress - Navy,37670171276,DR3756-NAVY-8,https://cdn.shopify.com/s/files/1/0487/8834/0899/files/DR3756_NAVY_2608_front_1763479451.jpg,"Indulge in the epitome of glamour and sophistication with the Patterned Sequin Cut Out Midi Dress in Navy from Goddiva. This exquisite dress combines intricate detailing with a flattering silhouette, ensuring you captivate attention with every step. Crafted with meticulous precision, this dress features an array of shimmering sequins arranged in a mesmerizing pattern that adds depth and dimension to your ensemble. The rich navy hue exudes opulence and elegance, making it the perfect choice for any special occasion. The cut-out detailing adds a contemporary edge to the classic midi silhouette, revealing just the right amount of skin for a subtly alluring look. Meanwhile, the midi length offers a perfect balance between sophistication and allure, ensuring you command attention from every angle. Whether you're attending a cocktail party, a formal event, or a night out on the town, the Patterned Sequin Cut Out Midi Dress in Navy from Goddiva is sure to make a statement. Elevate your look and embrace the beauty of timeless glamour with this exquisite dress.",Dresses,110,Goddiva,24726,Women's Dresses & Skirts,198,https://images2.productserve.com/?w=200&h=200&bg=white&trim=5&t=letterbox&url=ssl%3Acdn.shopify.com%2Fs%2Ffiles%2F1%2F0487%2F8834%2F0899%2Ffiles%2FDR3756_NAVY_2608_front_1763479451.jpg&feedId=62769&k=a1aa44350fafee7349b91d07c999f7cb1732df6f,USD,,"Over $120 - Free Delivery, Less than $120 - $12",https://goddiva.us/products/goddiva-patterned-sequin-cut-out-midi-dress-navy,,,USD110,62769,Goddiva,1,,,,,,Womens,Dresses
https://www.awin1.com/pclick.php?p=37670171217&a=2771700&m=24726,Goddiva Bardot Pleated Midi Dress - Black,37670171217,DR1092A-BLACK-10,https://cdn.shopify.com/s/files/1/0487/8834/0899/files/DR1092SC_BLACK_0020_front_1770733588.jpg,"Introducing the epitome of timeless elegance: the Bardot Pleated Midi Dress in Black from Goddiva. This exquisite dress combines classic sophistication with modern allure, ensuring you make a statement with every step. Crafted with meticulous attention to detail, this dress features a stunning Bardot neckline that gracefully frames your shoulders while exuding feminine charm. The timeless black hue radiates sophistication and versatility, making it a perfect choice for any occasion. The pleated detailing adds texture and movement to the midi length skirt, creating a fluid and graceful silhouette that flatters every figure. Whether you're attending a cocktail party, a formal event, or a romantic dinner, this dress is sure to captivate attention. Elevate your look with the Bardot Pleated Midi Dress in Black from Goddiva, and embrace the beauty of timeless glamour with every wear.",Dresses,130,Goddiva,24726,Women's Dresses & Skirts,198,https://images2.productserve.com/?w=200&h=200&bg=white&trim=5&t=letterbox&url=ssl%3Acdn.shopify.com%2Fs%2Ffiles%2F1%2F0487%2F8834%2F0899%2Ffiles%2FDR1092SC_BLACK_0020_front_1770733588.jpg&feedId=62769&k=98dd324868a6c7dfb58bff72b34a772b8b427c4b,USD,,"Over $120 - Free Delivery, Less than $120 - $12",https://goddiva.us/products/goddiva-bardot-pleated-midi-dress-black,,,USD130,62769,Goddiva,1,,,,,,Womens,Dresses
https://www.awin1.com/pclick.php?p=37676196711&a=2771700&m=24726,Goddiva Pearl & Scuba Halter Neck Maxi Dress - Black,37676196711,DR4189-BLACK-8,https://cdn.shopify.com/s/files/1/0487/8834/0899/files/1_1724764838.jpg,"Step into elegance and sophistication with our Pearl & Scuba Halter Neck Maxi Dress. This exquisite black evening dress effortlessly blends classic charm with contemporary flair, making it a standout choice for any special occasion. Adorned with delicate pearl trimming, this black maxi dress exudes timeless glamour and refinement. The halter neck design beautifully frames the shoulders while offering a touch of allure with its open back detail. Crafted from high-quality scuba fabric, the bodycon fit accentuates your curves in all the right places, ensuring a flattering silhouette that commands attention. Whether you're attending a wedding as a guest, standing by the bride's side as a bridesmaid, making a statement at prom, or gracing a black-tie affair, this black  maxi dress is your go-to ensemble for making a lasting impression. Its versatility and undeniable elegance make it a must-have addition to your formalwear collection. Indulge in the luxury of timeless style and impeccable craftsmanship with our Pearl & Scuba Halter Neck Maxi Dress. Elevate your look and leave a lasting impression at every event you attend.",Dresses,125,Goddiva,24726,Women's Dresses & Skirts,198,https://images2.productserve.com/?w=200&h=200&bg=white&trim=5&t=letterbox&url=ssl%3Acdn.shopify.com%2Fs%2Ffiles%2F1%2F0487%2F8834%2F0899%2Ffiles%2F1_1724764838.jpg&feedId=62769&k=97a4c9b36d9e4022283f7a50b029dca48b667807,USD,,"Over $120 - Free Delivery, Less than $120 - $12",https://goddiva.us/products/goddiva-pearl-scuba-halter-neck-maxi-dress-black,,,USD178,62769,Goddiva,1,,,,,,Womens,Dresses
https://www.awin1.com/pclick.php?p=37676196713&a=2771700&m=24726,Goddiva Pearl & Scuba Halter Neck Maxi Dress - Black,37676196713,DR4189-BLACK-12,https://cdn.shopify.com/s/files/1/0487/8834/0899/files/1_1724764838.jpg,"Step into elegance and sophistication with our Pearl & Scuba Halter Neck Maxi Dress. This exquisite black evening dress effortlessly blends classic charm with contemporary flair, making it a standout choice for any special occasion. Adorned with delicate pearl trimming, this black maxi dress exudes timeless glamour and refinement. The halter neck design beautifully frames the shoulders while offering a touch of allure with its open back detail. Crafted from high-quality scuba fabric, the bodycon fit accentuates your curves in all the right places, ensuring a flattering silhouette that commands attention. Whether you're attending a wedding as a guest, standing by the bride's side as a bridesmaid, making a statement at prom, or gracing a black-tie affair, this black  maxi dress is your go-to ensemble for making a lasting impression. Its versatility and undeniable elegance make it a must-have addition to your formalwear collection. Indulge in the luxury of timeless style and impeccable craftsmanship with our Pearl & Scuba Halter Neck Maxi Dress. Elevate your look and leave a lasting impression at every event you attend.",Dresses,125,Goddiva,24726,Women's Dresses & Skirts,198,https://images2.productserve.com/?w=200&h=200&bg=white&trim=5&t=letterbox&url=ssl%3Acdn.shopify.com%2Fs%2Ffiles%2F1%2F0487%2F8834%2F0899%2Ffiles%2F1_1724764838.jpg&feedId=62769&k=97a4c9b36d9e4022283f7a50b029dca48b667807,USD,,"Over $120 - Free Delivery, Less than $120 - $12",https://goddiva.us/products/goddiva-pearl-scuba-halter-neck-maxi-dress-black,,,USD178,62769,Goddiva,1,,,,,,Womens,Dresses
https://www.awin1.com/pclick.php?p=33948207583&a=2771700&m=24726,Goddiva Bardot Pleated Maxi Dress - Red,33948207583,DR1092-RED-10,https://cdn.shopify.com/s/files/1/0487/8834/0899/files/DR1092_RED_0197_front_1770629467.jpg,"Hello gorgeous! Thats exactly the greeting youll be getting in this beautiful off-the-shoulder maxi dress by Goddiva. This Bardot pleated maxi dress is the perfect piece to accompany you to any evening occasion. Its bold red color and classic long length, not to mention its figure flattering pleating detail, this occasion dress is one that will suit all. This floor length gown is perfect for those extra special occasions. Give your bridesmaids an extra elegant feel, or blossom as a wedding guest. This sophisticated dress is also the perfect companion for proms, graduations, basically any occasion you have coming up. Bright and bold is exactly what is on trend right now, so this dress will have you feeling like the Goddiva Goddess you are!",Dresses,190,Goddiva,24726,Women's Dresses & Skirts,198,https://images2.productserve.com/?w=200&h=200&bg=white&trim=5&t=letterbox&url=ssl%3Acdn.shopify.com%2Fs%2Ffiles%2F1%2F0487%2F8834%2F0899%2Ffiles%2FDR1092_RED_0197_front_1770629467.jpg&feedId=62769&k=9265aec2341c1a44b4d565665910bd4c8eb07ceb,USD,,"Over $120 - Free Delivery, Less than $120 - $12",https://goddiva.us/products/bardot-pleated-maxi-dress-red,,,USD190,62769,Goddiva,1,,,,,,Womens,Dresses
https://www.awin1.com/pclick.php?p=33948207585&a=2771700&m=24726,Goddiva Bardot Pleated Maxi Dress - Red,33948207585,DR1092-RED-12,https://cdn.shopify.com/s/files/1/0487/8834/0899/files/DR1092_RED_0197_front_1770629467.jpg,"Hello gorgeous! Thats exactly the greeting youll be getting in this beautiful off-the-shoulder maxi dress by Goddiva. This Bardot pleated maxi dress is the perfect piece to accompany you to any evening occasion. Its bold red color and classic long length, not to mention its figure flattering pleating detail, this occasion dress is one that will suit all. This floor length gown is perfect for those extra special occasions. Give your bridesmaids an extra elegant feel, or blossom as a wedding guest. This sophisticated dress is also the perfect companion for proms, graduations, basically any occasion you have coming up. Bright and bold is exactly what is on trend right now, so this dress will have you feeling like the Goddiva Goddess you are!",Dresses,190,Goddiva,24726,Women's Dresses & Skirts,198,https://images2.productserve.com/?w=200&h=200&bg=white&trim=5&t=letterbox&url=ssl%3Acdn.shopify.com%2Fs%2Ffiles%2F1%2F0487%2F8834%2F0899%2Ffiles%2FDR1092_RED_0197_front_1770629467.jpg&feedId=62769&k=9265aec2341c1a44b4d565665910bd4c8eb07ceb,USD,,"Over $120 - Free Delivery, Less than $120 - $12",https://goddiva.us/products/bardot-pleated-maxi-dress-red,,,USD190,62769,Goddiva,1,,,,,,Womens,Dresses
https://www.awin1.com/pclick.php?p=37676196712&a=2771700&m=24726,Goddiva Pearl & Scuba Halter Neck Maxi Dress - Black,37676196712,DR4189-BLACK-10,https://cdn.shopify.com/s/files/1/0487/8834/0899/files/1_1724764838.jpg,"Step into elegance and sophistication with our Pearl & Scuba Halter Neck Maxi Dress. This exquisite black evening dress effortlessly blends classic charm with contemporary flair, making it a standout choice for any special occasion. Adorned with delicate pearl trimming, this black maxi dress exudes timeless glamour and refinement. The halter neck design beautifully frames the shoulders while offering a touch of allure with its open back detail. Crafted from high-quality scuba fabric, the bodycon fit accentuates your curves in all the right places, ensuring a flattering silhouette that commands attention. Whether you're attending a wedding as a guest, standing by the bride's side as a bridesmaid, making a statement at prom, or gracing a black-tie affair, this black  maxi dress is your go-to ensemble for making a lasting impression. Its versatility and undeniable elegance make it a must-have addition to your formalwear collection. Indulge in the luxury of timeless style and impeccable craftsmanship with our Pearl & Scuba Halter Neck Maxi Dress. Elevate your look and leave a lasting impression at every event you attend.",Dresses,125,Goddiva,24726,Women's Dresses & Skirts,198,https://images2.productserve.com/?w=200&h=200&bg=white&trim=5&t=letterbox&url=ssl%3Acdn.shopify.com%2Fs%2Ffiles%2F1%2F0487%2F8834%2F0899%2Ffiles%2F1_1724764838.jpg&feedId=62769&k=97a4c9b36d9e4022283f7a50b029dca48b667807,USD,,"Over $120 - Free Delivery, Less than $120 - $12",https://goddiva.us/products/goddiva-pearl-scuba-halter-neck-maxi-dress-black,,,USD178,62769,Goddiva,1,,,,,,Womens,Dresses
https://www.awin1.com/pclick.php?p=33948207587&a=2771700&m=24726,Goddiva Bardot Pleated Maxi Dress - Red,33948207587,DR1092-RED-14,https://cdn.shopify.com/s/files/1/0487/8834/0899/files/DR1092_RED_0197_front_1770629467.jpg,"Hello gorgeous! Thats exactly the greeting youll be getting in this beautiful off-the-shoulder maxi dress by Goddiva. This Bardot pleated maxi dress is the perfect piece to accompany you to any evening occasion. Its bold red color and classic long length, not to mention its figure flattering pleating detail, this occasion dress is one that will suit all. This floor length gown is perfect for those extra special occasions. Give your bridesmaids an extra elegant feel, or blossom as a wedding guest. This sophisticated dress is also the perfect companion for proms, graduations, basically any occasion you have coming up. Bright and bold is exactly what is on trend right now, so this dress will have you feeling like the Goddiva Goddess you are!",Dresses,190,Goddiva,24726,Women's Dresses & Skirts,198,https://images2.productserve.com/?w=200&h=200&bg=white&trim=5&t=letterbox&url=ssl%3Acdn.shopify.com%2Fs%2Ffiles%2F1%2F0487%2F8834%2F0899%2Ffiles%2FDR1092_RED_0197_front_1770629467.jpg&feedId=62769&k=9265aec2341c1a44b4d565665910bd4c8eb07ceb,USD,,"Over $120 - Free Delivery, Less than $120 - $12",https://goddiva.us/products/bardot-pleated-maxi-dress-red,,,USD190,62769,Goddiva,1,,,,,,Womens,Dresses
https://www.awin1.com/pclick.php?p=33948207581&a=2771700&m=24726,Goddiva Bardot Pleated Maxi Dress - Red,33948207581,DR1092-RED-8,https://cdn.shopify.com/s/files/1/0487/8834/0899/files/DR1092_RED_0197_front_1770629467.jpg,"Hello gorgeous! Thats exactly the greeting youll be getting in this beautiful off-the-shoulder maxi dress by Goddiva. This Bardot pleated maxi dress is the perfect piece to accompany you to any evening occasion. Its bold red color and classic long length, not to mention its figure flattering pleating detail, this occasion dress is one that will suit all. This floor length gown is perfect for those extra special occasions. Give your bridesmaids an extra elegant feel, or blossom as a wedding guest. This sophisticated dress is also the perfect companion for proms, graduations, basically any occasion you have coming up. Bright and bold is exactly what is on trend right now, so this dress will have you feeling like the Goddiva Goddess you are!",Dresses,190,Goddiva,24726,Women's Dresses & Skirts,198,https://images2.productserve.com/?w=200&h=200&bg=white&trim=5&t=letterbox&url=ssl%3Acdn.shopify.com%2Fs%2Ffiles%2F1%2F0487%2F8834%2F0899%2Ffiles%2FDR1092_RED_0197_front_1770629467.jpg&feedId=62769&k=9265aec2341c1a44b4d565665910bd4c8eb07ceb,USD,,"Over $120 - Free Delivery, Less than $120 - $12",https://goddiva.us/products/bardot-pleated-maxi-dress-red,,,USD190,62769,Goddiva,1,,,,,,Womens,Dresses
https://www.awin1.com/pclick.php?p=37702141053&a=2771700&m=24726,Goddiva Scuba Crepe Rose Frill Midi Dress - Black,37702141053,DR4300-BLACK-10,https://cdn.shopify.com/s/files/1/0487/8834/0899/files/DR4300_BLACK_FRONT_20_281_29_1714384688.jpg,"Dive into elegance with our Scuba Crepe Rose Frill Midi Dress, a stunning ensemble designed to captivate on any occasion. With its chic off-the-shoulder style and figure-flattering bodycon fit, this black dress exudes sophistication and allure. The standout feature of this dress is its exquisite frill rose corsage detailing, adding a touch of romance and femininity to your look. Whether you're attending a wedding, christening, baby shower, dinner, or date night, this LBD versatile piece promises to elevate your style effortlessly. This midi dress ensures a comfortable yet polished fit, allowing you to move with confidence and grace throughout the day or evening. Pair it with your favourite heels and accessories to complete the ensemble and make a statement wherever you go. Elegant, versatile, and utterly charming, this black Scuba Crepe Rose Frill Midi Dress is your go-to choice for semi-formal special occasions. Embrace timeless sophistication and turn heads with every step in this must-have piece.",Dresses,136,Goddiva,24726,Women's Dresses & Skirts,198,https://images2.productserve.com/?w=200&h=200&bg=white&trim=5&t=letterbox&url=ssl%3Acdn.shopify.com%2Fs%2Ffiles%2F1%2F0487%2F8834%2F0899%2Ffiles%2FDR4300_BLACK_FRONT_20_281_29_1714384688.jpg&feedId=62769&k=2750cf4a9b3a7dc4455629964935cc300a4cbe25,USD,,"Over $120 - Free Delivery, Less than $120 - $12",https://goddiva.us/products/goddiva-scuba-crepe-rose-frill-midi-dress-black,,,USD136,62769,Goddiva,1,,,,,,Womens,Dresses
https://www.awin1.com/pclick.php?p=37702141055&a=2771700&m=24726,Goddiva Scuba Crepe Rose Frill Midi Dress - Black,37702141055,DR4300-BLACK-14,https://cdn.shopify.com/s/files/1/0487/8834/0899/files/DR4300_BLACK_FRONT_20_281_29_1714384688.jpg,"Dive into elegance with our Scuba Crepe Rose Frill Midi Dress, a stunning ensemble designed to captivate on any occasion. With its chic off-the-shoulder style and figure-flattering bodycon fit, this black dress exudes sophistication and allure. The standout feature of this dress is its exquisite frill rose corsage detailing, adding a touch of romance and femininity to your look. Whether you're attending a wedding, christening, baby shower, dinner, or date night, this LBD versatile piece promises to elevate your style effortlessly. This midi dress ensures a comfortable yet polished fit, allowing you to move with confidence and grace throughout the day or evening. Pair it with your favourite heels and accessories to complete the ensemble and make a statement wherever you go. Elegant, versatile, and utterly charming, this black Scuba Crepe Rose Frill Midi Dress is your go-to choice for semi-formal special occasions. Embrace timeless sophistication and turn heads with every step in this must-have piece.",Dresses,136,Goddiva,24726,Women's Dresses & Skirts,198,https://images2.productserve.com/?w=200&h=200&bg=white&trim=5&t=letterbox&url=ssl%3Acdn.shopify.com%2Fs%2Ffiles%2F1%2F0487%2F8834%2F0899%2Ffiles%2FDR4300_BLACK_FRONT_20_281_29_1714384688.jpg&feedId=62769&k=2750cf4a9b3a7dc4455629964935cc300a4cbe25,USD,,"Over $120 - Free Delivery, Less than $120 - $12",https://goddiva.us/products/goddiva-scuba-crepe-rose-frill-midi-dress-black,,,USD136,62769,Goddiva,1,,,,,,Womens,Dresses
https://www.awin1.com/pclick.php?p=37702141054&a=2771700&m=24726,Goddiva Scuba Crepe Rose Frill Midi Dress - Black,37702141054,DR4300-BLACK-12,https://cdn.shopify.com/s/files/1/0487/8834/0899/files/DR4300_BLACK_FRONT_20_281_29_1714384688.jpg,"Dive into elegance with our Scuba Crepe Rose Frill Midi Dress, a stunning ensemble designed to captivate on any occasion. With its chic off-the-shoulder style and figure-flattering bodycon fit, this black dress exudes sophistication and allure. The standout feature of this dress is its exquisite frill rose corsage detailing, adding a touch of romance and femininity to your look. Whether you're attending a wedding, christening, baby shower, dinner, or date night, this LBD versatile piece promises to elevate your style effortlessly. This midi dress ensures a comfortable yet polished fit, allowing you to move with confidence and grace throughout the day or evening. Pair it with your favourite heels and accessories to complete the ensemble and make a statement wherever you go. Elegant, versatile, and utterly charming, this black Scuba Crepe Rose Frill Midi Dress is your go-to choice for semi-formal special occasions. Embrace timeless sophistication and turn heads with every step in this must-have piece.",Dresses,136,Goddiva,24726,Women's Dresses & Skirts,198,https://images2.productserve.com/?w=200&h=200&bg=white&trim=5&t=letterbox&url=ssl%3Acdn.shopify.com%2Fs%2Ffiles%2F1%2F0487%2F8834%2F0899%2Ffiles%2FDR4300_BLACK_FRONT_20_281_29_1714384688.jpg&feedId=62769&k=2750cf4a9b3a7dc4455629964935cc300a4cbe25,USD,,"Over $120 - Free Delivery, Less than $120 - $12",https://goddiva.us/products/goddiva-scuba-crepe-rose-frill-midi-dress-black,,,USD136,62769,Goddiva,1,,,,,,Womens,Dresses
https://www.awin1.com/pclick.php?p=37702141052&a=2771700&m=24726,Goddiva Scuba Crepe Rose Frill Midi Dress - Black,37702141052,DR4300-BLACK-8,https://cdn.shopify.com/s/files/1/0487/8834/0899/files/DR4300_BLACK_FRONT_20_281_29_1714384688.jpg,"Dive into elegance with our Scuba Crepe Rose Frill Midi Dress, a stunning ensemble designed to captivate on any occasion. With its chic off-the-shoulder style and figure-flattering bodycon fit, this black dress exudes sophistication and allure. The standout feature of this dress is its exquisite frill rose corsage detailing, adding a touch of romance and femininity to your look. Whether you're attending a wedding, christening, baby shower, dinner, or date night, this LBD versatile piece promises to elevate your style effortlessly. This midi dress ensures a comfortable yet polished fit, allowing you to move with confidence and grace throughout the day or evening. Pair it with your favourite heels and accessories to complete the ensemble and make a statement wherever you go. Elegant, versatile, and utterly charming, this black Scuba Crepe Rose Frill Midi Dress is your go-to choice for semi-formal special occasions. Embrace timeless sophistication and turn heads with every step in this must-have piece.",Dresses,136,Goddiva,24726,Women's Dresses & Skirts,198,https://images2.productserve.com/?w=200&h=200&bg=white&trim=5&t=letterbox&url=ssl%3Acdn.shopify.com%2Fs%2Ffiles%2F1%2F0487%2F8834%2F0899%2Ffiles%2FDR4300_BLACK_FRONT_20_281_29_1714384688.jpg&feedId=62769&k=2750cf4a9b3a7dc4455629964935cc300a4cbe25,USD,,"Over $120 - Free Delivery, Less than $120 - $12",https://goddiva.us/products/goddiva-scuba-crepe-rose-frill-midi-dress-black,,,USD136,62769,Goddiva,1,,,,,,Womens,Dresses
https://www.awin1.com/pclick.php?p=37728943356&a=2771700&m=24726,Goddiva Gathered High & Low Tiered Midaxi Dress - Berry,37728943356,DR4262QZ-BERRY-14,https://cdn.shopify.com/s/files/1/0487/8834/0899/files/DR4262_BERRY_2172_front_1754301774.jpg,"Give your wardrobe a well deserved refresh with our Gathered High & Low Tiered Maxi Dress and make every moment a stylish affair. This berry dress seamlessly combines style with comfort for any occasion. Featuring a flattering wrap-style v-neckline, this berry dress accentuates your neckline while providing a touch of allure. The gathered bodice adds texture and dimension, ensuring a figure-flattering fit that complements every body type. But what truly sets this berry dress apart is its tiered high-low skirt, adding a playful yet sophisticated touch to your ensemble. With each tier gracefully cascading, you'll exude grace and charm with every step you take. Versatile and chic, this berry dress is perfect for a myriad of occasions. Whether you're attending a casual gathering, a wedding as a guest, or enjoying a romantic date night, this dress effortlessly transitions from day to night, ensuring you always look and feel your best.",Dresses,105,Goddiva,24726,Women's Dresses & Skirts,198,https://images2.productserve.com/?w=200&h=200&bg=white&trim=5&t=letterbox&url=ssl%3Acdn.shopify.com%2Fs%2Ffiles%2F1%2F0487%2F8834%2F0899%2Ffiles%2FDR4262_BERRY_2172_front_1754301774.jpg&feedId=62769&k=85edb1a95edcd2ffd55c4f754dee14fde847ef9b,USD,,"Over $120 - Free Delivery, Less than $120 - $12",https://goddiva.us/products/goddiva-gathered-high-low-tiered-maxi-dress-berry,,,USD150,62769,Goddiva,1,,,,,,Womens,Dresses
https://www.awin1.com/pclick.php?p=37728943386&a=2771700&m=24726,Goddiva One Shoulder Satin Band Maxi Dress - Magenta,37728943386,DR3454-MAGENTA-12,https://cdn.shopify.com/s/files/1/0487/8834/0899/files/DR3454_MAGENTA_1969_front_1757331545.jpg,"This maxi dress is simply stunning! Perfect for a wedding, evening or event, this chic one-shoulder satin bandeau is the perfect bridesmaid dress not to mention a winner for prom and black tie events. This off the shoulder satin band maxi is dreamy and romantic designed with you and your formal events in mind. In its ravishingly seductive magenta color, makes this dress chic and elegant, ticking the boxes for all your formal occasion needs. With its classic floor-length skirt, and bodycon fitted bodice, finished with a silky satin neckline, this magenta evening dress is just everything you need in an occasion dress. This off the shoulder style gives you a gorgeous silhouette and will look stunning with your hair up or down, giving you sophisticated simplicity...",Dresses,105,Goddiva,24726,Women's Dresses & Skirts,198,https://images2.productserve.com/?w=200&h=200&bg=white&trim=5&t=letterbox&url=ssl%3Acdn.shopify.com%2Fs%2Ffiles%2F1%2F0487%2F8834%2F0899%2Ffiles%2FDR3454_MAGENTA_1969_front_1757331545.jpg&feedId=62769&k=567f5a72768b3b48c49e8852f848966ccc7f724b,USD,,"Over $120 - Free Delivery, Less than $120 - $12",https://goddiva.us/products/goddiva-one-shoulder-satin-band-maxi-dress-magenta,,,USD150,62769,Goddiva,1,,,,,,Womens,Dresses
https://www.awin1.com/pclick.php?p=37728943384&a=2771700&m=24726,Goddiva One Shoulder Satin Band Maxi Dress - Magenta,37728943384,DR3454-MAGENTA-8,https://cdn.shopify.com/s/files/1/0487/8834/0899/files/DR3454_MAGENTA_1969_front_1757331545.jpg,"This maxi dress is simply stunning! Perfect for a wedding, evening or event, this chic one-shoulder satin bandeau is the perfect bridesmaid dress not to mention a winner for prom and black tie events. This off the shoulder satin band maxi is dreamy and romantic designed with you and your formal events in mind. In its ravishingly seductive magenta color, makes this dress chic and elegant, ticking the boxes for all your formal occasion needs. With its classic floor-length skirt, and bodycon fitted bodice, finished with a silky satin neckline, this magenta evening dress is just everything you need in an occasion dress. This off the shoulder style gives you a gorgeous silhouette and will look stunning with your hair up or down, giving you sophisticated simplicity...",Dresses,105,Goddiva,24726,Women's Dresses & Skirts,198,https://images2.productserve.com/?w=200&h=200&bg=white&trim=5&t=letterbox&url=ssl%3Acdn.shopify.com%2Fs%2Ffiles%2F1%2F0487%2F8834%2F0899%2Ffiles%2FDR3454_MAGENTA_1969_front_1757331545.jpg&feedId=62769&k=567f5a72768b3b48c49e8852f848966ccc7f724b,USD,,"Over $120 - Free Delivery, Less than $120 - $12",https://goddiva.us/products/goddiva-one-shoulder-satin-band-maxi-dress-magenta,,,USD150,62769,Goddiva,1,,,,,,Womens,Dresses
https://www.awin1.com/pclick.php?p=37728943385&a=2771700&m=24726,Goddiva One Shoulder Satin Band Maxi Dress - Magenta,37728943385,DR3454-MAGENTA-10,https://cdn.shopify.com/s/files/1/0487/8834/0899/files/DR3454_MAGENTA_1969_front_1757331545.jpg,"This maxi dress is simply stunning! Perfect for a wedding, evening or event, this chic one-shoulder satin bandeau is the perfect bridesmaid dress not to mention a winner for prom and black tie events. This off the shoulder satin band maxi is dreamy and romantic designed with you and your formal events in mind. In its ravishingly seductive magenta color, makes this dress chic and elegant, ticking the boxes for all your formal occasion needs. With its classic floor-length skirt, and bodycon fitted bodice, finished with a silky satin neckline, this magenta evening dress is just everything you need in an occasion dress. This off the shoulder style gives you a gorgeous silhouette and will look stunning with your hair up or down, giving you sophisticated simplicity...",Dresses,105,Goddiva,24726,Women's Dresses & Skirts,198,https://images2.productserve.com/?w=200&h=200&bg=white&trim=5&t=letterbox&url=ssl%3Acdn.shopify.com%2Fs%2Ffiles%2F1%2F0487%2F8834%2F0899%2Ffiles%2FDR3454_MAGENTA_1969_front_1757331545.jpg&feedId=62769&k=567f5a72768b3b48c49e8852f848966ccc7f724b,USD,,"Over $120 - Free Delivery, Less than $120 - $12",https://goddiva.us/products/goddiva-one-shoulder-satin-band-maxi-dress-magenta,,,USD150,62769,Goddiva,1,,,,,,Womens,Dresses
https://www.awin1.com/pclick.php?p=37728943387&a=2771700&m=24726,Goddiva One Shoulder Satin Band Maxi Dress - Magenta,37728943387,DR3454-MAGENTA-14,https://cdn.shopify.com/s/files/1/0487/8834/0899/files/DR3454_MAGENTA_1969_front_1757331545.jpg,"This maxi dress is simply stunning! Perfect for a wedding, evening or event, this chic one-shoulder satin bandeau is the perfect bridesmaid dress not to mention a winner for prom and black tie events. This off the shoulder satin band maxi is dreamy and romantic designed with you and your formal events in mind. In its ravishingly seductive magenta color, makes this dress chic and elegant, ticking the boxes for all your formal occasion needs. With its classic floor-length skirt, and bodycon fitted bodice, finished with a silky satin neckline, this magenta evening dress is just everything you need in an occasion dress. This off the shoulder style gives you a gorgeous silhouette and will look stunning with your hair up or down, giving you sophisticated simplicity...",Dresses,105,Goddiva,24726,Women's Dresses & Skirts,198,https://images2.productserve.com/?w=200&h=200&bg=white&trim=5&t=letterbox&url=ssl%3Acdn.shopify.com%2Fs%2Ffiles%2F1%2F0487%2F8834%2F0899%2Ffiles%2FDR3454_MAGENTA_1969_front_1757331545.jpg&feedId=62769&k=567f5a72768b3b48c49e8852f848966ccc7f724b,USD,,"Over $120 - Free Delivery, Less than $120 - $12",https://goddiva.us/products/goddiva-one-shoulder-satin-band-maxi-dress-magenta,,,USD150,62769,Goddiva,1,,,,,,Womens,Dresses
https://www.awin1.com/pclick.php?p=37728943353&a=2771700&m=24726,Goddiva Gathered High & Low Tiered Midaxi Dress - Berry,37728943353,DR4262QZ-BERRY-8,https://cdn.shopify.com/s/files/1/0487/8834/0899/files/DR4262_BERRY_2172_front_1754301774.jpg,"Give your wardrobe a well deserved refresh with our Gathered High & Low Tiered Maxi Dress and make every moment a stylish affair. This berry dress seamlessly combines style with comfort for any occasion. Featuring a flattering wrap-style v-neckline, this berry dress accentuates your neckline while providing a touch of allure. The gathered bodice adds texture and dimension, ensuring a figure-flattering fit that complements every body type. But what truly sets this berry dress apart is its tiered high-low skirt, adding a playful yet sophisticated touch to your ensemble. With each tier gracefully cascading, you'll exude grace and charm with every step you take. Versatile and chic, this berry dress is perfect for a myriad of occasions. Whether you're attending a casual gathering, a wedding as a guest, or enjoying a romantic date night, this dress effortlessly transitions from day to night, ensuring you always look and feel your best.",Dresses,105,Goddiva,24726,Women's Dresses & Skirts,198,https://images2.productserve.com/?w=200&h=200&bg=white&trim=5&t=letterbox&url=ssl%3Acdn.shopify.com%2Fs%2Ffiles%2F1%2F0487%2F8834%2F0899%2Ffiles%2FDR4262_BERRY_2172_front_1754301774.jpg&feedId=62769&k=85edb1a95edcd2ffd55c4f754dee14fde847ef9b,USD,,"Over $120 - Free Delivery, Less than $120 - $12",https://goddiva.us/products/goddiva-gathered-high-low-tiered-maxi-dress-berry,,,USD150,62769,Goddiva,1,,,,,,Womens,Dresses
https://www.awin1.com/pclick.php?p=37728943354&a=2771700&m=24726,Goddiva Gathered High & Low Tiered Midaxi Dress - Berry,37728943354,DR4262QZ-BERRY-10,https://cdn.shopify.com/s/files/1/0487/8834/0899/files/DR4262_BERRY_2172_front_1754301774.jpg,"Give your wardrobe a well deserved refresh with our Gathered High & Low Tiered Maxi Dress and make every moment a stylish affair. This berry dress seamlessly combines style with comfort for any occasion. Featuring a flattering wrap-style v-neckline, this berry dress accentuates your neckline while providing a touch of allure. The gathered bodice adds texture and dimension, ensuring a figure-flattering fit that complements every body type. But what truly sets this berry dress apart is its tiered high-low skirt, adding a playful yet sophisticated touch to your ensemble. With each tier gracefully cascading, you'll exude grace and charm with every step you take. Versatile and chic, this berry dress is perfect for a myriad of occasions. Whether you're attending a casual gathering, a wedding as a guest, or enjoying a romantic date night, this dress effortlessly transitions from day to night, ensuring you always look and feel your best.",Dresses,105,Goddiva,24726,Women's Dresses & Skirts,198,https://images2.productserve.com/?w=200&h=200&bg=white&trim=5&t=letterbox&url=ssl%3Acdn.shopify.com%2Fs%2Ffiles%2F1%2F0487%2F8834%2F0899%2Ffiles%2FDR4262_BERRY_2172_front_1754301774.jpg&feedId=62769&k=85edb1a95edcd2ffd55c4f754dee14fde847ef9b,USD,,"Over $120 - Free Delivery, Less than $120 - $12",https://goddiva.us/products/goddiva-gathered-high-low-tiered-maxi-dress-berry,,,USD150,62769,Goddiva,1,,,,,,Womens,Dresses
https://www.awin1.com/pclick.php?p=37728943355&a=2771700&m=24726,Goddiva Gathered High & Low Tiered Midaxi Dress - Berry,37728943355,DR4262QZ-BERRY-12,https://cdn.shopify.com/s/files/1/0487/8834/0899/files/DR4262_BERRY_2172_front_1754301774.jpg,"Give your wardrobe a well deserved refresh with our Gathered High & Low Tiered Maxi Dress and make every moment a stylish affair. This berry dress seamlessly combines style with comfort for any occasion. Featuring a flattering wrap-style v-neckline, this berry dress accentuates your neckline while providing a touch of allure. The gathered bodice adds texture and dimension, ensuring a figure-flattering fit that complements every body type. But what truly sets this berry dress apart is its tiered high-low skirt, adding a playful yet sophisticated touch to your ensemble. With each tier gracefully cascading, you'll exude grace and charm with every step you take. Versatile and chic, this berry dress is perfect for a myriad of occasions. Whether you're attending a casual gathering, a wedding as a guest, or enjoying a romantic date night, this dress effortlessly transitions from day to night, ensuring you always look and feel your best.",Dresses,105,Goddiva,24726,Women's Dresses & Skirts,198,https://images2.productserve.com/?w=200&h=200&bg=white&trim=5&t=letterbox&url=ssl%3Acdn.shopify.com%2Fs%2Ffiles%2F1%2F0487%2F8834%2F0899%2Ffiles%2FDR4262_BERRY_2172_front_1754301774.jpg&feedId=62769&k=85edb1a95edcd2ffd55c4f754dee14fde847ef9b,USD,,"Over $120 - Free Delivery, Less than $120 - $12",https://goddiva.us/products/goddiva-gathered-high-low-tiered-maxi-dress-berry,,,USD150,62769,Goddiva,1,,,,,,Womens,Dresses
https://www.awin1.com/pclick.php?p=37759610381&a=2771700&m=24726,Goddiva Pleated Bardot High Low Tier Chiffon Midaxi Dress - Royal Blue,37759610381,DR4272-ROYALBLUE-8,https://cdn.shopify.com/s/files/1/0487/8834/0899/files/DR4272-ROYALBLUE_1724765589.jpg,"Indulge in the epitome of sophisticated charm with our Pleated Bardot High Low Tier Chiffon Midaxi Dress, a testament to timeless elegance and effortless style. Picture yourself adorned in this enchanting royal blue ensemble, where every pleat whispers tales of refined grace and every satin waistband accentuates your silhouette with subtle allure.This dress boasts a pleated design that adds depth and dimension to its already captivating allure. The high low pleated tiered skirt cascades with ethereal grace, ensuring a mesmerising entrance and a lasting impression. Versatility is at the heart of this royal blue design, making it the perfect choice for a multitude of occasions. Whether you're attending a fairy-tale wedding, basking in the sun at a lavish garden party, or feeling the adrenaline rush at the racecourse, this royal blue dress promises to elevate your style effortlessly. Unveil your inner goddess without breaking the bank, as this affordable yet luxurious dress offers unparalleled sophistication at an unbeatable price. Embrace the art of dressing with poise and panache, and let our Pleated Bardot High Low Tier Chiffon Midaxi Dress be your ultimate style companion.",Dresses,133,Goddiva,24726,Women's Dresses & Skirts,198,https://images2.productserve.com/?w=200&h=200&bg=white&trim=5&t=letterbox&url=ssl%3Acdn.shopify.com%2Fs%2Ffiles%2F1%2F0487%2F8834%2F0899%2Ffiles%2FDR4272-ROYALBLUE_1724765589.jpg&feedId=62769&k=eff792423b6accdc06c09eb8de92f35a68ea136a,USD,,"Over $120 - Free Delivery, Less than $120 - $12",https://goddiva.us/products/goddiva-pleated-bardot-high-low-tier-chiffon-midaxi-dress-royal-blue,,,USD190,62769,Goddiva,1,,,,,,Womens,Dresses
https://www.awin1.com/pclick.php?p=37759610384&a=2771700&m=24726,Goddiva Pleated Bardot High Low Tier Chiffon Midaxi Dress - Royal Blue,37759610384,DR4272-ROYALBLUE-14,https://cdn.shopify.com/s/files/1/0487/8834/0899/files/DR4272-ROYALBLUE_1724765589.jpg,"Indulge in the epitome of sophisticated charm with our Pleated Bardot High Low Tier Chiffon Midaxi Dress, a testament to timeless elegance and effortless style. Picture yourself adorned in this enchanting royal blue ensemble, where every pleat whispers tales of refined grace and every satin waistband accentuates your silhouette with subtle allure.This dress boasts a pleated design that adds depth and dimension to its already captivating allure. The high low pleated tiered skirt cascades with ethereal grace, ensuring a mesmerising entrance and a lasting impression. Versatility is at the heart of this royal blue design, making it the perfect choice for a multitude of occasions. Whether you're attending a fairy-tale wedding, basking in the sun at a lavish garden party, or feeling the adrenaline rush at the racecourse, this royal blue dress promises to elevate your style effortlessly. Unveil your inner goddess without breaking the bank, as this affordable yet luxurious dress offers unparalleled sophistication at an unbeatable price. Embrace the art of dressing with poise and panache, and let our Pleated Bardot High Low Tier Chiffon Midaxi Dress be your ultimate style companion.",Dresses,133,Goddiva,24726,Women's Dresses & Skirts,198,https://images2.productserve.com/?w=200&h=200&bg=white&trim=5&t=letterbox&url=ssl%3Acdn.shopify.com%2Fs%2Ffiles%2F1%2F0487%2F8834%2F0899%2Ffiles%2FDR4272-ROYALBLUE_1724765589.jpg&feedId=62769&k=eff792423b6accdc06c09eb8de92f35a68ea136a,USD,,"Over $120 - Free Delivery, Less than $120 - $12",https://goddiva.us/products/goddiva-pleated-bardot-high-low-tier-chiffon-midaxi-dress-royal-blue,,,USD190,62769,Goddiva,1,,,,,,Womens,Dresses
https://www.awin1.com/pclick.php?p=37759610382&a=2771700&m=24726,Goddiva Pleated Bardot High Low Tier Chiffon Midaxi Dress - Royal Blue,37759610382,DR4272-ROYALBLUE-10,https://cdn.shopify.com/s/files/1/0487/8834/0899/files/DR4272-ROYALBLUE_1724765589.jpg,"Indulge in the epitome of sophisticated charm with our Pleated Bardot High Low Tier Chiffon Midaxi Dress, a testament to timeless elegance and effortless style. Picture yourself adorned in this enchanting royal blue ensemble, where every pleat whispers tales of refined grace and every satin waistband accentuates your silhouette with subtle allure.This dress boasts a pleated design that adds depth and dimension to its already captivating allure. The high low pleated tiered skirt cascades with ethereal grace, ensuring a mesmerising entrance and a lasting impression. Versatility is at the heart of this royal blue design, making it the perfect choice for a multitude of occasions. Whether you're attending a fairy-tale wedding, basking in the sun at a lavish garden party, or feeling the adrenaline rush at the racecourse, this royal blue dress promises to elevate your style effortlessly. Unveil your inner goddess without breaking the bank, as this affordable yet luxurious dress offers unparalleled sophistication at an unbeatable price. Embrace the art of dressing with poise and panache, and let our Pleated Bardot High Low Tier Chiffon Midaxi Dress be your ultimate style companion.",Dresses,133,Goddiva,24726,Women's Dresses & Skirts,198,https://images2.productserve.com/?w=200&h=200&bg=white&trim=5&t=letterbox&url=ssl%3Acdn.shopify.com%2Fs%2Ffiles%2F1%2F0487%2F8834%2F0899%2Ffiles%2FDR4272-ROYALBLUE_1724765589.jpg&feedId=62769&k=eff792423b6accdc06c09eb8de92f35a68ea136a,USD,,"Over $120 - Free Delivery, Less than $120 - $12",https://goddiva.us/products/goddiva-pleated-bardot-high-low-tier-chiffon-midaxi-dress-royal-blue,,,USD190,62769,Goddiva,1,,,,,,Womens,Dresses
https://www.awin1.com/pclick.php?p=37759610383&a=2771700&m=24726,Goddiva Pleated Bardot High Low Tier Chiffon Midaxi Dress - Royal Blue,37759610383,DR4272-ROYALBLUE-12,https://cdn.shopify.com/s/files/1/0487/8834/0899/files/DR4272-ROYALBLUE_1724765589.jpg,"Indulge in the epitome of sophisticated charm with our Pleated Bardot High Low Tier Chiffon Midaxi Dress, a testament to timeless elegance and effortless style. Picture yourself adorned in this enchanting royal blue ensemble, where every pleat whispers tales of refined grace and every satin waistband accentuates your silhouette with subtle allure.This dress boasts a pleated design that adds depth and dimension to its already captivating allure. The high low pleated tiered skirt cascades with ethereal grace, ensuring a mesmerising entrance and a lasting impression. Versatility is at the heart of this royal blue design, making it the perfect choice for a multitude of occasions. Whether you're attending a fairy-tale wedding, basking in the sun at a lavish garden party, or feeling the adrenaline rush at the racecourse, this royal blue dress promises to elevate your style effortlessly. Unveil your inner goddess without breaking the bank, as this affordable yet luxurious dress offers unparalleled sophistication at an unbeatable price. Embrace the art of dressing with poise and panache, and let our Pleated Bardot High Low Tier Chiffon Midaxi Dress be your ultimate style companion.",Dresses,133,Goddiva,24726,Women's Dresses & Skirts,198,https://images2.productserve.com/?w=200&h=200&bg=white&trim=5&t=letterbox&url=ssl%3Acdn.shopify.com%2Fs%2Ffiles%2F1%2F0487%2F8834%2F0899%2Ffiles%2FDR4272-ROYALBLUE_1724765589.jpg&feedId=62769&k=eff792423b6accdc06c09eb8de92f35a68ea136a,USD,,"Over $120 - Free Delivery, Less than $120 - $12",https://goddiva.us/products/goddiva-pleated-bardot-high-low-tier-chiffon-midaxi-dress-royal-blue,,,USD190,62769,Goddiva,1,,,,,,Womens,Dresses
https://www.awin1.com/pclick.php?p=37796209152&a=2771700&m=24726,Goddiva Flared Sleeve Embroidered Maxi Dress - Cornflower Blue,37796209152,DR3279A-CORNFLOWERBLUE-12,https://cdn.shopify.com/s/files/1/0487/8834/0899/files/DR3279_CORNFLOWERBLUE_2668_front_1768905026.jpg,"The flared sleeve embroidered maxi dress from Goddiva is a beautiful dress that can be worn for almost any special occasion, whether it is for a cornflower blue tie party, prom or wedding. This blue long dress is the perfect combination of elegance and trendiness. The striking, v-neckline that extends to the bust area creates a playful look while the mesh overlay adds flare. The unique flutter sleeve feature is what makes this dress stand out from the rest. This long occasion dress is a perfect pick for mothers of the bride (or groom), prom and of course bridesmaids. In its gorgeous cornflower blue color, you cant go wrong with this number.",Dresses,170,Goddiva,24726,Women's Dresses & Skirts,198,https://images2.productserve.com/?w=200&h=200&bg=white&trim=5&t=letterbox&url=ssl%3Acdn.shopify.com%2Fs%2Ffiles%2F1%2F0487%2F8834%2F0899%2Ffiles%2FDR3279_CORNFLOWERBLUE_2668_front_1768905026.jpg&feedId=62769&k=dedcd99b025a23465bddadc9e3b5dc9b55830494,USD,,"Over $120 - Free Delivery, Less than $120 - $12",https://goddiva.us/products/goddiva-flared-sleeve-embroidered-maxi-dress-cornflower-blue,,,USD300,62769,Goddiva,1,,,,,,Womens,Dresses
https://www.awin1.com/pclick.php?p=37796209150&a=2771700&m=24726,Goddiva Flared Sleeve Embroidered Maxi Dress - Cornflower Blue,37796209150,DR3279A-CORNFLOWERBLUE-8,https://cdn.shopify.com/s/files/1/0487/8834/0899/files/DR3279_CORNFLOWERBLUE_2668_front_1768905026.jpg,"The flared sleeve embroidered maxi dress from Goddiva is a beautiful dress that can be worn for almost any special occasion, whether it is for a cornflower blue tie party, prom or wedding. This blue long dress is the perfect combination of elegance and trendiness. The striking, v-neckline that extends to the bust area creates a playful look while the mesh overlay adds flare. The unique flutter sleeve feature is what makes this dress stand out from the rest. This long occasion dress is a perfect pick for mothers of the bride (or groom), prom and of course bridesmaids. In its gorgeous cornflower blue color, you cant go wrong with this number.",Dresses,170,Goddiva,24726,Women's Dresses & Skirts,198,https://images2.productserve.com/?w=200&h=200&bg=white&trim=5&t=letterbox&url=ssl%3Acdn.shopify.com%2Fs%2Ffiles%2F1%2F0487%2F8834%2F0899%2Ffiles%2FDR3279_CORNFLOWERBLUE_2668_front_1768905026.jpg&feedId=62769&k=dedcd99b025a23465bddadc9e3b5dc9b55830494,USD,,"Over $120 - Free Delivery, Less than $120 - $12",https://goddiva.us/products/goddiva-flared-sleeve-embroidered-maxi-dress-cornflower-blue,,,USD300,62769,Goddiva,1,,,,,,Womens,Dresses
https://www.awin1.com/pclick.php?p=37796209153&a=2771700&m=24726,Goddiva Flared Sleeve Embroidered Maxi Dress - Cornflower Blue,37796209153,DR3279A-CORNFLOWERBLUE-14,https://cdn.shopify.com/s/files/1/0487/8834/0899/files/DR3279_CORNFLOWERBLUE_2668_front_1768905026.jpg,"The flared sleeve embroidered maxi dress from Goddiva is a beautiful dress that can be worn for almost any special occasion, whether it is for a cornflower blue tie party, prom or wedding. This blue long dress is the perfect combination of elegance and trendiness. The striking, v-neckline that extends to the bust area creates a playful look while the mesh overlay adds flare. The unique flutter sleeve feature is what makes this dress stand out from the rest. This long occasion dress is a perfect pick for mothers of the bride (or groom), prom and of course bridesmaids. In its gorgeous cornflower blue color, you cant go wrong with this number.",Dresses,170,Goddiva,24726,Women's Dresses & Skirts,198,https://images2.productserve.com/?w=200&h=200&bg=white&trim=5&t=letterbox&url=ssl%3Acdn.shopify.com%2Fs%2Ffiles%2F1%2F0487%2F8834%2F0899%2Ffiles%2FDR3279_CORNFLOWERBLUE_2668_front_1768905026.jpg&feedId=62769&k=dedcd99b025a23465bddadc9e3b5dc9b55830494,USD,,"Over $120 - Free Delivery, Less than $120 - $12",https://goddiva.us/products/goddiva-flared-sleeve-embroidered-maxi-dress-cornflower-blue,,,USD300,62769,Goddiva,1,,,,,,Womens,Dresses
https://www.awin1.com/pclick.php?p=37796209151&a=2771700&m=24726,Goddiva Flared Sleeve Embroidered Maxi Dress - Cornflower Blue,37796209151,DR3279A-CORNFLOWERBLUE-10,https://cdn.shopify.com/s/files/1/0487/8834/0899/files/DR3279_CORNFLOWERBLUE_2668_front_1768905026.jpg,"The flared sleeve embroidered maxi dress from Goddiva is a beautiful dress that can be worn for almost any special occasion, whether it is for a cornflower blue tie party, prom or wedding. This blue long dress is the perfect combination of elegance and trendiness. The striking, v-neckline that extends to the bust area creates a playful look while the mesh overlay adds flare. The unique flutter sleeve feature is what makes this dress stand out from the rest. This long occasion dress is a perfect pick for mothers of the bride (or groom), prom and of course bridesmaids. In its gorgeous cornflower blue color, you cant go wrong with this number.",Dresses,170,Goddiva,24726,Women's Dresses & Skirts,198,https://images2.productserve.com/?w=200&h=200&bg=white&trim=5&t=letterbox&url=ssl%3Acdn.shopify.com%2Fs%2Ffiles%2F1%2F0487%2F8834%2F0899%2Ffiles%2FDR3279_CORNFLOWERBLUE_2668_front_1768905026.jpg&feedId=62769&k=dedcd99b025a23465bddadc9e3b5dc9b55830494,USD,,"Over $120 - Free Delivery, Less than $120 - $12",https://goddiva.us/products/goddiva-flared-sleeve-embroidered-maxi-dress-cornflower-blue,,,USD300,62769,Goddiva,1,,,,,,Womens,Dresses
https://www.awin1.com/pclick.php?p=36556608678&a=2771700&m=24726,Goddiva Draped Shoulder Velvet Corset Midi Dress - Tealblue,36556608678,DR4066-TEALBLUE-10,https://cdn.shopify.com/s/files/1/0487/8834/0899/files/DR4066_TEAL_1676_front_1754300996.jpg,"Unleash your inner fashionista with our Draped Shoulder Velvet Corset Midi Dress, an exquisite blend of style and allure that's perfect for any occasion. This  teal blue midi dress, featuring a captivating corset-style bodice, is designed to make your date night, party, or special occasion truly unforgettable. The bodycon fit of this  teal blue dress accentuates your curves, ensuring you exude confidence and sophistication with every step. The soft touch velvet material adds a layer of opulence, caressing your skin as you embrace the spotlight. With a sultry front split, this  teal blue dress offers a tantalising touch of elegance, making it an ideal choice for a wedding guest. Whether you're looking to make a statement at a date night, turn heads at a chic party, or celebrate a special occasion as a wedding guest, our Draped Shoulder Velvet Corset Midi Dress is the epitome of timeless beauty and charm. Prepare to be the centre of attention and create unforgettable memories in this  teal blue enchanting midi dress. Order yours today and step into the spotlight with unmatched elegance and allure, leaving an indelible impression wherever you go.",Dresses,170,Goddiva,24726,Women's Dresses & Skirts,198,https://images2.productserve.com/?w=200&h=200&bg=white&trim=5&t=letterbox&url=ssl%3Acdn.shopify.com%2Fs%2Ffiles%2F1%2F0487%2F8834%2F0899%2Ffiles%2FDR4066_TEAL_1676_front_1754300996.jpg&feedId=62769&k=4d3004c3722d802a7f62aa9e0143e9b0bc399c7b,USD,,"Over $120 - Free Delivery, Less than $120 - $12",https://goddiva.us/products/goddiva-draped-shoulder-velvet-corset-midi-tealblue,,,USD170,62769,Goddiva,1,,,,,,Womens,Dresses
https://www.awin1.com/pclick.php?p=36556608679&a=2771700&m=24726,Goddiva Draped Shoulder Velvet Corset Midi Dress - Tealblue,36556608679,DR4066-TEALBLUE-12,https://cdn.shopify.com/s/files/1/0487/8834/0899/files/DR4066_TEAL_1676_front_1754300996.jpg,"Unleash your inner fashionista with our Draped Shoulder Velvet Corset Midi Dress, an exquisite blend of style and allure that's perfect for any occasion. This  teal blue midi dress, featuring a captivating corset-style bodice, is designed to make your date night, party, or special occasion truly unforgettable. The bodycon fit of this  teal blue dress accentuates your curves, ensuring you exude confidence and sophistication with every step. The soft touch velvet material adds a layer of opulence, caressing your skin as you embrace the spotlight. With a sultry front split, this  teal blue dress offers a tantalising touch of elegance, making it an ideal choice for a wedding guest. Whether you're looking to make a statement at a date night, turn heads at a chic party, or celebrate a special occasion as a wedding guest, our Draped Shoulder Velvet Corset Midi Dress is the epitome of timeless beauty and charm. Prepare to be the centre of attention and create unforgettable memories in this  teal blue enchanting midi dress. Order yours today and step into the spotlight with unmatched elegance and allure, leaving an indelible impression wherever you go.",Dresses,170,Goddiva,24726,Women's Dresses & Skirts,198,https://images2.productserve.com/?w=200&h=200&bg=white&trim=5&t=letterbox&url=ssl%3Acdn.shopify.com%2Fs%2Ffiles%2F1%2F0487%2F8834%2F0899%2Ffiles%2FDR4066_TEAL_1676_front_1754300996.jpg&feedId=62769&k=4d3004c3722d802a7f62aa9e0143e9b0bc399c7b,USD,,"Over $120 - Free Delivery, Less than $120 - $12",https://goddiva.us/products/goddiva-draped-shoulder-velvet-corset-midi-tealblue,,,USD170,62769,Goddiva,1,,,,,,Womens,Dresses
https://www.awin1.com/pclick.php?p=36556608680&a=2771700&m=24726,Goddiva Draped Shoulder Velvet Corset Midi Dress - Tealblue,36556608680,DR4066-TEALBLUE-14,https://cdn.shopify.com/s/files/1/0487/8834/0899/files/DR4066_TEAL_1676_front_1754300996.jpg,"Unleash your inner fashionista with our Draped Shoulder Velvet Corset Midi Dress, an exquisite blend of style and allure that's perfect for any occasion. This  teal blue midi dress, featuring a captivating corset-style bodice, is designed to make your date night, party, or special occasion truly unforgettable. The bodycon fit of this  teal blue dress accentuates your curves, ensuring you exude confidence and sophistication with every step. The soft touch velvet material adds a layer of opulence, caressing your skin as you embrace the spotlight. With a sultry front split, this  teal blue dress offers a tantalising touch of elegance, making it an ideal choice for a wedding guest. Whether you're looking to make a statement at a date night, turn heads at a chic party, or celebrate a special occasion as a wedding guest, our Draped Shoulder Velvet Corset Midi Dress is the epitome of timeless beauty and charm. Prepare to be the centre of attention and create unforgettable memories in this  teal blue enchanting midi dress. Order yours today and step into the spotlight with unmatched elegance and allure, leaving an indelible impression wherever you go.",Dresses,170,Goddiva,24726,Women's Dresses & Skirts,198,https://images2.productserve.com/?w=200&h=200&bg=white&trim=5&t=letterbox&url=ssl%3Acdn.shopify.com%2Fs%2Ffiles%2F1%2F0487%2F8834%2F0899%2Ffiles%2FDR4066_TEAL_1676_front_1754300996.jpg&feedId=62769&k=4d3004c3722d802a7f62aa9e0143e9b0bc399c7b,USD,,"Over $120 - Free Delivery, Less than $120 - $12",https://goddiva.us/products/goddiva-draped-shoulder-velvet-corset-midi-tealblue,,,USD170,62769,Goddiva,1,,,,,,Womens,Dresses
https://www.awin1.com/pclick.php?p=36556608677&a=2771700&m=24726,Goddiva Draped Shoulder Velvet Corset Midi Dress - Tealblue,36556608677,DR4066-TEALBLUE-8,https://cdn.shopify.com/s/files/1/0487/8834/0899/files/DR4066_TEAL_1676_front_1754300996.jpg,"Unleash your inner fashionista with our Draped Shoulder Velvet Corset Midi Dress, an exquisite blend of style and allure that's perfect for any occasion. This  teal blue midi dress, featuring a captivating corset-style bodice, is designed to make your date night, party, or special occasion truly unforgettable. The bodycon fit of this  teal blue dress accentuates your curves, ensuring you exude confidence and sophistication with every step. The soft touch velvet material adds a layer of opulence, caressing your skin as you embrace the spotlight. With a sultry front split, this  teal blue dress offers a tantalising touch of elegance, making it an ideal choice for a wedding guest. Whether you're looking to make a statement at a date night, turn heads at a chic party, or celebrate a special occasion as a wedding guest, our Draped Shoulder Velvet Corset Midi Dress is the epitome of timeless beauty and charm. Prepare to be the centre of attention and create unforgettable memories in this  teal blue enchanting midi dress. Order yours today and step into the spotlight with unmatched elegance and allure, leaving an indelible impression wherever you go.",Dresses,170,Goddiva,24726,Women's Dresses & Skirts,198,https://images2.productserve.com/?w=200&h=200&bg=white&trim=5&t=letterbox&url=ssl%3Acdn.shopify.com%2Fs%2Ffiles%2F1%2F0487%2F8834%2F0899%2Ffiles%2FDR4066_TEAL_1676_front_1754300996.jpg&feedId=62769&k=4d3004c3722d802a7f62aa9e0143e9b0bc399c7b,USD,,"Over $120 - Free Delivery, Less than $120 - $12",https://goddiva.us/products/goddiva-draped-shoulder-velvet-corset-midi-tealblue,,,USD170,62769,Goddiva,1,,,,,,Womens,Dresses
https://www.awin1.com/pclick.php?p=37932446772&a=2771700&m=24726,Goddiva Bardot Floral Print A-Line Scuba Foam Midi Dress - Blue,37932446772,DR4228-BLUE-8,https://cdn.shopify.com/s/files/1/0487/8834/0899/files/DR4228_blue_31589_front_1767706707.jpg,"Step into elegance with the Bardot Floral Print A-Line Scuba Foam Midi Dress, a true masterpiece in modern fashion. This blue dress combines the timeless charm of an A-line silhouette with the contemporary allure of scuba foam fabric, offering a perfect blend of structure and comfort. The captivating floral print bursts with vibrant colors, creating a stunning visual impact that's both sophisticated and playful. The Bardot neckline adds a touch of vintage romance, beautifully framing your shoulders and collarbone. With its midi length, this blue dress exudes a refined grace, making it ideal for both daytime outings and evening soires. The fitted bodice flows effortlessly into a flared skirt, enhancing your natural curves while providing an elegant drape. The Bardot Floral Print A-Line Scuba Foam Midi Dress is more than just an outfitit's an experience. Whether you're attending a garden party, a wedding, or a special event, this blue dress ensures you stand out with its unique charm and undeniable style. Make a statement and embrace the beauty of the Bardot Floral Print A-Line Scuba Foam Midi Dress.",Dresses,130,Goddiva,24726,Women's Dresses & Skirts,198,https://images2.productserve.com/?w=200&h=200&bg=white&trim=5&t=letterbox&url=ssl%3Acdn.shopify.com%2Fs%2Ffiles%2F1%2F0487%2F8834%2F0899%2Ffiles%2FDR4228_blue_31589_front_1767706707.jpg&feedId=62769&k=ccbff76c1d08c8bf22dade0f116433b5c25d7746,USD,,"Over $120 - Free Delivery, Less than $120 - $12",https://goddiva.us/products/goddiva-bardot-floral-print-a-line-scuba-foam-midi-dress-blue-1,,,USD130,62769,Goddiva,1,,,,,,Womens,Dresses
https://www.awin1.com/pclick.php?p=37932446773&a=2771700&m=24726,Goddiva Bardot Floral Print A-Line Scuba Foam Midi Dress - Blue,37932446773,DR4228-BLUE-10,https://cdn.shopify.com/s/files/1/0487/8834/0899/files/DR4228_blue_31589_front_1767706707.jpg,"Step into elegance with the Bardot Floral Print A-Line Scuba Foam Midi Dress, a true masterpiece in modern fashion. This blue dress combines the timeless charm of an A-line silhouette with the contemporary allure of scuba foam fabric, offering a perfect blend of structure and comfort. The captivating floral print bursts with vibrant colors, creating a stunning visual impact that's both sophisticated and playful. The Bardot neckline adds a touch of vintage romance, beautifully framing your shoulders and collarbone. With its midi length, this blue dress exudes a refined grace, making it ideal for both daytime outings and evening soires. The fitted bodice flows effortlessly into a flared skirt, enhancing your natural curves while providing an elegant drape. The Bardot Floral Print A-Line Scuba Foam Midi Dress is more than just an outfitit's an experience. Whether you're attending a garden party, a wedding, or a special event, this blue dress ensures you stand out with its unique charm and undeniable style. Make a statement and embrace the beauty of the Bardot Floral Print A-Line Scuba Foam Midi Dress.",Dresses,130,Goddiva,24726,Women's Dresses & Skirts,198,https://images2.productserve.com/?w=200&h=200&bg=white&trim=5&t=letterbox&url=ssl%3Acdn.shopify.com%2Fs%2Ffiles%2F1%2F0487%2F8834%2F0899%2Ffiles%2FDR4228_blue_31589_front_1767706707.jpg&feedId=62769&k=ccbff76c1d08c8bf22dade0f116433b5c25d7746,USD,,"Over $120 - Free Delivery, Less than $120 - $12",https://goddiva.us/products/goddiva-bardot-floral-print-a-line-scuba-foam-midi-dress-blue-1,,,USD130,62769,Goddiva,1,,,,,,Womens,Dresses
https://www.awin1.com/pclick.php?p=37932446775&a=2771700&m=24726,Goddiva Bardot Floral Print A-Line Scuba Foam Midi Dress - Blue,37932446775,DR4228-BLUE-14,https://cdn.shopify.com/s/files/1/0487/8834/0899/files/DR4228_blue_31589_front_1767706707.jpg,"Step into elegance with the Bardot Floral Print A-Line Scuba Foam Midi Dress, a true masterpiece in modern fashion. This blue dress combines the timeless charm of an A-line silhouette with the contemporary allure of scuba foam fabric, offering a perfect blend of structure and comfort. The captivating floral print bursts with vibrant colors, creating a stunning visual impact that's both sophisticated and playful. The Bardot neckline adds a touch of vintage romance, beautifully framing your shoulders and collarbone. With its midi length, this blue dress exudes a refined grace, making it ideal for both daytime outings and evening soires. The fitted bodice flows effortlessly into a flared skirt, enhancing your natural curves while providing an elegant drape. The Bardot Floral Print A-Line Scuba Foam Midi Dress is more than just an outfitit's an experience. Whether you're attending a garden party, a wedding, or a special event, this blue dress ensures you stand out with its unique charm and undeniable style. Make a statement and embrace the beauty of the Bardot Floral Print A-Line Scuba Foam Midi Dress.",Dresses,130,Goddiva,24726,Women's Dresses & Skirts,198,https://images2.productserve.com/?w=200&h=200&bg=white&trim=5&t=letterbox&url=ssl%3Acdn.shopify.com%2Fs%2Ffiles%2F1%2F0487%2F8834%2F0899%2Ffiles%2FDR4228_blue_31589_front_1767706707.jpg&feedId=62769&k=ccbff76c1d08c8bf22dade0f116433b5c25d7746,USD,,"Over $120 - Free Delivery, Less than $120 - $12",https://goddiva.us/products/goddiva-bardot-floral-print-a-line-scuba-foam-midi-dress-blue-1,,,USD130,62769,Goddiva,1,,,,,,Womens,Dresses
https://www.awin1.com/pclick.php?p=37932446774&a=2771700&m=24726,Goddiva Bardot Floral Print A-Line Scuba Foam Midi Dress - Blue,37932446774,DR4228-BLUE-12,https://cdn.shopify.com/s/files/1/0487/8834/0899/files/DR4228_blue_31589_front_1767706707.jpg,"Step into elegance with the Bardot Floral Print A-Line Scuba Foam Midi Dress, a true masterpiece in modern fashion. This blue dress combines the timeless charm of an A-line silhouette with the contemporary allure of scuba foam fabric, offering a perfect blend of structure and comfort. The captivating floral print bursts with vibrant colors, creating a stunning visual impact that's both sophisticated and playful. The Bardot neckline adds a touch of vintage romance, beautifully framing your shoulders and collarbone. With its midi length, this blue dress exudes a refined grace, making it ideal for both daytime outings and evening soires. The fitted bodice flows effortlessly into a flared skirt, enhancing your natural curves while providing an elegant drape. The Bardot Floral Print A-Line Scuba Foam Midi Dress is more than just an outfitit's an experience. Whether you're attending a garden party, a wedding, or a special event, this blue dress ensures you stand out with its unique charm and undeniable style. Make a statement and embrace the beauty of the Bardot Floral Print A-Line Scuba Foam Midi Dress.",Dresses,130,Goddiva,24726,Women's Dresses & Skirts,198,https://images2.productserve.com/?w=200&h=200&bg=white&trim=5&t=letterbox&url=ssl%3Acdn.shopify.com%2Fs%2Ffiles%2F1%2F0487%2F8834%2F0899%2Ffiles%2FDR4228_blue_31589_front_1767706707.jpg&feedId=62769&k=ccbff76c1d08c8bf22dade0f116433b5c25d7746,USD,,"Over $120 - Free Delivery, Less than $120 - $12",https://goddiva.us/products/goddiva-bardot-floral-print-a-line-scuba-foam-midi-dress-blue-1,,,USD130,62769,Goddiva,1,,,,,,Womens,Dresses
https://www.awin1.com/pclick.php?p=36050523053&a=2771700&m=24726,Goddiva Bardot Sequin Pleated Maxi Dress - Emerald Green,36050523053,DR3643A-EMERALD-14,https://cdn.shopify.com/s/files/1/0487/8834/0899/files/DR3643_EMERALD_490_front_1763479376.jpg,"This Goddiva Bardot Sequin Pleated Maxi Dress is a show-stopping piece great for any special occasion. The beautiful sequin finish creates an elegant and glamorous look as they shine on the dress with each movement, while the off-the-shoulder neckline, front thigh slit and pleated hem add just enough drama to make this a unique choice for your party or event. This gorgeous emerald maxi dress is not just for the red carpet! You'll want to wear this show-stopping gown everywhere, whether you're heading to a wedding, prom, or any special event; this sparkling green dress from Goddiva will make you feel glamorous. Style it with strappy sandals for an elegant look.",Dresses,156,Goddiva,24726,Women's Dresses & Skirts,198,https://images2.productserve.com/?w=200&h=200&bg=white&trim=5&t=letterbox&url=ssl%3Acdn.shopify.com%2Fs%2Ffiles%2F1%2F0487%2F8834%2F0899%2Ffiles%2FDR3643_EMERALD_490_front_1763479376.jpg&feedId=62769&k=18a0c706cfc20c0873888f5bb0ae49aef9d0cbad,USD,,"Over $120 - Free Delivery, Less than $120 - $12",https://goddiva.us/products/goddiva-bardot-sequin-pleated-maxi-dress-emerald-green,,,USD290,62769,Goddiva,1,,,,,,Womens,Dresses
https://www.awin1.com/pclick.php?p=35927162019&a=2771700&m=24726,Goddiva Cowl Neck Chiffon Maxi Dress - Purple,35927162019,DR3335A-PURPLE-10,https://cdn.shopify.com/s/files/1/0487/8834/0899/files/DR3335A_purple_0068_front-1_1740654924.jpg,"The Goddiva Cowl Neck Chiffon Maxi is the ultimate bridesmaid dress, with a flattering cowl neckline and an off the shoulder style. This sage green maxi dress has an A-line skirt that flows beautifully as you walk down the aisle. Available in different colors, this maxi dress is perfect for any special occasion. This long summer maxi dress is the epitome of chic. The satin belt at the waist emphasises your curves and flatters your silhouette. This stunning green bridesmaids dress will make any bride happy. This stunning maxi is a must-have for your special day and is an easy to wear, simple silhouette and yet so elegant. Whether for bridesmaids, maid of honour or even prom, this gorgeous long occasion dress was made with you in mind.",Dresses,161,Goddiva,24726,Women's Dresses & Skirts,198,https://images2.productserve.com/?w=200&h=200&bg=white&trim=5&t=letterbox&url=ssl%3Acdn.shopify.com%2Fs%2Ffiles%2F1%2F0487%2F8834%2F0899%2Ffiles%2FDR3335A_purple_0068_front-1_1740654924.jpg&feedId=62769&k=41cbd895ed63b70c2af6832fdd1810bd16ee2210,USD,,"Over $120 - Free Delivery, Less than $120 - $12",https://goddiva.us/products/goddiva-cowl-neck-chiffon-maxi-dress-purple,,,USD196,62769,Goddiva,1,,,,,,Womens,Dresses
https://www.awin1.com/pclick.php?p=35776953440&a=2771700&m=24726,Goddiva Geometric Sequin Sleeveless Maxi - Royal Blue,35776953440,DR3461-ROYALBLUE-12,https://cdn.shopify.com/s/files/1/0487/8834/0899/files/DR3461_ROYALBLUE_1313_front_1761930683.jpg,"Make a sparkling statement at your next evening occasion with this gorgeous royal blue Geometric Sequin Sleeveless Maxi. This stunning dress features a mesmerising geometric sequin pattern that catches the light from every angle, creating a dazzling effect that is sure to turn heads. With its sleeveless design and flowing maxi length, this cobalt blue dress offers a chic and sophisticated look that is perfect for formal events, weddings, or any special occasion. Crafted from high-quality materials, this dress is both comfortable and durable, ensuring that you look and feel your best all night long. Whether you're dressing up for a red carpet event or a night out with friends, this Geometric Sequin Sleeveless Maxi is sure to be a showstopper.",Dresses,196,Goddiva,24726,Women's Dresses & Skirts,198,https://images2.productserve.com/?w=200&h=200&bg=white&trim=5&t=letterbox&url=ssl%3Acdn.shopify.com%2Fs%2Ffiles%2F1%2F0487%2F8834%2F0899%2Ffiles%2FDR3461_ROYALBLUE_1313_front_1761930683.jpg&feedId=62769&k=5ed811a903750f788234f8486f1b5d88f4209b86,USD,,"Over $120 - Free Delivery, Less than $120 - $12",https://goddiva.us/products/goddiva-geometric-sequin-sleeveless-maxi-royal-blue,,,USD196,62769,Goddiva,1,,,,,,Womens,Dresses
https://www.awin1.com/pclick.php?p=35776953432&a=2771700&m=24726,Goddiva Geometric Sequin Sleeveless Maxi - Black,35776953432,DR3461-BLACK-8,https://cdn.shopify.com/s/files/1/0487/8834/0899/files/DR3461_BLACK_1329_front_1761930703.jpg,"Make a sparkling statement at your next evening occasion with this gorgeous black Geometric Sequin Sleeveless Maxi. This stunning dress features a mesmerising geometric sequin pattern that catches the light from every angle, creating a dazzling effect that is sure to turn heads. With its sleeveless design and flowing maxi length, this black gold dress offers a chic and sophisticated look that is perfect for formal events, weddings, or any special occasion. Crafted from high-quality materials, this dress is both comfortable and durable, ensuring that you look and feel your best all night long. Whether you're dressing up for a red carpet event or a night out with friends, this Geometric Sequin Sleeveless Maxi is sure to be a showstopper.",Dresses,196,Goddiva,24726,Women's Dresses & Skirts,198,https://images2.productserve.com/?w=200&h=200&bg=white&trim=5&t=letterbox&url=ssl%3Acdn.shopify.com%2Fs%2Ffiles%2F1%2F0487%2F8834%2F0899%2Ffiles%2FDR3461_BLACK_1329_front_1761930703.jpg&feedId=62769&k=11ff8f979fea45d8eaf1c7ed3bd74f8b32318aaa,USD,,"Over $120 - Free Delivery, Less than $120 - $12",https://goddiva.us/products/goddiva-geometric-sequin-sleeveless-maxi-black,,,USD196,62769,Goddiva,1,,,,,,Womens,Dresses
https://www.awin1.com/pclick.php?p=36426397527&a=2771700&m=24726,Goddiva Iridescent Sequin Maxi With Front Split - Burgundy,36426397527,DR3986-BURGUNDY-10,https://cdn.shopify.com/s/files/1/0487/8834/0899/files/36181_1727177792.jpg,"Elevate your evening elegance with our Iridescent Sequin Maxi With Front Split, a dazzling masterpiece from our enchanting Old Hollywood collection. This show-stopping burgundy gown boasts an elegant charm, ensuring you're ready to shine at any special occasion. Crafted to perfection, this burgundy maxi dress features an enchanting all-over sequin design that shimmers and catches the light effortlessly. The timeless wrap-style V-neckline exudes timeless glamour, while the sleeveless silhouette keeps you cool and comfortable throughout the night. This burgundy Iridescent Sequin Maxi is not only a feast for the eyes but a joy to wear. It comes fully lined for ultimate comfort and confidence. The pice de rsistance is the seductive front thigh split, which adds a touch of allure and freedom of movement. Whether you're gracing a gala, walking down the red carpet, or making an entrance at a glamorous soiree, this dress will make you the star of the evening. With the perfect blend of style, sophistication, and a touch of Old Hollywood charm, our Iridescent Sequin Maxi With Front Split is your go-to choice for unforgettable moments. Make a statement and own the night with this enchanting piece from our Old Hollywood collection.",Dresses,168,Goddiva,24726,Women's Dresses & Skirts,198,https://images2.productserve.com/?w=200&h=200&bg=white&trim=5&t=letterbox&url=ssl%3Acdn.shopify.com%2Fs%2Ffiles%2F1%2F0487%2F8834%2F0899%2Ffiles%2F36181_1727177792.jpg&feedId=62769&k=d5fe3ff49778b54e53af235fc6279355fc779469,USD,,"Over $120 - Free Delivery, Less than $120 - $12",https://goddiva.us/products/goddiva-iridescent-sequin-maxi-with-front-split-burgundy,,,USD240,62769,Goddiva,1,,,,,,Womens,Dresses
https://www.awin1.com/pclick.php?p=36426397528&a=2771700&m=24726,Goddiva Iridescent Sequin Maxi With Front Split - Burgundy,36426397528,DR3986-BURGUNDY-12,https://cdn.shopify.com/s/files/1/0487/8834/0899/files/36181_1727177792.jpg,"Elevate your evening elegance with our Iridescent Sequin Maxi With Front Split, a dazzling masterpiece from our enchanting Old Hollywood collection. This show-stopping burgundy gown boasts an elegant charm, ensuring you're ready to shine at any special occasion. Crafted to perfection, this burgundy maxi dress features an enchanting all-over sequin design that shimmers and catches the light effortlessly. The timeless wrap-style V-neckline exudes timeless glamour, while the sleeveless silhouette keeps you cool and comfortable throughout the night. This burgundy Iridescent Sequin Maxi is not only a feast for the eyes but a joy to wear. It comes fully lined for ultimate comfort and confidence. The pice de rsistance is the seductive front thigh split, which adds a touch of allure and freedom of movement. Whether you're gracing a gala, walking down the red carpet, or making an entrance at a glamorous soiree, this dress will make you the star of the evening. With the perfect blend of style, sophistication, and a touch of Old Hollywood charm, our Iridescent Sequin Maxi With Front Split is your go-to choice for unforgettable moments. Make a statement and own the night with this enchanting piece from our Old Hollywood collection.",Dresses,168,Goddiva,24726,Women's Dresses & Skirts,198,https://images2.productserve.com/?w=200&h=200&bg=white&trim=5&t=letterbox&url=ssl%3Acdn.shopify.com%2Fs%2Ffiles%2F1%2F0487%2F8834%2F0899%2Ffiles%2F36181_1727177792.jpg&feedId=62769&k=d5fe3ff49778b54e53af235fc6279355fc779469,USD,,"Over $120 - Free Delivery, Less than $120 - $12",https://goddiva.us/products/goddiva-iridescent-sequin-maxi-with-front-split-burgundy,,,USD240,62769,Goddiva,1,,,,,,Womens,Dresses
https://www.awin1.com/pclick.php?p=35880766401&a=2771700&m=24726,Goddiva Floral Printed Chiffon Ruffle Maxi - Blue,35880766401,DR3750-BLUE-12,https://cdn.shopify.com/s/files/1/0487/8834/0899/files/DR3750_blue_2421_front_1767706046.jpg,"Our stunning blue floral printed chiffon ruffle maxi dress - is the perfect summer dress for any occasion! With its elegant floral pattern and flowy silhouette, this dress exudes a playful yet sophisticated vibe, making it an ideal choice for both casual summer days and semi-formal occasions. This printed white chiffon dress is designed to keep you cool and comfortable even on the hottest days. The dress features a flirty ruffle design that adds a touch of femininity and elegance, making it an excellent choice for a wedding guest or any special event. This versatile blue summer dress is a must-have addition to your wardrobe, as it can be dressed up or down depending on the occasion. Pair it with your favourite sandals for a casual daytime look, or dress it up with heels and statement jewellery for a more formal event. This white floral dress is perfect for summer outings, garden parties, and other outdoor events, where you want to look chic and stylish while staying comfortable. The bold floral print adds a pop of color and vibrancy to your wardrobe, making you stand out from the crowd. Don't miss out on this stunning occasion dress - order yours today and be the best-dressed guest at any event!",Dresses,130,Goddiva,24726,Women's Dresses & Skirts,198,https://images2.productserve.com/?w=200&h=200&bg=white&trim=5&t=letterbox&url=ssl%3Acdn.shopify.com%2Fs%2Ffiles%2F1%2F0487%2F8834%2F0899%2Ffiles%2FDR3750_blue_2421_front_1767706046.jpg&feedId=62769&k=f42291cdb38da5b6e770a13cf9c7d12770ef7216,USD,,"Over $120 - Free Delivery, Less than $120 - $12",https://goddiva.us/products/goddiva-floral-printed-chiffon-ruffle-maxi-blue,,,USD130,62769,Goddiva,1,,,,,,Womens,Dresses
https://www.awin1.com/pclick.php?p=35457894072&a=2771700&m=24726,Goddiva Off The Shoulder Sequin Wing Maxi Dress - Champagne,35457894072,DR3616-CHAMPAGNE-8,https://cdn.shopify.com/s/files/1/0487/8834/0899/files/DR3616_CHAMPAGNE_0326_front_1770734437.jpg,"Kill them with sparkles this season in this lavish gold/white off the shoulder sequin wing maxi dress by Goddiva. This legendary evening gown is hands-down the winner for this seasons events. A winning choice for brides, bridesmaids and prom. In its classic champagne/wonderful white, this sparkly off the shoulder number will make you feel like the goddess you are. It's off the shoulder style, floor length skirt finished with a mermaid hem and it's all over sequin design, this occasion dress is also fool-proof for wedding guests and formal events. With its affordable price, you will never find a dress with this finish for this price anywhere else. Its upward gathered detailing on the waist offers a decorative touch to this already sublime style, while its bodycon fit will enhance your sexy silhouette giving you the power to strut your stuff!",Dresses,170,Goddiva,24726,Women's Dresses & Skirts,198,https://images2.productserve.com/?w=200&h=200&bg=white&trim=5&t=letterbox&url=ssl%3Acdn.shopify.com%2Fs%2Ffiles%2F1%2F0487%2F8834%2F0899%2Ffiles%2FDR3616_CHAMPAGNE_0326_front_1770734437.jpg&feedId=62769&k=9259074e9814a1413be2207fd0db1033727d8f2d,USD,,"Over $120 - Free Delivery, Less than $120 - $12",https://goddiva.us/products/goddiva-off-the-shoulder-sequin-wing-maxi-dress-champagne,,,USD170,62769,Goddiva,1,,,,,,Womens,Dresses
https://www.awin1.com/pclick.php?p=36426397548&a=2771700&m=24726,Goddiva Liquid Sequin Corsage Maxi - Silver,36426397548,DR4056-SILVER-8,https://cdn.shopify.com/s/files/1/0487/8834/0899/files/DR4056_SILVER_1062_front_1757335663.jpg,"Radiate glamour and confidence in the Goddiva Liquid Sequin Corsage Maxi Dress from our new Old Hollywood Collection. It is the embodiment of evening dresses. This stunning silver dress features a captivating plunge v-neckline, elegant long sleeves, a luxurious velvet waistband, and a charming corsage detail, making it the ultimate choice for formal parties, formal events, prom, black tie affairs, and exquisite Galas. With its liquid sequin allure, this silver evening occasion dress exudes sophistication and style. The plunge v-neckline adds a touch of allure, while the velvet waistband cinches your silhouette, creating a timeless and flattering look. Our Liquid Sequin Corsage Maxi Dress is your top pick for making a grand entrance at any formal gathering. Whether you're attending a black-tie Gala or celebrating a special prom night, this silver dress ensures you shine with grace and poise. Choose this exceptional sequin dress to make every occasion extraordinary.",Dresses,116,Goddiva,24726,Women's Dresses & Skirts,198,https://images2.productserve.com/?w=200&h=200&bg=white&trim=5&t=letterbox&url=ssl%3Acdn.shopify.com%2Fs%2Ffiles%2F1%2F0487%2F8834%2F0899%2Ffiles%2FDR4056_SILVER_1062_front_1757335663.jpg&feedId=62769&k=1e8e97f07979b8e59e76a7c01949cfdfdbbbe954,USD,,"Over $120 - Free Delivery, Less than $120 - $12",https://goddiva.us/products/goddiva-liquid-sequin-corsage-maxi-silver,,,USD170,62769,Goddiva,1,,,,,,Womens,Dresses
https://www.awin1.com/pclick.php?p=36365766644&a=2771700&m=24726,Goddiva Long Sleeve Sequin Flame Maxi - Solid Black,36365766644,DR3486-SOLIDBLACK-10,https://cdn.shopify.com/s/files/1/0487/8834/0899/products/DR3486_solidblack_front_l_1694787916.jpg,"For that elegant black tie event, this black long sleeve sequin maxi will be the perfect addition to your wardrobe. The Long Sleeve Sequin Flame Maxi is a gorgeous evening dress with an elegant and classy look. It features a sheer mesh round neckline and sheer long sleeves, which highlight the elegance of the wearer. The sequin detailing of this formal black gown sparkles brilliantly in the light, adding a touch of glamour to your look. With its delicate mesh and sparkling sequin embellishment, designed in a flame pattern, this dress is the hottest dress of the season! This sparkling number is a must-buy for your upcoming events this season; whether it be for a black tie event, prom, wedding or formal party, this is the only gown you need.",Dresses,150,Goddiva,24726,Women's Dresses & Skirts,198,https://images2.productserve.com/?w=200&h=200&bg=white&trim=5&t=letterbox&url=ssl%3Acdn.shopify.com%2Fs%2Ffiles%2F1%2F0487%2F8834%2F0899%2Fproducts%2FDR3486_solidblack_front_l_1694787916.jpg&feedId=62769&k=b04e70c8159a0abb146371721e8876c847495cfa,USD,,"Over $120 - Free Delivery, Less than $120 - $12",https://goddiva.us/products/goddiva-long-sleeve-sequin-flame-maxi-solid-black,,,USD240,62769,Goddiva,1,,,,,,Womens,Dresses
https://www.awin1.com/pclick.php?p=37000150511&a=2771700&m=24726,Goddiva Pleated Satin Bodice High And Low Dress - Gray,37000150511,DR3337QZ-GREY-6,https://cdn.shopify.com/s/files/1/0487/8834/0899/files/DR3337_GREY_1675_front_1763479917.jpg,"Indulge in timeless elegance with our Pleated Satin Bodice High And Low Dress  a captivating blend of sophistication and grace designed for weddings, semi-formal occasions, and chic gatherings. The pleated satin bodice of this gray number exudes opulence and refinement, offering a luxurious touch to your ensemble. The structured bodice provides a flattering fit, highlighting your silhouette with poise and class. The high and low hemline adds a contemporary twist, ensuring you make a stylish statement at any event. Perfect for wedding guests and semi-formal affairs, this dress strikes the ideal balance between glamour and subtlety. The carefully crafted design ensures comfort without compromising on style, making it an excellent choice for those who appreciate both fashion and practicality. Embrace the allure of this exquisite gray dress, where every pleat and seam is a testament to impeccable craftsmanship. Elevate your presence at weddings, semi-formal occasions, and gatherings with this gray dress that seamlessly combines sophistication and modern flair.",Dresses,130,Goddiva,24726,Women's Dresses & Skirts,198,https://images2.productserve.com/?w=200&h=200&bg=white&trim=5&t=letterbox&url=ssl%3Acdn.shopify.com%2Fs%2Ffiles%2F1%2F0487%2F8834%2F0899%2Ffiles%2FDR3337_GREY_1675_front_1763479917.jpg&feedId=62769&k=9e42ba178b5b30c368992ae968a4e4010dc644c9,USD,,"Over $120 - Free Delivery, Less than $120 - $12",https://goddiva.us/products/goddiva-high-low-dress-with-pleated-bodice-maxi-dress-grey,,,USD130,62769,Goddiva,1,,,,,,Womens,Dresses
https://www.awin1.com/pclick.php?p=36302416325&a=2771700&m=24726,Goddiva Satin Flutter Sleeve Mermaid Maxi - Burntorange,36302416325,DR3954-BURNTORANGE-10,https://cdn.shopify.com/s/files/1/0487/8834/0899/files/DR3954_BURNORANGE_635_front_1757333518.jpg,"The epitome of elegance and sophistication. Our stunning burnt orange satin flutter sleeve mermaid maxi is designed with meticulous attention to detail, this exquisite dress is the perfect choice for any special occasion. Crafted from luxurious satin fabric, this burnt orange maxi dress drapes gracefully, creating a mesmerising silhouette that will leave a lasting impression. The satin material adds a touch of lustrous beauty, making it a standout piece for evening events, weddings, and even as a stunning bridesmaid ensemble. The flutter sleeves add a whimsical and feminine touch, creating an ethereal aura as you move. The cut accentuates your curves, hugging your figure in all the right places and exuding an air of timeless glamour. Whether you're attending a black-tie affair or a lavish cocktail party, this burnt orange satin flutter sleeve mermaid maxi is designed to make you feel like the belle of the ball. Its versatility allows you to accessorise and style it to match your personal taste and the event's theme. Step into the limelight with confidence and grace in this enchanting gown. Embrace the allure of satin, the elegance of a maxi length, and the feminine charm of flutter sleeves. Make a statement and create unforgettable memories with our Satin Flutter Sleeve Mermaid Maxi.",Dresses,116,Goddiva,24726,Women's Dresses & Skirts,198,https://images2.productserve.com/?w=200&h=200&bg=white&trim=5&t=letterbox&url=ssl%3Acdn.shopify.com%2Fs%2Ffiles%2F1%2F0487%2F8834%2F0899%2Ffiles%2FDR3954_BURNORANGE_635_front_1757333518.jpg&feedId=62769&k=94e37515975e39486748eae6da61756057de0195,USD,,"Over $120 - Free Delivery, Less than $120 - $12",https://goddiva.us/products/goddiva-satin-flutter-sleeve-mermaid-maxi-burntorange,,,USD116,62769,Goddiva,1,,,,,,Womens,Dresses
https://www.awin1.com/pclick.php?p=36426397746&a=2771700&m=24726,Goddiva Square Neck Scalloped Lace Maxi - Black,36426397746,DR4016-BLACK-12,https://cdn.shopify.com/s/files/1/0487/8834/0899/files/DR4016_black_Front_1764921225.jpg,"Elegance meets sophistication in our Square Neck Scalloped Lace Maxi Dress, the perfect choice for evening dresses, formal dresses, and special occasion wear. This black dress, with its square neckline, three-quarter sleeves, and exquisite embroidered sequin detailing on the lace, is designed to make you stand out at formal parties, wedding events, and black-tie occasions. With its timeless style and attention to detail, this black  occasion dress is ideal for wedding guests and those who want to make a statement as the mother of the bride. The square neckline adds a touch of vintage charm, while the scalloped lace and sequin embellishments provide a subtle touch of glamour. Whether you're attending a black-tie event or a formal party, this black Square Neck Scalloped Lace Maxi Dress ensures you exude elegance and grace. Make every moment a special one with this stunning dress. It's your go-to choice for those unforgettable occasions where you want to feel confident and stylish.",Dresses,130,Goddiva,24726,Women's Dresses & Skirts,198,https://images2.productserve.com/?w=200&h=200&bg=white&trim=5&t=letterbox&url=ssl%3Acdn.shopify.com%2Fs%2Ffiles%2F1%2F0487%2F8834%2F0899%2Ffiles%2FDR4016_black_Front_1764921225.jpg&feedId=62769&k=63747594cf8edfd0712155b955e7a7827d269579,USD,,"Over $120 - Free Delivery, Less than $120 - $12",https://goddiva.us/products/goddiva-square-neck-scalloped-lace-maxi-black,,,USD190,62769,Goddiva,1,,,,,,Womens,Dresses
https://www.awin1.com/pclick.php?p=35776953450&a=2771700&m=24726,Goddiva Sparkle Bardot Maxi With Waterfall Ruffle - Black,35776953450,DR3998-BLACK-8,https://cdn.shopify.com/s/files/1/0487/8834/0899/files/DR3998_black_front_1729784100.jpg,"Looking for a show-stopping evening dress that will make you feel like the belle of the ball? Our Lurex Bardot Maxi with Waterfall Ruffle is the perfect choice for any special occasion, whether you're attending a wedding, prom, or simply want to turn heads on a night out. Crafted from a shimmering Lurex fabric, this sparkling black maxi dress features an elegant Bardot neckline that highlights your dcolletage and adds a touch of glamour. The cascading waterfall ruffle detail adds movement and drama, while the maxi length ensures a sophisticated silhouette. Ideal for bridesmaids or anyone looking for a statement-making dress, this black Lurex Bardot Maxi is sure to make you feel like a star. With its stunning design and attention to detail, it's the perfect choice for your next special event.",Dresses,110,Goddiva,24726,Women's Dresses & Skirts,198,https://images2.productserve.com/?w=200&h=200&bg=white&trim=5&t=letterbox&url=ssl%3Acdn.shopify.com%2Fs%2Ffiles%2F1%2F0487%2F8834%2F0899%2Ffiles%2FDR3998_black_front_1729784100.jpg&feedId=62769&k=b1dc453fb505a6ccf616732f0b44ad2f4da2f934,USD,,"Over $120 - Free Delivery, Less than $120 - $12",https://goddiva.us/products/goddiva-lurex-bardot-maxi-with-waterfall-ruffle-black,,,USD150,62769,Goddiva,1,,,,,,Womens,Dresses
https://www.awin1.com/pclick.php?p=35776953461&a=2771700&m=24726,Goddiva Sparkle Bardot Maxi With Waterfall Ruffle - Red,35776953461,DR3998-RED-10,https://cdn.shopify.com/s/files/1/0487/8834/0899/files/DR3998_red_front_1729784024.jpg,"Looking for a show-stopping evening dress that will make you feel like the belle of the ball? Our Lurex Bardot Maxi with Waterfall Ruffle is the perfect choice for any special occasion, whether you're attending a wedding, prom, or simply want to turn heads on a night out. Crafted from a shimmering Lurex fabric, this sparkling red maxi dress features an elegant Bardot neckline that highlights your dcolletage and adds a touch of glamour. The cascading waterfall ruffle detail adds movement and drama, while the maxi length ensures a sophisticated silhouette. Ideal for bridesmaids or anyone looking for a statement-making dress, this red Lurex Bardot Maxi is sure to make you feel like a star. With its stunning design and attention to detail, it's the perfect choice for your next special event.",Dresses,110,Goddiva,24726,Women's Dresses & Skirts,198,https://images2.productserve.com/?w=200&h=200&bg=white&trim=5&t=letterbox&url=ssl%3Acdn.shopify.com%2Fs%2Ffiles%2F1%2F0487%2F8834%2F0899%2Ffiles%2FDR3998_red_front_1729784024.jpg&feedId=62769&k=a088c3de33e1bfd61491dfb046e5a09110c45584,USD,,"Over $120 - Free Delivery, Less than $120 - $12",https://goddiva.us/products/goddiva-lurex-bardot-maxi-with-waterfall-ruffle-red,,,USD150,62769,Goddiva,1,,,,,,Womens,Dresses
https://www.awin1.com/pclick.php?p=36365766735&a=2771700&m=24726,Goddiva Twisted Front Sequin Maxi Dress - Blue,36365766735,DR2723-BLUE-14,https://cdn.shopify.com/s/files/1/0487/8834/0899/files/DR2723_BLUE_1298_front_1763480833.jpg,"Slip into this sequin number and feel like you are on the stage accepting the award for the best dressed woman in the 21st century! This dazzling blue sequin maxi dress is the definition of affordable high end fashion. This twisted front sequin maxi dress is a great choice for bridesmaids, prom and black tie events. In its romantic blue color, this long sequin gown will have you stealing the show at every event. With its plunging v-neckline, twisted front knot detailing and mermaid hem, this evening occasion worthy maxi dress is a definite show stopper, especially in its gorgeous blue color. Showered with dazzling sequins, this long evening maxi dress is elegant yet daring, classy yet tantalizing. The perfect attire to own the dance floor at the occasion of the year.",Dresses,119,Goddiva,24726,Women's Dresses & Skirts,198,https://images2.productserve.com/?w=200&h=200&bg=white&trim=5&t=letterbox&url=ssl%3Acdn.shopify.com%2Fs%2Ffiles%2F1%2F0487%2F8834%2F0899%2Ffiles%2FDR2723_BLUE_1298_front_1763480833.jpg&feedId=62769&k=1ec1df3bbf0d362122ecf37447266be916204f4f,USD,,"Over $120 - Free Delivery, Less than $120 - $12",https://goddiva.us/products/goddiva-twisted-front-sequin-maxi-blue,,,USD170,62769,Goddiva,1,,,,,,Womens,Dresses
https://www.awin1.com/pclick.php?p=36146380852&a=2771700&m=24726,Goddiva Bardot Sequin Pleated Maxi Dress - Gold,36146380852,DR3643A-GOLD-8,https://cdn.shopify.com/s/files/1/0487/8834/0899/files/DR3643_GOLD_407_front_1763479347.jpg,"This Goddiva Bardot Sequin Pleated Maxi Dress is a show-stopping piece great for any special occasion. The beautiful sequin finish creates an elegant and glamorous look as they shine on the dress with each movement, while the off-the-shoulder neckline, front thigh slit and pleated hem add just enough drama to make this a unique choice for your party or event. This gorgeous gold maxi dress is not just for the red carpet! You'll want to wear this show-stopping gown everywhere, whether you're heading to a wedding, prom, or any special event; this sparkling champagne dress from Goddiva will make you feel glamorous. Style it with strappy sandals for an elegant look.",Dresses,156,Goddiva,24726,Women's Dresses & Skirts,198,https://images2.productserve.com/?w=200&h=200&bg=white&trim=5&t=letterbox&url=ssl%3Acdn.shopify.com%2Fs%2Ffiles%2F1%2F0487%2F8834%2F0899%2Ffiles%2FDR3643_GOLD_407_front_1763479347.jpg&feedId=62769&k=d785ba6437883732acc778b2afe81d8771924abd,USD,,"Over $120 - Free Delivery, Less than $120 - $12",https://goddiva.us/products/goddiva-bardot-sequin-pleated-maxi-dress-gold,,,USD290,62769,Goddiva,1,,,,,,Womens,Dresses
https://www.awin1.com/pclick.php?p=36331410194&a=2771700&m=24726,Goddiva Bardot Pleated Skirt Maxi Dress - Wine,36331410194,DR3096A-WINE-12,https://cdn.shopify.com/s/files/1/0487/8834/0899/products/DR3096A_wine_front_l_1694183637.jpg,"This wine dress is a timeless classic. It has a flattering cut that flatters every figure and is the perfect go-to for your special day. Off the shoulder style, fitted waist, flowy skirt, shimmery finish - this maxi dress has it all! This long evening dress has a classic and chic look that will always be in style, perfect as a prom dress in the summer or for bridesmaids for a wedding in any season. Its bardot neckline and shimmery finish makes this style look like something out of a fairy tale. This wine floor length dress with off the shoulder sleeves will be perfect for a fun wedding, prom or black-tie event. Its shimmering lurex teamed with a satin waistband adds to its beauty and makes it comfortable enough to wear all night long. The pleated skirt has an A-line shape that skims over any body type. A perfect pick for spring weddings, summer occasions and evening winter black tie gala, this dress is perfectly well rounded for any occasion any season.",Dresses,130,Goddiva,24726,Women's Dresses & Skirts,198,https://images2.productserve.com/?w=200&h=200&bg=white&trim=5&t=letterbox&url=ssl%3Acdn.shopify.com%2Fs%2Ffiles%2F1%2F0487%2F8834%2F0899%2Fproducts%2FDR3096A_wine_front_l_1694183637.jpg&feedId=62769&k=62b03eaee5abd96e8a540e8199c97ec7c1aee2bc,USD,,"Over $120 - Free Delivery, Less than $120 - $12",https://goddiva.us/products/goddiva-bardot-pleated-skirt-maxi-wine,,,USD250,62769,Goddiva,1,,,,,,Womens,Dresses
https://www.awin1.com/pclick.php?p=36426397542&a=2771700&m=24726,Goddiva Liquid Sequin Corsage Maxi Dress - Gold,36426397542,DR4056-GOLD-8,https://cdn.shopify.com/s/files/1/0487/8834/0899/files/DR4056_GOLD_1220_front_1754300326.jpg,"Radiate glamour and confidence in the Goddiva Liquid Sequin Corsage Maxi Dress from our new Old Hollywood Collection. It is the embodiment of evening dresses. This stunning gold dress features a captivating plunge v-neckline, elegant long sleeves, a luxurious velvet waistband, and a charming corsage detail, making it the ultimate choice for formal parties, formal events, prom, black tie affairs, and exquisite Galas. With its liquid sequin allure, this gold evening occasion dress exudes sophistication and style. The plunge v-neckline adds a touch of allure, while the velvet waistband cinches your silhouette, creating a timeless and flattering look. Our Liquid Sequin Corsage Maxi Dress is your top pick for making a grand entrance at any formal gathering. Whether you're attending a black-tie Gala or celebrating a special prom night, this gold dress ensures you shine with grace and poise. Choose this exceptional sequin dress to make every occasion extraordinary.",Dresses,116,Goddiva,24726,Women's Dresses & Skirts,198,https://images2.productserve.com/?w=200&h=200&bg=white&trim=5&t=letterbox&url=ssl%3Acdn.shopify.com%2Fs%2Ffiles%2F1%2F0487%2F8834%2F0899%2Ffiles%2FDR4056_GOLD_1220_front_1754300326.jpg&feedId=62769&k=e71277c41501742a9f2d19d9ab06cfed0cfe7d21,USD,,"Over $120 - Free Delivery, Less than $120 - $12",https://goddiva.us/products/goddiva-liquid-sequin-corsage-maxi-gold,,,USD170,62769,Goddiva,1,,,,,,Womens,Dresses
https://www.awin1.com/pclick.php?p=35927162021&a=2771700&m=24726,Goddiva Cowl Neck Chiffon Maxi Dress - Purple,35927162021,DR3335A-PURPLE-14,https://cdn.shopify.com/s/files/1/0487/8834/0899/files/DR3335A_purple_0068_front-1_1740654924.jpg,"The Goddiva Cowl Neck Chiffon Maxi is the ultimate bridesmaid dress, with a flattering cowl neckline and an off the shoulder style. This sage green maxi dress has an A-line skirt that flows beautifully as you walk down the aisle. Available in different colors, this maxi dress is perfect for any special occasion. This long summer maxi dress is the epitome of chic. The satin belt at the waist emphasises your curves and flatters your silhouette. This stunning green bridesmaids dress will make any bride happy. This stunning maxi is a must-have for your special day and is an easy to wear, simple silhouette and yet so elegant. Whether for bridesmaids, maid of honour or even prom, this gorgeous long occasion dress was made with you in mind.",Dresses,161,Goddiva,24726,Women's Dresses & Skirts,198,https://images2.productserve.com/?w=200&h=200&bg=white&trim=5&t=letterbox&url=ssl%3Acdn.shopify.com%2Fs%2Ffiles%2F1%2F0487%2F8834%2F0899%2Ffiles%2FDR3335A_purple_0068_front-1_1740654924.jpg&feedId=62769&k=41cbd895ed63b70c2af6832fdd1810bd16ee2210,USD,,"Over $120 - Free Delivery, Less than $120 - $12",https://goddiva.us/products/goddiva-cowl-neck-chiffon-maxi-dress-purple,,,USD196,62769,Goddiva,1,,,,,,Womens,Dresses
https://www.awin1.com/pclick.php?p=35880766406&a=2771700&m=24726,Goddiva Floral Printed Chiffon Ruffle Maxi - Cream,35880766406,DR3750-CREAM-12,https://cdn.shopify.com/s/files/1/0487/8834/0899/files/DR3750_CREAM_0316_front_1770734522.jpg,"Our stunning cream floral printed chiffon ruffle maxi dress - the perfect summer dress for any occasion! With its elegant floral pattern and flowy silhouette, this dress exudes a playful yet sophisticated vibe, making it an ideal choice for both casual summer days and semi-formal occasions. This printed white chiffon dress is designed to keep you cool and comfortable even on the hottest days. The dress features a flirty ruffle design that adds a touch of femininity and elegance, making it an excellent choice for a wedding guest or any special event. This versatile cream summer dress is a must-have addition to your wardrobe, as it can be dressed up or down depending on the occasion. Pair it with your favourite sandals for a casual daytime look, or dress it up with heels and statement jewellery for a more formal event. This white floral dress is perfect for summer outings, garden parties, and other outdoor events, where you want to look chic and stylish while staying comfortable. The bold floral print adds a pop of color and vibrancy to your wardrobe, making you stand out from the crowd. Don't miss out on this stunning occasion dress - order yours today and be the best-dressed guest at any event!",Dresses,130,Goddiva,24726,Women's Dresses & Skirts,198,https://images2.productserve.com/?w=200&h=200&bg=white&trim=5&t=letterbox&url=ssl%3Acdn.shopify.com%2Fs%2Ffiles%2F1%2F0487%2F8834%2F0899%2Ffiles%2FDR3750_CREAM_0316_front_1770734522.jpg&feedId=62769&k=632371b47273836040f6d3dcdbd6727d93711474,USD,,"Over $120 - Free Delivery, Less than $120 - $12",https://goddiva.us/products/goddiva-floral-printed-chiffon-ruffle-maxi-cream,,,USD130,62769,Goddiva,1,,,,,,Womens,Dresses
https://www.awin1.com/pclick.php?p=36426397550&a=2771700&m=24726,Goddiva Liquid Sequin Corsage Maxi - Silver,36426397550,DR4056-SILVER-12,https://cdn.shopify.com/s/files/1/0487/8834/0899/files/DR4056_SILVER_1062_front_1757335663.jpg,"Radiate glamour and confidence in the Goddiva Liquid Sequin Corsage Maxi Dress from our new Old Hollywood Collection. It is the embodiment of evening dresses. This stunning silver dress features a captivating plunge v-neckline, elegant long sleeves, a luxurious velvet waistband, and a charming corsage detail, making it the ultimate choice for formal parties, formal events, prom, black tie affairs, and exquisite Galas. With its liquid sequin allure, this silver evening occasion dress exudes sophistication and style. The plunge v-neckline adds a touch of allure, while the velvet waistband cinches your silhouette, creating a timeless and flattering look. Our Liquid Sequin Corsage Maxi Dress is your top pick for making a grand entrance at any formal gathering. Whether you're attending a black-tie Gala or celebrating a special prom night, this silver dress ensures you shine with grace and poise. Choose this exceptional sequin dress to make every occasion extraordinary.",Dresses,116,Goddiva,24726,Women's Dresses & Skirts,198,https://images2.productserve.com/?w=200&h=200&bg=white&trim=5&t=letterbox&url=ssl%3Acdn.shopify.com%2Fs%2Ffiles%2F1%2F0487%2F8834%2F0899%2Ffiles%2FDR4056_SILVER_1062_front_1757335663.jpg&feedId=62769&k=1e8e97f07979b8e59e76a7c01949cfdfdbbbe954,USD,,"Over $120 - Free Delivery, Less than $120 - $12",https://goddiva.us/products/goddiva-liquid-sequin-corsage-maxi-silver,,,USD170,62769,Goddiva,1,,,,,,Womens,Dresses
https://www.awin1.com/pclick.php?p=36365766646&a=2771700&m=24726,Goddiva Long Sleeve Sequin Flame Maxi - Solid Black,36365766646,DR3486-SOLIDBLACK-14,https://cdn.shopify.com/s/files/1/0487/8834/0899/products/DR3486_solidblack_front_l_1694787916.jpg,"For that elegant black tie event, this black long sleeve sequin maxi will be the perfect addition to your wardrobe. The Long Sleeve Sequin Flame Maxi is a gorgeous evening dress with an elegant and classy look. It features a sheer mesh round neckline and sheer long sleeves, which highlight the elegance of the wearer. The sequin detailing of this formal black gown sparkles brilliantly in the light, adding a touch of glamour to your look. With its delicate mesh and sparkling sequin embellishment, designed in a flame pattern, this dress is the hottest dress of the season! This sparkling number is a must-buy for your upcoming events this season; whether it be for a black tie event, prom, wedding or formal party, this is the only gown you need.",Dresses,150,Goddiva,24726,Women's Dresses & Skirts,198,https://images2.productserve.com/?w=200&h=200&bg=white&trim=5&t=letterbox&url=ssl%3Acdn.shopify.com%2Fs%2Ffiles%2F1%2F0487%2F8834%2F0899%2Fproducts%2FDR3486_solidblack_front_l_1694787916.jpg&feedId=62769&k=b04e70c8159a0abb146371721e8876c847495cfa,USD,,"Over $120 - Free Delivery, Less than $120 - $12",https://goddiva.us/products/goddiva-long-sleeve-sequin-flame-maxi-solid-black,,,USD240,62769,Goddiva,1,,,,,,Womens,Dresses
https://www.awin1.com/pclick.php?p=35880766399&a=2771700&m=24726,Goddiva Floral Printed Chiffon Ruffle Maxi - Blue,35880766399,DR3750-BLUE-8,https://cdn.shopify.com/s/files/1/0487/8834/0899/files/DR3750_blue_2421_front_1767706046.jpg,"Our stunning blue floral printed chiffon ruffle maxi dress - is the perfect summer dress for any occasion! With its elegant floral pattern and flowy silhouette, this dress exudes a playful yet sophisticated vibe, making it an ideal choice for both casual summer days and semi-formal occasions. This printed white chiffon dress is designed to keep you cool and comfortable even on the hottest days. The dress features a flirty ruffle design that adds a touch of femininity and elegance, making it an excellent choice for a wedding guest or any special event. This versatile blue summer dress is a must-have addition to your wardrobe, as it can be dressed up or down depending on the occasion. Pair it with your favourite sandals for a casual daytime look, or dress it up with heels and statement jewellery for a more formal event. This white floral dress is perfect for summer outings, garden parties, and other outdoor events, where you want to look chic and stylish while staying comfortable. The bold floral print adds a pop of color and vibrancy to your wardrobe, making you stand out from the crowd. Don't miss out on this stunning occasion dress - order yours today and be the best-dressed guest at any event!",Dresses,130,Goddiva,24726,Women's Dresses & Skirts,198,https://images2.productserve.com/?w=200&h=200&bg=white&trim=5&t=letterbox&url=ssl%3Acdn.shopify.com%2Fs%2Ffiles%2F1%2F0487%2F8834%2F0899%2Ffiles%2FDR3750_blue_2421_front_1767706046.jpg&feedId=62769&k=f42291cdb38da5b6e770a13cf9c7d12770ef7216,USD,,"Over $120 - Free Delivery, Less than $120 - $12",https://goddiva.us/products/goddiva-floral-printed-chiffon-ruffle-maxi-blue,,,USD130,62769,Goddiva,1,,,,,,Womens,Dresses
https://www.awin1.com/pclick.php?p=35880766402&a=2771700&m=24726,Goddiva Floral Printed Chiffon Ruffle Maxi - Blue,35880766402,DR3750-BLUE-14,https://cdn.shopify.com/s/files/1/0487/8834/0899/files/DR3750_blue_2421_front_1767706046.jpg,"Our stunning blue floral printed chiffon ruffle maxi dress - is the perfect summer dress for any occasion! With its elegant floral pattern and flowy silhouette, this dress exudes a playful yet sophisticated vibe, making it an ideal choice for both casual summer days and semi-formal occasions. This printed white chiffon dress is designed to keep you cool and comfortable even on the hottest days. The dress features a flirty ruffle design that adds a touch of femininity and elegance, making it an excellent choice for a wedding guest or any special event. This versatile blue summer dress is a must-have addition to your wardrobe, as it can be dressed up or down depending on the occasion. Pair it with your favourite sandals for a casual daytime look, or dress it up with heels and statement jewellery for a more formal event. This white floral dress is perfect for summer outings, garden parties, and other outdoor events, where you want to look chic and stylish while staying comfortable. The bold floral print adds a pop of color and vibrancy to your wardrobe, making you stand out from the crowd. Don't miss out on this stunning occasion dress - order yours today and be the best-dressed guest at any event!",Dresses,130,Goddiva,24726,Women's Dresses & Skirts,198,https://images2.productserve.com/?w=200&h=200&bg=white&trim=5&t=letterbox&url=ssl%3Acdn.shopify.com%2Fs%2Ffiles%2F1%2F0487%2F8834%2F0899%2Ffiles%2FDR3750_blue_2421_front_1767706046.jpg&feedId=62769&k=f42291cdb38da5b6e770a13cf9c7d12770ef7216,USD,,"Over $120 - Free Delivery, Less than $120 - $12",https://goddiva.us/products/goddiva-floral-printed-chiffon-ruffle-maxi-blue,,,USD130,62769,Goddiva,1,,,,,,Womens,Dresses
https://www.awin1.com/pclick.php?p=36050523051&a=2771700&m=24726,Goddiva Bardot Sequin Pleated Maxi Dress - Emerald Green,36050523051,DR3643A-EMERALD-10,https://cdn.shopify.com/s/files/1/0487/8834/0899/files/DR3643_EMERALD_490_front_1763479376.jpg,"This Goddiva Bardot Sequin Pleated Maxi Dress is a show-stopping piece great for any special occasion. The beautiful sequin finish creates an elegant and glamorous look as they shine on the dress with each movement, while the off-the-shoulder neckline, front thigh slit and pleated hem add just enough drama to make this a unique choice for your party or event. This gorgeous emerald maxi dress is not just for the red carpet! You'll want to wear this show-stopping gown everywhere, whether you're heading to a wedding, prom, or any special event; this sparkling green dress from Goddiva will make you feel glamorous. Style it with strappy sandals for an elegant look.",Dresses,156,Goddiva,24726,Women's Dresses & Skirts,198,https://images2.productserve.com/?w=200&h=200&bg=white&trim=5&t=letterbox&url=ssl%3Acdn.shopify.com%2Fs%2Ffiles%2F1%2F0487%2F8834%2F0899%2Ffiles%2FDR3643_EMERALD_490_front_1763479376.jpg&feedId=62769&k=18a0c706cfc20c0873888f5bb0ae49aef9d0cbad,USD,,"Over $120 - Free Delivery, Less than $120 - $12",https://goddiva.us/products/goddiva-bardot-sequin-pleated-maxi-dress-emerald-green,,,USD290,62769,Goddiva,1,,,,,,Womens,Dresses
https://www.awin1.com/pclick.php?p=37000150514&a=2771700&m=24726,Goddiva Pleated Satin Bodice High And Low Dress - Gray,37000150514,DR3337QZ-GREY-12,https://cdn.shopify.com/s/files/1/0487/8834/0899/files/DR3337_GREY_1675_front_1763479917.jpg,"Indulge in timeless elegance with our Pleated Satin Bodice High And Low Dress  a captivating blend of sophistication and grace designed for weddings, semi-formal occasions, and chic gatherings. The pleated satin bodice of this gray number exudes opulence and refinement, offering a luxurious touch to your ensemble. The structured bodice provides a flattering fit, highlighting your silhouette with poise and class. The high and low hemline adds a contemporary twist, ensuring you make a stylish statement at any event. Perfect for wedding guests and semi-formal affairs, this dress strikes the ideal balance between glamour and subtlety. The carefully crafted design ensures comfort without compromising on style, making it an excellent choice for those who appreciate both fashion and practicality. Embrace the allure of this exquisite gray dress, where every pleat and seam is a testament to impeccable craftsmanship. Elevate your presence at weddings, semi-formal occasions, and gatherings with this gray dress that seamlessly combines sophistication and modern flair.",Dresses,130,Goddiva,24726,Women's Dresses & Skirts,198,https://images2.productserve.com/?w=200&h=200&bg=white&trim=5&t=letterbox&url=ssl%3Acdn.shopify.com%2Fs%2Ffiles%2F1%2F0487%2F8834%2F0899%2Ffiles%2FDR3337_GREY_1675_front_1763479917.jpg&feedId=62769&k=9e42ba178b5b30c368992ae968a4e4010dc644c9,USD,,"Over $120 - Free Delivery, Less than $120 - $12",https://goddiva.us/products/goddiva-high-low-dress-with-pleated-bodice-maxi-dress-grey,,,USD130,62769,Goddiva,1,,,,,,Womens,Dresses
https://www.awin1.com/pclick.php?p=36169621933&a=2771700&m=24726,Goddiva Off The Shoulder Princess Maxi Dress - Hot Pink,36169621933,DR3322A-HOTPINK-10,https://cdn.shopify.com/s/files/1/0487/8834/0899/files/DR3322A_HOTPINK_0004_front_1770733971.jpg,"The dress of dreams has landed. This gorgeous Off The Shoulder Princess Maxi is the definition of a princess dress. With its off the shoulder style teamed with its mesh draped sleeves and double layered mesh a-line skirt, this long occasion dress is screaming Cinderella! In its dreamy hotpink never-failing dress is worth every penny. This fairytale inspired dress is a perfect pick for prom, bridesmaids and for those maids of honour you want to stand out as much as you on your big day. In its whimsical hotpink this dress is ticking boxes for any occasion. This is definitely one of the most beautiful dresses you will ever see, so why not own it so you can look at it whenever you want. Give yourself the opportunity to feel like a princess every time you step into this darling hotpink number.",Dresses,116,Goddiva,24726,Women's Dresses & Skirts,198,https://images2.productserve.com/?w=200&h=200&bg=white&trim=5&t=letterbox&url=ssl%3Acdn.shopify.com%2Fs%2Ffiles%2F1%2F0487%2F8834%2F0899%2Ffiles%2FDR3322A_HOTPINK_0004_front_1770733971.jpg&feedId=62769&k=77f383d6e60329c5739725b9603d1114e67409d0,USD,,"Over $120 - Free Delivery, Less than $120 - $12",https://goddiva.us/products/goddiva-off-the-shoulder-princess-maxi-dress-hotpink,,,USD174,62769,Goddiva,1,,,,,,Womens,Dresses
https://www.awin1.com/pclick.php?p=35776953455&a=2771700&m=24726,Goddiva Lurex Bardot Maxi With Waterfall Ruffle - Blush,35776953455,DR4093-BLUSH-8,https://cdn.shopify.com/s/files/1/0487/8834/0899/files/DR4093_BLUSH_34216_front_1767716020.jpg,"This stunning Lurex Bardot Maxi is a sparkling evening dress that's perfect for any special occasion. With a breathtaking waterfall ruffle, flirty front thigh split and a classic maxi length, this blush dress is sure to turn heads. It's ideal for bridesmaids or anyone looking to make a statement at an event. Exuding elegance and glamour, this pink dress is made from high-quality materials to ensure a comfortable and flattering fit. Don't miss out on this must-have addition to your evening wear wardrobe.",Dresses,116,Goddiva,24726,Women's Dresses & Skirts,198,https://images2.productserve.com/?w=200&h=200&bg=white&trim=5&t=letterbox&url=ssl%3Acdn.shopify.com%2Fs%2Ffiles%2F1%2F0487%2F8834%2F0899%2Ffiles%2FDR4093_BLUSH_34216_front_1767716020.jpg&feedId=62769&k=29995132f170cebed5c568613d5ccb64c5c7784f,USD,,"Over $120 - Free Delivery, Less than $120 - $12",https://goddiva.us/products/goddiva-lurex-bardot-maxi-with-waterfall-ruffle-blush,,,USD116,62769,Goddiva,1,,,,,,Womens,Dresses
https://www.awin1.com/pclick.php?p=36426397544&a=2771700&m=24726,Goddiva Liquid Sequin Corsage Maxi Dress - Gold,36426397544,DR4056-GOLD-12,https://cdn.shopify.com/s/files/1/0487/8834/0899/files/DR4056_GOLD_1220_front_1754300326.jpg,"Radiate glamour and confidence in the Goddiva Liquid Sequin Corsage Maxi Dress from our new Old Hollywood Collection. It is the embodiment of evening dresses. This stunning gold dress features a captivating plunge v-neckline, elegant long sleeves, a luxurious velvet waistband, and a charming corsage detail, making it the ultimate choice for formal parties, formal events, prom, black tie affairs, and exquisite Galas. With its liquid sequin allure, this gold evening occasion dress exudes sophistication and style. The plunge v-neckline adds a touch of allure, while the velvet waistband cinches your silhouette, creating a timeless and flattering look. Our Liquid Sequin Corsage Maxi Dress is your top pick for making a grand entrance at any formal gathering. Whether you're attending a black-tie Gala or celebrating a special prom night, this gold dress ensures you shine with grace and poise. Choose this exceptional sequin dress to make every occasion extraordinary.",Dresses,116,Goddiva,24726,Women's Dresses & Skirts,198,https://images2.productserve.com/?w=200&h=200&bg=white&trim=5&t=letterbox&url=ssl%3Acdn.shopify.com%2Fs%2Ffiles%2F1%2F0487%2F8834%2F0899%2Ffiles%2FDR4056_GOLD_1220_front_1754300326.jpg&feedId=62769&k=e71277c41501742a9f2d19d9ab06cfed0cfe7d21,USD,,"Over $120 - Free Delivery, Less than $120 - $12",https://goddiva.us/products/goddiva-liquid-sequin-corsage-maxi-gold,,,USD170,62769,Goddiva,1,,,,,,Womens,Dresses
https://www.awin1.com/pclick.php?p=35776953438&a=2771700&m=24726,Goddiva Geometric Sequin Sleeveless Maxi - Royal Blue,35776953438,DR3461-ROYALBLUE-8,https://cdn.shopify.com/s/files/1/0487/8834/0899/files/DR3461_ROYALBLUE_1313_front_1761930683.jpg,"Make a sparkling statement at your next evening occasion with this gorgeous royal blue Geometric Sequin Sleeveless Maxi. This stunning dress features a mesmerising geometric sequin pattern that catches the light from every angle, creating a dazzling effect that is sure to turn heads. With its sleeveless design and flowing maxi length, this cobalt blue dress offers a chic and sophisticated look that is perfect for formal events, weddings, or any special occasion. Crafted from high-quality materials, this dress is both comfortable and durable, ensuring that you look and feel your best all night long. Whether you're dressing up for a red carpet event or a night out with friends, this Geometric Sequin Sleeveless Maxi is sure to be a showstopper.",Dresses,196,Goddiva,24726,Women's Dresses & Skirts,198,https://images2.productserve.com/?w=200&h=200&bg=white&trim=5&t=letterbox&url=ssl%3Acdn.shopify.com%2Fs%2Ffiles%2F1%2F0487%2F8834%2F0899%2Ffiles%2FDR3461_ROYALBLUE_1313_front_1761930683.jpg&feedId=62769&k=5ed811a903750f788234f8486f1b5d88f4209b86,USD,,"Over $120 - Free Delivery, Less than $120 - $12",https://goddiva.us/products/goddiva-geometric-sequin-sleeveless-maxi-royal-blue,,,USD196,62769,Goddiva,1,,,,,,Womens,Dresses
https://www.awin1.com/pclick.php?p=36426397526&a=2771700&m=24726,Goddiva Iridescent Sequin Maxi With Front Split - Burgundy,36426397526,DR3986-BURGUNDY-8,https://cdn.shopify.com/s/files/1/0487/8834/0899/files/36181_1727177792.jpg,"Elevate your evening elegance with our Iridescent Sequin Maxi With Front Split, a dazzling masterpiece from our enchanting Old Hollywood collection. This show-stopping burgundy gown boasts an elegant charm, ensuring you're ready to shine at any special occasion. Crafted to perfection, this burgundy maxi dress features an enchanting all-over sequin design that shimmers and catches the light effortlessly. The timeless wrap-style V-neckline exudes timeless glamour, while the sleeveless silhouette keeps you cool and comfortable throughout the night. This burgundy Iridescent Sequin Maxi is not only a feast for the eyes but a joy to wear. It comes fully lined for ultimate comfort and confidence. The pice de rsistance is the seductive front thigh split, which adds a touch of allure and freedom of movement. Whether you're gracing a gala, walking down the red carpet, or making an entrance at a glamorous soiree, this dress will make you the star of the evening. With the perfect blend of style, sophistication, and a touch of Old Hollywood charm, our Iridescent Sequin Maxi With Front Split is your go-to choice for unforgettable moments. Make a statement and own the night with this enchanting piece from our Old Hollywood collection.",Dresses,168,Goddiva,24726,Women's Dresses & Skirts,198,https://images2.productserve.com/?w=200&h=200&bg=white&trim=5&t=letterbox&url=ssl%3Acdn.shopify.com%2Fs%2Ffiles%2F1%2F0487%2F8834%2F0899%2Ffiles%2F36181_1727177792.jpg&feedId=62769&k=d5fe3ff49778b54e53af235fc6279355fc779469,USD,,"Over $120 - Free Delivery, Less than $120 - $12",https://goddiva.us/products/goddiva-iridescent-sequin-maxi-with-front-split-burgundy,,,USD240,62769,Goddiva,1,,,,,,Womens,Dresses
https://www.awin1.com/pclick.php?p=36302416320&a=2771700&m=24726,Goddiva Satin Flutter Sleeve Mermaid Maxi - Black,36302416320,DR3954-BLACK-12,https://cdn.shopify.com/s/files/1/0487/8834/0899/files/dr3954_black_front_1764666477.jpg,"The epitome of elegance and sophistication. Our stunning black satin flutter sleeve mermaid maxi is designed with meticulous attention to detail, this exquisite dress is the perfect choice for any special occasion. Crafted from luxurious satin fabric, this black maxi dress drapes gracefully, creating a mesmerising silhouette that will leave a lasting impression. The satin material adds a touch of lustrous beauty, making it a standout piece for evening events, weddings, and even as a stunning bridesmaid ensemble. The flutter sleeves add a whimsical and feminine touch, creating an ethereal aura as you move. The cut accentuates your curves, hugging your figure in all the right places and exuding an air of timeless glamour. Whether you're attending a black-tie affair or a lavish cocktail party, this black satin flutter sleeve mermaid maxi is designed to make you feel like the belle of the ball. Its versatility allows you to accessorise and style it to match your personal taste and the event's theme. Step into the limelight with confidence and grace in this enchanting gown. Embrace the allure of satin, the elegance of a maxi length, and the feminine charm of flutter sleeves. Make a statement and create unforgettable memories with our Satin Flutter Sleeve Mermaid Maxi.",Dresses,116,Goddiva,24726,Women's Dresses & Skirts,198,https://images2.productserve.com/?w=200&h=200&bg=white&trim=5&t=letterbox&url=ssl%3Acdn.shopify.com%2Fs%2Ffiles%2F1%2F0487%2F8834%2F0899%2Ffiles%2Fdr3954_black_front_1764666477.jpg&feedId=62769&k=9e8e9c0ba014a689be64790ff596de129ab89ff9,USD,,"Over $120 - Free Delivery, Less than $120 - $12",https://goddiva.us/products/goddiva-satin-flutter-sleeve-mermaid-maxi-black,,,USD116,62769,Goddiva,1,,,,,,Womens,Dresses
https://www.awin1.com/pclick.php?p=36479136351&a=2771700&m=24726,Goddiva One Shoulder Sequin Evening Maxi - Emerald Green,36479136351,DR4069-EMERALD-10,https://cdn.shopify.com/s/files/1/0487/8834/0899/files/DR4069_EMERLAD_2217_front_1761930791.jpg,"Prepare to make a grand entrance in our One Shoulder Sequin Evening Maxi Dress, a true masterpiece in modern evening fashion. Featuring a bold and eye-catching asymmetric neckline and a unique one-shoulder design with an alluring cut-out detail, this emerald dress is the ultimate choice for a wide array of special occasions. It's your passport to being the star of the show at formal events, prestigious black-tie gatherings, memorable special occasions, opulent galas, and it even shines as a standout option for prom and bridesmaids. The entire gown is meticulously adorned with a breathtaking all-over sequin design, ensuring you'll sparkle and shimmer under the mesmerizing evening lights. This emerald sequin night dress seamlessly bridges the worlds of maxi dresses and high-end evening wear, offering a blend of style, sophistication, and unparalleled allure. Whether you're stepping onto the red carpet at a high-profile gala or making a memorable appearance as a bridesmaid at a wedding, our One Shoulder Sequin Evening Maxi Dress is tailored to make you stand out. It's not just a dress; it's a statement of confidence, elegance, and glamour. Embrace the spotlight and treasure every moment in this remarkable emerald gown that is destined to create lasting memories. Don't settle for the ordinary  choose our One Shoulder Sequin Evening Maxi Dress for an extraordinary and unforgettable evening.",Dresses,156,Goddiva,24726,Women's Dresses & Skirts,198,https://images2.productserve.com/?w=200&h=200&bg=white&trim=5&t=letterbox&url=ssl%3Acdn.shopify.com%2Fs%2Ffiles%2F1%2F0487%2F8834%2F0899%2Ffiles%2FDR4069_EMERLAD_2217_front_1761930791.jpg&feedId=62769&k=bb36aca47e88ab7c5860eb75a294bda2fc871582,USD,,"Over $120 - Free Delivery, Less than $120 - $12",https://goddiva.us/products/goddiva-one-shoulder-sequin-evening-maxi-emerald,,,USD156,62769,Goddiva,1,,,,,,Womens,Dresses
https://www.awin1.com/pclick.php?p=35457894074&a=2771700&m=24726,Goddiva Off The Shoulder Sequin Wing Maxi Dress - Champagne,35457894074,DR3616-CHAMPAGNE-10,https://cdn.shopify.com/s/files/1/0487/8834/0899/files/DR3616_CHAMPAGNE_0326_front_1770734437.jpg,"Kill them with sparkles this season in this lavish gold/white off the shoulder sequin wing maxi dress by Goddiva. This legendary evening gown is hands-down the winner for this seasons events. A winning choice for brides, bridesmaids and prom. In its classic champagne/wonderful white, this sparkly off the shoulder number will make you feel like the goddess you are. It's off the shoulder style, floor length skirt finished with a mermaid hem and it's all over sequin design, this occasion dress is also fool-proof for wedding guests and formal events. With its affordable price, you will never find a dress with this finish for this price anywhere else. Its upward gathered detailing on the waist offers a decorative touch to this already sublime style, while its bodycon fit will enhance your sexy silhouette giving you the power to strut your stuff!",Dresses,170,Goddiva,24726,Women's Dresses & Skirts,198,https://images2.productserve.com/?w=200&h=200&bg=white&trim=5&t=letterbox&url=ssl%3Acdn.shopify.com%2Fs%2Ffiles%2F1%2F0487%2F8834%2F0899%2Ffiles%2FDR3616_CHAMPAGNE_0326_front_1770734437.jpg&feedId=62769&k=9259074e9814a1413be2207fd0db1033727d8f2d,USD,,"Over $120 - Free Delivery, Less than $120 - $12",https://goddiva.us/products/goddiva-off-the-shoulder-sequin-wing-maxi-dress-champagne,,,USD170,62769,Goddiva,1,,,,,,Womens,Dresses
https://www.awin1.com/pclick.php?p=36365766732&a=2771700&m=24726,Goddiva Twisted Front Sequin Maxi Dress - Blue,36365766732,DR2723-BLUE-8,https://cdn.shopify.com/s/files/1/0487/8834/0899/files/DR2723_BLUE_1298_front_1763480833.jpg,"Slip into this sequin number and feel like you are on the stage accepting the award for the best dressed woman in the 21st century! This dazzling blue sequin maxi dress is the definition of affordable high end fashion. This twisted front sequin maxi dress is a great choice for bridesmaids, prom and black tie events. In its romantic blue color, this long sequin gown will have you stealing the show at every event. With its plunging v-neckline, twisted front knot detailing and mermaid hem, this evening occasion worthy maxi dress is a definite show stopper, especially in its gorgeous blue color. Showered with dazzling sequins, this long evening maxi dress is elegant yet daring, classy yet tantalizing. The perfect attire to own the dance floor at the occasion of the year.",Dresses,119,Goddiva,24726,Women's Dresses & Skirts,198,https://images2.productserve.com/?w=200&h=200&bg=white&trim=5&t=letterbox&url=ssl%3Acdn.shopify.com%2Fs%2Ffiles%2F1%2F0487%2F8834%2F0899%2Ffiles%2FDR2723_BLUE_1298_front_1763480833.jpg&feedId=62769&k=1ec1df3bbf0d362122ecf37447266be916204f4f,USD,,"Over $120 - Free Delivery, Less than $120 - $12",https://goddiva.us/products/goddiva-twisted-front-sequin-maxi-blue,,,USD170,62769,Goddiva,1,,,,,,Womens,Dresses
https://www.awin1.com/pclick.php?p=36426397747&a=2771700&m=24726,Goddiva Square Neck Scalloped Lace Maxi - Black,36426397747,DR4016-BLACK-14,https://cdn.shopify.com/s/files/1/0487/8834/0899/files/DR4016_black_Front_1764921225.jpg,"Elegance meets sophistication in our Square Neck Scalloped Lace Maxi Dress, the perfect choice for evening dresses, formal dresses, and special occasion wear. This black dress, with its square neckline, three-quarter sleeves, and exquisite embroidered sequin detailing on the lace, is designed to make you stand out at formal parties, wedding events, and black-tie occasions. With its timeless style and attention to detail, this black  occasion dress is ideal for wedding guests and those who want to make a statement as the mother of the bride. The square neckline adds a touch of vintage charm, while the scalloped lace and sequin embellishments provide a subtle touch of glamour. Whether you're attending a black-tie event or a formal party, this black Square Neck Scalloped Lace Maxi Dress ensures you exude elegance and grace. Make every moment a special one with this stunning dress. It's your go-to choice for those unforgettable occasions where you want to feel confident and stylish.",Dresses,130,Goddiva,24726,Women's Dresses & Skirts,198,https://images2.productserve.com/?w=200&h=200&bg=white&trim=5&t=letterbox&url=ssl%3Acdn.shopify.com%2Fs%2Ffiles%2F1%2F0487%2F8834%2F0899%2Ffiles%2FDR4016_black_Front_1764921225.jpg&feedId=62769&k=63747594cf8edfd0712155b955e7a7827d269579,USD,,"Over $120 - Free Delivery, Less than $120 - $12",https://goddiva.us/products/goddiva-square-neck-scalloped-lace-maxi-black,,,USD190,62769,Goddiva,1,,,,,,Womens,Dresses
https://www.awin1.com/pclick.php?p=35776953452&a=2771700&m=24726,Goddiva Sparkle Bardot Maxi With Waterfall Ruffle - Black,35776953452,DR3998-BLACK-12,https://cdn.shopify.com/s/files/1/0487/8834/0899/files/DR3998_black_front_1729784100.jpg,"Looking for a show-stopping evening dress that will make you feel like the belle of the ball? Our Lurex Bardot Maxi with Waterfall Ruffle is the perfect choice for any special occasion, whether you're attending a wedding, prom, or simply want to turn heads on a night out. Crafted from a shimmering Lurex fabric, this sparkling black maxi dress features an elegant Bardot neckline that highlights your dcolletage and adds a touch of glamour. The cascading waterfall ruffle detail adds movement and drama, while the maxi length ensures a sophisticated silhouette. Ideal for bridesmaids or anyone looking for a statement-making dress, this black Lurex Bardot Maxi is sure to make you feel like a star. With its stunning design and attention to detail, it's the perfect choice for your next special event.",Dresses,110,Goddiva,24726,Women's Dresses & Skirts,198,https://images2.productserve.com/?w=200&h=200&bg=white&trim=5&t=letterbox&url=ssl%3Acdn.shopify.com%2Fs%2Ffiles%2F1%2F0487%2F8834%2F0899%2Ffiles%2FDR3998_black_front_1729784100.jpg&feedId=62769&k=b1dc453fb505a6ccf616732f0b44ad2f4da2f934,USD,,"Over $120 - Free Delivery, Less than $120 - $12",https://goddiva.us/products/goddiva-lurex-bardot-maxi-with-waterfall-ruffle-black,,,USD150,62769,Goddiva,1,,,,,,Womens,Dresses
https://www.awin1.com/pclick.php?p=36455582439&a=2771700&m=24726,Goddiva Sequin Skater Shirt Dress - Black,36455582439,DR4061-BLACK-12,https://cdn.shopify.com/s/files/1/0487/8834/0899/files/DR4061_BLACK_651_front_1760443982.jpg,"The perfect fusion of glamour and style for a variety of occasions. This stunning black sequin midi dress is a versatile choice that's ideal for wedding guests, romantic date nights, and lively parties. With its intricate sequin embellishments, this black dress exudes an air of sophistication and sparkle, ensuring you'll shine in the spotlight. The skater-style silhouette adds a touch of playful elegance, making it a chic option for different social events. Whether you're attending a wedding, enjoying a special date night, or dancing the night away at a party, this black dress is designed to turn heads. Its timeless charm and comfortable fit guarantee you'll feel both confident and stunning throughout the occasion. Our Sequin Skater Shirt Dress is the ultimate choice for those who want to make a statement with their style. Don this dress to be the centre of attention at your next event, and radiate elegance and charm throughout the night.",Dresses,105,Goddiva,24726,Women's Dresses & Skirts,198,https://images2.productserve.com/?w=200&h=200&bg=white&trim=5&t=letterbox&url=ssl%3Acdn.shopify.com%2Fs%2Ffiles%2F1%2F0487%2F8834%2F0899%2Ffiles%2FDR4061_BLACK_651_front_1760443982.jpg&feedId=62769&k=cb51df71047cebd1498348173cb9c9158913f3e8,USD,,"Over $120 - Free Delivery, Less than $120 - $12",https://goddiva.us/products/goddiva-sequin-skater-shirt-dress-black,,,USD150,62769,Goddiva,1,,,,,,Womens,Dresses
https://www.awin1.com/pclick.php?p=36365766733&a=2771700&m=24726,Goddiva Twisted Front Sequin Maxi Dress - Blue,36365766733,DR2723-BLUE-10,https://cdn.shopify.com/s/files/1/0487/8834/0899/files/DR2723_BLUE_1298_front_1763480833.jpg,"Slip into this sequin number and feel like you are on the stage accepting the award for the best dressed woman in the 21st century! This dazzling blue sequin maxi dress is the definition of affordable high end fashion. This twisted front sequin maxi dress is a great choice for bridesmaids, prom and black tie events. In its romantic blue color, this long sequin gown will have you stealing the show at every event. With its plunging v-neckline, twisted front knot detailing and mermaid hem, this evening occasion worthy maxi dress is a definite show stopper, especially in its gorgeous blue color. Showered with dazzling sequins, this long evening maxi dress is elegant yet daring, classy yet tantalizing. The perfect attire to own the dance floor at the occasion of the year.",Dresses,119,Goddiva,24726,Women's Dresses & Skirts,198,https://images2.productserve.com/?w=200&h=200&bg=white&trim=5&t=letterbox&url=ssl%3Acdn.shopify.com%2Fs%2Ffiles%2F1%2F0487%2F8834%2F0899%2Ffiles%2FDR2723_BLUE_1298_front_1763480833.jpg&feedId=62769&k=1ec1df3bbf0d362122ecf37447266be916204f4f,USD,,"Over $120 - Free Delivery, Less than $120 - $12",https://goddiva.us/products/goddiva-twisted-front-sequin-maxi-blue,,,USD170,62769,Goddiva,1,,,,,,Womens,Dresses
https://www.awin1.com/pclick.php?p=36129720857&a=2771700&m=24726,Goddiva Cowl Neck Chiffon Maxi Dress - Magenta,36129720857,DR3335A-MAGENTA-10,https://cdn.shopify.com/s/files/1/0487/8834/0899/files/DR3335A_MAGENTS_0286_front_1770734075.jpg,"The Goddiva Cowl Neck Chiffon Maxi is the ultimate bridesmaid dress, with a flattering cowl neckline and an off-the-shoulder style. This magenta maxi dress has an A-line skirt that flows beautifully as you walk down the aisle. Available in different colors, this maxi dress is perfect for any special occasion. This long summer maxi dress is the epitome of chic. The satin belt at the waist emphasises your curves and flatters your silhouette. This stunning magenta bridesmaids dress will make any bride happy. This stunning maxi is a must-have for your special day and is an easy-to-wear, simple silhouette and yet so elegant. Whether for bridesmaids, maid of honour or even prom, this gorgeous long occasion dress was made with you in mind.",Dresses,196,Goddiva,24726,Women's Dresses & Skirts,198,https://images2.productserve.com/?w=200&h=200&bg=white&trim=5&t=letterbox&url=ssl%3Acdn.shopify.com%2Fs%2Ffiles%2F1%2F0487%2F8834%2F0899%2Ffiles%2FDR3335A_MAGENTS_0286_front_1770734075.jpg&feedId=62769&k=25e28d923460af26ff20ae8ed8ab6ed4710778c1,USD,,"Over $120 - Free Delivery, Less than $120 - $12",https://goddiva.us/products/goddiva-cowl-neck-chiffon-maxi-dress-magenta,,,USD196,62769,Goddiva,1,,,,,,Womens,Dresses
https://www.awin1.com/pclick.php?p=36129720858&a=2771700&m=24726,Goddiva Cowl Neck Chiffon Maxi Dress - Magenta,36129720858,DR3335A-MAGENTA-12,https://cdn.shopify.com/s/files/1/0487/8834/0899/files/DR3335A_MAGENTS_0286_front_1770734075.jpg,"The Goddiva Cowl Neck Chiffon Maxi is the ultimate bridesmaid dress, with a flattering cowl neckline and an off-the-shoulder style. This magenta maxi dress has an A-line skirt that flows beautifully as you walk down the aisle. Available in different colors, this maxi dress is perfect for any special occasion. This long summer maxi dress is the epitome of chic. The satin belt at the waist emphasises your curves and flatters your silhouette. This stunning magenta bridesmaids dress will make any bride happy. This stunning maxi is a must-have for your special day and is an easy-to-wear, simple silhouette and yet so elegant. Whether for bridesmaids, maid of honour or even prom, this gorgeous long occasion dress was made with you in mind.",Dresses,196,Goddiva,24726,Women's Dresses & Skirts,198,https://images2.productserve.com/?w=200&h=200&bg=white&trim=5&t=letterbox&url=ssl%3Acdn.shopify.com%2Fs%2Ffiles%2F1%2F0487%2F8834%2F0899%2Ffiles%2FDR3335A_MAGENTS_0286_front_1770734075.jpg&feedId=62769&k=25e28d923460af26ff20ae8ed8ab6ed4710778c1,USD,,"Over $120 - Free Delivery, Less than $120 - $12",https://goddiva.us/products/goddiva-cowl-neck-chiffon-maxi-dress-magenta,,,USD196,62769,Goddiva,1,,,,,,Womens,Dresses
https://www.awin1.com/pclick.php?p=36129720863&a=2771700&m=24726,Goddiva Cowl Neck Chiffon Maxi Dress - Navy Blue,36129720863,DR3335A-NAVY-10,https://cdn.shopify.com/s/files/1/0487/8834/0899/files/DR3335A_Navy_0334_front-1_1740489277.jpg,"The Goddiva Cowl Neck Chiffon Maxi is the ultimate bridesmaid dress, with a flattering cowl neckline and an off-the-shoulder style. This navy maxi dress has an A-line skirt that flows beautifully as you walk down the aisle. Available in different colors, this maxi dress is perfect for any special occasion. This long summer maxi dress is the epitome of chic. The satin belt at the waist emphasizes your curves and flatters your silhouette. This stunning navy bridesmaids dress will make any bride happy. This stunning maxi is a must-have for your special day and is an easy-to-wear, simple silhouette and yet so elegant. Whether for bridesmaids, maid of honor or even prom, this gorgeous long occasion dress was made with you in mind.",Dresses,137,Goddiva,24726,Women's Dresses & Skirts,198,https://images2.productserve.com/?w=200&h=200&bg=white&trim=5&t=letterbox&url=ssl%3Acdn.shopify.com%2Fs%2Ffiles%2F1%2F0487%2F8834%2F0899%2Ffiles%2FDR3335A_Navy_0334_front-1_1740489277.jpg&feedId=62769&k=8d7ad87ee5d21a8ca3fb26cc2045c785e36c8d05,USD,,"Over $120 - Free Delivery, Less than $120 - $12",https://goddiva.us/products/goddiva-cowl-neck-chiffon-maxi-dress-navy,,,USD196,62769,Goddiva,1,,,,,,Womens,Dresses
https://www.awin1.com/pclick.php?p=36129720864&a=2771700&m=24726,Goddiva Cowl Neck Chiffon Maxi Dress - Navy Blue,36129720864,DR3335A-NAVY-12,https://cdn.shopify.com/s/files/1/0487/8834/0899/files/DR3335A_Navy_0334_front-1_1740489277.jpg,"The Goddiva Cowl Neck Chiffon Maxi is the ultimate bridesmaid dress, with a flattering cowl neckline and an off-the-shoulder style. This navy maxi dress has an A-line skirt that flows beautifully as you walk down the aisle. Available in different colors, this maxi dress is perfect for any special occasion. This long summer maxi dress is the epitome of chic. The satin belt at the waist emphasizes your curves and flatters your silhouette. This stunning navy bridesmaids dress will make any bride happy. This stunning maxi is a must-have for your special day and is an easy-to-wear, simple silhouette and yet so elegant. Whether for bridesmaids, maid of honor or even prom, this gorgeous long occasion dress was made with you in mind.",Dresses,137,Goddiva,24726,Women's Dresses & Skirts,198,https://images2.productserve.com/?w=200&h=200&bg=white&trim=5&t=letterbox&url=ssl%3Acdn.shopify.com%2Fs%2Ffiles%2F1%2F0487%2F8834%2F0899%2Ffiles%2FDR3335A_Navy_0334_front-1_1740489277.jpg&feedId=62769&k=8d7ad87ee5d21a8ca3fb26cc2045c785e36c8d05,USD,,"Over $120 - Free Delivery, Less than $120 - $12",https://goddiva.us/products/goddiva-cowl-neck-chiffon-maxi-dress-navy,,,USD196,62769,Goddiva,1,,,,,,Womens,Dresses
https://www.awin1.com/pclick.php?p=36129720865&a=2771700&m=24726,Goddiva Cowl Neck Chiffon Maxi Dress - Navy Blue,36129720865,DR3335A-NAVY-14,https://cdn.shopify.com/s/files/1/0487/8834/0899/files/DR3335A_Navy_0334_front-1_1740489277.jpg,"The Goddiva Cowl Neck Chiffon Maxi is the ultimate bridesmaid dress, with a flattering cowl neckline and an off-the-shoulder style. This navy maxi dress has an A-line skirt that flows beautifully as you walk down the aisle. Available in different colors, this maxi dress is perfect for any special occasion. This long summer maxi dress is the epitome of chic. The satin belt at the waist emphasizes your curves and flatters your silhouette. This stunning navy bridesmaids dress will make any bride happy. This stunning maxi is a must-have for your special day and is an easy-to-wear, simple silhouette and yet so elegant. Whether for bridesmaids, maid of honor or even prom, this gorgeous long occasion dress was made with you in mind.",Dresses,137,Goddiva,24726,Women's Dresses & Skirts,198,https://images2.productserve.com/?w=200&h=200&bg=white&trim=5&t=letterbox&url=ssl%3Acdn.shopify.com%2Fs%2Ffiles%2F1%2F0487%2F8834%2F0899%2Ffiles%2FDR3335A_Navy_0334_front-1_1740489277.jpg&feedId=62769&k=8d7ad87ee5d21a8ca3fb26cc2045c785e36c8d05,USD,,"Over $120 - Free Delivery, Less than $120 - $12",https://goddiva.us/products/goddiva-cowl-neck-chiffon-maxi-dress-navy,,,USD196,62769,Goddiva,1,,,,,,Womens,Dresses
https://www.awin1.com/pclick.php?p=36050523052&a=2771700&m=24726,Goddiva Bardot Sequin Pleated Maxi Dress - Emerald Green,36050523052,DR3643A-EMERALD-12,https://cdn.shopify.com/s/files/1/0487/8834/0899/files/DR3643_EMERALD_490_front_1763479376.jpg,"This Goddiva Bardot Sequin Pleated Maxi Dress is a show-stopping piece great for any special occasion. The beautiful sequin finish creates an elegant and glamorous look as they shine on the dress with each movement, while the off-the-shoulder neckline, front thigh slit and pleated hem add just enough drama to make this a unique choice for your party or event. This gorgeous emerald maxi dress is not just for the red carpet! You'll want to wear this show-stopping gown everywhere, whether you're heading to a wedding, prom, or any special event; this sparkling green dress from Goddiva will make you feel glamorous. Style it with strappy sandals for an elegant look.",Dresses,156,Goddiva,24726,Women's Dresses & Skirts,198,https://images2.productserve.com/?w=200&h=200&bg=white&trim=5&t=letterbox&url=ssl%3Acdn.shopify.com%2Fs%2Ffiles%2F1%2F0487%2F8834%2F0899%2Ffiles%2FDR3643_EMERALD_490_front_1763479376.jpg&feedId=62769&k=18a0c706cfc20c0873888f5bb0ae49aef9d0cbad,USD,,"Over $120 - Free Delivery, Less than $120 - $12",https://goddiva.us/products/goddiva-bardot-sequin-pleated-maxi-dress-emerald-green,,,USD290,62769,Goddiva,1,,,,,,Womens,Dresses
https://www.awin1.com/pclick.php?p=36146380854&a=2771700&m=24726,Goddiva Bardot Sequin Pleated Maxi Dress - Gold,36146380854,DR3643A-GOLD-12,https://cdn.shopify.com/s/files/1/0487/8834/0899/files/DR3643_GOLD_407_front_1763479347.jpg,"This Goddiva Bardot Sequin Pleated Maxi Dress is a show-stopping piece great for any special occasion. The beautiful sequin finish creates an elegant and glamorous look as they shine on the dress with each movement, while the off-the-shoulder neckline, front thigh slit and pleated hem add just enough drama to make this a unique choice for your party or event. This gorgeous gold maxi dress is not just for the red carpet! You'll want to wear this show-stopping gown everywhere, whether you're heading to a wedding, prom, or any special event; this sparkling champagne dress from Goddiva will make you feel glamorous. Style it with strappy sandals for an elegant look.",Dresses,156,Goddiva,24726,Women's Dresses & Skirts,198,https://images2.productserve.com/?w=200&h=200&bg=white&trim=5&t=letterbox&url=ssl%3Acdn.shopify.com%2Fs%2Ffiles%2F1%2F0487%2F8834%2F0899%2Ffiles%2FDR3643_GOLD_407_front_1763479347.jpg&feedId=62769&k=d785ba6437883732acc778b2afe81d8771924abd,USD,,"Over $120 - Free Delivery, Less than $120 - $12",https://goddiva.us/products/goddiva-bardot-sequin-pleated-maxi-dress-gold,,,USD290,62769,Goddiva,1,,,,,,Womens,Dresses
https://www.awin1.com/pclick.php?p=36129720856&a=2771700&m=24726,Goddiva Cowl Neck Chiffon Maxi Dress - Magenta,36129720856,DR3335A-MAGENTA-8,https://cdn.shopify.com/s/files/1/0487/8834/0899/files/DR3335A_MAGENTS_0286_front_1770734075.jpg,"The Goddiva Cowl Neck Chiffon Maxi is the ultimate bridesmaid dress, with a flattering cowl neckline and an off-the-shoulder style. This magenta maxi dress has an A-line skirt that flows beautifully as you walk down the aisle. Available in different colors, this maxi dress is perfect for any special occasion. This long summer maxi dress is the epitome of chic. The satin belt at the waist emphasises your curves and flatters your silhouette. This stunning magenta bridesmaids dress will make any bride happy. This stunning maxi is a must-have for your special day and is an easy-to-wear, simple silhouette and yet so elegant. Whether for bridesmaids, maid of honour or even prom, this gorgeous long occasion dress was made with you in mind.",Dresses,196,Goddiva,24726,Women's Dresses & Skirts,198,https://images2.productserve.com/?w=200&h=200&bg=white&trim=5&t=letterbox&url=ssl%3Acdn.shopify.com%2Fs%2Ffiles%2F1%2F0487%2F8834%2F0899%2Ffiles%2FDR3335A_MAGENTS_0286_front_1770734075.jpg&feedId=62769&k=25e28d923460af26ff20ae8ed8ab6ed4710778c1,USD,,"Over $120 - Free Delivery, Less than $120 - $12",https://goddiva.us/products/goddiva-cowl-neck-chiffon-maxi-dress-magenta,,,USD196,62769,Goddiva,1,,,,,,Womens,Dresses
https://www.awin1.com/pclick.php?p=36129720859&a=2771700&m=24726,Goddiva Cowl Neck Chiffon Maxi Dress - Magenta,36129720859,DR3335A-MAGENTA-14,https://cdn.shopify.com/s/files/1/0487/8834/0899/files/DR3335A_MAGENTS_0286_front_1770734075.jpg,"The Goddiva Cowl Neck Chiffon Maxi is the ultimate bridesmaid dress, with a flattering cowl neckline and an off-the-shoulder style. This magenta maxi dress has an A-line skirt that flows beautifully as you walk down the aisle. Available in different colors, this maxi dress is perfect for any special occasion. This long summer maxi dress is the epitome of chic. The satin belt at the waist emphasises your curves and flatters your silhouette. This stunning magenta bridesmaids dress will make any bride happy. This stunning maxi is a must-have for your special day and is an easy-to-wear, simple silhouette and yet so elegant. Whether for bridesmaids, maid of honour or even prom, this gorgeous long occasion dress was made with you in mind.",Dresses,196,Goddiva,24726,Women's Dresses & Skirts,198,https://images2.productserve.com/?w=200&h=200&bg=white&trim=5&t=letterbox&url=ssl%3Acdn.shopify.com%2Fs%2Ffiles%2F1%2F0487%2F8834%2F0899%2Ffiles%2FDR3335A_MAGENTS_0286_front_1770734075.jpg&feedId=62769&k=25e28d923460af26ff20ae8ed8ab6ed4710778c1,USD,,"Over $120 - Free Delivery, Less than $120 - $12",https://goddiva.us/products/goddiva-cowl-neck-chiffon-maxi-dress-magenta,,,USD196,62769,Goddiva,1,,,,,,Womens,Dresses
https://www.awin1.com/pclick.php?p=37631151617&a=2771700&m=24726,Goddiva Crossover Lurex Glitter Maxi Dress - Gold,37631151617,DR1886-GOLD-8,https://cdn.shopify.com/s/files/1/0487/8834/0899/files/DR1886_GOLD_18350_front_1773415944.jpg,"Get your glam on with this delicious cross over lurex glitter maxi dress by Goddiva. This long gold dress is the winning choice for bridesmaids, prom and every other special occasion you have coming up. Its wrap style v neckline and sleeveless detailing as well as its thigh split bring an irresistible feel to such a stunning dress. With its gold sparkling color, this affordable maxi dress is magnificent. Its sparkling glitter effect brings something different to this classy little number. Its amazing stretchy fabric will have you never wanting to part from this flirtatious occasion dress. So, shimmer & shine your way through this season and bring out the inner Goddiva Girl in you.",Dresses,170,Goddiva,24726,Women's Dresses & Skirts,198,https://images2.productserve.com/?w=200&h=200&bg=white&trim=5&t=letterbox&url=ssl%3Acdn.shopify.com%2Fs%2Ffiles%2F1%2F0487%2F8834%2F0899%2Ffiles%2FDR1886_GOLD_18350_front_1773415944.jpg&feedId=62769&k=86526b2c259b936f548cf1cef73c88e2e00d8d8f,USD,,"Over $120 - Free Delivery, Less than $120 - $12",https://goddiva.us/products/goddiva-crossover-lurex-glitter-maxi-dress-gold,,,USD170,62769,Goddiva,1,,,,,,Womens,Dresses
https://www.awin1.com/pclick.php?p=36129720862&a=2771700&m=24726,Goddiva Cowl Neck Chiffon Maxi Dress - Navy Blue,36129720862,DR3335A-NAVY-8,https://cdn.shopify.com/s/files/1/0487/8834/0899/files/DR3335A_Navy_0334_front-1_1740489277.jpg,"The Goddiva Cowl Neck Chiffon Maxi is the ultimate bridesmaid dress, with a flattering cowl neckline and an off-the-shoulder style. This navy maxi dress has an A-line skirt that flows beautifully as you walk down the aisle. Available in different colors, this maxi dress is perfect for any special occasion. This long summer maxi dress is the epitome of chic. The satin belt at the waist emphasizes your curves and flatters your silhouette. This stunning navy bridesmaids dress will make any bride happy. This stunning maxi is a must-have for your special day and is an easy-to-wear, simple silhouette and yet so elegant. Whether for bridesmaids, maid of honor or even prom, this gorgeous long occasion dress was made with you in mind.",Dresses,137,Goddiva,24726,Women's Dresses & Skirts,198,https://images2.productserve.com/?w=200&h=200&bg=white&trim=5&t=letterbox&url=ssl%3Acdn.shopify.com%2Fs%2Ffiles%2F1%2F0487%2F8834%2F0899%2Ffiles%2FDR3335A_Navy_0334_front-1_1740489277.jpg&feedId=62769&k=8d7ad87ee5d21a8ca3fb26cc2045c785e36c8d05,USD,,"Over $120 - Free Delivery, Less than $120 - $12",https://goddiva.us/products/goddiva-cowl-neck-chiffon-maxi-dress-navy,,,USD196,62769,Goddiva,1,,,,,,Womens,Dresses
https://www.awin1.com/pclick.php?p=36050523050&a=2771700&m=24726,Goddiva Bardot Sequin Pleated Maxi Dress - Emerald Green,36050523050,DR3643A-EMERALD-8,https://cdn.shopify.com/s/files/1/0487/8834/0899/files/DR3643_EMERALD_490_front_1763479376.jpg,"This Goddiva Bardot Sequin Pleated Maxi Dress is a show-stopping piece great for any special occasion. The beautiful sequin finish creates an elegant and glamorous look as they shine on the dress with each movement, while the off-the-shoulder neckline, front thigh slit and pleated hem add just enough drama to make this a unique choice for your party or event. This gorgeous emerald maxi dress is not just for the red carpet! You'll want to wear this show-stopping gown everywhere, whether you're heading to a wedding, prom, or any special event; this sparkling green dress from Goddiva will make you feel glamorous. Style it with strappy sandals for an elegant look.",Dresses,156,Goddiva,24726,Women's Dresses & Skirts,198,https://images2.productserve.com/?w=200&h=200&bg=white&trim=5&t=letterbox&url=ssl%3Acdn.shopify.com%2Fs%2Ffiles%2F1%2F0487%2F8834%2F0899%2Ffiles%2FDR3643_EMERALD_490_front_1763479376.jpg&feedId=62769&k=18a0c706cfc20c0873888f5bb0ae49aef9d0cbad,USD,,"Over $120 - Free Delivery, Less than $120 - $12",https://goddiva.us/products/goddiva-bardot-sequin-pleated-maxi-dress-emerald-green,,,USD290,62769,Goddiva,1,,,,,,Womens,Dresses
https://www.awin1.com/pclick.php?p=35927162024&a=2771700&m=24726,Goddiva Cowl Neck Chiffon Maxi Dress - Sage Green,35927162024,DR3335A-SAGEGREEN-8,https://cdn.shopify.com/s/files/1/0487/8834/0899/files/IMG_5729aaa_1740995511_1741019870_1745405834.jpg,"The Goddiva Cowl Neck Chiffon Maxi is the ultimate bridesmaid dress, with a flattering cowl neckline and an off the shoulder style. This sage green maxi dress has an A-line skirt that flows beautifully as you walk down the aisle. Available in different colors, this maxi dress is perfect for any special occasion. This long summer maxi dress is the epitome of chic. The satin belt at the waist emphasises your curves and flatters your silhouette. This stunning green bridesmaids dress will make any bride happy. This stunning maxi is a must-have for your special day and is an easy to wear, simple silhouette and yet so elegant. Whether for bridesmaids, maid of honour or even prom, this gorgeous long occasion dress was made with you in mind.",Dresses,137,Goddiva,24726,Women's Dresses & Skirts,198,https://images2.productserve.com/?w=200&h=200&bg=white&trim=5&t=letterbox&url=ssl%3Acdn.shopify.com%2Fs%2Ffiles%2F1%2F0487%2F8834%2F0899%2Ffiles%2FIMG_5729aaa_1740995511_1741019870_1745405834.jpg&feedId=62769&k=d3922b05e8904c9c3e3d10880df585b3b521c80a,USD,,"Over $120 - Free Delivery, Less than $120 - $12",https://goddiva.us/products/goddiva-cowl-neck-chiffon-maxi-dress-sage-green,,,USD196,62769,Goddiva,1,,,,,,Womens,Dresses
https://www.awin1.com/pclick.php?p=37631151616&a=2771700&m=24726,Goddiva Crossover Lurex Glitter Maxi Dress - Gold,37631151616,DR1886-GOLD-6,https://cdn.shopify.com/s/files/1/0487/8834/0899/files/DR1886_GOLD_18350_front_1773415944.jpg,"Get your glam on with this delicious cross over lurex glitter maxi dress by Goddiva. This long gold dress is the winning choice for bridesmaids, prom and every other special occasion you have coming up. Its wrap style v neckline and sleeveless detailing as well as its thigh split bring an irresistible feel to such a stunning dress. With its gold sparkling color, this affordable maxi dress is magnificent. Its sparkling glitter effect brings something different to this classy little number. Its amazing stretchy fabric will have you never wanting to part from this flirtatious occasion dress. So, shimmer & shine your way through this season and bring out the inner Goddiva Girl in you.",Dresses,170,Goddiva,24726,Women's Dresses & Skirts,198,https://images2.productserve.com/?w=200&h=200&bg=white&trim=5&t=letterbox&url=ssl%3Acdn.shopify.com%2Fs%2Ffiles%2F1%2F0487%2F8834%2F0899%2Ffiles%2FDR1886_GOLD_18350_front_1773415944.jpg&feedId=62769&k=86526b2c259b936f548cf1cef73c88e2e00d8d8f,USD,,"Over $120 - Free Delivery, Less than $120 - $12",https://goddiva.us/products/goddiva-crossover-lurex-glitter-maxi-dress-gold,,,USD170,62769,Goddiva,1,,,,,,Womens,Dresses
https://www.awin1.com/pclick.php?p=37631151618&a=2771700&m=24726,Goddiva Crossover Lurex Glitter Maxi Dress - Gold,37631151618,DR1886-GOLD-10,https://cdn.shopify.com/s/files/1/0487/8834/0899/files/DR1886_GOLD_18350_front_1773415944.jpg,"Get your glam on with this delicious cross over lurex glitter maxi dress by Goddiva. This long gold dress is the winning choice for bridesmaids, prom and every other special occasion you have coming up. Its wrap style v neckline and sleeveless detailing as well as its thigh split bring an irresistible feel to such a stunning dress. With its gold sparkling color, this affordable maxi dress is magnificent. Its sparkling glitter effect brings something different to this classy little number. Its amazing stretchy fabric will have you never wanting to part from this flirtatious occasion dress. So, shimmer & shine your way through this season and bring out the inner Goddiva Girl in you.",Dresses,170,Goddiva,24726,Women's Dresses & Skirts,198,https://images2.productserve.com/?w=200&h=200&bg=white&trim=5&t=letterbox&url=ssl%3Acdn.shopify.com%2Fs%2Ffiles%2F1%2F0487%2F8834%2F0899%2Ffiles%2FDR1886_GOLD_18350_front_1773415944.jpg&feedId=62769&k=86526b2c259b936f548cf1cef73c88e2e00d8d8f,USD,,"Over $120 - Free Delivery, Less than $120 - $12",https://goddiva.us/products/goddiva-crossover-lurex-glitter-maxi-dress-gold,,,USD170,62769,Goddiva,1,,,,,,Womens,Dresses
https://www.awin1.com/pclick.php?p=36146380853&a=2771700&m=24726,Goddiva Bardot Sequin Pleated Maxi Dress - Gold,36146380853,DR3643A-GOLD-10,https://cdn.shopify.com/s/files/1/0487/8834/0899/files/DR3643_GOLD_407_front_1763479347.jpg,"This Goddiva Bardot Sequin Pleated Maxi Dress is a show-stopping piece great for any special occasion. The beautiful sequin finish creates an elegant and glamorous look as they shine on the dress with each movement, while the off-the-shoulder neckline, front thigh slit and pleated hem add just enough drama to make this a unique choice for your party or event. This gorgeous gold maxi dress is not just for the red carpet! You'll want to wear this show-stopping gown everywhere, whether you're heading to a wedding, prom, or any special event; this sparkling champagne dress from Goddiva will make you feel glamorous. Style it with strappy sandals for an elegant look.",Dresses,156,Goddiva,24726,Women's Dresses & Skirts,198,https://images2.productserve.com/?w=200&h=200&bg=white&trim=5&t=letterbox&url=ssl%3Acdn.shopify.com%2Fs%2Ffiles%2F1%2F0487%2F8834%2F0899%2Ffiles%2FDR3643_GOLD_407_front_1763479347.jpg&feedId=62769&k=d785ba6437883732acc778b2afe81d8771924abd,USD,,"Over $120 - Free Delivery, Less than $120 - $12",https://goddiva.us/products/goddiva-bardot-sequin-pleated-maxi-dress-gold,,,USD290,62769,Goddiva,1,,,,,,Womens,Dresses
https://www.awin1.com/pclick.php?p=36426397543&a=2771700&m=24726,Goddiva Liquid Sequin Corsage Maxi Dress - Gold,36426397543,DR4056-GOLD-10,https://cdn.shopify.com/s/files/1/0487/8834/0899/files/DR4056_GOLD_1220_front_1754300326.jpg,"Radiate glamour and confidence in the Goddiva Liquid Sequin Corsage Maxi Dress from our new Old Hollywood Collection. It is the embodiment of evening dresses. This stunning gold dress features a captivating plunge v-neckline, elegant long sleeves, a luxurious velvet waistband, and a charming corsage detail, making it the ultimate choice for formal parties, formal events, prom, black tie affairs, and exquisite Galas. With its liquid sequin allure, this gold evening occasion dress exudes sophistication and style. The plunge v-neckline adds a touch of allure, while the velvet waistband cinches your silhouette, creating a timeless and flattering look. Our Liquid Sequin Corsage Maxi Dress is your top pick for making a grand entrance at any formal gathering. Whether you're attending a black-tie Gala or celebrating a special prom night, this gold dress ensures you shine with grace and poise. Choose this exceptional sequin dress to make every occasion extraordinary.",Dresses,116,Goddiva,24726,Women's Dresses & Skirts,198,https://images2.productserve.com/?w=200&h=200&bg=white&trim=5&t=letterbox&url=ssl%3Acdn.shopify.com%2Fs%2Ffiles%2F1%2F0487%2F8834%2F0899%2Ffiles%2FDR4056_GOLD_1220_front_1754300326.jpg&feedId=62769&k=e71277c41501742a9f2d19d9ab06cfed0cfe7d21,USD,,"Over $120 - Free Delivery, Less than $120 - $12",https://goddiva.us/products/goddiva-liquid-sequin-corsage-maxi-gold,,,USD170,62769,Goddiva,1,,,,,,Womens,Dresses
https://www.awin1.com/pclick.php?p=36146380855&a=2771700&m=24726,Goddiva Bardot Sequin Pleated Maxi Dress - Gold,36146380855,DR3643A-GOLD-14,https://cdn.shopify.com/s/files/1/0487/8834/0899/files/DR3643_GOLD_407_front_1763479347.jpg,"This Goddiva Bardot Sequin Pleated Maxi Dress is a show-stopping piece great for any special occasion. The beautiful sequin finish creates an elegant and glamorous look as they shine on the dress with each movement, while the off-the-shoulder neckline, front thigh slit and pleated hem add just enough drama to make this a unique choice for your party or event. This gorgeous gold maxi dress is not just for the red carpet! You'll want to wear this show-stopping gown everywhere, whether you're heading to a wedding, prom, or any special event; this sparkling champagne dress from Goddiva will make you feel glamorous. Style it with strappy sandals for an elegant look.",Dresses,156,Goddiva,24726,Women's Dresses & Skirts,198,https://images2.productserve.com/?w=200&h=200&bg=white&trim=5&t=letterbox&url=ssl%3Acdn.shopify.com%2Fs%2Ffiles%2F1%2F0487%2F8834%2F0899%2Ffiles%2FDR3643_GOLD_407_front_1763479347.jpg&feedId=62769&k=d785ba6437883732acc778b2afe81d8771924abd,USD,,"Over $120 - Free Delivery, Less than $120 - $12",https://goddiva.us/products/goddiva-bardot-sequin-pleated-maxi-dress-gold,,,USD290,62769,Goddiva,1,,,,,,Womens,Dresses
https://www.awin1.com/pclick.php?p=36331410192&a=2771700&m=24726,Goddiva Bardot Pleated Skirt Maxi Dress - Wine,36331410192,DR3096A-WINE-8,https://cdn.shopify.com/s/files/1/0487/8834/0899/products/DR3096A_wine_front_l_1694183637.jpg,"This wine dress is a timeless classic. It has a flattering cut that flatters every figure and is the perfect go-to for your special day. Off the shoulder style, fitted waist, flowy skirt, shimmery finish - this maxi dress has it all! This long evening dress has a classic and chic look that will always be in style, perfect as a prom dress in the summer or for bridesmaids for a wedding in any season. Its bardot neckline and shimmery finish makes this style look like something out of a fairy tale. This wine floor length dress with off the shoulder sleeves will be perfect for a fun wedding, prom or black-tie event. Its shimmering lurex teamed with a satin waistband adds to its beauty and makes it comfortable enough to wear all night long. The pleated skirt has an A-line shape that skims over any body type. A perfect pick for spring weddings, summer occasions and evening winter black tie gala, this dress is perfectly well rounded for any occasion any season.",Dresses,130,Goddiva,24726,Women's Dresses & Skirts,198,https://images2.productserve.com/?w=200&h=200&bg=white&trim=5&t=letterbox&url=ssl%3Acdn.shopify.com%2Fs%2Ffiles%2F1%2F0487%2F8834%2F0899%2Fproducts%2FDR3096A_wine_front_l_1694183637.jpg&feedId=62769&k=62b03eaee5abd96e8a540e8199c97ec7c1aee2bc,USD,,"Over $120 - Free Delivery, Less than $120 - $12",https://goddiva.us/products/goddiva-bardot-pleated-skirt-maxi-wine,,,USD250,62769,Goddiva,1,,,,,,Womens,Dresses
https://www.awin1.com/pclick.php?p=37631151619&a=2771700&m=24726,Goddiva Crossover Lurex Glitter Maxi Dress - Gold,37631151619,DR1886-GOLD-12,https://cdn.shopify.com/s/files/1/0487/8834/0899/files/DR1886_GOLD_18350_front_1773415944.jpg,"Get your glam on with this delicious cross over lurex glitter maxi dress by Goddiva. This long gold dress is the winning choice for bridesmaids, prom and every other special occasion you have coming up. Its wrap style v neckline and sleeveless detailing as well as its thigh split bring an irresistible feel to such a stunning dress. With its gold sparkling color, this affordable maxi dress is magnificent. Its sparkling glitter effect brings something different to this classy little number. Its amazing stretchy fabric will have you never wanting to part from this flirtatious occasion dress. So, shimmer & shine your way through this season and bring out the inner Goddiva Girl in you.",Dresses,170,Goddiva,24726,Women's Dresses & Skirts,198,https://images2.productserve.com/?w=200&h=200&bg=white&trim=5&t=letterbox&url=ssl%3Acdn.shopify.com%2Fs%2Ffiles%2F1%2F0487%2F8834%2F0899%2Ffiles%2FDR1886_GOLD_18350_front_1773415944.jpg&feedId=62769&k=86526b2c259b936f548cf1cef73c88e2e00d8d8f,USD,,"Over $120 - Free Delivery, Less than $120 - $12",https://goddiva.us/products/goddiva-crossover-lurex-glitter-maxi-dress-gold,,,USD170,62769,Goddiva,1,,,,,,Womens,Dresses
https://www.awin1.com/pclick.php?p=36302416067&a=2771700&m=24726,Goddiva Embroidered Top Chiffon Pleated Midi - Black,36302416067,DR3802-BLACK-10,https://cdn.shopify.com/s/files/1/0487/8834/0899/files/DR3802_Black_1_front_1740489486.jpg,"This stunning midi dress is the perfect choice for any special occasion, from weddings to semi-formal events. Crafted from luxurious chiffon fabric, this black dress features delicate pleats that create a flowy and feminine silhouette.The flutter sleeves add a touch of whimsy and the embroidered sequin bodice adds just the right amount of sparkle to make you stand out in the crowd. The midi length makes this dress versatile enough to wear throughout the year, whether you pair it with sandals for a summer wedding or dress it up with heels and a clutch for a winter party. With its elegant design and attention to detail, this black occasion dress is sure to make you feel confident and beautiful. The combination of the flutter sleeves, sequin embroidery, and pleated chiffon create a unique and eye-catching look that is perfect for any special event. Don't miss out on the chance to add this stunning midi dress to your wardrobe!",Dresses,190,Goddiva,24726,Women's Dresses & Skirts,198,https://images2.productserve.com/?w=200&h=200&bg=white&trim=5&t=letterbox&url=ssl%3Acdn.shopify.com%2Fs%2Ffiles%2F1%2F0487%2F8834%2F0899%2Ffiles%2FDR3802_Black_1_front_1740489486.jpg&feedId=62769&k=bdc2675c77cd5adb62a4b398f6cd65334c0e0b1b,USD,,"Over $120 - Free Delivery, Less than $120 - $12",https://goddiva.us/products/goddiva-embroidered-top-chiffon-pleated-midi-black,,,USD190,62769,Goddiva,1,,,,,,Womens,Dresses
https://www.awin1.com/pclick.php?p=35776953433&a=2771700&m=24726,Goddiva Geometric Sequin Sleeveless Maxi - Black,35776953433,DR3461-BLACK-10,https://cdn.shopify.com/s/files/1/0487/8834/0899/files/DR3461_BLACK_1329_front_1761930703.jpg,"Make a sparkling statement at your next evening occasion with this gorgeous black Geometric Sequin Sleeveless Maxi. This stunning dress features a mesmerising geometric sequin pattern that catches the light from every angle, creating a dazzling effect that is sure to turn heads. With its sleeveless design and flowing maxi length, this black gold dress offers a chic and sophisticated look that is perfect for formal events, weddings, or any special occasion. Crafted from high-quality materials, this dress is both comfortable and durable, ensuring that you look and feel your best all night long. Whether you're dressing up for a red carpet event or a night out with friends, this Geometric Sequin Sleeveless Maxi is sure to be a showstopper.",Dresses,196,Goddiva,24726,Women's Dresses & Skirts,198,https://images2.productserve.com/?w=200&h=200&bg=white&trim=5&t=letterbox&url=ssl%3Acdn.shopify.com%2Fs%2Ffiles%2F1%2F0487%2F8834%2F0899%2Ffiles%2FDR3461_BLACK_1329_front_1761930703.jpg&feedId=62769&k=11ff8f979fea45d8eaf1c7ed3bd74f8b32318aaa,USD,,"Over $120 - Free Delivery, Less than $120 - $12",https://goddiva.us/products/goddiva-geometric-sequin-sleeveless-maxi-black,,,USD196,62769,Goddiva,1,,,,,,Womens,Dresses
https://www.awin1.com/pclick.php?p=35457894076&a=2771700&m=24726,Goddiva Off The Shoulder Sequin Wing Maxi Dress - Champagne,35457894076,DR3616-CHAMPAGNE-12,https://cdn.shopify.com/s/files/1/0487/8834/0899/files/DR3616_CHAMPAGNE_0326_front_1770734437.jpg,"Kill them with sparkles this season in this lavish gold/white off the shoulder sequin wing maxi dress by Goddiva. This legendary evening gown is hands-down the winner for this seasons events. A winning choice for brides, bridesmaids and prom. In its classic champagne/wonderful white, this sparkly off the shoulder number will make you feel like the goddess you are. It's off the shoulder style, floor length skirt finished with a mermaid hem and it's all over sequin design, this occasion dress is also fool-proof for wedding guests and formal events. With its affordable price, you will never find a dress with this finish for this price anywhere else. Its upward gathered detailing on the waist offers a decorative touch to this already sublime style, while its bodycon fit will enhance your sexy silhouette giving you the power to strut your stuff!",Dresses,170,Goddiva,24726,Women's Dresses & Skirts,198,https://images2.productserve.com/?w=200&h=200&bg=white&trim=5&t=letterbox&url=ssl%3Acdn.shopify.com%2Fs%2Ffiles%2F1%2F0487%2F8834%2F0899%2Ffiles%2FDR3616_CHAMPAGNE_0326_front_1770734437.jpg&feedId=62769&k=9259074e9814a1413be2207fd0db1033727d8f2d,USD,,"Over $120 - Free Delivery, Less than $120 - $12",https://goddiva.us/products/goddiva-off-the-shoulder-sequin-wing-maxi-dress-champagne,,,USD170,62769,Goddiva,1,,,,,,Womens,Dresses
https://www.awin1.com/pclick.php?p=35927162026&a=2771700&m=24726,Goddiva Cowl Neck Chiffon Maxi Dress - Sage Green,35927162026,DR3335A-SAGEGREEN-12,https://cdn.shopify.com/s/files/1/0487/8834/0899/files/IMG_5729aaa_1740995511_1741019870_1745405834.jpg,"The Goddiva Cowl Neck Chiffon Maxi is the ultimate bridesmaid dress, with a flattering cowl neckline and an off the shoulder style. This sage green maxi dress has an A-line skirt that flows beautifully as you walk down the aisle. Available in different colors, this maxi dress is perfect for any special occasion. This long summer maxi dress is the epitome of chic. The satin belt at the waist emphasises your curves and flatters your silhouette. This stunning green bridesmaids dress will make any bride happy. This stunning maxi is a must-have for your special day and is an easy to wear, simple silhouette and yet so elegant. Whether for bridesmaids, maid of honour or even prom, this gorgeous long occasion dress was made with you in mind.",Dresses,137,Goddiva,24726,Women's Dresses & Skirts,198,https://images2.productserve.com/?w=200&h=200&bg=white&trim=5&t=letterbox&url=ssl%3Acdn.shopify.com%2Fs%2Ffiles%2F1%2F0487%2F8834%2F0899%2Ffiles%2FIMG_5729aaa_1740995511_1741019870_1745405834.jpg&feedId=62769&k=d3922b05e8904c9c3e3d10880df585b3b521c80a,USD,,"Over $120 - Free Delivery, Less than $120 - $12",https://goddiva.us/products/goddiva-cowl-neck-chiffon-maxi-dress-sage-green,,,USD196,62769,Goddiva,1,,,,,,Womens,Dresses
https://www.awin1.com/pclick.php?p=35880766404&a=2771700&m=24726,Goddiva Floral Printed Chiffon Ruffle Maxi - Cream,35880766404,DR3750-CREAM-8,https://cdn.shopify.com/s/files/1/0487/8834/0899/files/DR3750_CREAM_0316_front_1770734522.jpg,"Our stunning cream floral printed chiffon ruffle maxi dress - the perfect summer dress for any occasion! With its elegant floral pattern and flowy silhouette, this dress exudes a playful yet sophisticated vibe, making it an ideal choice for both casual summer days and semi-formal occasions. This printed white chiffon dress is designed to keep you cool and comfortable even on the hottest days. The dress features a flirty ruffle design that adds a touch of femininity and elegance, making it an excellent choice for a wedding guest or any special event. This versatile cream summer dress is a must-have addition to your wardrobe, as it can be dressed up or down depending on the occasion. Pair it with your favourite sandals for a casual daytime look, or dress it up with heels and statement jewellery for a more formal event. This white floral dress is perfect for summer outings, garden parties, and other outdoor events, where you want to look chic and stylish while staying comfortable. The bold floral print adds a pop of color and vibrancy to your wardrobe, making you stand out from the crowd. Don't miss out on this stunning occasion dress - order yours today and be the best-dressed guest at any event!",Dresses,130,Goddiva,24726,Women's Dresses & Skirts,198,https://images2.productserve.com/?w=200&h=200&bg=white&trim=5&t=letterbox&url=ssl%3Acdn.shopify.com%2Fs%2Ffiles%2F1%2F0487%2F8834%2F0899%2Ffiles%2FDR3750_CREAM_0316_front_1770734522.jpg&feedId=62769&k=632371b47273836040f6d3dcdbd6727d93711474,USD,,"Over $120 - Free Delivery, Less than $120 - $12",https://goddiva.us/products/goddiva-floral-printed-chiffon-ruffle-maxi-cream,,,USD130,62769,Goddiva,1,,,,,,Womens,Dresses
https://www.awin1.com/pclick.php?p=35776953441&a=2771700&m=24726,Goddiva Geometric Sequin Sleeveless Maxi - Royal Blue,35776953441,DR3461-ROYALBLUE-14,https://cdn.shopify.com/s/files/1/0487/8834/0899/files/DR3461_ROYALBLUE_1313_front_1761930683.jpg,"Make a sparkling statement at your next evening occasion with this gorgeous royal blue Geometric Sequin Sleeveless Maxi. This stunning dress features a mesmerising geometric sequin pattern that catches the light from every angle, creating a dazzling effect that is sure to turn heads. With its sleeveless design and flowing maxi length, this cobalt blue dress offers a chic and sophisticated look that is perfect for formal events, weddings, or any special occasion. Crafted from high-quality materials, this dress is both comfortable and durable, ensuring that you look and feel your best all night long. Whether you're dressing up for a red carpet event or a night out with friends, this Geometric Sequin Sleeveless Maxi is sure to be a showstopper.",Dresses,196,Goddiva,24726,Women's Dresses & Skirts,198,https://images2.productserve.com/?w=200&h=200&bg=white&trim=5&t=letterbox&url=ssl%3Acdn.shopify.com%2Fs%2Ffiles%2F1%2F0487%2F8834%2F0899%2Ffiles%2FDR3461_ROYALBLUE_1313_front_1761930683.jpg&feedId=62769&k=5ed811a903750f788234f8486f1b5d88f4209b86,USD,,"Over $120 - Free Delivery, Less than $120 - $12",https://goddiva.us/products/goddiva-geometric-sequin-sleeveless-maxi-royal-blue,,,USD196,62769,Goddiva,1,,,,,,Womens,Dresses
https://www.awin1.com/pclick.php?p=36302416069&a=2771700&m=24726,Goddiva Embroidered Top Chiffon Pleated Midi - Black,36302416069,DR3802-BLACK-14,https://cdn.shopify.com/s/files/1/0487/8834/0899/files/DR3802_Black_1_front_1740489486.jpg,"This stunning midi dress is the perfect choice for any special occasion, from weddings to semi-formal events. Crafted from luxurious chiffon fabric, this black dress features delicate pleats that create a flowy and feminine silhouette.The flutter sleeves add a touch of whimsy and the embroidered sequin bodice adds just the right amount of sparkle to make you stand out in the crowd. The midi length makes this dress versatile enough to wear throughout the year, whether you pair it with sandals for a summer wedding or dress it up with heels and a clutch for a winter party. With its elegant design and attention to detail, this black occasion dress is sure to make you feel confident and beautiful. The combination of the flutter sleeves, sequin embroidery, and pleated chiffon create a unique and eye-catching look that is perfect for any special event. Don't miss out on the chance to add this stunning midi dress to your wardrobe!",Dresses,190,Goddiva,24726,Women's Dresses & Skirts,198,https://images2.productserve.com/?w=200&h=200&bg=white&trim=5&t=letterbox&url=ssl%3Acdn.shopify.com%2Fs%2Ffiles%2F1%2F0487%2F8834%2F0899%2Ffiles%2FDR3802_Black_1_front_1740489486.jpg&feedId=62769&k=bdc2675c77cd5adb62a4b398f6cd65334c0e0b1b,USD,,"Over $120 - Free Delivery, Less than $120 - $12",https://goddiva.us/products/goddiva-embroidered-top-chiffon-pleated-midi-black,,,USD190,62769,Goddiva,1,,,,,,Womens,Dresses
https://www.awin1.com/pclick.php?p=36365766643&a=2771700&m=24726,Goddiva Long Sleeve Sequin Flame Maxi - Solid Black,36365766643,DR3486-SOLIDBLACK-8,https://cdn.shopify.com/s/files/1/0487/8834/0899/products/DR3486_solidblack_front_l_1694787916.jpg,"For that elegant black tie event, this black long sleeve sequin maxi will be the perfect addition to your wardrobe. The Long Sleeve Sequin Flame Maxi is a gorgeous evening dress with an elegant and classy look. It features a sheer mesh round neckline and sheer long sleeves, which highlight the elegance of the wearer. The sequin detailing of this formal black gown sparkles brilliantly in the light, adding a touch of glamour to your look. With its delicate mesh and sparkling sequin embellishment, designed in a flame pattern, this dress is the hottest dress of the season! This sparkling number is a must-buy for your upcoming events this season; whether it be for a black tie event, prom, wedding or formal party, this is the only gown you need.",Dresses,150,Goddiva,24726,Women's Dresses & Skirts,198,https://images2.productserve.com/?w=200&h=200&bg=white&trim=5&t=letterbox&url=ssl%3Acdn.shopify.com%2Fs%2Ffiles%2F1%2F0487%2F8834%2F0899%2Fproducts%2FDR3486_solidblack_front_l_1694787916.jpg&feedId=62769&k=b04e70c8159a0abb146371721e8876c847495cfa,USD,,"Over $120 - Free Delivery, Less than $120 - $12",https://goddiva.us/products/goddiva-long-sleeve-sequin-flame-maxi-solid-black,,,USD240,62769,Goddiva,1,,,,,,Womens,Dresses
https://www.awin1.com/pclick.php?p=36169621932&a=2771700&m=24726,Goddiva Off The Shoulder Princess Maxi Dress - Hot Pink,36169621932,DR3322A-HOTPINK-8,https://cdn.shopify.com/s/files/1/0487/8834/0899/files/DR3322A_HOTPINK_0004_front_1770733971.jpg,"The dress of dreams has landed. This gorgeous Off The Shoulder Princess Maxi is the definition of a princess dress. With its off the shoulder style teamed with its mesh draped sleeves and double layered mesh a-line skirt, this long occasion dress is screaming Cinderella! In its dreamy hotpink never-failing dress is worth every penny. This fairytale inspired dress is a perfect pick for prom, bridesmaids and for those maids of honour you want to stand out as much as you on your big day. In its whimsical hotpink this dress is ticking boxes for any occasion. This is definitely one of the most beautiful dresses you will ever see, so why not own it so you can look at it whenever you want. Give yourself the opportunity to feel like a princess every time you step into this darling hotpink number.",Dresses,116,Goddiva,24726,Women's Dresses & Skirts,198,https://images2.productserve.com/?w=200&h=200&bg=white&trim=5&t=letterbox&url=ssl%3Acdn.shopify.com%2Fs%2Ffiles%2F1%2F0487%2F8834%2F0899%2Ffiles%2FDR3322A_HOTPINK_0004_front_1770733971.jpg&feedId=62769&k=77f383d6e60329c5739725b9603d1114e67409d0,USD,,"Over $120 - Free Delivery, Less than $120 - $12",https://goddiva.us/products/goddiva-off-the-shoulder-princess-maxi-dress-hotpink,,,USD174,62769,Goddiva,1,,,,,,Womens,Dresses
https://www.awin1.com/pclick.php?p=35776953435&a=2771700&m=24726,Goddiva Geometric Sequin Sleeveless Maxi - Black,35776953435,DR3461-BLACK-14,https://cdn.shopify.com/s/files/1/0487/8834/0899/files/DR3461_BLACK_1329_front_1761930703.jpg,"Make a sparkling statement at your next evening occasion with this gorgeous black Geometric Sequin Sleeveless Maxi. This stunning dress features a mesmerising geometric sequin pattern that catches the light from every angle, creating a dazzling effect that is sure to turn heads. With its sleeveless design and flowing maxi length, this black gold dress offers a chic and sophisticated look that is perfect for formal events, weddings, or any special occasion. Crafted from high-quality materials, this dress is both comfortable and durable, ensuring that you look and feel your best all night long. Whether you're dressing up for a red carpet event or a night out with friends, this Geometric Sequin Sleeveless Maxi is sure to be a showstopper.",Dresses,196,Goddiva,24726,Women's Dresses & Skirts,198,https://images2.productserve.com/?w=200&h=200&bg=white&trim=5&t=letterbox&url=ssl%3Acdn.shopify.com%2Fs%2Ffiles%2F1%2F0487%2F8834%2F0899%2Ffiles%2FDR3461_BLACK_1329_front_1761930703.jpg&feedId=62769&k=11ff8f979fea45d8eaf1c7ed3bd74f8b32318aaa,USD,,"Over $120 - Free Delivery, Less than $120 - $12",https://goddiva.us/products/goddiva-geometric-sequin-sleeveless-maxi-black,,,USD196,62769,Goddiva,1,,,,,,Womens,Dresses
https://www.awin1.com/pclick.php?p=35927162027&a=2771700&m=24726,Goddiva Cowl Neck Chiffon Maxi Dress - Sage Green,35927162027,DR3335A-SAGEGREEN-14,https://cdn.shopify.com/s/files/1/0487/8834/0899/files/IMG_5729aaa_1740995511_1741019870_1745405834.jpg,"The Goddiva Cowl Neck Chiffon Maxi is the ultimate bridesmaid dress, with a flattering cowl neckline and an off the shoulder style. This sage green maxi dress has an A-line skirt that flows beautifully as you walk down the aisle. Available in different colors, this maxi dress is perfect for any special occasion. This long summer maxi dress is the epitome of chic. The satin belt at the waist emphasises your curves and flatters your silhouette. This stunning green bridesmaids dress will make any bride happy. This stunning maxi is a must-have for your special day and is an easy to wear, simple silhouette and yet so elegant. Whether for bridesmaids, maid of honour or even prom, this gorgeous long occasion dress was made with you in mind.",Dresses,137,Goddiva,24726,Women's Dresses & Skirts,198,https://images2.productserve.com/?w=200&h=200&bg=white&trim=5&t=letterbox&url=ssl%3Acdn.shopify.com%2Fs%2Ffiles%2F1%2F0487%2F8834%2F0899%2Ffiles%2FIMG_5729aaa_1740995511_1741019870_1745405834.jpg&feedId=62769&k=d3922b05e8904c9c3e3d10880df585b3b521c80a,USD,,"Over $120 - Free Delivery, Less than $120 - $12",https://goddiva.us/products/goddiva-cowl-neck-chiffon-maxi-dress-sage-green,,,USD196,62769,Goddiva,1,,,,,,Womens,Dresses
https://www.awin1.com/pclick.php?p=35927162020&a=2771700&m=24726,Goddiva Cowl Neck Chiffon Maxi Dress - Purple,35927162020,DR3335A-PURPLE-12,https://cdn.shopify.com/s/files/1/0487/8834/0899/files/DR3335A_purple_0068_front-1_1740654924.jpg,"The Goddiva Cowl Neck Chiffon Maxi is the ultimate bridesmaid dress, with a flattering cowl neckline and an off the shoulder style. This sage green maxi dress has an A-line skirt that flows beautifully as you walk down the aisle. Available in different colors, this maxi dress is perfect for any special occasion. This long summer maxi dress is the epitome of chic. The satin belt at the waist emphasises your curves and flatters your silhouette. This stunning green bridesmaids dress will make any bride happy. This stunning maxi is a must-have for your special day and is an easy to wear, simple silhouette and yet so elegant. Whether for bridesmaids, maid of honour or even prom, this gorgeous long occasion dress was made with you in mind.",Dresses,161,Goddiva,24726,Women's Dresses & Skirts,198,https://images2.productserve.com/?w=200&h=200&bg=white&trim=5&t=letterbox&url=ssl%3Acdn.shopify.com%2Fs%2Ffiles%2F1%2F0487%2F8834%2F0899%2Ffiles%2FDR3335A_purple_0068_front-1_1740654924.jpg&feedId=62769&k=41cbd895ed63b70c2af6832fdd1810bd16ee2210,USD,,"Over $120 - Free Delivery, Less than $120 - $12",https://goddiva.us/products/goddiva-cowl-neck-chiffon-maxi-dress-purple,,,USD196,62769,Goddiva,1,,,,,,Womens,Dresses
https://www.awin1.com/pclick.php?p=36302416324&a=2771700&m=24726,Goddiva Satin Flutter Sleeve Mermaid Maxi - Burntorange,36302416324,DR3954-BURNTORANGE-8,https://cdn.shopify.com/s/files/1/0487/8834/0899/files/DR3954_BURNORANGE_635_front_1757333518.jpg,"The epitome of elegance and sophistication. Our stunning burnt orange satin flutter sleeve mermaid maxi is designed with meticulous attention to detail, this exquisite dress is the perfect choice for any special occasion. Crafted from luxurious satin fabric, this burnt orange maxi dress drapes gracefully, creating a mesmerising silhouette that will leave a lasting impression. The satin material adds a touch of lustrous beauty, making it a standout piece for evening events, weddings, and even as a stunning bridesmaid ensemble. The flutter sleeves add a whimsical and feminine touch, creating an ethereal aura as you move. The cut accentuates your curves, hugging your figure in all the right places and exuding an air of timeless glamour. Whether you're attending a black-tie affair or a lavish cocktail party, this burnt orange satin flutter sleeve mermaid maxi is designed to make you feel like the belle of the ball. Its versatility allows you to accessorise and style it to match your personal taste and the event's theme. Step into the limelight with confidence and grace in this enchanting gown. Embrace the allure of satin, the elegance of a maxi length, and the feminine charm of flutter sleeves. Make a statement and create unforgettable memories with our Satin Flutter Sleeve Mermaid Maxi.",Dresses,116,Goddiva,24726,Women's Dresses & Skirts,198,https://images2.productserve.com/?w=200&h=200&bg=white&trim=5&t=letterbox&url=ssl%3Acdn.shopify.com%2Fs%2Ffiles%2F1%2F0487%2F8834%2F0899%2Ffiles%2FDR3954_BURNORANGE_635_front_1757333518.jpg&feedId=62769&k=94e37515975e39486748eae6da61756057de0195,USD,,"Over $120 - Free Delivery, Less than $120 - $12",https://goddiva.us/products/goddiva-satin-flutter-sleeve-mermaid-maxi-burntorange,,,USD116,62769,Goddiva,1,,,,,,Womens,Dresses
https://www.awin1.com/pclick.php?p=36302416068&a=2771700&m=24726,Goddiva Embroidered Top Chiffon Pleated Midi - Black,36302416068,DR3802-BLACK-12,https://cdn.shopify.com/s/files/1/0487/8834/0899/files/DR3802_Black_1_front_1740489486.jpg,"This stunning midi dress is the perfect choice for any special occasion, from weddings to semi-formal events. Crafted from luxurious chiffon fabric, this black dress features delicate pleats that create a flowy and feminine silhouette.The flutter sleeves add a touch of whimsy and the embroidered sequin bodice adds just the right amount of sparkle to make you stand out in the crowd. The midi length makes this dress versatile enough to wear throughout the year, whether you pair it with sandals for a summer wedding or dress it up with heels and a clutch for a winter party. With its elegant design and attention to detail, this black occasion dress is sure to make you feel confident and beautiful. The combination of the flutter sleeves, sequin embroidery, and pleated chiffon create a unique and eye-catching look that is perfect for any special event. Don't miss out on the chance to add this stunning midi dress to your wardrobe!",Dresses,190,Goddiva,24726,Women's Dresses & Skirts,198,https://images2.productserve.com/?w=200&h=200&bg=white&trim=5&t=letterbox&url=ssl%3Acdn.shopify.com%2Fs%2Ffiles%2F1%2F0487%2F8834%2F0899%2Ffiles%2FDR3802_Black_1_front_1740489486.jpg&feedId=62769&k=bdc2675c77cd5adb62a4b398f6cd65334c0e0b1b,USD,,"Over $120 - Free Delivery, Less than $120 - $12",https://goddiva.us/products/goddiva-embroidered-top-chiffon-pleated-midi-black,,,USD190,62769,Goddiva,1,,,,,,Womens,Dresses
https://www.awin1.com/pclick.php?p=36426397551&a=2771700&m=24726,Goddiva Liquid Sequin Corsage Maxi - Silver,36426397551,DR4056-SILVER-14,https://cdn.shopify.com/s/files/1/0487/8834/0899/files/DR4056_SILVER_1062_front_1757335663.jpg,"Radiate glamour and confidence in the Goddiva Liquid Sequin Corsage Maxi Dress from our new Old Hollywood Collection. It is the embodiment of evening dresses. This stunning silver dress features a captivating plunge v-neckline, elegant long sleeves, a luxurious velvet waistband, and a charming corsage detail, making it the ultimate choice for formal parties, formal events, prom, black tie affairs, and exquisite Galas. With its liquid sequin allure, this silver evening occasion dress exudes sophistication and style. The plunge v-neckline adds a touch of allure, while the velvet waistband cinches your silhouette, creating a timeless and flattering look. Our Liquid Sequin Corsage Maxi Dress is your top pick for making a grand entrance at any formal gathering. Whether you're attending a black-tie Gala or celebrating a special prom night, this silver dress ensures you shine with grace and poise. Choose this exceptional sequin dress to make every occasion extraordinary.",Dresses,116,Goddiva,24726,Women's Dresses & Skirts,198,https://images2.productserve.com/?w=200&h=200&bg=white&trim=5&t=letterbox&url=ssl%3Acdn.shopify.com%2Fs%2Ffiles%2F1%2F0487%2F8834%2F0899%2Ffiles%2FDR4056_SILVER_1062_front_1757335663.jpg&feedId=62769&k=1e8e97f07979b8e59e76a7c01949cfdfdbbbe954,USD,,"Over $120 - Free Delivery, Less than $120 - $12",https://goddiva.us/products/goddiva-liquid-sequin-corsage-maxi-silver,,,USD170,62769,Goddiva,1,,,,,,Womens,Dresses
https://www.awin1.com/pclick.php?p=36455582403&a=2771700&m=24726,Goddiva Racer Neck Corsage Scuba Maxi - Black,36455582403,DR4053-BLACK-12,https://cdn.shopify.com/s/files/1/0487/8834/0899/files/DR4053_BLACK_3878_front_1770808554.jpg,"Unveil your inner elegance with the Goddiva Racer Neck Corsage Scuba Maxi Dress, a sublime choice for a spectrum of special occasions. The unique racer-style neckline and sleeveless design lend a contemporary touch to this black dress, while the exquisite corsage detail at the neck adds a distinctive charm. Constructed from luxurious scuba crepe material, this black maxi dress effortlessly skims over your body showing off your sensational silhouette. It's the ideal choice for formal parties, black-tie events, galas, proms, and even a graceful bridesmaid dress. Let your style shine at any event with the Racer Neck Corsage Scuba Maxi Dress, your versatile occasion dress that radiates sophistication and allure.",Dresses,116,Goddiva,24726,Women's Dresses & Skirts,198,https://images2.productserve.com/?w=200&h=200&bg=white&trim=5&t=letterbox&url=ssl%3Acdn.shopify.com%2Fs%2Ffiles%2F1%2F0487%2F8834%2F0899%2Ffiles%2FDR4053_BLACK_3878_front_1770808554.jpg&feedId=62769&k=8ef6b61d95f65ca854f42371e08d0bc30f024b67,USD,,"Over $120 - Free Delivery, Less than $120 - $12",https://goddiva.us/products/goddiva-racer-neck-corsage-scuba-maxi-black,,,USD116,62769,Goddiva,1,,,,,,Womens,Dresses
https://www.awin1.com/pclick.php?p=36302416321&a=2771700&m=24726,Goddiva Satin Flutter Sleeve Mermaid Maxi - Black,36302416321,DR3954-BLACK-14,https://cdn.shopify.com/s/files/1/0487/8834/0899/files/dr3954_black_front_1764666477.jpg,"The epitome of elegance and sophistication. Our stunning black satin flutter sleeve mermaid maxi is designed with meticulous attention to detail, this exquisite dress is the perfect choice for any special occasion. Crafted from luxurious satin fabric, this black maxi dress drapes gracefully, creating a mesmerising silhouette that will leave a lasting impression. The satin material adds a touch of lustrous beauty, making it a standout piece for evening events, weddings, and even as a stunning bridesmaid ensemble. The flutter sleeves add a whimsical and feminine touch, creating an ethereal aura as you move. The cut accentuates your curves, hugging your figure in all the right places and exuding an air of timeless glamour. Whether you're attending a black-tie affair or a lavish cocktail party, this black satin flutter sleeve mermaid maxi is designed to make you feel like the belle of the ball. Its versatility allows you to accessorise and style it to match your personal taste and the event's theme. Step into the limelight with confidence and grace in this enchanting gown. Embrace the allure of satin, the elegance of a maxi length, and the feminine charm of flutter sleeves. Make a statement and create unforgettable memories with our Satin Flutter Sleeve Mermaid Maxi.",Dresses,116,Goddiva,24726,Women's Dresses & Skirts,198,https://images2.productserve.com/?w=200&h=200&bg=white&trim=5&t=letterbox&url=ssl%3Acdn.shopify.com%2Fs%2Ffiles%2F1%2F0487%2F8834%2F0899%2Ffiles%2Fdr3954_black_front_1764666477.jpg&feedId=62769&k=9e8e9c0ba014a689be64790ff596de129ab89ff9,USD,,"Over $120 - Free Delivery, Less than $120 - $12",https://goddiva.us/products/goddiva-satin-flutter-sleeve-mermaid-maxi-black,,,USD116,62769,Goddiva,1,,,,,,Womens,Dresses
https://www.awin1.com/pclick.php?p=36455582402&a=2771700&m=24726,Goddiva Racer Neck Corsage Scuba Maxi - Black,36455582402,DR4053-BLACK-10,https://cdn.shopify.com/s/files/1/0487/8834/0899/files/DR4053_BLACK_3878_front_1770808554.jpg,"Unveil your inner elegance with the Goddiva Racer Neck Corsage Scuba Maxi Dress, a sublime choice for a spectrum of special occasions. The unique racer-style neckline and sleeveless design lend a contemporary touch to this black dress, while the exquisite corsage detail at the neck adds a distinctive charm. Constructed from luxurious scuba crepe material, this black maxi dress effortlessly skims over your body showing off your sensational silhouette. It's the ideal choice for formal parties, black-tie events, galas, proms, and even a graceful bridesmaid dress. Let your style shine at any event with the Racer Neck Corsage Scuba Maxi Dress, your versatile occasion dress that radiates sophistication and allure.",Dresses,116,Goddiva,24726,Women's Dresses & Skirts,198,https://images2.productserve.com/?w=200&h=200&bg=white&trim=5&t=letterbox&url=ssl%3Acdn.shopify.com%2Fs%2Ffiles%2F1%2F0487%2F8834%2F0899%2Ffiles%2FDR4053_BLACK_3878_front_1770808554.jpg&feedId=62769&k=8ef6b61d95f65ca854f42371e08d0bc30f024b67,USD,,"Over $120 - Free Delivery, Less than $120 - $12",https://goddiva.us/products/goddiva-racer-neck-corsage-scuba-maxi-black,,,USD116,62769,Goddiva,1,,,,,,Womens,Dresses
https://www.awin1.com/pclick.php?p=35776953457&a=2771700&m=24726,Goddiva Lurex Bardot Maxi With Waterfall Ruffle - Blush,35776953457,DR4093-BLUSH-12,https://cdn.shopify.com/s/files/1/0487/8834/0899/files/DR4093_BLUSH_34216_front_1767716020.jpg,"This stunning Lurex Bardot Maxi is a sparkling evening dress that's perfect for any special occasion. With a breathtaking waterfall ruffle, flirty front thigh split and a classic maxi length, this blush dress is sure to turn heads. It's ideal for bridesmaids or anyone looking to make a statement at an event. Exuding elegance and glamour, this pink dress is made from high-quality materials to ensure a comfortable and flattering fit. Don't miss out on this must-have addition to your evening wear wardrobe.",Dresses,116,Goddiva,24726,Women's Dresses & Skirts,198,https://images2.productserve.com/?w=200&h=200&bg=white&trim=5&t=letterbox&url=ssl%3Acdn.shopify.com%2Fs%2Ffiles%2F1%2F0487%2F8834%2F0899%2Ffiles%2FDR4093_BLUSH_34216_front_1767716020.jpg&feedId=62769&k=29995132f170cebed5c568613d5ccb64c5c7784f,USD,,"Over $120 - Free Delivery, Less than $120 - $12",https://goddiva.us/products/goddiva-lurex-bardot-maxi-with-waterfall-ruffle-blush,,,USD116,62769,Goddiva,1,,,,,,Womens,Dresses
https://www.awin1.com/pclick.php?p=36169621934&a=2771700&m=24726,Goddiva Off The Shoulder Princess Maxi Dress - Hot Pink,36169621934,DR3322A-HOTPINK-12,https://cdn.shopify.com/s/files/1/0487/8834/0899/files/DR3322A_HOTPINK_0004_front_1770733971.jpg,"The dress of dreams has landed. This gorgeous Off The Shoulder Princess Maxi is the definition of a princess dress. With its off the shoulder style teamed with its mesh draped sleeves and double layered mesh a-line skirt, this long occasion dress is screaming Cinderella! In its dreamy hotpink never-failing dress is worth every penny. This fairytale inspired dress is a perfect pick for prom, bridesmaids and for those maids of honour you want to stand out as much as you on your big day. In its whimsical hotpink this dress is ticking boxes for any occasion. This is definitely one of the most beautiful dresses you will ever see, so why not own it so you can look at it whenever you want. Give yourself the opportunity to feel like a princess every time you step into this darling hotpink number.",Dresses,116,Goddiva,24726,Women's Dresses & Skirts,198,https://images2.productserve.com/?w=200&h=200&bg=white&trim=5&t=letterbox&url=ssl%3Acdn.shopify.com%2Fs%2Ffiles%2F1%2F0487%2F8834%2F0899%2Ffiles%2FDR3322A_HOTPINK_0004_front_1770733971.jpg&feedId=62769&k=77f383d6e60329c5739725b9603d1114e67409d0,USD,,"Over $120 - Free Delivery, Less than $120 - $12",https://goddiva.us/products/goddiva-off-the-shoulder-princess-maxi-dress-hotpink,,,USD174,62769,Goddiva,1,,,,,,Womens,Dresses
https://www.awin1.com/pclick.php?p=36479136352&a=2771700&m=24726,Goddiva One Shoulder Sequin Evening Maxi - Emerald Green,36479136352,DR4069-EMERALD-12,https://cdn.shopify.com/s/files/1/0487/8834/0899/files/DR4069_EMERLAD_2217_front_1761930791.jpg,"Prepare to make a grand entrance in our One Shoulder Sequin Evening Maxi Dress, a true masterpiece in modern evening fashion. Featuring a bold and eye-catching asymmetric neckline and a unique one-shoulder design with an alluring cut-out detail, this emerald dress is the ultimate choice for a wide array of special occasions. It's your passport to being the star of the show at formal events, prestigious black-tie gatherings, memorable special occasions, opulent galas, and it even shines as a standout option for prom and bridesmaids. The entire gown is meticulously adorned with a breathtaking all-over sequin design, ensuring you'll sparkle and shimmer under the mesmerizing evening lights. This emerald sequin night dress seamlessly bridges the worlds of maxi dresses and high-end evening wear, offering a blend of style, sophistication, and unparalleled allure. Whether you're stepping onto the red carpet at a high-profile gala or making a memorable appearance as a bridesmaid at a wedding, our One Shoulder Sequin Evening Maxi Dress is tailored to make you stand out. It's not just a dress; it's a statement of confidence, elegance, and glamour. Embrace the spotlight and treasure every moment in this remarkable emerald gown that is destined to create lasting memories. Don't settle for the ordinary  choose our One Shoulder Sequin Evening Maxi Dress for an extraordinary and unforgettable evening.",Dresses,156,Goddiva,24726,Women's Dresses & Skirts,198,https://images2.productserve.com/?w=200&h=200&bg=white&trim=5&t=letterbox&url=ssl%3Acdn.shopify.com%2Fs%2Ffiles%2F1%2F0487%2F8834%2F0899%2Ffiles%2FDR4069_EMERLAD_2217_front_1761930791.jpg&feedId=62769&k=bb36aca47e88ab7c5860eb75a294bda2fc871582,USD,,"Over $120 - Free Delivery, Less than $120 - $12",https://goddiva.us/products/goddiva-one-shoulder-sequin-evening-maxi-emerald,,,USD156,62769,Goddiva,1,,,,,,Womens,Dresses
https://www.awin1.com/pclick.php?p=36455582401&a=2771700&m=24726,Goddiva Racer Neck Corsage Scuba Maxi - Black,36455582401,DR4053-BLACK-8,https://cdn.shopify.com/s/files/1/0487/8834/0899/files/DR4053_BLACK_3878_front_1770808554.jpg,"Unveil your inner elegance with the Goddiva Racer Neck Corsage Scuba Maxi Dress, a sublime choice for a spectrum of special occasions. The unique racer-style neckline and sleeveless design lend a contemporary touch to this black dress, while the exquisite corsage detail at the neck adds a distinctive charm. Constructed from luxurious scuba crepe material, this black maxi dress effortlessly skims over your body showing off your sensational silhouette. It's the ideal choice for formal parties, black-tie events, galas, proms, and even a graceful bridesmaid dress. Let your style shine at any event with the Racer Neck Corsage Scuba Maxi Dress, your versatile occasion dress that radiates sophistication and allure.",Dresses,116,Goddiva,24726,Women's Dresses & Skirts,198,https://images2.productserve.com/?w=200&h=200&bg=white&trim=5&t=letterbox&url=ssl%3Acdn.shopify.com%2Fs%2Ffiles%2F1%2F0487%2F8834%2F0899%2Ffiles%2FDR4053_BLACK_3878_front_1770808554.jpg&feedId=62769&k=8ef6b61d95f65ca854f42371e08d0bc30f024b67,USD,,"Over $120 - Free Delivery, Less than $120 - $12",https://goddiva.us/products/goddiva-racer-neck-corsage-scuba-maxi-black,,,USD116,62769,Goddiva,1,,,,,,Womens,Dresses
https://www.awin1.com/pclick.php?p=36479136350&a=2771700&m=24726,Goddiva One Shoulder Sequin Evening Maxi - Emerald Green,36479136350,DR4069-EMERALD-8,https://cdn.shopify.com/s/files/1/0487/8834/0899/files/DR4069_EMERLAD_2217_front_1761930791.jpg,"Prepare to make a grand entrance in our One Shoulder Sequin Evening Maxi Dress, a true masterpiece in modern evening fashion. Featuring a bold and eye-catching asymmetric neckline and a unique one-shoulder design with an alluring cut-out detail, this emerald dress is the ultimate choice for a wide array of special occasions. It's your passport to being the star of the show at formal events, prestigious black-tie gatherings, memorable special occasions, opulent galas, and it even shines as a standout option for prom and bridesmaids. The entire gown is meticulously adorned with a breathtaking all-over sequin design, ensuring you'll sparkle and shimmer under the mesmerizing evening lights. This emerald sequin night dress seamlessly bridges the worlds of maxi dresses and high-end evening wear, offering a blend of style, sophistication, and unparalleled allure. Whether you're stepping onto the red carpet at a high-profile gala or making a memorable appearance as a bridesmaid at a wedding, our One Shoulder Sequin Evening Maxi Dress is tailored to make you stand out. It's not just a dress; it's a statement of confidence, elegance, and glamour. Embrace the spotlight and treasure every moment in this remarkable emerald gown that is destined to create lasting memories. Don't settle for the ordinary  choose our One Shoulder Sequin Evening Maxi Dress for an extraordinary and unforgettable evening.",Dresses,156,Goddiva,24726,Women's Dresses & Skirts,198,https://images2.productserve.com/?w=200&h=200&bg=white&trim=5&t=letterbox&url=ssl%3Acdn.shopify.com%2Fs%2Ffiles%2F1%2F0487%2F8834%2F0899%2Ffiles%2FDR4069_EMERLAD_2217_front_1761930791.jpg&feedId=62769&k=bb36aca47e88ab7c5860eb75a294bda2fc871582,USD,,"Over $120 - Free Delivery, Less than $120 - $12",https://goddiva.us/products/goddiva-one-shoulder-sequin-evening-maxi-emerald,,,USD156,62769,Goddiva,1,,,,,,Womens,Dresses
https://www.awin1.com/pclick.php?p=35457894078&a=2771700&m=24726,Goddiva Off The Shoulder Sequin Wing Maxi Dress - Champagne,35457894078,DR3616-CHAMPAGNE-14,https://cdn.shopify.com/s/files/1/0487/8834/0899/files/DR3616_CHAMPAGNE_0326_front_1770734437.jpg,"Kill them with sparkles this season in this lavish gold/white off the shoulder sequin wing maxi dress by Goddiva. This legendary evening gown is hands-down the winner for this seasons events. A winning choice for brides, bridesmaids and prom. In its classic champagne/wonderful white, this sparkly off the shoulder number will make you feel like the goddess you are. It's off the shoulder style, floor length skirt finished with a mermaid hem and it's all over sequin design, this occasion dress is also fool-proof for wedding guests and formal events. With its affordable price, you will never find a dress with this finish for this price anywhere else. Its upward gathered detailing on the waist offers a decorative touch to this already sublime style, while its bodycon fit will enhance your sexy silhouette giving you the power to strut your stuff!",Dresses,170,Goddiva,24726,Women's Dresses & Skirts,198,https://images2.productserve.com/?w=200&h=200&bg=white&trim=5&t=letterbox&url=ssl%3Acdn.shopify.com%2Fs%2Ffiles%2F1%2F0487%2F8834%2F0899%2Ffiles%2FDR3616_CHAMPAGNE_0326_front_1770734437.jpg&feedId=62769&k=9259074e9814a1413be2207fd0db1033727d8f2d,USD,,"Over $120 - Free Delivery, Less than $120 - $12",https://goddiva.us/products/goddiva-off-the-shoulder-sequin-wing-maxi-dress-champagne,,,USD170,62769,Goddiva,1,,,,,,Womens,Dresses
https://www.awin1.com/pclick.php?p=36426397549&a=2771700&m=24726,Goddiva Liquid Sequin Corsage Maxi - Silver,36426397549,DR4056-SILVER-10,https://cdn.shopify.com/s/files/1/0487/8834/0899/files/DR4056_SILVER_1062_front_1757335663.jpg,"Radiate glamour and confidence in the Goddiva Liquid Sequin Corsage Maxi Dress from our new Old Hollywood Collection. It is the embodiment of evening dresses. This stunning silver dress features a captivating plunge v-neckline, elegant long sleeves, a luxurious velvet waistband, and a charming corsage detail, making it the ultimate choice for formal parties, formal events, prom, black tie affairs, and exquisite Galas. With its liquid sequin allure, this silver evening occasion dress exudes sophistication and style. The plunge v-neckline adds a touch of allure, while the velvet waistband cinches your silhouette, creating a timeless and flattering look. Our Liquid Sequin Corsage Maxi Dress is your top pick for making a grand entrance at any formal gathering. Whether you're attending a black-tie Gala or celebrating a special prom night, this silver dress ensures you shine with grace and poise. Choose this exceptional sequin dress to make every occasion extraordinary.",Dresses,116,Goddiva,24726,Women's Dresses & Skirts,198,https://images2.productserve.com/?w=200&h=200&bg=white&trim=5&t=letterbox&url=ssl%3Acdn.shopify.com%2Fs%2Ffiles%2F1%2F0487%2F8834%2F0899%2Ffiles%2FDR4056_SILVER_1062_front_1757335663.jpg&feedId=62769&k=1e8e97f07979b8e59e76a7c01949cfdfdbbbe954,USD,,"Over $120 - Free Delivery, Less than $120 - $12",https://goddiva.us/products/goddiva-liquid-sequin-corsage-maxi-silver,,,USD170,62769,Goddiva,1,,,,,,Womens,Dresses
https://www.awin1.com/pclick.php?p=37000150513&a=2771700&m=24726,Goddiva Pleated Satin Bodice High And Low Dress - Gray,37000150513,DR3337QZ-GREY-10,https://cdn.shopify.com/s/files/1/0487/8834/0899/files/DR3337_GREY_1675_front_1763479917.jpg,"Indulge in timeless elegance with our Pleated Satin Bodice High And Low Dress  a captivating blend of sophistication and grace designed for weddings, semi-formal occasions, and chic gatherings. The pleated satin bodice of this gray number exudes opulence and refinement, offering a luxurious touch to your ensemble. The structured bodice provides a flattering fit, highlighting your silhouette with poise and class. The high and low hemline adds a contemporary twist, ensuring you make a stylish statement at any event. Perfect for wedding guests and semi-formal affairs, this dress strikes the ideal balance between glamour and subtlety. The carefully crafted design ensures comfort without compromising on style, making it an excellent choice for those who appreciate both fashion and practicality. Embrace the allure of this exquisite gray dress, where every pleat and seam is a testament to impeccable craftsmanship. Elevate your presence at weddings, semi-formal occasions, and gatherings with this gray dress that seamlessly combines sophistication and modern flair.",Dresses,130,Goddiva,24726,Women's Dresses & Skirts,198,https://images2.productserve.com/?w=200&h=200&bg=white&trim=5&t=letterbox&url=ssl%3Acdn.shopify.com%2Fs%2Ffiles%2F1%2F0487%2F8834%2F0899%2Ffiles%2FDR3337_GREY_1675_front_1763479917.jpg&feedId=62769&k=9e42ba178b5b30c368992ae968a4e4010dc644c9,USD,,"Over $120 - Free Delivery, Less than $120 - $12",https://goddiva.us/products/goddiva-high-low-dress-with-pleated-bodice-maxi-dress-grey,,,USD130,62769,Goddiva,1,,,,,,Womens,Dresses
https://www.awin1.com/pclick.php?p=36479136297&a=2771700&m=24726,Goddiva Liquid Sequin Boobtube Midaxi With Corsage - Gold,36479136297,DR4126-GOLD-12,https://cdn.shopify.com/s/files/1/0487/8834/0899/files/DR4126_GOLD_02891_1762963845.jpg,"Get ready to shine and shimmer at your next party or special occasion with our Liquid Sequin Boobtube Midaxi Dress with Corsage. This gold dress is the epitome of glamour, designed to make you stand out with its captivating sequin dazzle. The bandeau boobtube neckline adds a touch of allure, showcasing your shoulders and collarbone beautifully. This gold dress is all about embracing your inner diva, and the bodycon fit ensures it hugs your curves in all the right places. The midaxi length strikes the perfect balance between a maxi and midi, allowing you to flaunt your style with confidence. Whether you're celebrating a special occasion or hitting the town for a night of fun, this gold dress will ensure you're the centre of attention. Dazzle and dance the night away with our Liquid Sequin Boobtube Midaxi Dress with Corsage. This dress is your passport to a night filled with excitement and unforgettable moments.",Dresses,118,Goddiva,24726,Women's Dresses & Skirts,198,https://images2.productserve.com/?w=200&h=200&bg=white&trim=5&t=letterbox&url=ssl%3Acdn.shopify.com%2Fs%2Ffiles%2F1%2F0487%2F8834%2F0899%2Ffiles%2FDR4126_GOLD_02891_1762963845.jpg&feedId=62769&k=b89f5ca231cc92a8690f5af0e7eb8de9294f4576,USD,,"Over $120 - Free Delivery, Less than $120 - $12",https://goddiva.us/products/goddiva-liquid-sequin-boobtube-midaxi-with-corsage-gold,,,USD118,62769,Goddiva,1,,,,,,Womens,Dresses
https://www.awin1.com/pclick.php?p=35776953434&a=2771700&m=24726,Goddiva Geometric Sequin Sleeveless Maxi - Black,35776953434,DR3461-BLACK-12,https://cdn.shopify.com/s/files/1/0487/8834/0899/files/DR3461_BLACK_1329_front_1761930703.jpg,"Make a sparkling statement at your next evening occasion with this gorgeous black Geometric Sequin Sleeveless Maxi. This stunning dress features a mesmerising geometric sequin pattern that catches the light from every angle, creating a dazzling effect that is sure to turn heads. With its sleeveless design and flowing maxi length, this black gold dress offers a chic and sophisticated look that is perfect for formal events, weddings, or any special occasion. Crafted from high-quality materials, this dress is both comfortable and durable, ensuring that you look and feel your best all night long. Whether you're dressing up for a red carpet event or a night out with friends, this Geometric Sequin Sleeveless Maxi is sure to be a showstopper.",Dresses,196,Goddiva,24726,Women's Dresses & Skirts,198,https://images2.productserve.com/?w=200&h=200&bg=white&trim=5&t=letterbox&url=ssl%3Acdn.shopify.com%2Fs%2Ffiles%2F1%2F0487%2F8834%2F0899%2Ffiles%2FDR3461_BLACK_1329_front_1761930703.jpg&feedId=62769&k=11ff8f979fea45d8eaf1c7ed3bd74f8b32318aaa,USD,,"Over $120 - Free Delivery, Less than $120 - $12",https://goddiva.us/products/goddiva-geometric-sequin-sleeveless-maxi-black,,,USD196,62769,Goddiva,1,,,,,,Womens,Dresses
https://www.awin1.com/pclick.php?p=36046163997&a=2771700&m=24726,Goddiva Satin & Scuba Off The Shoulder Maxi Dress - Red,36046163997,DR3460QZ-RED-12,https://cdn.shopify.com/s/files/1/0487/8834/0899/files/DR3460QZ_RED_5557_front_1752052117.jpg,"Goddiva Satin & Scuba Off The Shoulder Maxi is a corset top that features a satin off the shoulder detail. It's crafted from fine satin and scuba fabric to create a lightweight feel, while still providing structure and shape where needed. This evening occasion piece is ideal for proms, weddings, or any other special occasion! This classic red style is a must-have in every woman's wardrobe. This elegant style is giving Julia Robers in Pretty Woman vs Princess Diana vibes making it a worthy style for any woman with opulence and class. In its ravishing red color, this gown is ticking all the boxes. With its everlasting scuba crepe teamed with satin decor, and its trending thigh split, this occasion dress is waiting for you. Team with a messy up do, bold lip and sparkly heels to complete the look.",Dresses,116,Goddiva,24726,Women's Dresses & Skirts,198,https://images2.productserve.com/?w=200&h=200&bg=white&trim=5&t=letterbox&url=ssl%3Acdn.shopify.com%2Fs%2Ffiles%2F1%2F0487%2F8834%2F0899%2Ffiles%2FDR3460QZ_RED_5557_front_1752052117.jpg&feedId=62769&k=2829a7e0bf85499f4305178eb657bffc4b162110,USD,,"Over $120 - Free Delivery, Less than $120 - $12",https://goddiva.us/products/goddiva-satin-scuba-off-the-shoulder-maxi-dress-red,,,USD170,62769,Goddiva,1,,,,,,Womens,Dresses
https://www.awin1.com/pclick.php?p=36302416319&a=2771700&m=24726,Goddiva Satin Flutter Sleeve Mermaid Maxi - Black,36302416319,DR3954-BLACK-10,https://cdn.shopify.com/s/files/1/0487/8834/0899/files/dr3954_black_front_1764666477.jpg,"The epitome of elegance and sophistication. Our stunning black satin flutter sleeve mermaid maxi is designed with meticulous attention to detail, this exquisite dress is the perfect choice for any special occasion. Crafted from luxurious satin fabric, this black maxi dress drapes gracefully, creating a mesmerising silhouette that will leave a lasting impression. The satin material adds a touch of lustrous beauty, making it a standout piece for evening events, weddings, and even as a stunning bridesmaid ensemble. The flutter sleeves add a whimsical and feminine touch, creating an ethereal aura as you move. The cut accentuates your curves, hugging your figure in all the right places and exuding an air of timeless glamour. Whether you're attending a black-tie affair or a lavish cocktail party, this black satin flutter sleeve mermaid maxi is designed to make you feel like the belle of the ball. Its versatility allows you to accessorise and style it to match your personal taste and the event's theme. Step into the limelight with confidence and grace in this enchanting gown. Embrace the allure of satin, the elegance of a maxi length, and the feminine charm of flutter sleeves. Make a statement and create unforgettable memories with our Satin Flutter Sleeve Mermaid Maxi.",Dresses,116,Goddiva,24726,Women's Dresses & Skirts,198,https://images2.productserve.com/?w=200&h=200&bg=white&trim=5&t=letterbox&url=ssl%3Acdn.shopify.com%2Fs%2Ffiles%2F1%2F0487%2F8834%2F0899%2Ffiles%2Fdr3954_black_front_1764666477.jpg&feedId=62769&k=9e8e9c0ba014a689be64790ff596de129ab89ff9,USD,,"Over $120 - Free Delivery, Less than $120 - $12",https://goddiva.us/products/goddiva-satin-flutter-sleeve-mermaid-maxi-black,,,USD116,62769,Goddiva,1,,,,,,Womens,Dresses
https://www.awin1.com/pclick.php?p=35927162025&a=2771700&m=24726,Goddiva Cowl Neck Chiffon Maxi Dress - Sage Green,35927162025,DR3335A-SAGEGREEN-10,https://cdn.shopify.com/s/files/1/0487/8834/0899/files/IMG_5729aaa_1740995511_1741019870_1745405834.jpg,"The Goddiva Cowl Neck Chiffon Maxi is the ultimate bridesmaid dress, with a flattering cowl neckline and an off the shoulder style. This sage green maxi dress has an A-line skirt that flows beautifully as you walk down the aisle. Available in different colors, this maxi dress is perfect for any special occasion. This long summer maxi dress is the epitome of chic. The satin belt at the waist emphasises your curves and flatters your silhouette. This stunning green bridesmaids dress will make any bride happy. This stunning maxi is a must-have for your special day and is an easy to wear, simple silhouette and yet so elegant. Whether for bridesmaids, maid of honour or even prom, this gorgeous long occasion dress was made with you in mind.",Dresses,137,Goddiva,24726,Women's Dresses & Skirts,198,https://images2.productserve.com/?w=200&h=200&bg=white&trim=5&t=letterbox&url=ssl%3Acdn.shopify.com%2Fs%2Ffiles%2F1%2F0487%2F8834%2F0899%2Ffiles%2FIMG_5729aaa_1740995511_1741019870_1745405834.jpg&feedId=62769&k=d3922b05e8904c9c3e3d10880df585b3b521c80a,USD,,"Over $120 - Free Delivery, Less than $120 - $12",https://goddiva.us/products/goddiva-cowl-neck-chiffon-maxi-dress-sage-green,,,USD196,62769,Goddiva,1,,,,,,Womens,Dresses
https://www.awin1.com/pclick.php?p=36426397545&a=2771700&m=24726,Goddiva Liquid Sequin Corsage Maxi Dress - Gold,36426397545,DR4056-GOLD-14,https://cdn.shopify.com/s/files/1/0487/8834/0899/files/DR4056_GOLD_1220_front_1754300326.jpg,"Radiate glamour and confidence in the Goddiva Liquid Sequin Corsage Maxi Dress from our new Old Hollywood Collection. It is the embodiment of evening dresses. This stunning gold dress features a captivating plunge v-neckline, elegant long sleeves, a luxurious velvet waistband, and a charming corsage detail, making it the ultimate choice for formal parties, formal events, prom, black tie affairs, and exquisite Galas. With its liquid sequin allure, this gold evening occasion dress exudes sophistication and style. The plunge v-neckline adds a touch of allure, while the velvet waistband cinches your silhouette, creating a timeless and flattering look. Our Liquid Sequin Corsage Maxi Dress is your top pick for making a grand entrance at any formal gathering. Whether you're attending a black-tie Gala or celebrating a special prom night, this gold dress ensures you shine with grace and poise. Choose this exceptional sequin dress to make every occasion extraordinary.",Dresses,116,Goddiva,24726,Women's Dresses & Skirts,198,https://images2.productserve.com/?w=200&h=200&bg=white&trim=5&t=letterbox&url=ssl%3Acdn.shopify.com%2Fs%2Ffiles%2F1%2F0487%2F8834%2F0899%2Ffiles%2FDR4056_GOLD_1220_front_1754300326.jpg&feedId=62769&k=e71277c41501742a9f2d19d9ab06cfed0cfe7d21,USD,,"Over $120 - Free Delivery, Less than $120 - $12",https://goddiva.us/products/goddiva-liquid-sequin-corsage-maxi-gold,,,USD170,62769,Goddiva,1,,,,,,Womens,Dresses
https://www.awin1.com/pclick.php?p=36426397745&a=2771700&m=24726,Goddiva Square Neck Scalloped Lace Maxi - Black,36426397745,DR4016-BLACK-10,https://cdn.shopify.com/s/files/1/0487/8834/0899/files/DR4016_black_Front_1764921225.jpg,"Elegance meets sophistication in our Square Neck Scalloped Lace Maxi Dress, the perfect choice for evening dresses, formal dresses, and special occasion wear. This black dress, with its square neckline, three-quarter sleeves, and exquisite embroidered sequin detailing on the lace, is designed to make you stand out at formal parties, wedding events, and black-tie occasions. With its timeless style and attention to detail, this black  occasion dress is ideal for wedding guests and those who want to make a statement as the mother of the bride. The square neckline adds a touch of vintage charm, while the scalloped lace and sequin embellishments provide a subtle touch of glamour. Whether you're attending a black-tie event or a formal party, this black Square Neck Scalloped Lace Maxi Dress ensures you exude elegance and grace. Make every moment a special one with this stunning dress. It's your go-to choice for those unforgettable occasions where you want to feel confident and stylish.",Dresses,130,Goddiva,24726,Women's Dresses & Skirts,198,https://images2.productserve.com/?w=200&h=200&bg=white&trim=5&t=letterbox&url=ssl%3Acdn.shopify.com%2Fs%2Ffiles%2F1%2F0487%2F8834%2F0899%2Ffiles%2FDR4016_black_Front_1764921225.jpg&feedId=62769&k=63747594cf8edfd0712155b955e7a7827d269579,USD,,"Over $120 - Free Delivery, Less than $120 - $12",https://goddiva.us/products/goddiva-square-neck-scalloped-lace-maxi-black,,,USD190,62769,Goddiva,1,,,,,,Womens,Dresses
https://www.awin1.com/pclick.php?p=35776953439&a=2771700&m=24726,Goddiva Geometric Sequin Sleeveless Maxi - Royal Blue,35776953439,DR3461-ROYALBLUE-10,https://cdn.shopify.com/s/files/1/0487/8834/0899/files/DR3461_ROYALBLUE_1313_front_1761930683.jpg,"Make a sparkling statement at your next evening occasion with this gorgeous royal blue Geometric Sequin Sleeveless Maxi. This stunning dress features a mesmerising geometric sequin pattern that catches the light from every angle, creating a dazzling effect that is sure to turn heads. With its sleeveless design and flowing maxi length, this cobalt blue dress offers a chic and sophisticated look that is perfect for formal events, weddings, or any special occasion. Crafted from high-quality materials, this dress is both comfortable and durable, ensuring that you look and feel your best all night long. Whether you're dressing up for a red carpet event or a night out with friends, this Geometric Sequin Sleeveless Maxi is sure to be a showstopper.",Dresses,196,Goddiva,24726,Women's Dresses & Skirts,198,https://images2.productserve.com/?w=200&h=200&bg=white&trim=5&t=letterbox&url=ssl%3Acdn.shopify.com%2Fs%2Ffiles%2F1%2F0487%2F8834%2F0899%2Ffiles%2FDR3461_ROYALBLUE_1313_front_1761930683.jpg&feedId=62769&k=5ed811a903750f788234f8486f1b5d88f4209b86,USD,,"Over $120 - Free Delivery, Less than $120 - $12",https://goddiva.us/products/goddiva-geometric-sequin-sleeveless-maxi-royal-blue,,,USD196,62769,Goddiva,1,,,,,,Womens,Dresses
https://www.awin1.com/pclick.php?p=36046163996&a=2771700&m=24726,Goddiva Satin & Scuba Off The Shoulder Maxi Dress - Red,36046163996,DR3460QZ-RED-10,https://cdn.shopify.com/s/files/1/0487/8834/0899/files/DR3460QZ_RED_5557_front_1752052117.jpg,"Goddiva Satin & Scuba Off The Shoulder Maxi is a corset top that features a satin off the shoulder detail. It's crafted from fine satin and scuba fabric to create a lightweight feel, while still providing structure and shape where needed. This evening occasion piece is ideal for proms, weddings, or any other special occasion! This classic red style is a must-have in every woman's wardrobe. This elegant style is giving Julia Robers in Pretty Woman vs Princess Diana vibes making it a worthy style for any woman with opulence and class. In its ravishing red color, this gown is ticking all the boxes. With its everlasting scuba crepe teamed with satin decor, and its trending thigh split, this occasion dress is waiting for you. Team with a messy up do, bold lip and sparkly heels to complete the look.",Dresses,116,Goddiva,24726,Women's Dresses & Skirts,198,https://images2.productserve.com/?w=200&h=200&bg=white&trim=5&t=letterbox&url=ssl%3Acdn.shopify.com%2Fs%2Ffiles%2F1%2F0487%2F8834%2F0899%2Ffiles%2FDR3460QZ_RED_5557_front_1752052117.jpg&feedId=62769&k=2829a7e0bf85499f4305178eb657bffc4b162110,USD,,"Over $120 - Free Delivery, Less than $120 - $12",https://goddiva.us/products/goddiva-satin-scuba-off-the-shoulder-maxi-dress-red,,,USD170,62769,Goddiva,1,,,,,,Womens,Dresses
https://www.awin1.com/pclick.php?p=36046163998&a=2771700&m=24726,Goddiva Satin & Scuba Off The Shoulder Maxi Dress - Red,36046163998,DR3460QZ-RED-14,https://cdn.shopify.com/s/files/1/0487/8834/0899/files/DR3460QZ_RED_5557_front_1752052117.jpg,"Goddiva Satin & Scuba Off The Shoulder Maxi is a corset top that features a satin off the shoulder detail. It's crafted from fine satin and scuba fabric to create a lightweight feel, while still providing structure and shape where needed. This evening occasion piece is ideal for proms, weddings, or any other special occasion! This classic red style is a must-have in every woman's wardrobe. This elegant style is giving Julia Robers in Pretty Woman vs Princess Diana vibes making it a worthy style for any woman with opulence and class. In its ravishing red color, this gown is ticking all the boxes. With its everlasting scuba crepe teamed with satin decor, and its trending thigh split, this occasion dress is waiting for you. Team with a messy up do, bold lip and sparkly heels to complete the look.",Dresses,116,Goddiva,24726,Women's Dresses & Skirts,198,https://images2.productserve.com/?w=200&h=200&bg=white&trim=5&t=letterbox&url=ssl%3Acdn.shopify.com%2Fs%2Ffiles%2F1%2F0487%2F8834%2F0899%2Ffiles%2FDR3460QZ_RED_5557_front_1752052117.jpg&feedId=62769&k=2829a7e0bf85499f4305178eb657bffc4b162110,USD,,"Over $120 - Free Delivery, Less than $120 - $12",https://goddiva.us/products/goddiva-satin-scuba-off-the-shoulder-maxi-dress-red,,,USD170,62769,Goddiva,1,,,,,,Womens,Dresses
https://www.awin1.com/pclick.php?p=36365766645&a=2771700&m=24726,Goddiva Long Sleeve Sequin Flame Maxi - Solid Black,36365766645,DR3486-SOLIDBLACK-12,https://cdn.shopify.com/s/files/1/0487/8834/0899/products/DR3486_solidblack_front_l_1694787916.jpg,"For that elegant black tie event, this black long sleeve sequin maxi will be the perfect addition to your wardrobe. The Long Sleeve Sequin Flame Maxi is a gorgeous evening dress with an elegant and classy look. It features a sheer mesh round neckline and sheer long sleeves, which highlight the elegance of the wearer. The sequin detailing of this formal black gown sparkles brilliantly in the light, adding a touch of glamour to your look. With its delicate mesh and sparkling sequin embellishment, designed in a flame pattern, this dress is the hottest dress of the season! This sparkling number is a must-buy for your upcoming events this season; whether it be for a black tie event, prom, wedding or formal party, this is the only gown you need.",Dresses,150,Goddiva,24726,Women's Dresses & Skirts,198,https://images2.productserve.com/?w=200&h=200&bg=white&trim=5&t=letterbox&url=ssl%3Acdn.shopify.com%2Fs%2Ffiles%2F1%2F0487%2F8834%2F0899%2Fproducts%2FDR3486_solidblack_front_l_1694787916.jpg&feedId=62769&k=b04e70c8159a0abb146371721e8876c847495cfa,USD,,"Over $120 - Free Delivery, Less than $120 - $12",https://goddiva.us/products/goddiva-long-sleeve-sequin-flame-maxi-solid-black,,,USD240,62769,Goddiva,1,,,,,,Womens,Dresses
https://www.awin1.com/pclick.php?p=35927162018&a=2771700&m=24726,Goddiva Cowl Neck Chiffon Maxi Dress - Purple,35927162018,DR3335A-PURPLE-8,https://cdn.shopify.com/s/files/1/0487/8834/0899/files/DR3335A_purple_0068_front-1_1740654924.jpg,"The Goddiva Cowl Neck Chiffon Maxi is the ultimate bridesmaid dress, with a flattering cowl neckline and an off the shoulder style. This sage green maxi dress has an A-line skirt that flows beautifully as you walk down the aisle. Available in different colors, this maxi dress is perfect for any special occasion. This long summer maxi dress is the epitome of chic. The satin belt at the waist emphasises your curves and flatters your silhouette. This stunning green bridesmaids dress will make any bride happy. This stunning maxi is a must-have for your special day and is an easy to wear, simple silhouette and yet so elegant. Whether for bridesmaids, maid of honour or even prom, this gorgeous long occasion dress was made with you in mind.",Dresses,161,Goddiva,24726,Women's Dresses & Skirts,198,https://images2.productserve.com/?w=200&h=200&bg=white&trim=5&t=letterbox&url=ssl%3Acdn.shopify.com%2Fs%2Ffiles%2F1%2F0487%2F8834%2F0899%2Ffiles%2FDR3335A_purple_0068_front-1_1740654924.jpg&feedId=62769&k=41cbd895ed63b70c2af6832fdd1810bd16ee2210,USD,,"Over $120 - Free Delivery, Less than $120 - $12",https://goddiva.us/products/goddiva-cowl-neck-chiffon-maxi-dress-purple,,,USD196,62769,Goddiva,1,,,,,,Womens,Dresses
https://www.awin1.com/pclick.php?p=35880766400&a=2771700&m=24726,Goddiva Floral Printed Chiffon Ruffle Maxi - Blue,35880766400,DR3750-BLUE-10,https://cdn.shopify.com/s/files/1/0487/8834/0899/files/DR3750_blue_2421_front_1767706046.jpg,"Our stunning blue floral printed chiffon ruffle maxi dress - is the perfect summer dress for any occasion! With its elegant floral pattern and flowy silhouette, this dress exudes a playful yet sophisticated vibe, making it an ideal choice for both casual summer days and semi-formal occasions. This printed white chiffon dress is designed to keep you cool and comfortable even on the hottest days. The dress features a flirty ruffle design that adds a touch of femininity and elegance, making it an excellent choice for a wedding guest or any special event. This versatile blue summer dress is a must-have addition to your wardrobe, as it can be dressed up or down depending on the occasion. Pair it with your favourite sandals for a casual daytime look, or dress it up with heels and statement jewellery for a more formal event. This white floral dress is perfect for summer outings, garden parties, and other outdoor events, where you want to look chic and stylish while staying comfortable. The bold floral print adds a pop of color and vibrancy to your wardrobe, making you stand out from the crowd. Don't miss out on this stunning occasion dress - order yours today and be the best-dressed guest at any event!",Dresses,130,Goddiva,24726,Women's Dresses & Skirts,198,https://images2.productserve.com/?w=200&h=200&bg=white&trim=5&t=letterbox&url=ssl%3Acdn.shopify.com%2Fs%2Ffiles%2F1%2F0487%2F8834%2F0899%2Ffiles%2FDR3750_blue_2421_front_1767706046.jpg&feedId=62769&k=f42291cdb38da5b6e770a13cf9c7d12770ef7216,USD,,"Over $120 - Free Delivery, Less than $120 - $12",https://goddiva.us/products/goddiva-floral-printed-chiffon-ruffle-maxi-blue,,,USD130,62769,Goddiva,1,,,,,,Womens,Dresses
https://www.awin1.com/pclick.php?p=36479136295&a=2771700&m=24726,Goddiva Liquid Sequin Boobtube Midaxi With Corsage - Gold,36479136295,DR4126-GOLD-8,https://cdn.shopify.com/s/files/1/0487/8834/0899/files/DR4126_GOLD_02891_1762963845.jpg,"Get ready to shine and shimmer at your next party or special occasion with our Liquid Sequin Boobtube Midaxi Dress with Corsage. This gold dress is the epitome of glamour, designed to make you stand out with its captivating sequin dazzle. The bandeau boobtube neckline adds a touch of allure, showcasing your shoulders and collarbone beautifully. This gold dress is all about embracing your inner diva, and the bodycon fit ensures it hugs your curves in all the right places. The midaxi length strikes the perfect balance between a maxi and midi, allowing you to flaunt your style with confidence. Whether you're celebrating a special occasion or hitting the town for a night of fun, this gold dress will ensure you're the centre of attention. Dazzle and dance the night away with our Liquid Sequin Boobtube Midaxi Dress with Corsage. This dress is your passport to a night filled with excitement and unforgettable moments.",Dresses,118,Goddiva,24726,Women's Dresses & Skirts,198,https://images2.productserve.com/?w=200&h=200&bg=white&trim=5&t=letterbox&url=ssl%3Acdn.shopify.com%2Fs%2Ffiles%2F1%2F0487%2F8834%2F0899%2Ffiles%2FDR4126_GOLD_02891_1762963845.jpg&feedId=62769&k=b89f5ca231cc92a8690f5af0e7eb8de9294f4576,USD,,"Over $120 - Free Delivery, Less than $120 - $12",https://goddiva.us/products/goddiva-liquid-sequin-boobtube-midaxi-with-corsage-gold,,,USD118,62769,Goddiva,1,,,,,,Womens,Dresses
https://www.awin1.com/pclick.php?p=36426397683&a=2771700&m=24726,Goddiva Scalloped Lace Maxi Dress - Black,36426397683,DR3897-BLACK-14,https://cdn.shopify.com/s/files/1/0487/8834/0899/files/DR3897_BLACK_855_front_1754299726.jpg,"Indulge in the allure of lace, embrace the charm of scalloped details, and revel in the sophistication of a maxi dress that is both classic and contemporary. The Goddiva Scalloped Lace Maxi Dress, a timeless masterpiece that blends classic charm with contemporary grace. This enchanting black dress features a luxurious Lace V-neckline and alluring Three Quarter Sleeves, offering you a refined and romantic look for any special occasion.Crafted with meticulous attention to detail, this dress is not just a sight to behold; it's a delight to wear. This black lace number ensures comfort and confidence as you glide through your day or evening event. The Scallop Detailing on the Hem and Neckline adds a touch of sophistication, making you the centre of attention wherever you go. Whether you're attending a wedding, a gala, or a fancy soire, our Scalloped Lace Maxi Dress will make you feel exquisite and self-assured. Order yours today and experience the epitome of timeless style, available in various sizes and colors to suit your personal taste.",Dresses,170,Goddiva,24726,Women's Dresses & Skirts,198,https://images2.productserve.com/?w=200&h=200&bg=white&trim=5&t=letterbox&url=ssl%3Acdn.shopify.com%2Fs%2Ffiles%2F1%2F0487%2F8834%2F0899%2Ffiles%2FDR3897_BLACK_855_front_1754299726.jpg&feedId=62769&k=84c73964adb6bd0b3324eecfd9cdf25d05572798,USD,,"Over $120 - Free Delivery, Less than $120 - $12",https://goddiva.us/products/goddiva-scalloped-lace-maxi-dress-black,,,USD280,62769,Goddiva,1,,,,,,Womens,Dresses
https://www.awin1.com/pclick.php?p=36426397680&a=2771700&m=24726,Goddiva Scalloped Lace Maxi Dress - Black,36426397680,DR3897-BLACK-8,https://cdn.shopify.com/s/files/1/0487/8834/0899/files/DR3897_BLACK_855_front_1754299726.jpg,"Indulge in the allure of lace, embrace the charm of scalloped details, and revel in the sophistication of a maxi dress that is both classic and contemporary. The Goddiva Scalloped Lace Maxi Dress, a timeless masterpiece that blends classic charm with contemporary grace. This enchanting black dress features a luxurious Lace V-neckline and alluring Three Quarter Sleeves, offering you a refined and romantic look for any special occasion.Crafted with meticulous attention to detail, this dress is not just a sight to behold; it's a delight to wear. This black lace number ensures comfort and confidence as you glide through your day or evening event. The Scallop Detailing on the Hem and Neckline adds a touch of sophistication, making you the centre of attention wherever you go. Whether you're attending a wedding, a gala, or a fancy soire, our Scalloped Lace Maxi Dress will make you feel exquisite and self-assured. Order yours today and experience the epitome of timeless style, available in various sizes and colors to suit your personal taste.",Dresses,170,Goddiva,24726,Women's Dresses & Skirts,198,https://images2.productserve.com/?w=200&h=200&bg=white&trim=5&t=letterbox&url=ssl%3Acdn.shopify.com%2Fs%2Ffiles%2F1%2F0487%2F8834%2F0899%2Ffiles%2FDR3897_BLACK_855_front_1754299726.jpg&feedId=62769&k=84c73964adb6bd0b3324eecfd9cdf25d05572798,USD,,"Over $120 - Free Delivery, Less than $120 - $12",https://goddiva.us/products/goddiva-scalloped-lace-maxi-dress-black,,,USD280,62769,Goddiva,1,,,,,,Womens,Dresses
https://www.awin1.com/pclick.php?p=36331410193&a=2771700&m=24726,Goddiva Bardot Pleated Skirt Maxi Dress - Wine,36331410193,DR3096A-WINE-10,https://cdn.shopify.com/s/files/1/0487/8834/0899/products/DR3096A_wine_front_l_1694183637.jpg,"This wine dress is a timeless classic. It has a flattering cut that flatters every figure and is the perfect go-to for your special day. Off the shoulder style, fitted waist, flowy skirt, shimmery finish - this maxi dress has it all! This long evening dress has a classic and chic look that will always be in style, perfect as a prom dress in the summer or for bridesmaids for a wedding in any season. Its bardot neckline and shimmery finish makes this style look like something out of a fairy tale. This wine floor length dress with off the shoulder sleeves will be perfect for a fun wedding, prom or black-tie event. Its shimmering lurex teamed with a satin waistband adds to its beauty and makes it comfortable enough to wear all night long. The pleated skirt has an A-line shape that skims over any body type. A perfect pick for spring weddings, summer occasions and evening winter black tie gala, this dress is perfectly well rounded for any occasion any season.",Dresses,130,Goddiva,24726,Women's Dresses & Skirts,198,https://images2.productserve.com/?w=200&h=200&bg=white&trim=5&t=letterbox&url=ssl%3Acdn.shopify.com%2Fs%2Ffiles%2F1%2F0487%2F8834%2F0899%2Fproducts%2FDR3096A_wine_front_l_1694183637.jpg&feedId=62769&k=62b03eaee5abd96e8a540e8199c97ec7c1aee2bc,USD,,"Over $120 - Free Delivery, Less than $120 - $12",https://goddiva.us/products/goddiva-bardot-pleated-skirt-maxi-wine,,,USD250,62769,Goddiva,1,,,,,,Womens,Dresses
https://www.awin1.com/pclick.php?p=36302416066&a=2771700&m=24726,Goddiva Embroidered Top Chiffon Pleated Midi - Black,36302416066,DR3802-BLACK-8,https://cdn.shopify.com/s/files/1/0487/8834/0899/files/DR3802_Black_1_front_1740489486.jpg,"This stunning midi dress is the perfect choice for any special occasion, from weddings to semi-formal events. Crafted from luxurious chiffon fabric, this black dress features delicate pleats that create a flowy and feminine silhouette.The flutter sleeves add a touch of whimsy and the embroidered sequin bodice adds just the right amount of sparkle to make you stand out in the crowd. The midi length makes this dress versatile enough to wear throughout the year, whether you pair it with sandals for a summer wedding or dress it up with heels and a clutch for a winter party. With its elegant design and attention to detail, this black occasion dress is sure to make you feel confident and beautiful. The combination of the flutter sleeves, sequin embroidery, and pleated chiffon create a unique and eye-catching look that is perfect for any special event. Don't miss out on the chance to add this stunning midi dress to your wardrobe!",Dresses,190,Goddiva,24726,Women's Dresses & Skirts,198,https://images2.productserve.com/?w=200&h=200&bg=white&trim=5&t=letterbox&url=ssl%3Acdn.shopify.com%2Fs%2Ffiles%2F1%2F0487%2F8834%2F0899%2Ffiles%2FDR3802_Black_1_front_1740489486.jpg&feedId=62769&k=bdc2675c77cd5adb62a4b398f6cd65334c0e0b1b,USD,,"Over $120 - Free Delivery, Less than $120 - $12",https://goddiva.us/products/goddiva-embroidered-top-chiffon-pleated-midi-black,,,USD190,62769,Goddiva,1,,,,,,Womens,Dresses
https://www.awin1.com/pclick.php?p=37000150507&a=2771700&m=24726,Goddiva Pleated Satin Bodice High And Low Dress - Sage Green,37000150507,DR3337QZ-SAGEGREEN-10,https://cdn.shopify.com/s/files/1/0487/8834/0899/files/DR3337_SAGEGREEN_1703_front_1763479964.jpg,"Indulge in timeless elegance with our Pleated Satin Bodice High And Low Dress  a captivating blend of sophistication and grace designed for weddings, semi-formal occasions, and chic gatherings. The pleated satin bodice of this green number exudes opulence and refinement, offering a luxurious touch to your ensemble. The structured bodice provides a flattering fit, highlighting your silhouette with poise and class. The high and low hemline adds a contemporary twist, ensuring you make a stylish statement at any event. Perfect for wedding guests and semi-formal affairs, this dress strikes the ideal balance between glamour and subtlety. The carefully crafted design ensures comfort without compromising on style, making it an excellent choice for those who appreciate both fashion and practicality. Embrace the allure of this exquisite sage green dress, where every pleat and seam is a testament to impeccable craftsmanship. Elevate your presence at weddings, semi-formal occasions, and gatherings with this sage green dress that seamlessly combines sophistication and modern flair.",Dresses,130,Goddiva,24726,Women's Dresses & Skirts,198,https://images2.productserve.com/?w=200&h=200&bg=white&trim=5&t=letterbox&url=ssl%3Acdn.shopify.com%2Fs%2Ffiles%2F1%2F0487%2F8834%2F0899%2Ffiles%2FDR3337_SAGEGREEN_1703_front_1763479964.jpg&feedId=62769&k=94d05171a6a05ada660190df0cde113bbae66e43,USD,,"Over $120 - Free Delivery, Less than $120 - $12",https://goddiva.us/products/goddiva-high-low-dress-with-pleated-bodice-maxi-sagegreen,,,USD130,62769,Goddiva,1,,,,,,Womens,Dresses
https://www.awin1.com/pclick.php?p=35880766405&a=2771700&m=24726,Goddiva Floral Printed Chiffon Ruffle Maxi - Cream,35880766405,DR3750-CREAM-10,https://cdn.shopify.com/s/files/1/0487/8834/0899/files/DR3750_CREAM_0316_front_1770734522.jpg,"Our stunning cream floral printed chiffon ruffle maxi dress - the perfect summer dress for any occasion! With its elegant floral pattern and flowy silhouette, this dress exudes a playful yet sophisticated vibe, making it an ideal choice for both casual summer days and semi-formal occasions. This printed white chiffon dress is designed to keep you cool and comfortable even on the hottest days. The dress features a flirty ruffle design that adds a touch of femininity and elegance, making it an excellent choice for a wedding guest or any special event. This versatile cream summer dress is a must-have addition to your wardrobe, as it can be dressed up or down depending on the occasion. Pair it with your favourite sandals for a casual daytime look, or dress it up with heels and statement jewellery for a more formal event. This white floral dress is perfect for summer outings, garden parties, and other outdoor events, where you want to look chic and stylish while staying comfortable. The bold floral print adds a pop of color and vibrancy to your wardrobe, making you stand out from the crowd. Don't miss out on this stunning occasion dress - order yours today and be the best-dressed guest at any event!",Dresses,130,Goddiva,24726,Women's Dresses & Skirts,198,https://images2.productserve.com/?w=200&h=200&bg=white&trim=5&t=letterbox&url=ssl%3Acdn.shopify.com%2Fs%2Ffiles%2F1%2F0487%2F8834%2F0899%2Ffiles%2FDR3750_CREAM_0316_front_1770734522.jpg&feedId=62769&k=632371b47273836040f6d3dcdbd6727d93711474,USD,,"Over $120 - Free Delivery, Less than $120 - $12",https://goddiva.us/products/goddiva-floral-printed-chiffon-ruffle-maxi-cream,,,USD130,62769,Goddiva,1,,,,,,Womens,Dresses
https://www.awin1.com/pclick.php?p=35776953462&a=2771700&m=24726,Goddiva Sparkle Bardot Maxi With Waterfall Ruffle - Red,35776953462,DR3998-RED-12,https://cdn.shopify.com/s/files/1/0487/8834/0899/files/DR3998_red_front_1729784024.jpg,"Looking for a show-stopping evening dress that will make you feel like the belle of the ball? Our Lurex Bardot Maxi with Waterfall Ruffle is the perfect choice for any special occasion, whether you're attending a wedding, prom, or simply want to turn heads on a night out. Crafted from a shimmering Lurex fabric, this sparkling red maxi dress features an elegant Bardot neckline that highlights your dcolletage and adds a touch of glamour. The cascading waterfall ruffle detail adds movement and drama, while the maxi length ensures a sophisticated silhouette. Ideal for bridesmaids or anyone looking for a statement-making dress, this red Lurex Bardot Maxi is sure to make you feel like a star. With its stunning design and attention to detail, it's the perfect choice for your next special event.",Dresses,110,Goddiva,24726,Women's Dresses & Skirts,198,https://images2.productserve.com/?w=200&h=200&bg=white&trim=5&t=letterbox&url=ssl%3Acdn.shopify.com%2Fs%2Ffiles%2F1%2F0487%2F8834%2F0899%2Ffiles%2FDR3998_red_front_1729784024.jpg&feedId=62769&k=a088c3de33e1bfd61491dfb046e5a09110c45584,USD,,"Over $120 - Free Delivery, Less than $120 - $12",https://goddiva.us/products/goddiva-lurex-bardot-maxi-with-waterfall-ruffle-red,,,USD150,62769,Goddiva,1,,,,,,Womens,Dresses
https://www.awin1.com/pclick.php?p=36479136296&a=2771700&m=24726,Goddiva Liquid Sequin Boobtube Midaxi With Corsage - Gold,36479136296,DR4126-GOLD-10,https://cdn.shopify.com/s/files/1/0487/8834/0899/files/DR4126_GOLD_02891_1762963845.jpg,"Get ready to shine and shimmer at your next party or special occasion with our Liquid Sequin Boobtube Midaxi Dress with Corsage. This gold dress is the epitome of glamour, designed to make you stand out with its captivating sequin dazzle. The bandeau boobtube neckline adds a touch of allure, showcasing your shoulders and collarbone beautifully. This gold dress is all about embracing your inner diva, and the bodycon fit ensures it hugs your curves in all the right places. The midaxi length strikes the perfect balance between a maxi and midi, allowing you to flaunt your style with confidence. Whether you're celebrating a special occasion or hitting the town for a night of fun, this gold dress will ensure you're the centre of attention. Dazzle and dance the night away with our Liquid Sequin Boobtube Midaxi Dress with Corsage. This dress is your passport to a night filled with excitement and unforgettable moments.",Dresses,118,Goddiva,24726,Women's Dresses & Skirts,198,https://images2.productserve.com/?w=200&h=200&bg=white&trim=5&t=letterbox&url=ssl%3Acdn.shopify.com%2Fs%2Ffiles%2F1%2F0487%2F8834%2F0899%2Ffiles%2FDR4126_GOLD_02891_1762963845.jpg&feedId=62769&k=b89f5ca231cc92a8690f5af0e7eb8de9294f4576,USD,,"Over $120 - Free Delivery, Less than $120 - $12",https://goddiva.us/products/goddiva-liquid-sequin-boobtube-midaxi-with-corsage-gold,,,USD118,62769,Goddiva,1,,,,,,Womens,Dresses
https://www.awin1.com/pclick.php?p=37631151620&a=2771700&m=24726,Goddiva Crossover Lurex Glitter Maxi Dress - Gold,37631151620,DR1886-GOLD-14,https://cdn.shopify.com/s/files/1/0487/8834/0899/files/DR1886_GOLD_18350_front_1773415944.jpg,"Get your glam on with this delicious cross over lurex glitter maxi dress by Goddiva. This long gold dress is the winning choice for bridesmaids, prom and every other special occasion you have coming up. Its wrap style v neckline and sleeveless detailing as well as its thigh split bring an irresistible feel to such a stunning dress. With its gold sparkling color, this affordable maxi dress is magnificent. Its sparkling glitter effect brings something different to this classy little number. Its amazing stretchy fabric will have you never wanting to part from this flirtatious occasion dress. So, shimmer & shine your way through this season and bring out the inner Goddiva Girl in you.",Dresses,170,Goddiva,24726,Women's Dresses & Skirts,198,https://images2.productserve.com/?w=200&h=200&bg=white&trim=5&t=letterbox&url=ssl%3Acdn.shopify.com%2Fs%2Ffiles%2F1%2F0487%2F8834%2F0899%2Ffiles%2FDR1886_GOLD_18350_front_1773415944.jpg&feedId=62769&k=86526b2c259b936f548cf1cef73c88e2e00d8d8f,USD,,"Over $120 - Free Delivery, Less than $120 - $12",https://goddiva.us/products/goddiva-crossover-lurex-glitter-maxi-dress-gold,,,USD170,62769,Goddiva,1,,,,,,Womens,Dresses
https://www.awin1.com/pclick.php?p=36455582440&a=2771700&m=24726,Goddiva Sequin Skater Shirt Dress - Black,36455582440,DR4061-BLACK-14,https://cdn.shopify.com/s/files/1/0487/8834/0899/files/DR4061_BLACK_651_front_1760443982.jpg,"The perfect fusion of glamour and style for a variety of occasions. This stunning black sequin midi dress is a versatile choice that's ideal for wedding guests, romantic date nights, and lively parties. With its intricate sequin embellishments, this black dress exudes an air of sophistication and sparkle, ensuring you'll shine in the spotlight. The skater-style silhouette adds a touch of playful elegance, making it a chic option for different social events. Whether you're attending a wedding, enjoying a special date night, or dancing the night away at a party, this black dress is designed to turn heads. Its timeless charm and comfortable fit guarantee you'll feel both confident and stunning throughout the occasion. Our Sequin Skater Shirt Dress is the ultimate choice for those who want to make a statement with their style. Don this dress to be the centre of attention at your next event, and radiate elegance and charm throughout the night.",Dresses,105,Goddiva,24726,Women's Dresses & Skirts,198,https://images2.productserve.com/?w=200&h=200&bg=white&trim=5&t=letterbox&url=ssl%3Acdn.shopify.com%2Fs%2Ffiles%2F1%2F0487%2F8834%2F0899%2Ffiles%2FDR4061_BLACK_651_front_1760443982.jpg&feedId=62769&k=cb51df71047cebd1498348173cb9c9158913f3e8,USD,,"Over $120 - Free Delivery, Less than $120 - $12",https://goddiva.us/products/goddiva-sequin-skater-shirt-dress-black,,,USD150,62769,Goddiva,1,,,,,,Womens,Dresses
https://www.awin1.com/pclick.php?p=37000150506&a=2771700&m=24726,Goddiva Pleated Satin Bodice High And Low Dress - Sage Green,37000150506,DR3337QZ-SAGEGREEN-8,https://cdn.shopify.com/s/files/1/0487/8834/0899/files/DR3337_SAGEGREEN_1703_front_1763479964.jpg,"Indulge in timeless elegance with our Pleated Satin Bodice High And Low Dress  a captivating blend of sophistication and grace designed for weddings, semi-formal occasions, and chic gatherings. The pleated satin bodice of this green number exudes opulence and refinement, offering a luxurious touch to your ensemble. The structured bodice provides a flattering fit, highlighting your silhouette with poise and class. The high and low hemline adds a contemporary twist, ensuring you make a stylish statement at any event. Perfect for wedding guests and semi-formal affairs, this dress strikes the ideal balance between glamour and subtlety. The carefully crafted design ensures comfort without compromising on style, making it an excellent choice for those who appreciate both fashion and practicality. Embrace the allure of this exquisite sage green dress, where every pleat and seam is a testament to impeccable craftsmanship. Elevate your presence at weddings, semi-formal occasions, and gatherings with this sage green dress that seamlessly combines sophistication and modern flair.",Dresses,130,Goddiva,24726,Women's Dresses & Skirts,198,https://images2.productserve.com/?w=200&h=200&bg=white&trim=5&t=letterbox&url=ssl%3Acdn.shopify.com%2Fs%2Ffiles%2F1%2F0487%2F8834%2F0899%2Ffiles%2FDR3337_SAGEGREEN_1703_front_1763479964.jpg&feedId=62769&k=94d05171a6a05ada660190df0cde113bbae66e43,USD,,"Over $120 - Free Delivery, Less than $120 - $12",https://goddiva.us/products/goddiva-high-low-dress-with-pleated-bodice-maxi-sagegreen,,,USD130,62769,Goddiva,1,,,,,,Womens,Dresses
https://www.awin1.com/pclick.php?p=37000150508&a=2771700&m=24726,Goddiva Pleated Satin Bodice High And Low Dress - Sage Green,37000150508,DR3337QZ-SAGEGREEN-12,https://cdn.shopify.com/s/files/1/0487/8834/0899/files/DR3337_SAGEGREEN_1703_front_1763479964.jpg,"Indulge in timeless elegance with our Pleated Satin Bodice High And Low Dress  a captivating blend of sophistication and grace designed for weddings, semi-formal occasions, and chic gatherings. The pleated satin bodice of this green number exudes opulence and refinement, offering a luxurious touch to your ensemble. The structured bodice provides a flattering fit, highlighting your silhouette with poise and class. The high and low hemline adds a contemporary twist, ensuring you make a stylish statement at any event. Perfect for wedding guests and semi-formal affairs, this dress strikes the ideal balance between glamour and subtlety. The carefully crafted design ensures comfort without compromising on style, making it an excellent choice for those who appreciate both fashion and practicality. Embrace the allure of this exquisite sage green dress, where every pleat and seam is a testament to impeccable craftsmanship. Elevate your presence at weddings, semi-formal occasions, and gatherings with this sage green dress that seamlessly combines sophistication and modern flair.",Dresses,130,Goddiva,24726,Women's Dresses & Skirts,198,https://images2.productserve.com/?w=200&h=200&bg=white&trim=5&t=letterbox&url=ssl%3Acdn.shopify.com%2Fs%2Ffiles%2F1%2F0487%2F8834%2F0899%2Ffiles%2FDR3337_SAGEGREEN_1703_front_1763479964.jpg&feedId=62769&k=94d05171a6a05ada660190df0cde113bbae66e43,USD,,"Over $120 - Free Delivery, Less than $120 - $12",https://goddiva.us/products/goddiva-high-low-dress-with-pleated-bodice-maxi-sagegreen,,,USD130,62769,Goddiva,1,,,,,,Womens,Dresses
https://www.awin1.com/pclick.php?p=36302416327&a=2771700&m=24726,Goddiva Satin Flutter Sleeve Mermaid Maxi - Burntorange,36302416327,DR3954-BURNTORANGE-14,https://cdn.shopify.com/s/files/1/0487/8834/0899/files/DR3954_BURNORANGE_635_front_1757333518.jpg,"The epitome of elegance and sophistication. Our stunning burnt orange satin flutter sleeve mermaid maxi is designed with meticulous attention to detail, this exquisite dress is the perfect choice for any special occasion. Crafted from luxurious satin fabric, this burnt orange maxi dress drapes gracefully, creating a mesmerising silhouette that will leave a lasting impression. The satin material adds a touch of lustrous beauty, making it a standout piece for evening events, weddings, and even as a stunning bridesmaid ensemble. The flutter sleeves add a whimsical and feminine touch, creating an ethereal aura as you move. The cut accentuates your curves, hugging your figure in all the right places and exuding an air of timeless glamour. Whether you're attending a black-tie affair or a lavish cocktail party, this burnt orange satin flutter sleeve mermaid maxi is designed to make you feel like the belle of the ball. Its versatility allows you to accessorise and style it to match your personal taste and the event's theme. Step into the limelight with confidence and grace in this enchanting gown. Embrace the allure of satin, the elegance of a maxi length, and the feminine charm of flutter sleeves. Make a statement and create unforgettable memories with our Satin Flutter Sleeve Mermaid Maxi.",Dresses,116,Goddiva,24726,Women's Dresses & Skirts,198,https://images2.productserve.com/?w=200&h=200&bg=white&trim=5&t=letterbox&url=ssl%3Acdn.shopify.com%2Fs%2Ffiles%2F1%2F0487%2F8834%2F0899%2Ffiles%2FDR3954_BURNORANGE_635_front_1757333518.jpg&feedId=62769&k=94e37515975e39486748eae6da61756057de0195,USD,,"Over $120 - Free Delivery, Less than $120 - $12",https://goddiva.us/products/goddiva-satin-flutter-sleeve-mermaid-maxi-burntorange,,,USD116,62769,Goddiva,1,,,,,,Womens,Dresses
https://www.awin1.com/pclick.php?p=36169621935&a=2771700&m=24726,Goddiva Off The Shoulder Princess Maxi Dress - Hot Pink,36169621935,DR3322A-HOTPINK-14,https://cdn.shopify.com/s/files/1/0487/8834/0899/files/DR3322A_HOTPINK_0004_front_1770733971.jpg,"The dress of dreams has landed. This gorgeous Off The Shoulder Princess Maxi is the definition of a princess dress. With its off the shoulder style teamed with its mesh draped sleeves and double layered mesh a-line skirt, this long occasion dress is screaming Cinderella! In its dreamy hotpink never-failing dress is worth every penny. This fairytale inspired dress is a perfect pick for prom, bridesmaids and for those maids of honour you want to stand out as much as you on your big day. In its whimsical hotpink this dress is ticking boxes for any occasion. This is definitely one of the most beautiful dresses you will ever see, so why not own it so you can look at it whenever you want. Give yourself the opportunity to feel like a princess every time you step into this darling hotpink number.",Dresses,116,Goddiva,24726,Women's Dresses & Skirts,198,https://images2.productserve.com/?w=200&h=200&bg=white&trim=5&t=letterbox&url=ssl%3Acdn.shopify.com%2Fs%2Ffiles%2F1%2F0487%2F8834%2F0899%2Ffiles%2FDR3322A_HOTPINK_0004_front_1770733971.jpg&feedId=62769&k=77f383d6e60329c5739725b9603d1114e67409d0,USD,,"Over $120 - Free Delivery, Less than $120 - $12",https://goddiva.us/products/goddiva-off-the-shoulder-princess-maxi-dress-hotpink,,,USD174,62769,Goddiva,1,,,,,,Womens,Dresses
https://www.awin1.com/pclick.php?p=35880766407&a=2771700&m=24726,Goddiva Floral Printed Chiffon Ruffle Maxi - Cream,35880766407,DR3750-CREAM-14,https://cdn.shopify.com/s/files/1/0487/8834/0899/files/DR3750_CREAM_0316_front_1770734522.jpg,"Our stunning cream floral printed chiffon ruffle maxi dress - the perfect summer dress for any occasion! With its elegant floral pattern and flowy silhouette, this dress exudes a playful yet sophisticated vibe, making it an ideal choice for both casual summer days and semi-formal occasions. This printed white chiffon dress is designed to keep you cool and comfortable even on the hottest days. The dress features a flirty ruffle design that adds a touch of femininity and elegance, making it an excellent choice for a wedding guest or any special event. This versatile cream summer dress is a must-have addition to your wardrobe, as it can be dressed up or down depending on the occasion. Pair it with your favourite sandals for a casual daytime look, or dress it up with heels and statement jewellery for a more formal event. This white floral dress is perfect for summer outings, garden parties, and other outdoor events, where you want to look chic and stylish while staying comfortable. The bold floral print adds a pop of color and vibrancy to your wardrobe, making you stand out from the crowd. Don't miss out on this stunning occasion dress - order yours today and be the best-dressed guest at any event!",Dresses,130,Goddiva,24726,Women's Dresses & Skirts,198,https://images2.productserve.com/?w=200&h=200&bg=white&trim=5&t=letterbox&url=ssl%3Acdn.shopify.com%2Fs%2Ffiles%2F1%2F0487%2F8834%2F0899%2Ffiles%2FDR3750_CREAM_0316_front_1770734522.jpg&feedId=62769&k=632371b47273836040f6d3dcdbd6727d93711474,USD,,"Over $120 - Free Delivery, Less than $120 - $12",https://goddiva.us/products/goddiva-floral-printed-chiffon-ruffle-maxi-cream,,,USD130,62769,Goddiva,1,,,,,,Womens,Dresses
https://www.awin1.com/pclick.php?p=36046163995&a=2771700&m=24726,Goddiva Satin & Scuba Off The Shoulder Maxi Dress - Red,36046163995,DR3460QZ-RED-8,https://cdn.shopify.com/s/files/1/0487/8834/0899/files/DR3460QZ_RED_5557_front_1752052117.jpg,"Goddiva Satin & Scuba Off The Shoulder Maxi is a corset top that features a satin off the shoulder detail. It's crafted from fine satin and scuba fabric to create a lightweight feel, while still providing structure and shape where needed. This evening occasion piece is ideal for proms, weddings, or any other special occasion! This classic red style is a must-have in every woman's wardrobe. This elegant style is giving Julia Robers in Pretty Woman vs Princess Diana vibes making it a worthy style for any woman with opulence and class. In its ravishing red color, this gown is ticking all the boxes. With its everlasting scuba crepe teamed with satin decor, and its trending thigh split, this occasion dress is waiting for you. Team with a messy up do, bold lip and sparkly heels to complete the look.",Dresses,116,Goddiva,24726,Women's Dresses & Skirts,198,https://images2.productserve.com/?w=200&h=200&bg=white&trim=5&t=letterbox&url=ssl%3Acdn.shopify.com%2Fs%2Ffiles%2F1%2F0487%2F8834%2F0899%2Ffiles%2FDR3460QZ_RED_5557_front_1752052117.jpg&feedId=62769&k=2829a7e0bf85499f4305178eb657bffc4b162110,USD,,"Over $120 - Free Delivery, Less than $120 - $12",https://goddiva.us/products/goddiva-satin-scuba-off-the-shoulder-maxi-dress-red,,,USD170,62769,Goddiva,1,,,,,,Womens,Dresses
https://www.awin1.com/pclick.php?p=37000150512&a=2771700&m=24726,Goddiva Pleated Satin Bodice High And Low Dress - Gray,37000150512,DR3337QZ-GREY-8,https://cdn.shopify.com/s/files/1/0487/8834/0899/files/DR3337_GREY_1675_front_1763479917.jpg,"Indulge in timeless elegance with our Pleated Satin Bodice High And Low Dress  a captivating blend of sophistication and grace designed for weddings, semi-formal occasions, and chic gatherings. The pleated satin bodice of this gray number exudes opulence and refinement, offering a luxurious touch to your ensemble. The structured bodice provides a flattering fit, highlighting your silhouette with poise and class. The high and low hemline adds a contemporary twist, ensuring you make a stylish statement at any event. Perfect for wedding guests and semi-formal affairs, this dress strikes the ideal balance between glamour and subtlety. The carefully crafted design ensures comfort without compromising on style, making it an excellent choice for those who appreciate both fashion and practicality. Embrace the allure of this exquisite gray dress, where every pleat and seam is a testament to impeccable craftsmanship. Elevate your presence at weddings, semi-formal occasions, and gatherings with this gray dress that seamlessly combines sophistication and modern flair.",Dresses,130,Goddiva,24726,Women's Dresses & Skirts,198,https://images2.productserve.com/?w=200&h=200&bg=white&trim=5&t=letterbox&url=ssl%3Acdn.shopify.com%2Fs%2Ffiles%2F1%2F0487%2F8834%2F0899%2Ffiles%2FDR3337_GREY_1675_front_1763479917.jpg&feedId=62769&k=9e42ba178b5b30c368992ae968a4e4010dc644c9,USD,,"Over $120 - Free Delivery, Less than $120 - $12",https://goddiva.us/products/goddiva-high-low-dress-with-pleated-bodice-maxi-dress-grey,,,USD130,62769,Goddiva,1,,,,,,Womens,Dresses
https://www.awin1.com/pclick.php?p=36455582446&a=2771700&m=24726,Goddiva Sequin Skater Shirt Dress - Emerald Green,36455582446,DR4061-EMERALD-14,https://cdn.shopify.com/s/files/1/0487/8834/0899/files/DR4061_EMERALD_699_front_1759922308.jpg,"The perfect fusion of glamour and style for a variety of occasions. This stunning emerald sequin midi dress is a versatile choice that's ideal for wedding guests, romantic date nights, and lively parties. With its intricate sequin embellishments, this emerald dress exudes an air of sophistication and sparkle, ensuring you'll shine in the spotlight. The skater-style silhouette adds a touch of playful elegance, making it a chic option for different social events. Whether you're attending a wedding, enjoying a special date night, or dancing the night away at a party, this emerald dress is designed to turn heads. Its timeless charm and comfortable fit guarantee you'll feel both confident and stunning throughout the occasion. Our Sequin Skater Shirt Dress is the ultimate choice for those who want to make a statement with their style. Don this dress to be the centre of attention at your next event, and radiate elegance and charm throughout the night.",Dresses,150,Goddiva,24726,Women's Dresses & Skirts,198,https://images2.productserve.com/?w=200&h=200&bg=white&trim=5&t=letterbox&url=ssl%3Acdn.shopify.com%2Fs%2Ffiles%2F1%2F0487%2F8834%2F0899%2Ffiles%2FDR4061_EMERALD_699_front_1759922308.jpg&feedId=62769&k=859dbcf1ef9d1397acbe2600e23fd79ca63259c6,USD,,"Over $120 - Free Delivery, Less than $120 - $12",https://goddiva.us/products/goddiva-sequin-skater-shirt-dress-emerald,,,USD150,62769,Goddiva,1,,,,,,Womens,Dresses
https://www.awin1.com/pclick.php?p=36455582438&a=2771700&m=24726,Goddiva Sequin Skater Shirt Dress - Black,36455582438,DR4061-BLACK-10,https://cdn.shopify.com/s/files/1/0487/8834/0899/files/DR4061_BLACK_651_front_1760443982.jpg,"The perfect fusion of glamour and style for a variety of occasions. This stunning black sequin midi dress is a versatile choice that's ideal for wedding guests, romantic date nights, and lively parties. With its intricate sequin embellishments, this black dress exudes an air of sophistication and sparkle, ensuring you'll shine in the spotlight. The skater-style silhouette adds a touch of playful elegance, making it a chic option for different social events. Whether you're attending a wedding, enjoying a special date night, or dancing the night away at a party, this black dress is designed to turn heads. Its timeless charm and comfortable fit guarantee you'll feel both confident and stunning throughout the occasion. Our Sequin Skater Shirt Dress is the ultimate choice for those who want to make a statement with their style. Don this dress to be the centre of attention at your next event, and radiate elegance and charm throughout the night.",Dresses,105,Goddiva,24726,Women's Dresses & Skirts,198,https://images2.productserve.com/?w=200&h=200&bg=white&trim=5&t=letterbox&url=ssl%3Acdn.shopify.com%2Fs%2Ffiles%2F1%2F0487%2F8834%2F0899%2Ffiles%2FDR4061_BLACK_651_front_1760443982.jpg&feedId=62769&k=cb51df71047cebd1498348173cb9c9158913f3e8,USD,,"Over $120 - Free Delivery, Less than $120 - $12",https://goddiva.us/products/goddiva-sequin-skater-shirt-dress-black,,,USD150,62769,Goddiva,1,,,,,,Womens,Dresses
https://www.awin1.com/pclick.php?p=36426397681&a=2771700&m=24726,Goddiva Scalloped Lace Maxi Dress - Black,36426397681,DR3897-BLACK-10,https://cdn.shopify.com/s/files/1/0487/8834/0899/files/DR3897_BLACK_855_front_1754299726.jpg,"Indulge in the allure of lace, embrace the charm of scalloped details, and revel in the sophistication of a maxi dress that is both classic and contemporary. The Goddiva Scalloped Lace Maxi Dress, a timeless masterpiece that blends classic charm with contemporary grace. This enchanting black dress features a luxurious Lace V-neckline and alluring Three Quarter Sleeves, offering you a refined and romantic look for any special occasion.Crafted with meticulous attention to detail, this dress is not just a sight to behold; it's a delight to wear. This black lace number ensures comfort and confidence as you glide through your day or evening event. The Scallop Detailing on the Hem and Neckline adds a touch of sophistication, making you the centre of attention wherever you go. Whether you're attending a wedding, a gala, or a fancy soire, our Scalloped Lace Maxi Dress will make you feel exquisite and self-assured. Order yours today and experience the epitome of timeless style, available in various sizes and colors to suit your personal taste.",Dresses,170,Goddiva,24726,Women's Dresses & Skirts,198,https://images2.productserve.com/?w=200&h=200&bg=white&trim=5&t=letterbox&url=ssl%3Acdn.shopify.com%2Fs%2Ffiles%2F1%2F0487%2F8834%2F0899%2Ffiles%2FDR3897_BLACK_855_front_1754299726.jpg&feedId=62769&k=84c73964adb6bd0b3324eecfd9cdf25d05572798,USD,,"Over $120 - Free Delivery, Less than $120 - $12",https://goddiva.us/products/goddiva-scalloped-lace-maxi-dress-black,,,USD280,62769,Goddiva,1,,,,,,Womens,Dresses
https://www.awin1.com/pclick.php?p=35776953456&a=2771700&m=24726,Goddiva Lurex Bardot Maxi With Waterfall Ruffle - Blush,35776953456,DR4093-BLUSH-10,https://cdn.shopify.com/s/files/1/0487/8834/0899/files/DR4093_BLUSH_34216_front_1767716020.jpg,"This stunning Lurex Bardot Maxi is a sparkling evening dress that's perfect for any special occasion. With a breathtaking waterfall ruffle, flirty front thigh split and a classic maxi length, this blush dress is sure to turn heads. It's ideal for bridesmaids or anyone looking to make a statement at an event. Exuding elegance and glamour, this pink dress is made from high-quality materials to ensure a comfortable and flattering fit. Don't miss out on this must-have addition to your evening wear wardrobe.",Dresses,116,Goddiva,24726,Women's Dresses & Skirts,198,https://images2.productserve.com/?w=200&h=200&bg=white&trim=5&t=letterbox&url=ssl%3Acdn.shopify.com%2Fs%2Ffiles%2F1%2F0487%2F8834%2F0899%2Ffiles%2FDR4093_BLUSH_34216_front_1767716020.jpg&feedId=62769&k=29995132f170cebed5c568613d5ccb64c5c7784f,USD,,"Over $120 - Free Delivery, Less than $120 - $12",https://goddiva.us/products/goddiva-lurex-bardot-maxi-with-waterfall-ruffle-blush,,,USD116,62769,Goddiva,1,,,,,,Womens,Dresses
https://www.awin1.com/pclick.php?p=36455582445&a=2771700&m=24726,Goddiva Sequin Skater Shirt Dress - Emerald Green,36455582445,DR4061-EMERALD-12,https://cdn.shopify.com/s/files/1/0487/8834/0899/files/DR4061_EMERALD_699_front_1759922308.jpg,"The perfect fusion of glamour and style for a variety of occasions. This stunning emerald sequin midi dress is a versatile choice that's ideal for wedding guests, romantic date nights, and lively parties. With its intricate sequin embellishments, this emerald dress exudes an air of sophistication and sparkle, ensuring you'll shine in the spotlight. The skater-style silhouette adds a touch of playful elegance, making it a chic option for different social events. Whether you're attending a wedding, enjoying a special date night, or dancing the night away at a party, this emerald dress is designed to turn heads. Its timeless charm and comfortable fit guarantee you'll feel both confident and stunning throughout the occasion. Our Sequin Skater Shirt Dress is the ultimate choice for those who want to make a statement with their style. Don this dress to be the centre of attention at your next event, and radiate elegance and charm throughout the night.",Dresses,150,Goddiva,24726,Women's Dresses & Skirts,198,https://images2.productserve.com/?w=200&h=200&bg=white&trim=5&t=letterbox&url=ssl%3Acdn.shopify.com%2Fs%2Ffiles%2F1%2F0487%2F8834%2F0899%2Ffiles%2FDR4061_EMERALD_699_front_1759922308.jpg&feedId=62769&k=859dbcf1ef9d1397acbe2600e23fd79ca63259c6,USD,,"Over $120 - Free Delivery, Less than $120 - $12",https://goddiva.us/products/goddiva-sequin-skater-shirt-dress-emerald,,,USD150,62769,Goddiva,1,,,,,,Womens,Dresses
https://www.awin1.com/pclick.php?p=36426397744&a=2771700&m=24726,Goddiva Square Neck Scalloped Lace Maxi - Black,36426397744,DR4016-BLACK-8,https://cdn.shopify.com/s/files/1/0487/8834/0899/files/DR4016_black_Front_1764921225.jpg,"Elegance meets sophistication in our Square Neck Scalloped Lace Maxi Dress, the perfect choice for evening dresses, formal dresses, and special occasion wear. This black dress, with its square neckline, three-quarter sleeves, and exquisite embroidered sequin detailing on the lace, is designed to make you stand out at formal parties, wedding events, and black-tie occasions. With its timeless style and attention to detail, this black  occasion dress is ideal for wedding guests and those who want to make a statement as the mother of the bride. The square neckline adds a touch of vintage charm, while the scalloped lace and sequin embellishments provide a subtle touch of glamour. Whether you're attending a black-tie event or a formal party, this black Square Neck Scalloped Lace Maxi Dress ensures you exude elegance and grace. Make every moment a special one with this stunning dress. It's your go-to choice for those unforgettable occasions where you want to feel confident and stylish.",Dresses,130,Goddiva,24726,Women's Dresses & Skirts,198,https://images2.productserve.com/?w=200&h=200&bg=white&trim=5&t=letterbox&url=ssl%3Acdn.shopify.com%2Fs%2Ffiles%2F1%2F0487%2F8834%2F0899%2Ffiles%2FDR4016_black_Front_1764921225.jpg&feedId=62769&k=63747594cf8edfd0712155b955e7a7827d269579,USD,,"Over $120 - Free Delivery, Less than $120 - $12",https://goddiva.us/products/goddiva-square-neck-scalloped-lace-maxi-black,,,USD190,62769,Goddiva,1,,,,,,Womens,Dresses
https://www.awin1.com/pclick.php?p=36455582437&a=2771700&m=24726,Goddiva Sequin Skater Shirt Dress - Black,36455582437,DR4061-BLACK-8,https://cdn.shopify.com/s/files/1/0487/8834/0899/files/DR4061_BLACK_651_front_1760443982.jpg,"The perfect fusion of glamour and style for a variety of occasions. This stunning black sequin midi dress is a versatile choice that's ideal for wedding guests, romantic date nights, and lively parties. With its intricate sequin embellishments, this black dress exudes an air of sophistication and sparkle, ensuring you'll shine in the spotlight. The skater-style silhouette adds a touch of playful elegance, making it a chic option for different social events. Whether you're attending a wedding, enjoying a special date night, or dancing the night away at a party, this black dress is designed to turn heads. Its timeless charm and comfortable fit guarantee you'll feel both confident and stunning throughout the occasion. Our Sequin Skater Shirt Dress is the ultimate choice for those who want to make a statement with their style. Don this dress to be the centre of attention at your next event, and radiate elegance and charm throughout the night.",Dresses,105,Goddiva,24726,Women's Dresses & Skirts,198,https://images2.productserve.com/?w=200&h=200&bg=white&trim=5&t=letterbox&url=ssl%3Acdn.shopify.com%2Fs%2Ffiles%2F1%2F0487%2F8834%2F0899%2Ffiles%2FDR4061_BLACK_651_front_1760443982.jpg&feedId=62769&k=cb51df71047cebd1498348173cb9c9158913f3e8,USD,,"Over $120 - Free Delivery, Less than $120 - $12",https://goddiva.us/products/goddiva-sequin-skater-shirt-dress-black,,,USD150,62769,Goddiva,1,,,,,,Womens,Dresses
https://www.awin1.com/pclick.php?p=36455582443&a=2771700&m=24726,Goddiva Sequin Skater Shirt Dress - Emerald Green,36455582443,DR4061-EMERALD-8,https://cdn.shopify.com/s/files/1/0487/8834/0899/files/DR4061_EMERALD_699_front_1759922308.jpg,"The perfect fusion of glamour and style for a variety of occasions. This stunning emerald sequin midi dress is a versatile choice that's ideal for wedding guests, romantic date nights, and lively parties. With its intricate sequin embellishments, this emerald dress exudes an air of sophistication and sparkle, ensuring you'll shine in the spotlight. The skater-style silhouette adds a touch of playful elegance, making it a chic option for different social events. Whether you're attending a wedding, enjoying a special date night, or dancing the night away at a party, this emerald dress is designed to turn heads. Its timeless charm and comfortable fit guarantee you'll feel both confident and stunning throughout the occasion. Our Sequin Skater Shirt Dress is the ultimate choice for those who want to make a statement with their style. Don this dress to be the centre of attention at your next event, and radiate elegance and charm throughout the night.",Dresses,150,Goddiva,24726,Women's Dresses & Skirts,198,https://images2.productserve.com/?w=200&h=200&bg=white&trim=5&t=letterbox&url=ssl%3Acdn.shopify.com%2Fs%2Ffiles%2F1%2F0487%2F8834%2F0899%2Ffiles%2FDR4061_EMERALD_699_front_1759922308.jpg&feedId=62769&k=859dbcf1ef9d1397acbe2600e23fd79ca63259c6,USD,,"Over $120 - Free Delivery, Less than $120 - $12",https://goddiva.us/products/goddiva-sequin-skater-shirt-dress-emerald,,,USD150,62769,Goddiva,1,,,,,,Womens,Dresses
https://www.awin1.com/pclick.php?p=35776953451&a=2771700&m=24726,Goddiva Sparkle Bardot Maxi With Waterfall Ruffle - Black,35776953451,DR3998-BLACK-10,https://cdn.shopify.com/s/files/1/0487/8834/0899/files/DR3998_black_front_1729784100.jpg,"Looking for a show-stopping evening dress that will make you feel like the belle of the ball? Our Lurex Bardot Maxi with Waterfall Ruffle is the perfect choice for any special occasion, whether you're attending a wedding, prom, or simply want to turn heads on a night out. Crafted from a shimmering Lurex fabric, this sparkling black maxi dress features an elegant Bardot neckline that highlights your dcolletage and adds a touch of glamour. The cascading waterfall ruffle detail adds movement and drama, while the maxi length ensures a sophisticated silhouette. Ideal for bridesmaids or anyone looking for a statement-making dress, this black Lurex Bardot Maxi is sure to make you feel like a star. With its stunning design and attention to detail, it's the perfect choice for your next special event.",Dresses,110,Goddiva,24726,Women's Dresses & Skirts,198,https://images2.productserve.com/?w=200&h=200&bg=white&trim=5&t=letterbox&url=ssl%3Acdn.shopify.com%2Fs%2Ffiles%2F1%2F0487%2F8834%2F0899%2Ffiles%2FDR3998_black_front_1729784100.jpg&feedId=62769&k=b1dc453fb505a6ccf616732f0b44ad2f4da2f934,USD,,"Over $120 - Free Delivery, Less than $120 - $12",https://goddiva.us/products/goddiva-lurex-bardot-maxi-with-waterfall-ruffle-black,,,USD150,62769,Goddiva,1,,,,,,Womens,Dresses
https://www.awin1.com/pclick.php?p=36302416326&a=2771700&m=24726,Goddiva Satin Flutter Sleeve Mermaid Maxi - Burntorange,36302416326,DR3954-BURNTORANGE-12,https://cdn.shopify.com/s/files/1/0487/8834/0899/files/DR3954_BURNORANGE_635_front_1757333518.jpg,"The epitome of elegance and sophistication. Our stunning burnt orange satin flutter sleeve mermaid maxi is designed with meticulous attention to detail, this exquisite dress is the perfect choice for any special occasion. Crafted from luxurious satin fabric, this burnt orange maxi dress drapes gracefully, creating a mesmerising silhouette that will leave a lasting impression. The satin material adds a touch of lustrous beauty, making it a standout piece for evening events, weddings, and even as a stunning bridesmaid ensemble. The flutter sleeves add a whimsical and feminine touch, creating an ethereal aura as you move. The cut accentuates your curves, hugging your figure in all the right places and exuding an air of timeless glamour. Whether you're attending a black-tie affair or a lavish cocktail party, this burnt orange satin flutter sleeve mermaid maxi is designed to make you feel like the belle of the ball. Its versatility allows you to accessorise and style it to match your personal taste and the event's theme. Step into the limelight with confidence and grace in this enchanting gown. Embrace the allure of satin, the elegance of a maxi length, and the feminine charm of flutter sleeves. Make a statement and create unforgettable memories with our Satin Flutter Sleeve Mermaid Maxi.",Dresses,116,Goddiva,24726,Women's Dresses & Skirts,198,https://images2.productserve.com/?w=200&h=200&bg=white&trim=5&t=letterbox&url=ssl%3Acdn.shopify.com%2Fs%2Ffiles%2F1%2F0487%2F8834%2F0899%2Ffiles%2FDR3954_BURNORANGE_635_front_1757333518.jpg&feedId=62769&k=94e37515975e39486748eae6da61756057de0195,USD,,"Over $120 - Free Delivery, Less than $120 - $12",https://goddiva.us/products/goddiva-satin-flutter-sleeve-mermaid-maxi-burntorange,,,USD116,62769,Goddiva,1,,,,,,Womens,Dresses
https://www.awin1.com/pclick.php?p=36426397682&a=2771700&m=24726,Goddiva Scalloped Lace Maxi Dress - Black,36426397682,DR3897-BLACK-12,https://cdn.shopify.com/s/files/1/0487/8834/0899/files/DR3897_BLACK_855_front_1754299726.jpg,"Indulge in the allure of lace, embrace the charm of scalloped details, and revel in the sophistication of a maxi dress that is both classic and contemporary. The Goddiva Scalloped Lace Maxi Dress, a timeless masterpiece that blends classic charm with contemporary grace. This enchanting black dress features a luxurious Lace V-neckline and alluring Three Quarter Sleeves, offering you a refined and romantic look for any special occasion.Crafted with meticulous attention to detail, this dress is not just a sight to behold; it's a delight to wear. This black lace number ensures comfort and confidence as you glide through your day or evening event. The Scallop Detailing on the Hem and Neckline adds a touch of sophistication, making you the centre of attention wherever you go. Whether you're attending a wedding, a gala, or a fancy soire, our Scalloped Lace Maxi Dress will make you feel exquisite and self-assured. Order yours today and experience the epitome of timeless style, available in various sizes and colors to suit your personal taste.",Dresses,170,Goddiva,24726,Women's Dresses & Skirts,198,https://images2.productserve.com/?w=200&h=200&bg=white&trim=5&t=letterbox&url=ssl%3Acdn.shopify.com%2Fs%2Ffiles%2F1%2F0487%2F8834%2F0899%2Ffiles%2FDR3897_BLACK_855_front_1754299726.jpg&feedId=62769&k=84c73964adb6bd0b3324eecfd9cdf25d05572798,USD,,"Over $120 - Free Delivery, Less than $120 - $12",https://goddiva.us/products/goddiva-scalloped-lace-maxi-dress-black,,,USD280,62769,Goddiva,1,,,,,,Womens,Dresses
https://www.awin1.com/pclick.php?p=35776953460&a=2771700&m=24726,Goddiva Sparkle Bardot Maxi With Waterfall Ruffle - Red,35776953460,DR3998-RED-8,https://cdn.shopify.com/s/files/1/0487/8834/0899/files/DR3998_red_front_1729784024.jpg,"Looking for a show-stopping evening dress that will make you feel like the belle of the ball? Our Lurex Bardot Maxi with Waterfall Ruffle is the perfect choice for any special occasion, whether you're attending a wedding, prom, or simply want to turn heads on a night out. Crafted from a shimmering Lurex fabric, this sparkling red maxi dress features an elegant Bardot neckline that highlights your dcolletage and adds a touch of glamour. The cascading waterfall ruffle detail adds movement and drama, while the maxi length ensures a sophisticated silhouette. Ideal for bridesmaids or anyone looking for a statement-making dress, this red Lurex Bardot Maxi is sure to make you feel like a star. With its stunning design and attention to detail, it's the perfect choice for your next special event.",Dresses,110,Goddiva,24726,Women's Dresses & Skirts,198,https://images2.productserve.com/?w=200&h=200&bg=white&trim=5&t=letterbox&url=ssl%3Acdn.shopify.com%2Fs%2Ffiles%2F1%2F0487%2F8834%2F0899%2Ffiles%2FDR3998_red_front_1729784024.jpg&feedId=62769&k=a088c3de33e1bfd61491dfb046e5a09110c45584,USD,,"Over $120 - Free Delivery, Less than $120 - $12",https://goddiva.us/products/goddiva-lurex-bardot-maxi-with-waterfall-ruffle-red,,,USD150,62769,Goddiva,1,,,,,,Womens,Dresses
https://www.awin1.com/pclick.php?p=36365766734&a=2771700&m=24726,Goddiva Twisted Front Sequin Maxi Dress - Blue,36365766734,DR2723-BLUE-12,https://cdn.shopify.com/s/files/1/0487/8834/0899/files/DR2723_BLUE_1298_front_1763480833.jpg,"Slip into this sequin number and feel like you are on the stage accepting the award for the best dressed woman in the 21st century! This dazzling blue sequin maxi dress is the definition of affordable high end fashion. This twisted front sequin maxi dress is a great choice for bridesmaids, prom and black tie events. In its romantic blue color, this long sequin gown will have you stealing the show at every event. With its plunging v-neckline, twisted front knot detailing and mermaid hem, this evening occasion worthy maxi dress is a definite show stopper, especially in its gorgeous blue color. Showered with dazzling sequins, this long evening maxi dress is elegant yet daring, classy yet tantalizing. The perfect attire to own the dance floor at the occasion of the year.",Dresses,119,Goddiva,24726,Women's Dresses & Skirts,198,https://images2.productserve.com/?w=200&h=200&bg=white&trim=5&t=letterbox&url=ssl%3Acdn.shopify.com%2Fs%2Ffiles%2F1%2F0487%2F8834%2F0899%2Ffiles%2FDR2723_BLUE_1298_front_1763480833.jpg&feedId=62769&k=1ec1df3bbf0d362122ecf37447266be916204f4f,USD,,"Over $120 - Free Delivery, Less than $120 - $12",https://goddiva.us/products/goddiva-twisted-front-sequin-maxi-blue,,,USD170,62769,Goddiva,1,,,,,,Womens,Dresses
https://www.awin1.com/pclick.php?p=37000150505&a=2771700&m=24726,Goddiva Pleated Satin Bodice High And Low Dress - Sage Green,37000150505,DR3337QZ-SAGEGREEN-6,https://cdn.shopify.com/s/files/1/0487/8834/0899/files/DR3337_SAGEGREEN_1703_front_1763479964.jpg,"Indulge in timeless elegance with our Pleated Satin Bodice High And Low Dress  a captivating blend of sophistication and grace designed for weddings, semi-formal occasions, and chic gatherings. The pleated satin bodice of this green number exudes opulence and refinement, offering a luxurious touch to your ensemble. The structured bodice provides a flattering fit, highlighting your silhouette with poise and class. The high and low hemline adds a contemporary twist, ensuring you make a stylish statement at any event. Perfect for wedding guests and semi-formal affairs, this dress strikes the ideal balance between glamour and subtlety. The carefully crafted design ensures comfort without compromising on style, making it an excellent choice for those who appreciate both fashion and practicality. Embrace the allure of this exquisite sage green dress, where every pleat and seam is a testament to impeccable craftsmanship. Elevate your presence at weddings, semi-formal occasions, and gatherings with this sage green dress that seamlessly combines sophistication and modern flair.",Dresses,130,Goddiva,24726,Women's Dresses & Skirts,198,https://images2.productserve.com/?w=200&h=200&bg=white&trim=5&t=letterbox&url=ssl%3Acdn.shopify.com%2Fs%2Ffiles%2F1%2F0487%2F8834%2F0899%2Ffiles%2FDR3337_SAGEGREEN_1703_front_1763479964.jpg&feedId=62769&k=94d05171a6a05ada660190df0cde113bbae66e43,USD,,"Over $120 - Free Delivery, Less than $120 - $12",https://goddiva.us/products/goddiva-high-low-dress-with-pleated-bodice-maxi-sagegreen,,,USD130,62769,Goddiva,1,,,,,,Womens,Dresses
https://www.awin1.com/pclick.php?p=36479136353&a=2771700&m=24726,Goddiva One Shoulder Sequin Evening Maxi - Emerald Green,36479136353,DR4069-EMERALD-14,https://cdn.shopify.com/s/files/1/0487/8834/0899/files/DR4069_EMERLAD_2217_front_1761930791.jpg,"Prepare to make a grand entrance in our One Shoulder Sequin Evening Maxi Dress, a true masterpiece in modern evening fashion. Featuring a bold and eye-catching asymmetric neckline and a unique one-shoulder design with an alluring cut-out detail, this emerald dress is the ultimate choice for a wide array of special occasions. It's your passport to being the star of the show at formal events, prestigious black-tie gatherings, memorable special occasions, opulent galas, and it even shines as a standout option for prom and bridesmaids. The entire gown is meticulously adorned with a breathtaking all-over sequin design, ensuring you'll sparkle and shimmer under the mesmerizing evening lights. This emerald sequin night dress seamlessly bridges the worlds of maxi dresses and high-end evening wear, offering a blend of style, sophistication, and unparalleled allure. Whether you're stepping onto the red carpet at a high-profile gala or making a memorable appearance as a bridesmaid at a wedding, our One Shoulder Sequin Evening Maxi Dress is tailored to make you stand out. It's not just a dress; it's a statement of confidence, elegance, and glamour. Embrace the spotlight and treasure every moment in this remarkable emerald gown that is destined to create lasting memories. Don't settle for the ordinary  choose our One Shoulder Sequin Evening Maxi Dress for an extraordinary and unforgettable evening.",Dresses,156,Goddiva,24726,Women's Dresses & Skirts,198,https://images2.productserve.com/?w=200&h=200&bg=white&trim=5&t=letterbox&url=ssl%3Acdn.shopify.com%2Fs%2Ffiles%2F1%2F0487%2F8834%2F0899%2Ffiles%2FDR4069_EMERLAD_2217_front_1761930791.jpg&feedId=62769&k=bb36aca47e88ab7c5860eb75a294bda2fc871582,USD,,"Over $120 - Free Delivery, Less than $120 - $12",https://goddiva.us/products/goddiva-one-shoulder-sequin-evening-maxi-emerald,,,USD156,62769,Goddiva,1,,,,,,Womens,Dresses
https://www.awin1.com/pclick.php?p=36455582444&a=2771700&m=24726,Goddiva Sequin Skater Shirt Dress - Emerald Green,36455582444,DR4061-EMERALD-10,https://cdn.shopify.com/s/files/1/0487/8834/0899/files/DR4061_EMERALD_699_front_1759922308.jpg,"The perfect fusion of glamour and style for a variety of occasions. This stunning emerald sequin midi dress is a versatile choice that's ideal for wedding guests, romantic date nights, and lively parties. With its intricate sequin embellishments, this emerald dress exudes an air of sophistication and sparkle, ensuring you'll shine in the spotlight. The skater-style silhouette adds a touch of playful elegance, making it a chic option for different social events. Whether you're attending a wedding, enjoying a special date night, or dancing the night away at a party, this emerald dress is designed to turn heads. Its timeless charm and comfortable fit guarantee you'll feel both confident and stunning throughout the occasion. Our Sequin Skater Shirt Dress is the ultimate choice for those who want to make a statement with their style. Don this dress to be the centre of attention at your next event, and radiate elegance and charm throughout the night.",Dresses,150,Goddiva,24726,Women's Dresses & Skirts,198,https://images2.productserve.com/?w=200&h=200&bg=white&trim=5&t=letterbox&url=ssl%3Acdn.shopify.com%2Fs%2Ffiles%2F1%2F0487%2F8834%2F0899%2Ffiles%2FDR4061_EMERALD_699_front_1759922308.jpg&feedId=62769&k=859dbcf1ef9d1397acbe2600e23fd79ca63259c6,USD,,"Over $120 - Free Delivery, Less than $120 - $12",https://goddiva.us/products/goddiva-sequin-skater-shirt-dress-emerald,,,USD150,62769,Goddiva,1,,,,,,Womens,Dresses
https://www.awin1.com/pclick.php?p=36302416318&a=2771700&m=24726,Goddiva Satin Flutter Sleeve Mermaid Maxi - Black,36302416318,DR3954-BLACK-8,https://cdn.shopify.com/s/files/1/0487/8834/0899/files/dr3954_black_front_1764666477.jpg,"The epitome of elegance and sophistication. Our stunning black satin flutter sleeve mermaid maxi is designed with meticulous attention to detail, this exquisite dress is the perfect choice for any special occasion. Crafted from luxurious satin fabric, this black maxi dress drapes gracefully, creating a mesmerising silhouette that will leave a lasting impression. The satin material adds a touch of lustrous beauty, making it a standout piece for evening events, weddings, and even as a stunning bridesmaid ensemble. The flutter sleeves add a whimsical and feminine touch, creating an ethereal aura as you move. The cut accentuates your curves, hugging your figure in all the right places and exuding an air of timeless glamour. Whether you're attending a black-tie affair or a lavish cocktail party, this black satin flutter sleeve mermaid maxi is designed to make you feel like the belle of the ball. Its versatility allows you to accessorise and style it to match your personal taste and the event's theme. Step into the limelight with confidence and grace in this enchanting gown. Embrace the allure of satin, the elegance of a maxi length, and the feminine charm of flutter sleeves. Make a statement and create unforgettable memories with our Satin Flutter Sleeve Mermaid Maxi.",Dresses,116,Goddiva,24726,Women's Dresses & Skirts,198,https://images2.productserve.com/?w=200&h=200&bg=white&trim=5&t=letterbox&url=ssl%3Acdn.shopify.com%2Fs%2Ffiles%2F1%2F0487%2F8834%2F0899%2Ffiles%2Fdr3954_black_front_1764666477.jpg&feedId=62769&k=9e8e9c0ba014a689be64790ff596de129ab89ff9,USD,,"Over $120 - Free Delivery, Less than $120 - $12",https://goddiva.us/products/goddiva-satin-flutter-sleeve-mermaid-maxi-black,,,USD116,62769,Goddiva,1,,,,,,Womens,Dresses
https://www.awin1.com/pclick.php?p=37976445311&a=2771700&m=24726,Goddiva Off The Shoulder Sequin Wing Maxi Dress - Champagne,37976445311,DR3616-CHAMPAGNE-6,https://cdn.shopify.com/s/files/1/0487/8834/0899/files/DR3616_CHAMPAGNE_0326_front_1770734437.jpg,"Kill them with sparkles this season in this lavish gold/white off the shoulder sequin wing maxi dress by Goddiva. This legendary evening gown is hands-down the winner for this seasons events. A winning choice for brides, bridesmaids and prom. In its classic champagne/wonderful white, this sparkly off the shoulder number will make you feel like the goddess you are. It's off the shoulder style, floor length skirt finished with a mermaid hem and it's all over sequin design, this occasion dress is also fool-proof for wedding guests and formal events. With its affordable price, you will never find a dress with this finish for this price anywhere else. Its upward gathered detailing on the waist offers a decorative touch to this already sublime style, while its bodycon fit will enhance your sexy silhouette giving you the power to strut your stuff!",Dresses,170,Goddiva,24726,Women's Dresses & Skirts,198,https://images2.productserve.com/?w=200&h=200&bg=white&trim=5&t=letterbox&url=ssl%3Acdn.shopify.com%2Fs%2Ffiles%2F1%2F0487%2F8834%2F0899%2Ffiles%2FDR3616_CHAMPAGNE_0326_front_1770734437.jpg&feedId=62769&k=9259074e9814a1413be2207fd0db1033727d8f2d,USD,,"Over $120 - Free Delivery, Less than $120 - $12",https://goddiva.us/products/goddiva-off-the-shoulder-sequin-wing-maxi-dress-champagne,,,USD170,62769,Goddiva,1,,,,,,Womens,Dresses
https://www.awin1.com/pclick.php?p=37987373653&a=2771700&m=24726,Goddiva Ombre Scuba Foam Bardot A-Line Midi Dress - Light Blue,37987373653,DR4283QZ-LIGHTBLUE-10,https://cdn.shopify.com/s/files/1/0487/8834/0899/files/DR4283QZ_lightblue_33052_front_1767706991.jpg,"Dive into the epitome of elegance with our mesmerising Ombre Scuba Foam Bardot A-Line Midi Dress. Designed to steal hearts and turn heads, this exquisite Light Blue piece embodies sophistication with a contemporary twist. Indulge in the seamless blend of style and comfort as the scuba foam material caresses your curves, offering a flattering silhouette that's both graceful and alluring. The Bardot neckline adds a touch of allure, gently framing the shoulders with a hint of romance. But what truly sets this Blue dress apart is its captivating ombre design, a stunning gradient that transitions seamlessly from one blue hue to another, creating a mesmerising visual feast. Whether you're sashaying across the dance floor or making a grand entrance at a soire, this A-line midi dress ensures you stand out effortlessly. Embrace a world of endless compliments and unforgettable moments with our Ombre Scuba Foam Bardot A-Line Midi Dress  where style meets sophistication in every graceful sway.",Dresses,130,Goddiva,24726,Women's Dresses & Skirts,198,https://images2.productserve.com/?w=200&h=200&bg=white&trim=5&t=letterbox&url=ssl%3Acdn.shopify.com%2Fs%2Ffiles%2F1%2F0487%2F8834%2F0899%2Ffiles%2FDR4283QZ_lightblue_33052_front_1767706991.jpg&feedId=62769&k=7c88a86e57536f5fcad908ed5f6246d77cd67a5e,USD,,"Over $120 - Free Delivery, Less than $120 - $12",https://goddiva.us/products/goddiva-ombre-scuba-foam-bardot-a-line-midi-dress-light-blue,,,USD130,62769,Goddiva,1,,,,,,Womens,Dresses
https://www.awin1.com/pclick.php?p=37987373654&a=2771700&m=24726,Goddiva Ombre Scuba Foam Bardot A-Line Midi Dress - Light Blue,37987373654,DR4283QZ-LIGHTBLUE-12,https://cdn.shopify.com/s/files/1/0487/8834/0899/files/DR4283QZ_lightblue_33052_front_1767706991.jpg,"Dive into the epitome of elegance with our mesmerising Ombre Scuba Foam Bardot A-Line Midi Dress. Designed to steal hearts and turn heads, this exquisite Light Blue piece embodies sophistication with a contemporary twist. Indulge in the seamless blend of style and comfort as the scuba foam material caresses your curves, offering a flattering silhouette that's both graceful and alluring. The Bardot neckline adds a touch of allure, gently framing the shoulders with a hint of romance. But what truly sets this Blue dress apart is its captivating ombre design, a stunning gradient that transitions seamlessly from one blue hue to another, creating a mesmerising visual feast. Whether you're sashaying across the dance floor or making a grand entrance at a soire, this A-line midi dress ensures you stand out effortlessly. Embrace a world of endless compliments and unforgettable moments with our Ombre Scuba Foam Bardot A-Line Midi Dress  where style meets sophistication in every graceful sway.",Dresses,130,Goddiva,24726,Women's Dresses & Skirts,198,https://images2.productserve.com/?w=200&h=200&bg=white&trim=5&t=letterbox&url=ssl%3Acdn.shopify.com%2Fs%2Ffiles%2F1%2F0487%2F8834%2F0899%2Ffiles%2FDR4283QZ_lightblue_33052_front_1767706991.jpg&feedId=62769&k=7c88a86e57536f5fcad908ed5f6246d77cd67a5e,USD,,"Over $120 - Free Delivery, Less than $120 - $12",https://goddiva.us/products/goddiva-ombre-scuba-foam-bardot-a-line-midi-dress-light-blue,,,USD130,62769,Goddiva,1,,,,,,Womens,Dresses
https://www.awin1.com/pclick.php?p=37987373655&a=2771700&m=24726,Goddiva Ombre Scuba Foam Bardot A-Line Midi Dress - Light Blue,37987373655,DR4283QZ-LIGHTBLUE-14,https://cdn.shopify.com/s/files/1/0487/8834/0899/files/DR4283QZ_lightblue_33052_front_1767706991.jpg,"Dive into the epitome of elegance with our mesmerising Ombre Scuba Foam Bardot A-Line Midi Dress. Designed to steal hearts and turn heads, this exquisite Light Blue piece embodies sophistication with a contemporary twist. Indulge in the seamless blend of style and comfort as the scuba foam material caresses your curves, offering a flattering silhouette that's both graceful and alluring. The Bardot neckline adds a touch of allure, gently framing the shoulders with a hint of romance. But what truly sets this Blue dress apart is its captivating ombre design, a stunning gradient that transitions seamlessly from one blue hue to another, creating a mesmerising visual feast. Whether you're sashaying across the dance floor or making a grand entrance at a soire, this A-line midi dress ensures you stand out effortlessly. Embrace a world of endless compliments and unforgettable moments with our Ombre Scuba Foam Bardot A-Line Midi Dress  where style meets sophistication in every graceful sway.",Dresses,130,Goddiva,24726,Women's Dresses & Skirts,198,https://images2.productserve.com/?w=200&h=200&bg=white&trim=5&t=letterbox&url=ssl%3Acdn.shopify.com%2Fs%2Ffiles%2F1%2F0487%2F8834%2F0899%2Ffiles%2FDR4283QZ_lightblue_33052_front_1767706991.jpg&feedId=62769&k=7c88a86e57536f5fcad908ed5f6246d77cd67a5e,USD,,"Over $120 - Free Delivery, Less than $120 - $12",https://goddiva.us/products/goddiva-ombre-scuba-foam-bardot-a-line-midi-dress-light-blue,,,USD130,62769,Goddiva,1,,,,,,Womens,Dresses
https://www.awin1.com/pclick.php?p=37987373652&a=2771700&m=24726,Goddiva Ombre Scuba Foam Bardot A-Line Midi Dress - Light Blue,37987373652,DR4283QZ-LIGHTBLUE-8,https://cdn.shopify.com/s/files/1/0487/8834/0899/files/DR4283QZ_lightblue_33052_front_1767706991.jpg,"Dive into the epitome of elegance with our mesmerising Ombre Scuba Foam Bardot A-Line Midi Dress. Designed to steal hearts and turn heads, this exquisite Light Blue piece embodies sophistication with a contemporary twist. Indulge in the seamless blend of style and comfort as the scuba foam material caresses your curves, offering a flattering silhouette that's both graceful and alluring. The Bardot neckline adds a touch of allure, gently framing the shoulders with a hint of romance. But what truly sets this Blue dress apart is its captivating ombre design, a stunning gradient that transitions seamlessly from one blue hue to another, creating a mesmerising visual feast. Whether you're sashaying across the dance floor or making a grand entrance at a soire, this A-line midi dress ensures you stand out effortlessly. Embrace a world of endless compliments and unforgettable moments with our Ombre Scuba Foam Bardot A-Line Midi Dress  where style meets sophistication in every graceful sway.",Dresses,130,Goddiva,24726,Women's Dresses & Skirts,198,https://images2.productserve.com/?w=200&h=200&bg=white&trim=5&t=letterbox&url=ssl%3Acdn.shopify.com%2Fs%2Ffiles%2F1%2F0487%2F8834%2F0899%2Ffiles%2FDR4283QZ_lightblue_33052_front_1767706991.jpg&feedId=62769&k=7c88a86e57536f5fcad908ed5f6246d77cd67a5e,USD,,"Over $120 - Free Delivery, Less than $120 - $12",https://goddiva.us/products/goddiva-ombre-scuba-foam-bardot-a-line-midi-dress-light-blue,,,USD130,62769,Goddiva,1,,,,,,Womens,Dresses