aw_deep_link,product_name,aw_product_id,merchant_product_id,merchant_image_url,description,merchant_category,search_price,merchant_name,merchant_id,category_name,category_id,aw_image_url,currency,store_price,delivery_cost,merchant_deep_link,language,last_updated,display_price,data_feed_id,brand_name,in_stock,large_image,alternate_image,alternate_image_two,alternate_image_four,alternate_image_three,gender_added,category_added
https://www.awin1.com/pclick.php?p=32588750293&a=2771700&m=24726,City Goddess Wrap Flutter Sleeve Floral Midi Dress - Beige,32588750293,DR3500-BEIGE-8,https://cdn.shopify.com/s/files/1/0487/8834/0899/files/DR3500-BEIGE_FRONT_1712154446.jpg,"This simple and elegant style is a must have for your next holiday or special occasion. Featuring flutter sleeves, high neckline and all over floral print, this trendy midi beige dress is the perfect choice for any summer outing. The floral print teamed with a classic wrap style has a gorgeous silhouette that will have you making a style statement wherever you go. Its cream color paired with a classic summer floral print makes this short dress the perfect pick for holidays in the sun, garden parties, wedding guests, BBQs and even date nights. Make sure you add this style to your closet today!",Dresses,30,Goddiva,24726,Women's Dresses & Skirts,198,https://images2.productserve.com/?w=200&h=200&bg=white&trim=5&t=letterbox&url=ssl%3Acdn.shopify.com%2Fs%2Ffiles%2F1%2F0487%2F8834%2F0899%2Ffiles%2FDR3500-BEIGE_FRONT_1712154446.jpg&feedId=62769&k=c85e77d4b9554a25a3c4f127fd0737b8d2f20217,USD,,"Over $120 - Free Delivery, Less than $120 - $12",https://goddiva.us/products/city-goddess-wrap-flutter-sleeve-floral-midi-dress-beige,,,USD76,62769,City Goddess,1,,,,,,Womens,Dresses
https://www.awin1.com/pclick.php?p=32588750297&a=2771700&m=24726,City Goddess Wrap Flutter Sleeve Floral Midi Dress - Beige,32588750297,DR3500-BEIGE-12,https://cdn.shopify.com/s/files/1/0487/8834/0899/files/DR3500-BEIGE_FRONT_1712154446.jpg,"This simple and elegant style is a must have for your next holiday or special occasion. Featuring flutter sleeves, high neckline and all over floral print, this trendy midi beige dress is the perfect choice for any summer outing. The floral print teamed with a classic wrap style has a gorgeous silhouette that will have you making a style statement wherever you go. Its cream color paired with a classic summer floral print makes this short dress the perfect pick for holidays in the sun, garden parties, wedding guests, BBQs and even date nights. Make sure you add this style to your closet today!",Dresses,30,Goddiva,24726,Women's Dresses & Skirts,198,https://images2.productserve.com/?w=200&h=200&bg=white&trim=5&t=letterbox&url=ssl%3Acdn.shopify.com%2Fs%2Ffiles%2F1%2F0487%2F8834%2F0899%2Ffiles%2FDR3500-BEIGE_FRONT_1712154446.jpg&feedId=62769&k=c85e77d4b9554a25a3c4f127fd0737b8d2f20217,USD,,"Over $120 - Free Delivery, Less than $120 - $12",https://goddiva.us/products/city-goddess-wrap-flutter-sleeve-floral-midi-dress-beige,,,USD76,62769,City Goddess,1,,,,,,Womens,Dresses
https://www.awin1.com/pclick.php?p=32588750295&a=2771700&m=24726,City Goddess Wrap Flutter Sleeve Floral Midi Dress - Beige,32588750295,DR3500-BEIGE-10,https://cdn.shopify.com/s/files/1/0487/8834/0899/files/DR3500-BEIGE_FRONT_1712154446.jpg,"This simple and elegant style is a must have for your next holiday or special occasion. Featuring flutter sleeves, high neckline and all over floral print, this trendy midi beige dress is the perfect choice for any summer outing. The floral print teamed with a classic wrap style has a gorgeous silhouette that will have you making a style statement wherever you go. Its cream color paired with a classic summer floral print makes this short dress the perfect pick for holidays in the sun, garden parties, wedding guests, BBQs and even date nights. Make sure you add this style to your closet today!",Dresses,30,Goddiva,24726,Women's Dresses & Skirts,198,https://images2.productserve.com/?w=200&h=200&bg=white&trim=5&t=letterbox&url=ssl%3Acdn.shopify.com%2Fs%2Ffiles%2F1%2F0487%2F8834%2F0899%2Ffiles%2FDR3500-BEIGE_FRONT_1712154446.jpg&feedId=62769&k=c85e77d4b9554a25a3c4f127fd0737b8d2f20217,USD,,"Over $120 - Free Delivery, Less than $120 - $12",https://goddiva.us/products/city-goddess-wrap-flutter-sleeve-floral-midi-dress-beige,,,USD76,62769,City Goddess,1,,,,,,Womens,Dresses
https://www.awin1.com/pclick.php?p=32969015723&a=2771700&m=24726,City Goddess High Neck Drawstring Mini Dress - Navy,32969015723,DR3529-NAVY-8,https://cdn.shopify.com/s/files/1/0487/8834/0899/files/sobhcljf-10489_1758722117211_1759121088.png,"Dress for all your special occasions in this sexy high neck drawstring party dress. The high neck is perfect for a night out on the town with friends, birthdays, date nights and of course clubs, while the long sleeves will keep you warm enough on those cooler nights. This navy dress has a simple yet sophisticated look which is the perfect pick to show off your sensational figure. This navy dress is the perfect pick for date nights, club nights, wedding guests and birthday parties. Team with your fave heels and jewellery and get ready to strut your stuff all night long.",Dresses,24,Goddiva,24726,Women's Dresses & Skirts,198,https://images2.productserve.com/?w=200&h=200&bg=white&trim=5&t=letterbox&url=ssl%3Acdn.shopify.com%2Fs%2Ffiles%2F1%2F0487%2F8834%2F0899%2Ffiles%2Fsobhcljf-10489_1758722117211_1759121088.png&feedId=62769&k=1abbb0f79ce41dadfae284f8abeb3969f61c50e0,USD,,"Over $120 - Free Delivery, Less than $120 - $12",https://goddiva.us/products/city-goddess-high-neck-drawstring-mini-dress-navy,,,USD56,62769,City Goddess,1,,,,,,Womens,Dresses
https://www.awin1.com/pclick.php?p=32969015731&a=2771700&m=24726,City Goddess High Neck Drawstring Mini Dress - Coral,32969015731,DR3529-CORAL-6,https://cdn.shopify.com/s/files/1/0487/8834/0899/files/xiswb97w-10490_1758720778881_1759121447.png,"Dress for all your special occasions in this sexy high neck drawstring party dress. The high neck is perfect for a night out on the town with friends, birthdays, date nights and of course clubs, while the long sleeves will keep you warm enough on those cooler nights. This coral dress has a simple yet sophisticated look which is the perfect pick to show off your sensational figure. This coral dress is the perfect pick for date nights, club nights, wedding guests and birthday parties. Team with your fave heels and jewellery and get ready to strut your stuff all night long.",Dresses,24,Goddiva,24726,Women's Dresses & Skirts,198,https://images2.productserve.com/?w=200&h=200&bg=white&trim=5&t=letterbox&url=ssl%3Acdn.shopify.com%2Fs%2Ffiles%2F1%2F0487%2F8834%2F0899%2Ffiles%2Fxiswb97w-10490_1758720778881_1759121447.png&feedId=62769&k=9dba2035d1f61122bcf94abe83c871096c23d192,USD,,"Over $120 - Free Delivery, Less than $120 - $12",https://goddiva.us/products/city-goddess-high-neck-drawstring-mini-dress-coral,,,USD56,62769,City Goddess,1,,,,,,Womens,Dresses
https://www.awin1.com/pclick.php?p=32969015725&a=2771700&m=24726,City Goddess High Neck Drawstring Mini Dress - Navy,32969015725,DR3529-NAVY-10,https://cdn.shopify.com/s/files/1/0487/8834/0899/files/sobhcljf-10489_1758722117211_1759121088.png,"Dress for all your special occasions in this sexy high neck drawstring party dress. The high neck is perfect for a night out on the town with friends, birthdays, date nights and of course clubs, while the long sleeves will keep you warm enough on those cooler nights. This navy dress has a simple yet sophisticated look which is the perfect pick to show off your sensational figure. This navy dress is the perfect pick for date nights, club nights, wedding guests and birthday parties. Team with your fave heels and jewellery and get ready to strut your stuff all night long.",Dresses,24,Goddiva,24726,Women's Dresses & Skirts,198,https://images2.productserve.com/?w=200&h=200&bg=white&trim=5&t=letterbox&url=ssl%3Acdn.shopify.com%2Fs%2Ffiles%2F1%2F0487%2F8834%2F0899%2Ffiles%2Fsobhcljf-10489_1758722117211_1759121088.png&feedId=62769&k=1abbb0f79ce41dadfae284f8abeb3969f61c50e0,USD,,"Over $120 - Free Delivery, Less than $120 - $12",https://goddiva.us/products/city-goddess-high-neck-drawstring-mini-dress-navy,,,USD56,62769,City Goddess,1,,,,,,Womens,Dresses
https://www.awin1.com/pclick.php?p=32969015721&a=2771700&m=24726,City Goddess High Neck Drawstring Mini Dress - Navy,32969015721,DR3529-NAVY-6,https://cdn.shopify.com/s/files/1/0487/8834/0899/files/sobhcljf-10489_1758722117211_1759121088.png,"Dress for all your special occasions in this sexy high neck drawstring party dress. The high neck is perfect for a night out on the town with friends, birthdays, date nights and of course clubs, while the long sleeves will keep you warm enough on those cooler nights. This navy dress has a simple yet sophisticated look which is the perfect pick to show off your sensational figure. This navy dress is the perfect pick for date nights, club nights, wedding guests and birthday parties. Team with your fave heels and jewellery and get ready to strut your stuff all night long.",Dresses,24,Goddiva,24726,Women's Dresses & Skirts,198,https://images2.productserve.com/?w=200&h=200&bg=white&trim=5&t=letterbox&url=ssl%3Acdn.shopify.com%2Fs%2Ffiles%2F1%2F0487%2F8834%2F0899%2Ffiles%2Fsobhcljf-10489_1758722117211_1759121088.png&feedId=62769&k=1abbb0f79ce41dadfae284f8abeb3969f61c50e0,USD,,"Over $120 - Free Delivery, Less than $120 - $12",https://goddiva.us/products/city-goddess-high-neck-drawstring-mini-dress-navy,,,USD56,62769,City Goddess,1,,,,,,Womens,Dresses
https://www.awin1.com/pclick.php?p=32969015735&a=2771700&m=24726,City Goddess High Neck Drawstring Mini Dress - Coral,32969015735,DR3529-CORAL-10,https://cdn.shopify.com/s/files/1/0487/8834/0899/files/xiswb97w-10490_1758720778881_1759121447.png,"Dress for all your special occasions in this sexy high neck drawstring party dress. The high neck is perfect for a night out on the town with friends, birthdays, date nights and of course clubs, while the long sleeves will keep you warm enough on those cooler nights. This coral dress has a simple yet sophisticated look which is the perfect pick to show off your sensational figure. This coral dress is the perfect pick for date nights, club nights, wedding guests and birthday parties. Team with your fave heels and jewellery and get ready to strut your stuff all night long.",Dresses,24,Goddiva,24726,Women's Dresses & Skirts,198,https://images2.productserve.com/?w=200&h=200&bg=white&trim=5&t=letterbox&url=ssl%3Acdn.shopify.com%2Fs%2Ffiles%2F1%2F0487%2F8834%2F0899%2Ffiles%2Fxiswb97w-10490_1758720778881_1759121447.png&feedId=62769&k=9dba2035d1f61122bcf94abe83c871096c23d192,USD,,"Over $120 - Free Delivery, Less than $120 - $12",https://goddiva.us/products/city-goddess-high-neck-drawstring-mini-dress-coral,,,USD56,62769,City Goddess,1,,,,,,Womens,Dresses
https://www.awin1.com/pclick.php?p=32969015733&a=2771700&m=24726,City Goddess High Neck Drawstring Mini Dress - Coral,32969015733,DR3529-CORAL-8,https://cdn.shopify.com/s/files/1/0487/8834/0899/files/xiswb97w-10490_1758720778881_1759121447.png,"Dress for all your special occasions in this sexy high neck drawstring party dress. The high neck is perfect for a night out on the town with friends, birthdays, date nights and of course clubs, while the long sleeves will keep you warm enough on those cooler nights. This coral dress has a simple yet sophisticated look which is the perfect pick to show off your sensational figure. This coral dress is the perfect pick for date nights, club nights, wedding guests and birthday parties. Team with your fave heels and jewellery and get ready to strut your stuff all night long.",Dresses,24,Goddiva,24726,Women's Dresses & Skirts,198,https://images2.productserve.com/?w=200&h=200&bg=white&trim=5&t=letterbox&url=ssl%3Acdn.shopify.com%2Fs%2Ffiles%2F1%2F0487%2F8834%2F0899%2Ffiles%2Fxiswb97w-10490_1758720778881_1759121447.png&feedId=62769&k=9dba2035d1f61122bcf94abe83c871096c23d192,USD,,"Over $120 - Free Delivery, Less than $120 - $12",https://goddiva.us/products/city-goddess-high-neck-drawstring-mini-dress-coral,,,USD56,62769,City Goddess,1,,,,,,Womens,Dresses
https://www.awin1.com/pclick.php?p=33215767093&a=2771700&m=24726,City Goddess Cut Out Ruched Bodycon Midi Dress - Khaki,33215767093,DR3522-KHAKI-8,https://cdn.shopify.com/s/files/1/0487/8834/0899/products/ilCGZtoa-11084.jpg,"This is a bodycon dress that creates an hourglass shape and plunging neckline. With a ruched bust and tight midi length,  it will be your go-to party dress this season.  It has a midi length which is great for club, party and cocktail wear. This khaki dress is perfect for any special occasion like date night, vacation, or girls' night out! Featuring its trending cut out style, bodycon fit and ruched detailing, it shows off your curves while staying true to your own style. In its summer worthy khaki color, this party dress is here to serve you the best summer you will ever know. Style it with some strappy heels and a choker to complete your look and make this dress your go-to piece for all of your night time adventures.",Dresses,28,Goddiva,24726,Women's Dresses & Skirts,198,https://images2.productserve.com/?w=200&h=200&bg=white&trim=5&t=letterbox&url=ssl%3Acdn.shopify.com%2Fs%2Ffiles%2F1%2F0487%2F8834%2F0899%2Fproducts%2FilCGZtoa-11084.jpg&feedId=62769&k=7240871a8cbc2df1e5bd01da5f711068eb30567d,USD,,"Over $120 - Free Delivery, Less than $120 - $12",https://goddiva.us/products/city-goddess-cut-out-ruched-bodycon-midi-dress-khaki,,,USD56,62769,City Goddess,1,,,,,,Womens,Dresses
https://www.awin1.com/pclick.php?p=33215767101&a=2771700&m=24726,City Goddess Cut Out Ruched Bodycon Midi Dress - Black,33215767101,DR3522-BLACK-8,https://cdn.shopify.com/s/files/1/0487/8834/0899/products/zeYkHRJR-11083.jpg,"This is a bodycon dress that creates an hourglass shape and plunging neckline. With a ruched bust and tight midi length,  it will be your go-to party dress this season.  It has a midi length which is great for club, party and cocktail wear. This black dress is perfect for any special occasion like date night, vacation, or girls' night out! Featuring its trending cut out style, bodycon fit and ruched detailing, it shows off your curves while staying true to your own style. In its summer worthy black color, this party dress is here to serve you the best summer you will ever know. Style it with some strappy heels and a choker to complete your look and make this dress your go-to piece for all of your night time adventures.",Dresses,28,Goddiva,24726,Women's Dresses & Skirts,198,https://images2.productserve.com/?w=200&h=200&bg=white&trim=5&t=letterbox&url=ssl%3Acdn.shopify.com%2Fs%2Ffiles%2F1%2F0487%2F8834%2F0899%2Fproducts%2FzeYkHRJR-11083.jpg&feedId=62769&k=0de5274d3831487a20664dfc200eb2035f20a9fc,USD,,"Over $120 - Free Delivery, Less than $120 - $12",https://goddiva.us/products/city-goddess-cut-out-ruched-bodycon-midi-dress-black,,,USD56,62769,City Goddess,1,,,,,,Womens,Dresses
https://www.awin1.com/pclick.php?p=33215767091&a=2771700&m=24726,City Goddess Cut Out Ruched Bodycon Midi Dress - Khaki,33215767091,DR3522-KHAKI-6,https://cdn.shopify.com/s/files/1/0487/8834/0899/products/ilCGZtoa-11084.jpg,"This is a bodycon dress that creates an hourglass shape and plunging neckline. With a ruched bust and tight midi length,  it will be your go-to party dress this season.  It has a midi length which is great for club, party and cocktail wear. This khaki dress is perfect for any special occasion like date night, vacation, or girls' night out! Featuring its trending cut out style, bodycon fit and ruched detailing, it shows off your curves while staying true to your own style. In its summer worthy khaki color, this party dress is here to serve you the best summer you will ever know. Style it with some strappy heels and a choker to complete your look and make this dress your go-to piece for all of your night time adventures.",Dresses,28,Goddiva,24726,Women's Dresses & Skirts,198,https://images2.productserve.com/?w=200&h=200&bg=white&trim=5&t=letterbox&url=ssl%3Acdn.shopify.com%2Fs%2Ffiles%2F1%2F0487%2F8834%2F0899%2Fproducts%2FilCGZtoa-11084.jpg&feedId=62769&k=7240871a8cbc2df1e5bd01da5f711068eb30567d,USD,,"Over $120 - Free Delivery, Less than $120 - $12",https://goddiva.us/products/city-goddess-cut-out-ruched-bodycon-midi-dress-khaki,,,USD56,62769,City Goddess,1,,,,,,Womens,Dresses
https://www.awin1.com/pclick.php?p=33215767095&a=2771700&m=24726,City Goddess Cut Out Ruched Bodycon Midi Dress - Khaki,33215767095,DR3522-KHAKI-10,https://cdn.shopify.com/s/files/1/0487/8834/0899/products/ilCGZtoa-11084.jpg,"This is a bodycon dress that creates an hourglass shape and plunging neckline. With a ruched bust and tight midi length,  it will be your go-to party dress this season.  It has a midi length which is great for club, party and cocktail wear. This khaki dress is perfect for any special occasion like date night, vacation, or girls' night out! Featuring its trending cut out style, bodycon fit and ruched detailing, it shows off your curves while staying true to your own style. In its summer worthy khaki color, this party dress is here to serve you the best summer you will ever know. Style it with some strappy heels and a choker to complete your look and make this dress your go-to piece for all of your night time adventures.",Dresses,28,Goddiva,24726,Women's Dresses & Skirts,198,https://images2.productserve.com/?w=200&h=200&bg=white&trim=5&t=letterbox&url=ssl%3Acdn.shopify.com%2Fs%2Ffiles%2F1%2F0487%2F8834%2F0899%2Fproducts%2FilCGZtoa-11084.jpg&feedId=62769&k=7240871a8cbc2df1e5bd01da5f711068eb30567d,USD,,"Over $120 - Free Delivery, Less than $120 - $12",https://goddiva.us/products/city-goddess-cut-out-ruched-bodycon-midi-dress-khaki,,,USD56,62769,City Goddess,1,,,,,,Womens,Dresses
https://www.awin1.com/pclick.php?p=33215767109&a=2771700&m=24726,City Goddess Cut Out Ruched Bodycon Midi Dress - Black,33215767109,DR3522-BLACK-6,https://cdn.shopify.com/s/files/1/0487/8834/0899/products/zeYkHRJR-11083.jpg,"This is a bodycon dress that creates an hourglass shape and plunging neckline. With a ruched bust and tight midi length,  it will be your go-to party dress this season.  It has a midi length which is great for club, party and cocktail wear. This black dress is perfect for any special occasion like date night, vacation, or girls' night out! Featuring its trending cut out style, bodycon fit and ruched detailing, it shows off your curves while staying true to your own style. In its summer worthy black color, this party dress is here to serve you the best summer you will ever know. Style it with some strappy heels and a choker to complete your look and make this dress your go-to piece for all of your night time adventures.",Dresses,28,Goddiva,24726,Women's Dresses & Skirts,198,https://images2.productserve.com/?w=200&h=200&bg=white&trim=5&t=letterbox&url=ssl%3Acdn.shopify.com%2Fs%2Ffiles%2F1%2F0487%2F8834%2F0899%2Fproducts%2FzeYkHRJR-11083.jpg&feedId=62769&k=0de5274d3831487a20664dfc200eb2035f20a9fc,USD,,"Over $120 - Free Delivery, Less than $120 - $12",https://goddiva.us/products/city-goddess-cut-out-ruched-bodycon-midi-dress-black,,,USD56,62769,City Goddess,1,,,,,,Womens,Dresses
https://www.awin1.com/pclick.php?p=33215767103&a=2771700&m=24726,City Goddess Cut Out Ruched Bodycon Midi Dress - Black,33215767103,DR3522-BLACK-10,https://cdn.shopify.com/s/files/1/0487/8834/0899/products/zeYkHRJR-11083.jpg,"This is a bodycon dress that creates an hourglass shape and plunging neckline. With a ruched bust and tight midi length,  it will be your go-to party dress this season.  It has a midi length which is great for club, party and cocktail wear. This black dress is perfect for any special occasion like date night, vacation, or girls' night out! Featuring its trending cut out style, bodycon fit and ruched detailing, it shows off your curves while staying true to your own style. In its summer worthy black color, this party dress is here to serve you the best summer you will ever know. Style it with some strappy heels and a choker to complete your look and make this dress your go-to piece for all of your night time adventures.",Dresses,28,Goddiva,24726,Women's Dresses & Skirts,198,https://images2.productserve.com/?w=200&h=200&bg=white&trim=5&t=letterbox&url=ssl%3Acdn.shopify.com%2Fs%2Ffiles%2F1%2F0487%2F8834%2F0899%2Fproducts%2FzeYkHRJR-11083.jpg&feedId=62769&k=0de5274d3831487a20664dfc200eb2035f20a9fc,USD,,"Over $120 - Free Delivery, Less than $120 - $12",https://goddiva.us/products/city-goddess-cut-out-ruched-bodycon-midi-dress-black,,,USD56,62769,City Goddess,1,,,,,,Womens,Dresses
https://www.awin1.com/pclick.php?p=32969015711&a=2771700&m=24726,City Goddess High Neck Drawstring Mini Dress - Nude,32969015711,DR3529-NUDE-6,https://cdn.shopify.com/s/files/1/0487/8834/0899/files/gxfvv8b1-10488_1758720425230_1759120928.png,"Dress for all your special occasions in this sexy high neck drawstring party dress. The high neck is perfect for a night out on the town with friends, birthdays, date nights and of course clubs, while the long sleeves will keep you warm enough on those cooler nights. This nude dress has a simple yet sophisticated look which is the perfect pick to show off your sensational figure. This nude dress is the perfect pick for date nights, club nights, wedding guests and birthday parties. Team with your fave heels and jewellery and get ready to strut your stuff all night long.",Dresses,24,Goddiva,24726,Women's Dresses & Skirts,198,https://images2.productserve.com/?w=200&h=200&bg=white&trim=5&t=letterbox&url=ssl%3Acdn.shopify.com%2Fs%2Ffiles%2F1%2F0487%2F8834%2F0899%2Ffiles%2Fgxfvv8b1-10488_1758720425230_1759120928.png&feedId=62769&k=e122a285bddf774025b847a460fd3d8179ca1cee,USD,,"Over $120 - Free Delivery, Less than $120 - $12",https://goddiva.us/products/city-goddess-high-neck-drawstring-mini-dress-nude,,,USD56,62769,City Goddess,1,,,,,,Womens,Dresses
https://www.awin1.com/pclick.php?p=32969015713&a=2771700&m=24726,City Goddess High Neck Drawstring Mini Dress - Nude,32969015713,DR3529-NUDE-8,https://cdn.shopify.com/s/files/1/0487/8834/0899/files/gxfvv8b1-10488_1758720425230_1759120928.png,"Dress for all your special occasions in this sexy high neck drawstring party dress. The high neck is perfect for a night out on the town with friends, birthdays, date nights and of course clubs, while the long sleeves will keep you warm enough on those cooler nights. This nude dress has a simple yet sophisticated look which is the perfect pick to show off your sensational figure. This nude dress is the perfect pick for date nights, club nights, wedding guests and birthday parties. Team with your fave heels and jewellery and get ready to strut your stuff all night long.",Dresses,24,Goddiva,24726,Women's Dresses & Skirts,198,https://images2.productserve.com/?w=200&h=200&bg=white&trim=5&t=letterbox&url=ssl%3Acdn.shopify.com%2Fs%2Ffiles%2F1%2F0487%2F8834%2F0899%2Ffiles%2Fgxfvv8b1-10488_1758720425230_1759120928.png&feedId=62769&k=e122a285bddf774025b847a460fd3d8179ca1cee,USD,,"Over $120 - Free Delivery, Less than $120 - $12",https://goddiva.us/products/city-goddess-high-neck-drawstring-mini-dress-nude,,,USD56,62769,City Goddess,1,,,,,,Womens,Dresses
https://www.awin1.com/pclick.php?p=33103120943&a=2771700&m=24726,City Goddess Cut Out Long Sleeve Bodycon Mini - Royal Blue,33103120943,DR3532-ROYALBLUE-6,https://cdn.shopify.com/s/files/1/0487/8834/0899/files/DR3532_ROYALBLUE_18273_front_1773416889.jpg,"This cut out long sleeve bodycon mini is a gorgeous dress that is perfect for all your special occasions this season. You will catch everyone's attention with this stunningly designed dress. The blue color of the dress looks amazing on every skin tone and matches well with any kind of accessories. Wear it on a party, club night, cocktail, holiday or a romantic date to look sexy and catch everyone's attention. This long sleeve figure hugging mini is a must in your closet! This sexy royalblue number will show off your curves. Wear it with some high-heeled shoes for a night out on the town.",Dresses,24,Goddiva,24726,Women's Dresses & Skirts,198,https://images2.productserve.com/?w=200&h=200&bg=white&trim=5&t=letterbox&url=ssl%3Acdn.shopify.com%2Fs%2Ffiles%2F1%2F0487%2F8834%2F0899%2Ffiles%2FDR3532_ROYALBLUE_18273_front_1773416889.jpg&feedId=62769&k=6c05377911b22aeed43b11ece96737bfe64a72c4,USD,,"Over $120 - Free Delivery, Less than $120 - $12",https://goddiva.us/products/city-goddess-cut-out-long-sleeve-bodycon-mini-royal-blue,,,USD98,62769,City Goddess,1,,,,,,Womens,Dresses
https://www.awin1.com/pclick.php?p=33103120945&a=2771700&m=24726,City Goddess Cut Out Long Sleeve Bodycon Mini - Royal Blue,33103120945,DR3532-ROYALBLUE-8,https://cdn.shopify.com/s/files/1/0487/8834/0899/files/DR3532_ROYALBLUE_18273_front_1773416889.jpg,"This cut out long sleeve bodycon mini is a gorgeous dress that is perfect for all your special occasions this season. You will catch everyone's attention with this stunningly designed dress. The blue color of the dress looks amazing on every skin tone and matches well with any kind of accessories. Wear it on a party, club night, cocktail, holiday or a romantic date to look sexy and catch everyone's attention. This long sleeve figure hugging mini is a must in your closet! This sexy royalblue number will show off your curves. Wear it with some high-heeled shoes for a night out on the town.",Dresses,24,Goddiva,24726,Women's Dresses & Skirts,198,https://images2.productserve.com/?w=200&h=200&bg=white&trim=5&t=letterbox&url=ssl%3Acdn.shopify.com%2Fs%2Ffiles%2F1%2F0487%2F8834%2F0899%2Ffiles%2FDR3532_ROYALBLUE_18273_front_1773416889.jpg&feedId=62769&k=6c05377911b22aeed43b11ece96737bfe64a72c4,USD,,"Over $120 - Free Delivery, Less than $120 - $12",https://goddiva.us/products/city-goddess-cut-out-long-sleeve-bodycon-mini-royal-blue,,,USD98,62769,City Goddess,1,,,,,,Womens,Dresses
https://www.awin1.com/pclick.php?p=33103120947&a=2771700&m=24726,City Goddess Cut Out Long Sleeve Bodycon Mini - Royal Blue,33103120947,DR3532-ROYALBLUE-10,https://cdn.shopify.com/s/files/1/0487/8834/0899/files/DR3532_ROYALBLUE_18273_front_1773416889.jpg,"This cut out long sleeve bodycon mini is a gorgeous dress that is perfect for all your special occasions this season. You will catch everyone's attention with this stunningly designed dress. The blue color of the dress looks amazing on every skin tone and matches well with any kind of accessories. Wear it on a party, club night, cocktail, holiday or a romantic date to look sexy and catch everyone's attention. This long sleeve figure hugging mini is a must in your closet! This sexy royalblue number will show off your curves. Wear it with some high-heeled shoes for a night out on the town.",Dresses,24,Goddiva,24726,Women's Dresses & Skirts,198,https://images2.productserve.com/?w=200&h=200&bg=white&trim=5&t=letterbox&url=ssl%3Acdn.shopify.com%2Fs%2Ffiles%2F1%2F0487%2F8834%2F0899%2Ffiles%2FDR3532_ROYALBLUE_18273_front_1773416889.jpg&feedId=62769&k=6c05377911b22aeed43b11ece96737bfe64a72c4,USD,,"Over $120 - Free Delivery, Less than $120 - $12",https://goddiva.us/products/city-goddess-cut-out-long-sleeve-bodycon-mini-royal-blue,,,USD98,62769,City Goddess,1,,,,,,Womens,Dresses
https://www.awin1.com/pclick.php?p=32969015715&a=2771700&m=24726,City Goddess High Neck Drawstring Mini Dress - Nude,32969015715,DR3529-NUDE-10,https://cdn.shopify.com/s/files/1/0487/8834/0899/files/gxfvv8b1-10488_1758720425230_1759120928.png,"Dress for all your special occasions in this sexy high neck drawstring party dress. The high neck is perfect for a night out on the town with friends, birthdays, date nights and of course clubs, while the long sleeves will keep you warm enough on those cooler nights. This nude dress has a simple yet sophisticated look which is the perfect pick to show off your sensational figure. This nude dress is the perfect pick for date nights, club nights, wedding guests and birthday parties. Team with your fave heels and jewellery and get ready to strut your stuff all night long.",Dresses,24,Goddiva,24726,Women's Dresses & Skirts,198,https://images2.productserve.com/?w=200&h=200&bg=white&trim=5&t=letterbox&url=ssl%3Acdn.shopify.com%2Fs%2Ffiles%2F1%2F0487%2F8834%2F0899%2Ffiles%2Fgxfvv8b1-10488_1758720425230_1759120928.png&feedId=62769&k=e122a285bddf774025b847a460fd3d8179ca1cee,USD,,"Over $120 - Free Delivery, Less than $120 - $12",https://goddiva.us/products/city-goddess-high-neck-drawstring-mini-dress-nude,,,USD56,62769,City Goddess,1,,,,,,Womens,Dresses
https://www.awin1.com/pclick.php?p=33948207191&a=2771700&m=24726,City Goddess Wrap Flutter Sleeve Floral Midi Dress - Peach,33948207191,DR3500-PEACH-12,https://cdn.shopify.com/s/files/1/0487/8834/0899/files/DR3500_peach_front_1744719512.jpg,"This simple and elegant style is a must have for your next holiday or special occasion. Featuring flutter sleeves, high neckline and all over floral print, this trendy midi peach dress is the perfect choice for any summer outing. The floral print teamed with a classic wrap style has a gorgeous silhouette that will have you making a style statement wherever you go. Its peach color paired with a classic summer floral print makes this short dress the perfect pick for holidays in the sun, garden parties, wedding guests, BBQs and even date nights. Make sure you add this style to your closet today!",Dresses,30,Goddiva,24726,Women's Dresses & Skirts,198,https://images2.productserve.com/?w=200&h=200&bg=white&trim=5&t=letterbox&url=ssl%3Acdn.shopify.com%2Fs%2Ffiles%2F1%2F0487%2F8834%2F0899%2Ffiles%2FDR3500_peach_front_1744719512.jpg&feedId=62769&k=b6d50f64dbc64224c9a955ee7530d5e13c0a91c4,USD,,"Over $120 - Free Delivery, Less than $120 - $12",https://goddiva.us/products/city-goddess-wrap-flutter-sleeve-floral-midi-dress-peach,,,USD76,62769,City Goddess,1,,,,,,Womens,Dresses
https://www.awin1.com/pclick.php?p=33948207189&a=2771700&m=24726,City Goddess Wrap Flutter Sleeve Floral Midi Dress - Peach,33948207189,DR3500-PEACH-10,https://cdn.shopify.com/s/files/1/0487/8834/0899/files/DR3500_peach_front_1744719512.jpg,"This simple and elegant style is a must have for your next holiday or special occasion. Featuring flutter sleeves, high neckline and all over floral print, this trendy midi peach dress is the perfect choice for any summer outing. The floral print teamed with a classic wrap style has a gorgeous silhouette that will have you making a style statement wherever you go. Its peach color paired with a classic summer floral print makes this short dress the perfect pick for holidays in the sun, garden parties, wedding guests, BBQs and even date nights. Make sure you add this style to your closet today!",Dresses,30,Goddiva,24726,Women's Dresses & Skirts,198,https://images2.productserve.com/?w=200&h=200&bg=white&trim=5&t=letterbox&url=ssl%3Acdn.shopify.com%2Fs%2Ffiles%2F1%2F0487%2F8834%2F0899%2Ffiles%2FDR3500_peach_front_1744719512.jpg&feedId=62769&k=b6d50f64dbc64224c9a955ee7530d5e13c0a91c4,USD,,"Over $120 - Free Delivery, Less than $120 - $12",https://goddiva.us/products/city-goddess-wrap-flutter-sleeve-floral-midi-dress-peach,,,USD76,62769,City Goddess,1,,,,,,Womens,Dresses
https://www.awin1.com/pclick.php?p=33948207187&a=2771700&m=24726,City Goddess Wrap Flutter Sleeve Floral Midi Dress - Peach,33948207187,DR3500-PEACH-8,https://cdn.shopify.com/s/files/1/0487/8834/0899/files/DR3500_peach_front_1744719512.jpg,"This simple and elegant style is a must have for your next holiday or special occasion. Featuring flutter sleeves, high neckline and all over floral print, this trendy midi peach dress is the perfect choice for any summer outing. The floral print teamed with a classic wrap style has a gorgeous silhouette that will have you making a style statement wherever you go. Its peach color paired with a classic summer floral print makes this short dress the perfect pick for holidays in the sun, garden parties, wedding guests, BBQs and even date nights. Make sure you add this style to your closet today!",Dresses,30,Goddiva,24726,Women's Dresses & Skirts,198,https://images2.productserve.com/?w=200&h=200&bg=white&trim=5&t=letterbox&url=ssl%3Acdn.shopify.com%2Fs%2Ffiles%2F1%2F0487%2F8834%2F0899%2Ffiles%2FDR3500_peach_front_1744719512.jpg&feedId=62769&k=b6d50f64dbc64224c9a955ee7530d5e13c0a91c4,USD,,"Over $120 - Free Delivery, Less than $120 - $12",https://goddiva.us/products/city-goddess-wrap-flutter-sleeve-floral-midi-dress-peach,,,USD76,62769,City Goddess,1,,,,,,Womens,Dresses
https://www.awin1.com/pclick.php?p=34257111071&a=2771700&m=24726,City Goddess Asymmetrical Neck Ruched Midi Dress - Black,34257111071,DR3541-BLACK-10,https://cdn.shopify.com/s/files/1/0487/8834/0899/files/DR3541_Black_18580_front_1773417135.jpg,"The asymmetrical neckline is a staple in any women's wardrobe. This long sleeve, bodycon midi dress features a ruched bodice that accentuates your curves and fall fashion trends.  Chic, sexy and sophisticated, this black bodycon midi dress with an asymmetrical neckline is perfect for a night out. Be the trendiest girl in town carrying off this super sexy little black party dress featuring a ruched design that flatters your body like no other and style that gives you an extra edge. Pair it with strappy heels to get oodles of compliments.",Dresses,30,Goddiva,24726,Women's Dresses & Skirts,198,https://images2.productserve.com/?w=200&h=200&bg=white&trim=5&t=letterbox&url=ssl%3Acdn.shopify.com%2Fs%2Ffiles%2F1%2F0487%2F8834%2F0899%2Ffiles%2FDR3541_Black_18580_front_1773417135.jpg&feedId=62769&k=ac2ee44ce69dc423e4046edad32bcf4519a86c8a,USD,,"Over $120 - Free Delivery, Less than $120 - $12",https://goddiva.us/products/city-goddess-asymmetrical-neck-ruched-midi-dress-black,,,USD110,62769,City Goddess,1,,,,,,Womens,Dresses
https://www.awin1.com/pclick.php?p=34257111069&a=2771700&m=24726,City Goddess Asymmetrical Neck Ruched Midi Dress - Black,34257111069,DR3541-BLACK-8,https://cdn.shopify.com/s/files/1/0487/8834/0899/files/DR3541_Black_18580_front_1773417135.jpg,"The asymmetrical neckline is a staple in any women's wardrobe. This long sleeve, bodycon midi dress features a ruched bodice that accentuates your curves and fall fashion trends.  Chic, sexy and sophisticated, this black bodycon midi dress with an asymmetrical neckline is perfect for a night out. Be the trendiest girl in town carrying off this super sexy little black party dress featuring a ruched design that flatters your body like no other and style that gives you an extra edge. Pair it with strappy heels to get oodles of compliments.",Dresses,30,Goddiva,24726,Women's Dresses & Skirts,198,https://images2.productserve.com/?w=200&h=200&bg=white&trim=5&t=letterbox&url=ssl%3Acdn.shopify.com%2Fs%2Ffiles%2F1%2F0487%2F8834%2F0899%2Ffiles%2FDR3541_Black_18580_front_1773417135.jpg&feedId=62769&k=ac2ee44ce69dc423e4046edad32bcf4519a86c8a,USD,,"Over $120 - Free Delivery, Less than $120 - $12",https://goddiva.us/products/city-goddess-asymmetrical-neck-ruched-midi-dress-black,,,USD110,62769,City Goddess,1,,,,,,Womens,Dresses
https://www.awin1.com/pclick.php?p=34257111091&a=2771700&m=24726,City Goddess One Shoulder Faux Leather Mini Dress - Black,34257111091,DR3573-BLACK-6,https://cdn.shopify.com/s/files/1/0487/8834/0899/products/WKjbTo8n-13223.jpg,Take this year's party scene by storm with this over indulgent one shoulder faux leather mini dress. This sexy black mini dress will be your staple piece for this year's nights out. This faux leather mini is our answer to all your 'What should I wear! ' dilemmas. The faux leather fabric and one shoulder mesh strap teamed with its ruched detailing and on trend black color makes this night out on the town worthy number an essential you need to own! This LBD dress is sure to grab attention at any party you attend. Pair it with heels and a bold lip color for an edgy look that's guaranteed to get you noticed.,Dresses,20,Goddiva,24726,Women's Dresses & Skirts,198,https://images2.productserve.com/?w=200&h=200&bg=white&trim=5&t=letterbox&url=ssl%3Acdn.shopify.com%2Fs%2Ffiles%2F1%2F0487%2F8834%2F0899%2Fproducts%2FWKjbTo8n-13223.jpg&feedId=62769&k=173ff3f60a22ae7358555295391510c2910d93f4,USD,,"Over $120 - Free Delivery, Less than $120 - $12",https://goddiva.us/products/city-goddess-one-shoulder-faux-leather-mini-dress-black,,,USD98,62769,City Goddess,1,,,,,,Womens,Dresses
https://www.awin1.com/pclick.php?p=34257111095&a=2771700&m=24726,City Goddess One Shoulder Faux Leather Mini Dress - Khaki,34257111095,DR3573-KHAKI-8,https://cdn.shopify.com/s/files/1/0487/8834/0899/products/AulxMsmS-13224.jpg,Take this year's party scene by storm with this over indulgent one shoulder faux leather mini dress. This sexy khaki mini dress will be your staple piece for this year's nights out. This faux leather mini is our answer to all your 'What should I wear! ' dilemmas. The faux leather fabric and one shoulder mesh strap teamed with its ruched detailing and on trend olive color makes this night out on the town worthy number an essential you need to own! This green dress is sure to grab attention at any party you attend. Pair it with heels and a bold lip color for an edgy look that's guaranteed to get you noticed.,Dresses,20,Goddiva,24726,Women's Dresses & Skirts,198,https://images2.productserve.com/?w=200&h=200&bg=white&trim=5&t=letterbox&url=ssl%3Acdn.shopify.com%2Fs%2Ffiles%2F1%2F0487%2F8834%2F0899%2Fproducts%2FAulxMsmS-13224.jpg&feedId=62769&k=6b5fd430736753ae3f2013da9735f884f8fa3f32,USD,,"Over $120 - Free Delivery, Less than $120 - $12",https://goddiva.us/products/city-goddess-one-shoulder-faux-leather-mini-dress-khaki,,,USD98,62769,City Goddess,1,,,,,,Womens,Dresses
https://www.awin1.com/pclick.php?p=34257111085&a=2771700&m=24726,City Goddess One Shoulder Faux Leather Mini Dress - Black,34257111085,DR3573-BLACK-8,https://cdn.shopify.com/s/files/1/0487/8834/0899/products/WKjbTo8n-13223.jpg,Take this year's party scene by storm with this over indulgent one shoulder faux leather mini dress. This sexy black mini dress will be your staple piece for this year's nights out. This faux leather mini is our answer to all your 'What should I wear! ' dilemmas. The faux leather fabric and one shoulder mesh strap teamed with its ruched detailing and on trend black color makes this night out on the town worthy number an essential you need to own! This LBD dress is sure to grab attention at any party you attend. Pair it with heels and a bold lip color for an edgy look that's guaranteed to get you noticed.,Dresses,20,Goddiva,24726,Women's Dresses & Skirts,198,https://images2.productserve.com/?w=200&h=200&bg=white&trim=5&t=letterbox&url=ssl%3Acdn.shopify.com%2Fs%2Ffiles%2F1%2F0487%2F8834%2F0899%2Fproducts%2FWKjbTo8n-13223.jpg&feedId=62769&k=173ff3f60a22ae7358555295391510c2910d93f4,USD,,"Over $120 - Free Delivery, Less than $120 - $12",https://goddiva.us/products/city-goddess-one-shoulder-faux-leather-mini-dress-black,,,USD98,62769,City Goddess,1,,,,,,Womens,Dresses
https://www.awin1.com/pclick.php?p=34257111093&a=2771700&m=24726,City Goddess One Shoulder Faux Leather Mini Dress - Khaki,34257111093,DR3573-KHAKI-6,https://cdn.shopify.com/s/files/1/0487/8834/0899/products/AulxMsmS-13224.jpg,Take this year's party scene by storm with this over indulgent one shoulder faux leather mini dress. This sexy khaki mini dress will be your staple piece for this year's nights out. This faux leather mini is our answer to all your 'What should I wear! ' dilemmas. The faux leather fabric and one shoulder mesh strap teamed with its ruched detailing and on trend olive color makes this night out on the town worthy number an essential you need to own! This green dress is sure to grab attention at any party you attend. Pair it with heels and a bold lip color for an edgy look that's guaranteed to get you noticed.,Dresses,20,Goddiva,24726,Women's Dresses & Skirts,198,https://images2.productserve.com/?w=200&h=200&bg=white&trim=5&t=letterbox&url=ssl%3Acdn.shopify.com%2Fs%2Ffiles%2F1%2F0487%2F8834%2F0899%2Fproducts%2FAulxMsmS-13224.jpg&feedId=62769&k=6b5fd430736753ae3f2013da9735f884f8fa3f32,USD,,"Over $120 - Free Delivery, Less than $120 - $12",https://goddiva.us/products/city-goddess-one-shoulder-faux-leather-mini-dress-khaki,,,USD98,62769,City Goddess,1,,,,,,Womens,Dresses
https://www.awin1.com/pclick.php?p=34436476777&a=2771700&m=24726,City Goddess Cut Out Ruched Midi With Drawstring - Purple,34436476777,DR3665-PURPLE-8,https://cdn.shopify.com/s/files/1/0487/8834/0899/products/kwyR4o8N-13454.jpg,"Our goal is to help you accentuate your figure and showcase it in the most flattering way possible while giving the illusion of a perfect hourglass shape. This classic midi dress will make you look and feel amazing, no matter the occasion! Cut Out Ruched Midi with Drawstring is a gorgeous purple dress that will surely make you stand out. This figure-hugging purple is the perfect choice for any occasion. It comes with a trendy drawstring bust, making it easy to adjust to your desired fit. Pair it with some bold make-up and heels for a night out on the town.",Dresses,36,Goddiva,24726,Women's Dresses & Skirts,198,https://images2.productserve.com/?w=200&h=200&bg=white&trim=5&t=letterbox&url=ssl%3Acdn.shopify.com%2Fs%2Ffiles%2F1%2F0487%2F8834%2F0899%2Fproducts%2FkwyR4o8N-13454.jpg&feedId=62769&k=d4dfab104852dbd87dfde511d8ad4c7527fbe787,USD,,"Over $120 - Free Delivery, Less than $120 - $12",https://goddiva.us/products/city-goddess-cut-out-ruched-midi-with-drawstring-purple,,,USD110,62769,City Goddess,1,,,,,,Womens,Dresses
https://www.awin1.com/pclick.php?p=36108716600&a=2771700&m=24726,City Goddess Boobtube Printed Maxi - Jungle Print,36108716600,DR3568-JUNGLEPRINT-12,https://cdn.shopify.com/s/files/1/0487/8834/0899/files/25862_1717431468.jpg,"The boobtube printed maxi is a sensuous and romantic summer maxi that will give you the feeling of being in your own private paradise. Made from a lightweight fabric, this maxi is sure to keep you cool during those hot summer days. This tropical print number is a women's summer maxi dress that may look simple but it gives you the opportunity to wear it in so many ways. Pair it with your favourite sandals and some cute jewellery for a casual summer day look, or add some wedges and styling accessories for a night out with friends. There are no limits! With its sleeveless style and flowy tiered skirt, this summer dress is perfect for beach holidays, sightseeing on city breaks, lunch with friends and BBQs.",Dresses,30,Goddiva,24726,Women's Dresses & Skirts,198,https://images2.productserve.com/?w=200&h=200&bg=white&trim=5&t=letterbox&url=ssl%3Acdn.shopify.com%2Fs%2Ffiles%2F1%2F0487%2F8834%2F0899%2Ffiles%2F25862_1717431468.jpg&feedId=62769&k=1fcbb6a7f1280305850e6772fe79e11250c115da,USD,,"Over $120 - Free Delivery, Less than $120 - $12",https://goddiva.us/products/city-goddess-boobtube-printed-maxi-jungle-print,,,USD96,62769,City Goddess,1,,,,,,Womens,Dresses
https://www.awin1.com/pclick.php?p=36108716594&a=2771700&m=24726,City Goddess Bandeau Printed Maxi - Jungle Print,36108716594,DR3562-JUNGLEPRINT-10,https://cdn.shopify.com/s/files/1/0487/8834/0899/files/32508_1721829552.jpg,"This Bandeau Printed Maxi is a summer essential. It's lightweight, airy and easy to wear. You will love the comfort of this maxi. It's a perfect pick for your next summer vacation! Featuring a colourful tropical printed pattern, it is perfect for any occasion this season, whether it's for beach holidays, sightseeing on city breaks, lunch with friends and BBQs, this sleeveless summer dress is the one for you. With its lightweight fabric, this maxi is sure to keep you cool during those hot summer days. Team with your favourite sandals for a gorgeous summer look, or jazz it up with wedges for an evening soiree.",Dresses,30,Goddiva,24726,Women's Dresses & Skirts,198,https://images2.productserve.com/?w=200&h=200&bg=white&trim=5&t=letterbox&url=ssl%3Acdn.shopify.com%2Fs%2Ffiles%2F1%2F0487%2F8834%2F0899%2Ffiles%2F32508_1721829552.jpg&feedId=62769&k=87a09a52bd8f8aecabd09aa3fa006e8f2fac6f94,USD,,"Over $120 - Free Delivery, Less than $120 - $12",https://goddiva.us/products/city-goddess-bandeau-printed-maxi-jungle-print,,,USD96,62769,City Goddess,1,,,,,,Womens,Dresses
https://www.awin1.com/pclick.php?p=36108716593&a=2771700&m=24726,City Goddess Bandeau Printed Maxi - Jungle Print,36108716593,DR3562-JUNGLEPRINT-8,https://cdn.shopify.com/s/files/1/0487/8834/0899/files/32508_1721829552.jpg,"This Bandeau Printed Maxi is a summer essential. It's lightweight, airy and easy to wear. You will love the comfort of this maxi. It's a perfect pick for your next summer vacation! Featuring a colourful tropical printed pattern, it is perfect for any occasion this season, whether it's for beach holidays, sightseeing on city breaks, lunch with friends and BBQs, this sleeveless summer dress is the one for you. With its lightweight fabric, this maxi is sure to keep you cool during those hot summer days. Team with your favourite sandals for a gorgeous summer look, or jazz it up with wedges for an evening soiree.",Dresses,30,Goddiva,24726,Women's Dresses & Skirts,198,https://images2.productserve.com/?w=200&h=200&bg=white&trim=5&t=letterbox&url=ssl%3Acdn.shopify.com%2Fs%2Ffiles%2F1%2F0487%2F8834%2F0899%2Ffiles%2F32508_1721829552.jpg&feedId=62769&k=87a09a52bd8f8aecabd09aa3fa006e8f2fac6f94,USD,,"Over $120 - Free Delivery, Less than $120 - $12",https://goddiva.us/products/city-goddess-bandeau-printed-maxi-jungle-print,,,USD96,62769,City Goddess,1,,,,,,Womens,Dresses
https://www.awin1.com/pclick.php?p=36108716595&a=2771700&m=24726,City Goddess Bandeau Printed Maxi - Jungle Print,36108716595,DR3562-JUNGLEPRINT-12,https://cdn.shopify.com/s/files/1/0487/8834/0899/files/32508_1721829552.jpg,"This Bandeau Printed Maxi is a summer essential. It's lightweight, airy and easy to wear. You will love the comfort of this maxi. It's a perfect pick for your next summer vacation! Featuring a colourful tropical printed pattern, it is perfect for any occasion this season, whether it's for beach holidays, sightseeing on city breaks, lunch with friends and BBQs, this sleeveless summer dress is the one for you. With its lightweight fabric, this maxi is sure to keep you cool during those hot summer days. Team with your favourite sandals for a gorgeous summer look, or jazz it up with wedges for an evening soiree.",Dresses,30,Goddiva,24726,Women's Dresses & Skirts,198,https://images2.productserve.com/?w=200&h=200&bg=white&trim=5&t=letterbox&url=ssl%3Acdn.shopify.com%2Fs%2Ffiles%2F1%2F0487%2F8834%2F0899%2Ffiles%2F32508_1721829552.jpg&feedId=62769&k=87a09a52bd8f8aecabd09aa3fa006e8f2fac6f94,USD,,"Over $120 - Free Delivery, Less than $120 - $12",https://goddiva.us/products/city-goddess-bandeau-printed-maxi-jungle-print,,,USD96,62769,City Goddess,1,,,,,,Womens,Dresses
https://www.awin1.com/pclick.php?p=36108716599&a=2771700&m=24726,City Goddess Boobtube Printed Maxi - Jungle Print,36108716599,DR3568-JUNGLEPRINT-10,https://cdn.shopify.com/s/files/1/0487/8834/0899/files/25862_1717431468.jpg,"The boobtube printed maxi is a sensuous and romantic summer maxi that will give you the feeling of being in your own private paradise. Made from a lightweight fabric, this maxi is sure to keep you cool during those hot summer days. This tropical print number is a women's summer maxi dress that may look simple but it gives you the opportunity to wear it in so many ways. Pair it with your favourite sandals and some cute jewellery for a casual summer day look, or add some wedges and styling accessories for a night out with friends. There are no limits! With its sleeveless style and flowy tiered skirt, this summer dress is perfect for beach holidays, sightseeing on city breaks, lunch with friends and BBQs.",Dresses,30,Goddiva,24726,Women's Dresses & Skirts,198,https://images2.productserve.com/?w=200&h=200&bg=white&trim=5&t=letterbox&url=ssl%3Acdn.shopify.com%2Fs%2Ffiles%2F1%2F0487%2F8834%2F0899%2Ffiles%2F25862_1717431468.jpg&feedId=62769&k=1fcbb6a7f1280305850e6772fe79e11250c115da,USD,,"Over $120 - Free Delivery, Less than $120 - $12",https://goddiva.us/products/city-goddess-boobtube-printed-maxi-jungle-print,,,USD96,62769,City Goddess,1,,,,,,Womens,Dresses
https://www.awin1.com/pclick.php?p=36108716598&a=2771700&m=24726,City Goddess Boobtube Printed Maxi - Jungle Print,36108716598,DR3568-JUNGLEPRINT-8,https://cdn.shopify.com/s/files/1/0487/8834/0899/files/25862_1717431468.jpg,"The boobtube printed maxi is a sensuous and romantic summer maxi that will give you the feeling of being in your own private paradise. Made from a lightweight fabric, this maxi is sure to keep you cool during those hot summer days. This tropical print number is a women's summer maxi dress that may look simple but it gives you the opportunity to wear it in so many ways. Pair it with your favourite sandals and some cute jewellery for a casual summer day look, or add some wedges and styling accessories for a night out with friends. There are no limits! With its sleeveless style and flowy tiered skirt, this summer dress is perfect for beach holidays, sightseeing on city breaks, lunch with friends and BBQs.",Dresses,30,Goddiva,24726,Women's Dresses & Skirts,198,https://images2.productserve.com/?w=200&h=200&bg=white&trim=5&t=letterbox&url=ssl%3Acdn.shopify.com%2Fs%2Ffiles%2F1%2F0487%2F8834%2F0899%2Ffiles%2F25862_1717431468.jpg&feedId=62769&k=1fcbb6a7f1280305850e6772fe79e11250c115da,USD,,"Over $120 - Free Delivery, Less than $120 - $12",https://goddiva.us/products/city-goddess-boobtube-printed-maxi-jungle-print,,,USD96,62769,City Goddess,1,,,,,,Womens,Dresses
https://www.awin1.com/pclick.php?p=36493448432&a=2771700&m=24726,City Goddess Floral Print Shirt Dress - Beige,36493448432,DR3499-BEIGE-12,https://cdn.shopify.com/s/files/1/0487/8834/0899/files/DR3499-BEIGE_FRONT_1718103813.jpg,"This graceful floral print midi shirtdress is a must-have in every woman's wardrobe. The feminine design features long sleeves, shirred detailing on the bodice, and a loose fitting silhouette that will flatter your every curve. In its classic beige this casual summer dress will be your number one pick for summer outings. Whether it's for picnics in the park, lunches by the river or rooftop cocktails, this floral number will be your go to piece. With its lightweight fabric, all over floral print and knee length design, this cream midi dress is also a favourite for casual date nights, BBQs and semi formal family gatherings. Team with wedges or sandals for the ultimate summer look.",Dresses,30,Goddiva,24726,Women's Dresses & Skirts,198,https://images2.productserve.com/?w=200&h=200&bg=white&trim=5&t=letterbox&url=ssl%3Acdn.shopify.com%2Fs%2Ffiles%2F1%2F0487%2F8834%2F0899%2Ffiles%2FDR3499-BEIGE_FRONT_1718103813.jpg&feedId=62769&k=170adea5dda836af3fc0c93c313321f8bb74d110,USD,,"Over $120 - Free Delivery, Less than $120 - $12",https://goddiva.us/products/city-goddess-floral-print-shirt-dress-beige,,,USD110,62769,City Goddess,1,,,,,,Womens,Dresses
https://www.awin1.com/pclick.php?p=36493448430&a=2771700&m=24726,City Goddess Floral Print Shirt Dress - Beige,36493448430,DR3499-BEIGE-8,https://cdn.shopify.com/s/files/1/0487/8834/0899/files/DR3499-BEIGE_FRONT_1718103813.jpg,"This graceful floral print midi shirtdress is a must-have in every woman's wardrobe. The feminine design features long sleeves, shirred detailing on the bodice, and a loose fitting silhouette that will flatter your every curve. In its classic beige this casual summer dress will be your number one pick for summer outings. Whether it's for picnics in the park, lunches by the river or rooftop cocktails, this floral number will be your go to piece. With its lightweight fabric, all over floral print and knee length design, this cream midi dress is also a favourite for casual date nights, BBQs and semi formal family gatherings. Team with wedges or sandals for the ultimate summer look.",Dresses,30,Goddiva,24726,Women's Dresses & Skirts,198,https://images2.productserve.com/?w=200&h=200&bg=white&trim=5&t=letterbox&url=ssl%3Acdn.shopify.com%2Fs%2Ffiles%2F1%2F0487%2F8834%2F0899%2Ffiles%2FDR3499-BEIGE_FRONT_1718103813.jpg&feedId=62769&k=170adea5dda836af3fc0c93c313321f8bb74d110,USD,,"Over $120 - Free Delivery, Less than $120 - $12",https://goddiva.us/products/city-goddess-floral-print-shirt-dress-beige,,,USD110,62769,City Goddess,1,,,,,,Womens,Dresses
https://www.awin1.com/pclick.php?p=36493448431&a=2771700&m=24726,City Goddess Floral Print Shirt Dress - Beige,36493448431,DR3499-BEIGE-10,https://cdn.shopify.com/s/files/1/0487/8834/0899/files/DR3499-BEIGE_FRONT_1718103813.jpg,"This graceful floral print midi shirtdress is a must-have in every woman's wardrobe. The feminine design features long sleeves, shirred detailing on the bodice, and a loose fitting silhouette that will flatter your every curve. In its classic beige this casual summer dress will be your number one pick for summer outings. Whether it's for picnics in the park, lunches by the river or rooftop cocktails, this floral number will be your go to piece. With its lightweight fabric, all over floral print and knee length design, this cream midi dress is also a favourite for casual date nights, BBQs and semi formal family gatherings. Team with wedges or sandals for the ultimate summer look.",Dresses,30,Goddiva,24726,Women's Dresses & Skirts,198,https://images2.productserve.com/?w=200&h=200&bg=white&trim=5&t=letterbox&url=ssl%3Acdn.shopify.com%2Fs%2Ffiles%2F1%2F0487%2F8834%2F0899%2Ffiles%2FDR3499-BEIGE_FRONT_1718103813.jpg&feedId=62769&k=170adea5dda836af3fc0c93c313321f8bb74d110,USD,,"Over $120 - Free Delivery, Less than $120 - $12",https://goddiva.us/products/city-goddess-floral-print-shirt-dress-beige,,,USD110,62769,City Goddess,1,,,,,,Womens,Dresses
https://www.awin1.com/pclick.php?p=37670171173&a=2771700&m=24726,City Goddess Bandeau Faux Leather Midi Dress - Black,37670171173,DR3727-BLACK-10,https://cdn.shopify.com/s/files/1/0487/8834/0899/files/DR3727_BLACK_4359_front_1774007381.jpg,"Introducing the stunning Goddiva Bandeau Faux Leather Midi Dress - a true fashion statement that combines edgy style with timeless elegance. This dress, designed exclusively for fashion boutiques, is a must-have for those seeking a bold and sophisticated look.With its maxi length, this dress offers a striking and dramatic silhouette that exudes confidence and glamour. It falls gracefully to the floor, making it a perfect choice for special occasions and evening events.The bandeau neckline adds a touch of allure and showcases the dcolletage and shoulders. It creates a sleek and sophisticated look that is both modern and timeless.Crafted from high-quality faux leather, this dress offers a unique and edgy twist. The faux leather fabric adds a touch of rebelliousness and makes a bold fashion statement.Featuring a side thigh split, this dress adds a hint of sensuality and movement, allowing for graceful strides. It adds an element of surprise and creates a captivating visual impact.Designed with a bodycon fit, this dress accentuates and flatters the natural curves of the body, enhancing the wearer's confidence and creating a striking silhouette.The asymmetric hem adds a contemporary touch, adding an element of visual interest and uniqueness to the design.Make a statement with the Goddiva Bandeau Faux Leather Midi Dress. Its exquisite design, attention to detail, and bold features make it an irresistible choice for fashion-forward customers seeking a dress that combines style, sophistication, and attitude. Order now and offer your clientele a dress that will make them stand out from the crowd and exude confidence.",Dresses,34,Goddiva,24726,Women's Dresses & Skirts,198,https://images2.productserve.com/?w=200&h=200&bg=white&trim=5&t=letterbox&url=ssl%3Acdn.shopify.com%2Fs%2Ffiles%2F1%2F0487%2F8834%2F0899%2Ffiles%2FDR3727_BLACK_4359_front_1774007381.jpg&feedId=62769&k=721cfa73c381dbe55d2e0909fb01ce7cf5bf2a59,USD,,"Over $120 - Free Delivery, Less than $120 - $12",https://goddiva.us/products/city-goddess-bandeau-faux-leather-midi-dress-black,,,USD98,62769,City Goddess,1,,,,,,Womens,Dresses
https://www.awin1.com/pclick.php?p=37670171174&a=2771700&m=24726,City Goddess Bandeau Faux Leather Midi Dress - Black,37670171174,DR3727-BLACK-12,https://cdn.shopify.com/s/files/1/0487/8834/0899/files/DR3727_BLACK_4359_front_1774007381.jpg,"Introducing the stunning Goddiva Bandeau Faux Leather Midi Dress - a true fashion statement that combines edgy style with timeless elegance. This dress, designed exclusively for fashion boutiques, is a must-have for those seeking a bold and sophisticated look.With its maxi length, this dress offers a striking and dramatic silhouette that exudes confidence and glamour. It falls gracefully to the floor, making it a perfect choice for special occasions and evening events.The bandeau neckline adds a touch of allure and showcases the dcolletage and shoulders. It creates a sleek and sophisticated look that is both modern and timeless.Crafted from high-quality faux leather, this dress offers a unique and edgy twist. The faux leather fabric adds a touch of rebelliousness and makes a bold fashion statement.Featuring a side thigh split, this dress adds a hint of sensuality and movement, allowing for graceful strides. It adds an element of surprise and creates a captivating visual impact.Designed with a bodycon fit, this dress accentuates and flatters the natural curves of the body, enhancing the wearer's confidence and creating a striking silhouette.The asymmetric hem adds a contemporary touch, adding an element of visual interest and uniqueness to the design.Make a statement with the Goddiva Bandeau Faux Leather Midi Dress. Its exquisite design, attention to detail, and bold features make it an irresistible choice for fashion-forward customers seeking a dress that combines style, sophistication, and attitude. Order now and offer your clientele a dress that will make them stand out from the crowd and exude confidence.",Dresses,34,Goddiva,24726,Women's Dresses & Skirts,198,https://images2.productserve.com/?w=200&h=200&bg=white&trim=5&t=letterbox&url=ssl%3Acdn.shopify.com%2Fs%2Ffiles%2F1%2F0487%2F8834%2F0899%2Ffiles%2FDR3727_BLACK_4359_front_1774007381.jpg&feedId=62769&k=721cfa73c381dbe55d2e0909fb01ce7cf5bf2a59,USD,,"Over $120 - Free Delivery, Less than $120 - $12",https://goddiva.us/products/city-goddess-bandeau-faux-leather-midi-dress-black,,,USD98,62769,City Goddess,1,,,,,,Womens,Dresses
https://www.awin1.com/pclick.php?p=37670171182&a=2771700&m=24726,City Goddess Floral Print Shirt Dress - Red,37670171182,DR3499-RED-8,https://cdn.shopify.com/s/files/1/0487/8834/0899/files/DR3499-RED_201_FRONT_1718103492.jpg,"This graceful floral print midi shirtdress is a must-have in every woman's wardrobe. The feminine design features long sleeves, shirred detailing on the bodice, and a loose fitting silhouette that will flatter your every curve. In its classic beige this casual summer dress will be your number one pick for summer outings. Whether it's for picnics in the park, lunches by the river or rooftop cocktails, this floral number will be your go to piece. With its lightweight fabric, all over floral print and knee length design, this red midi dress is also a favourite for casual date nights, BBQs and semi formal family gatherings. Team with wedges or sandals for the ultimate summer look.",Dresses,30,Goddiva,24726,Women's Dresses & Skirts,198,https://images2.productserve.com/?w=200&h=200&bg=white&trim=5&t=letterbox&url=ssl%3Acdn.shopify.com%2Fs%2Ffiles%2F1%2F0487%2F8834%2F0899%2Ffiles%2FDR3499-RED_201_FRONT_1718103492.jpg&feedId=62769&k=e72480ce156f9f60af60bbe8bcb9eb0fa0db0999,USD,,"Over $120 - Free Delivery, Less than $120 - $12",https://goddiva.us/products/city-goddess-floral-print-shirt-dress-red,,,USD110,62769,City Goddess,1,,,,,,Womens,Dresses
https://www.awin1.com/pclick.php?p=37670171183&a=2771700&m=24726,City Goddess Floral Print Shirt Dress - Red,37670171183,DR3499-RED-10,https://cdn.shopify.com/s/files/1/0487/8834/0899/files/DR3499-RED_201_FRONT_1718103492.jpg,"This graceful floral print midi shirtdress is a must-have in every woman's wardrobe. The feminine design features long sleeves, shirred detailing on the bodice, and a loose fitting silhouette that will flatter your every curve. In its classic beige this casual summer dress will be your number one pick for summer outings. Whether it's for picnics in the park, lunches by the river or rooftop cocktails, this floral number will be your go to piece. With its lightweight fabric, all over floral print and knee length design, this red midi dress is also a favourite for casual date nights, BBQs and semi formal family gatherings. Team with wedges or sandals for the ultimate summer look.",Dresses,30,Goddiva,24726,Women's Dresses & Skirts,198,https://images2.productserve.com/?w=200&h=200&bg=white&trim=5&t=letterbox&url=ssl%3Acdn.shopify.com%2Fs%2Ffiles%2F1%2F0487%2F8834%2F0899%2Ffiles%2FDR3499-RED_201_FRONT_1718103492.jpg&feedId=62769&k=e72480ce156f9f60af60bbe8bcb9eb0fa0db0999,USD,,"Over $120 - Free Delivery, Less than $120 - $12",https://goddiva.us/products/city-goddess-floral-print-shirt-dress-red,,,USD110,62769,City Goddess,1,,,,,,Womens,Dresses
https://www.awin1.com/pclick.php?p=37670171184&a=2771700&m=24726,City Goddess Floral Print Shirt Dress - Red,37670171184,DR3499-RED-12,https://cdn.shopify.com/s/files/1/0487/8834/0899/files/DR3499-RED_201_FRONT_1718103492.jpg,"This graceful floral print midi shirtdress is a must-have in every woman's wardrobe. The feminine design features long sleeves, shirred detailing on the bodice, and a loose fitting silhouette that will flatter your every curve. In its classic beige this casual summer dress will be your number one pick for summer outings. Whether it's for picnics in the park, lunches by the river or rooftop cocktails, this floral number will be your go to piece. With its lightweight fabric, all over floral print and knee length design, this red midi dress is also a favourite for casual date nights, BBQs and semi formal family gatherings. Team with wedges or sandals for the ultimate summer look.",Dresses,30,Goddiva,24726,Women's Dresses & Skirts,198,https://images2.productserve.com/?w=200&h=200&bg=white&trim=5&t=letterbox&url=ssl%3Acdn.shopify.com%2Fs%2Ffiles%2F1%2F0487%2F8834%2F0899%2Ffiles%2FDR3499-RED_201_FRONT_1718103492.jpg&feedId=62769&k=e72480ce156f9f60af60bbe8bcb9eb0fa0db0999,USD,,"Over $120 - Free Delivery, Less than $120 - $12",https://goddiva.us/products/city-goddess-floral-print-shirt-dress-red,,,USD110,62769,City Goddess,1,,,,,,Womens,Dresses
https://www.awin1.com/pclick.php?p=37670171187&a=2771700&m=24726,City Goddess Floral Print Shirt Dress - Sage Green,37670171187,DR3499-SAGEGREEN-8,https://cdn.shopify.com/s/files/1/0487/8834/0899/files/DR3499-GREEN_20_282_29_1745574901.jpg,"This graceful floral print midi shirtdress is a must-have in every woman's wardrobe. The feminine design features long sleeves, shirred detailing on the bodice, and a loose fitting silhouette that will flatter your every curve. In its classic beige this casual summer dress will be your number one pick for summer outings. Whether it's for picnics in the park, lunches by the river or rooftop cocktails, this floral number will be your go to piece. With its lightweight fabric, all over floral print and knee length design, this green midi dress is also a favourite for casual date nights, BBQs and semi formal family gatherings. Team with wedges or sandals for the ultimate summer look.",Dresses,30,Goddiva,24726,Women's Dresses & Skirts,198,https://images2.productserve.com/?w=200&h=200&bg=white&trim=5&t=letterbox&url=ssl%3Acdn.shopify.com%2Fs%2Ffiles%2F1%2F0487%2F8834%2F0899%2Ffiles%2FDR3499-GREEN_20_282_29_1745574901.jpg&feedId=62769&k=450d363a7b126e92ac78cd1d317af6bbdb4c56fd,USD,,"Over $120 - Free Delivery, Less than $120 - $12",https://goddiva.us/products/city-goddess-floral-print-shirt-dress-sage-green,,,USD110,62769,City Goddess,1,,,,,,Womens,Dresses
https://www.awin1.com/pclick.php?p=37670171189&a=2771700&m=24726,City Goddess Floral Print Shirt Dress - Sage Green,37670171189,DR3499-SAGEGREEN-12,https://cdn.shopify.com/s/files/1/0487/8834/0899/files/DR3499-GREEN_20_282_29_1745574901.jpg,"This graceful floral print midi shirtdress is a must-have in every woman's wardrobe. The feminine design features long sleeves, shirred detailing on the bodice, and a loose fitting silhouette that will flatter your every curve. In its classic beige this casual summer dress will be your number one pick for summer outings. Whether it's for picnics in the park, lunches by the river or rooftop cocktails, this floral number will be your go to piece. With its lightweight fabric, all over floral print and knee length design, this green midi dress is also a favourite for casual date nights, BBQs and semi formal family gatherings. Team with wedges or sandals for the ultimate summer look.",Dresses,30,Goddiva,24726,Women's Dresses & Skirts,198,https://images2.productserve.com/?w=200&h=200&bg=white&trim=5&t=letterbox&url=ssl%3Acdn.shopify.com%2Fs%2Ffiles%2F1%2F0487%2F8834%2F0899%2Ffiles%2FDR3499-GREEN_20_282_29_1745574901.jpg&feedId=62769&k=450d363a7b126e92ac78cd1d317af6bbdb4c56fd,USD,,"Over $120 - Free Delivery, Less than $120 - $12",https://goddiva.us/products/city-goddess-floral-print-shirt-dress-sage-green,,,USD110,62769,City Goddess,1,,,,,,Womens,Dresses
https://www.awin1.com/pclick.php?p=37670171172&a=2771700&m=24726,City Goddess Bandeau Faux Leather Midi Dress - Black,37670171172,DR3727-BLACK-8,https://cdn.shopify.com/s/files/1/0487/8834/0899/files/DR3727_BLACK_4359_front_1774007381.jpg,"Introducing the stunning Goddiva Bandeau Faux Leather Midi Dress - a true fashion statement that combines edgy style with timeless elegance. This dress, designed exclusively for fashion boutiques, is a must-have for those seeking a bold and sophisticated look.With its maxi length, this dress offers a striking and dramatic silhouette that exudes confidence and glamour. It falls gracefully to the floor, making it a perfect choice for special occasions and evening events.The bandeau neckline adds a touch of allure and showcases the dcolletage and shoulders. It creates a sleek and sophisticated look that is both modern and timeless.Crafted from high-quality faux leather, this dress offers a unique and edgy twist. The faux leather fabric adds a touch of rebelliousness and makes a bold fashion statement.Featuring a side thigh split, this dress adds a hint of sensuality and movement, allowing for graceful strides. It adds an element of surprise and creates a captivating visual impact.Designed with a bodycon fit, this dress accentuates and flatters the natural curves of the body, enhancing the wearer's confidence and creating a striking silhouette.The asymmetric hem adds a contemporary touch, adding an element of visual interest and uniqueness to the design.Make a statement with the Goddiva Bandeau Faux Leather Midi Dress. Its exquisite design, attention to detail, and bold features make it an irresistible choice for fashion-forward customers seeking a dress that combines style, sophistication, and attitude. Order now and offer your clientele a dress that will make them stand out from the crowd and exude confidence.",Dresses,34,Goddiva,24726,Women's Dresses & Skirts,198,https://images2.productserve.com/?w=200&h=200&bg=white&trim=5&t=letterbox&url=ssl%3Acdn.shopify.com%2Fs%2Ffiles%2F1%2F0487%2F8834%2F0899%2Ffiles%2FDR3727_BLACK_4359_front_1774007381.jpg&feedId=62769&k=721cfa73c381dbe55d2e0909fb01ce7cf5bf2a59,USD,,"Over $120 - Free Delivery, Less than $120 - $12",https://goddiva.us/products/city-goddess-bandeau-faux-leather-midi-dress-black,,,USD98,62769,City Goddess,1,,,,,,Womens,Dresses
https://www.awin1.com/pclick.php?p=37670171188&a=2771700&m=24726,City Goddess Floral Print Shirt Dress - Sage Green,37670171188,DR3499-SAGEGREEN-10,https://cdn.shopify.com/s/files/1/0487/8834/0899/files/DR3499-GREEN_20_282_29_1745574901.jpg,"This graceful floral print midi shirtdress is a must-have in every woman's wardrobe. The feminine design features long sleeves, shirred detailing on the bodice, and a loose fitting silhouette that will flatter your every curve. In its classic beige this casual summer dress will be your number one pick for summer outings. Whether it's for picnics in the park, lunches by the river or rooftop cocktails, this floral number will be your go to piece. With its lightweight fabric, all over floral print and knee length design, this green midi dress is also a favourite for casual date nights, BBQs and semi formal family gatherings. Team with wedges or sandals for the ultimate summer look.",Dresses,30,Goddiva,24726,Women's Dresses & Skirts,198,https://images2.productserve.com/?w=200&h=200&bg=white&trim=5&t=letterbox&url=ssl%3Acdn.shopify.com%2Fs%2Ffiles%2F1%2F0487%2F8834%2F0899%2Ffiles%2FDR3499-GREEN_20_282_29_1745574901.jpg&feedId=62769&k=450d363a7b126e92ac78cd1d317af6bbdb4c56fd,USD,,"Over $120 - Free Delivery, Less than $120 - $12",https://goddiva.us/products/city-goddess-floral-print-shirt-dress-sage-green,,,USD110,62769,City Goddess,1,,,,,,Womens,Dresses
https://www.awin1.com/pclick.php?p=33948206947&a=2771700&m=24726,City Goddess Cut Out Long Sleeve Bodycon Mini - Black,33948206947,DR3532-BLACK-6,https://cdn.shopify.com/s/files/1/0487/8834/0899/files/DR3532_Black_18280_front_1773416939.jpg,"This cut out long sleeve bodycon mini is a gorgeous dress that is perfect for all your special occasions this season. You will catch everyone's attention with this stunningly designed dress. The black color of the dress looks amazing on every skin tone and matches well with any kind of accessories. Wear it on a party, club night, cocktail, holiday or a romantic date to look sexy and catch everyone's attention. This long sleeve figure hugging mini is a must in your closet! This sexy LBD number will show off your curves. Wear it with some high-heeled shoes for a night out on the town.",Dresses,24,Goddiva,24726,Women's Dresses & Skirts,198,https://images2.productserve.com/?w=200&h=200&bg=white&trim=5&t=letterbox&url=ssl%3Acdn.shopify.com%2Fs%2Ffiles%2F1%2F0487%2F8834%2F0899%2Ffiles%2FDR3532_Black_18280_front_1773416939.jpg&feedId=62769&k=c3a727ce7b8c0e9e93bbd32389996c4a45dca38b,USD,,"Over $120 - Free Delivery, Less than $120 - $12",https://goddiva.us/products/city-goddess-cut-out-long-sleeve-bodycon-mini-black,,,USD98,62769,City Goddess,1,,,,,,Womens,Dresses
https://www.awin1.com/pclick.php?p=33948206949&a=2771700&m=24726,City Goddess Cut Out Long Sleeve Bodycon Mini - Black,33948206949,DR3532-BLACK-8,https://cdn.shopify.com/s/files/1/0487/8834/0899/files/DR3532_Black_18280_front_1773416939.jpg,"This cut out long sleeve bodycon mini is a gorgeous dress that is perfect for all your special occasions this season. You will catch everyone's attention with this stunningly designed dress. The black color of the dress looks amazing on every skin tone and matches well with any kind of accessories. Wear it on a party, club night, cocktail, holiday or a romantic date to look sexy and catch everyone's attention. This long sleeve figure hugging mini is a must in your closet! This sexy LBD number will show off your curves. Wear it with some high-heeled shoes for a night out on the town.",Dresses,24,Goddiva,24726,Women's Dresses & Skirts,198,https://images2.productserve.com/?w=200&h=200&bg=white&trim=5&t=letterbox&url=ssl%3Acdn.shopify.com%2Fs%2Ffiles%2F1%2F0487%2F8834%2F0899%2Ffiles%2FDR3532_Black_18280_front_1773416939.jpg&feedId=62769&k=c3a727ce7b8c0e9e93bbd32389996c4a45dca38b,USD,,"Over $120 - Free Delivery, Less than $120 - $12",https://goddiva.us/products/city-goddess-cut-out-long-sleeve-bodycon-mini-black,,,USD98,62769,City Goddess,1,,,,,,Womens,Dresses
https://www.awin1.com/pclick.php?p=33948206951&a=2771700&m=24726,City Goddess Cut Out Long Sleeve Bodycon Mini - Black,33948206951,DR3532-BLACK-10,https://cdn.shopify.com/s/files/1/0487/8834/0899/files/DR3532_Black_18280_front_1773416939.jpg,"This cut out long sleeve bodycon mini is a gorgeous dress that is perfect for all your special occasions this season. You will catch everyone's attention with this stunningly designed dress. The black color of the dress looks amazing on every skin tone and matches well with any kind of accessories. Wear it on a party, club night, cocktail, holiday or a romantic date to look sexy and catch everyone's attention. This long sleeve figure hugging mini is a must in your closet! This sexy LBD number will show off your curves. Wear it with some high-heeled shoes for a night out on the town.",Dresses,24,Goddiva,24726,Women's Dresses & Skirts,198,https://images2.productserve.com/?w=200&h=200&bg=white&trim=5&t=letterbox&url=ssl%3Acdn.shopify.com%2Fs%2Ffiles%2F1%2F0487%2F8834%2F0899%2Ffiles%2FDR3532_Black_18280_front_1773416939.jpg&feedId=62769&k=c3a727ce7b8c0e9e93bbd32389996c4a45dca38b,USD,,"Over $120 - Free Delivery, Less than $120 - $12",https://goddiva.us/products/city-goddess-cut-out-long-sleeve-bodycon-mini-black,,,USD98,62769,City Goddess,1,,,,,,Womens,Dresses
https://www.awin1.com/pclick.php?p=33948206995&a=2771700&m=24726,City Goddess Halter Neck Printed Maxi Dress - Blue,33948206995,DR3504-BLUE-10,https://cdn.shopify.com/s/files/1/0487/8834/0899/files/DR3504_BLUE_FRONT_1744801264.jpg,"The Halter Neck Printed Maxi dress from City Goddess is a wardrobe essential. Its maxi length, sleeveless, halter neck style, open back and summer color make it perfect for any occasion.  Its cool blue color, teamed with red and off white detailing makes this long dress a hit for your summer days out. The open back makes it ideal for showing off some skin and the relaxed fit will keep you feeling cool and comfortable whatever the weather, this summer dress is even perfect for the beach or a casual lunch on the weekend. Pair it with your favourite sandals or wedges and you're ready to go!",Dresses,28,Goddiva,24726,Women's Dresses & Skirts,198,https://images2.productserve.com/?w=200&h=200&bg=white&trim=5&t=letterbox&url=ssl%3Acdn.shopify.com%2Fs%2Ffiles%2F1%2F0487%2F8834%2F0899%2Ffiles%2FDR3504_BLUE_FRONT_1744801264.jpg&feedId=62769&k=e29ef1382b22e46f06d7b83f0850ad886e410b50,USD,,"Over $120 - Free Delivery, Less than $120 - $12",https://goddiva.us/products/city-goddess-halter-neck-printed-maxi-dress-blue,,,USD56,62769,City Goddess,1,,,,,,Womens,Dresses
https://www.awin1.com/pclick.php?p=33948206993&a=2771700&m=24726,City Goddess Halter Neck Printed Maxi Dress - Blue,33948206993,DR3504-BLUE-8,https://cdn.shopify.com/s/files/1/0487/8834/0899/files/DR3504_BLUE_FRONT_1744801264.jpg,"The Halter Neck Printed Maxi dress from City Goddess is a wardrobe essential. Its maxi length, sleeveless, halter neck style, open back and summer color make it perfect for any occasion.  Its cool blue color, teamed with red and off white detailing makes this long dress a hit for your summer days out. The open back makes it ideal for showing off some skin and the relaxed fit will keep you feeling cool and comfortable whatever the weather, this summer dress is even perfect for the beach or a casual lunch on the weekend. Pair it with your favourite sandals or wedges and you're ready to go!",Dresses,28,Goddiva,24726,Women's Dresses & Skirts,198,https://images2.productserve.com/?w=200&h=200&bg=white&trim=5&t=letterbox&url=ssl%3Acdn.shopify.com%2Fs%2Ffiles%2F1%2F0487%2F8834%2F0899%2Ffiles%2FDR3504_BLUE_FRONT_1744801264.jpg&feedId=62769&k=e29ef1382b22e46f06d7b83f0850ad886e410b50,USD,,"Over $120 - Free Delivery, Less than $120 - $12",https://goddiva.us/products/city-goddess-halter-neck-printed-maxi-dress-blue,,,USD56,62769,City Goddess,1,,,,,,Womens,Dresses
https://www.awin1.com/pclick.php?p=33948206997&a=2771700&m=24726,City Goddess Halter Neck Printed Maxi Dress - Blue,33948206997,DR3504-BLUE-12,https://cdn.shopify.com/s/files/1/0487/8834/0899/files/DR3504_BLUE_FRONT_1744801264.jpg,"The Halter Neck Printed Maxi dress from City Goddess is a wardrobe essential. Its maxi length, sleeveless, halter neck style, open back and summer color make it perfect for any occasion.  Its cool blue color, teamed with red and off white detailing makes this long dress a hit for your summer days out. The open back makes it ideal for showing off some skin and the relaxed fit will keep you feeling cool and comfortable whatever the weather, this summer dress is even perfect for the beach or a casual lunch on the weekend. Pair it with your favourite sandals or wedges and you're ready to go!",Dresses,28,Goddiva,24726,Women's Dresses & Skirts,198,https://images2.productserve.com/?w=200&h=200&bg=white&trim=5&t=letterbox&url=ssl%3Acdn.shopify.com%2Fs%2Ffiles%2F1%2F0487%2F8834%2F0899%2Ffiles%2FDR3504_BLUE_FRONT_1744801264.jpg&feedId=62769&k=e29ef1382b22e46f06d7b83f0850ad886e410b50,USD,,"Over $120 - Free Delivery, Less than $120 - $12",https://goddiva.us/products/city-goddess-halter-neck-printed-maxi-dress-blue,,,USD56,62769,City Goddess,1,,,,,,Womens,Dresses
https://www.awin1.com/pclick.php?p=42524838334&a=2771700&m=24726,City Goddess Floral Print Shirt Dress - Red,42524838334,DR3499-RED-6,https://cdn.shopify.com/s/files/1/0487/8834/0899/files/DR3499-RED_201_FRONT_1718103492.jpg,"This graceful floral print midi shirtdress is a must-have in every woman's wardrobe. The feminine design features long sleeves, shirred detailing on the bodice, and a loose fitting silhouette that will flatter your every curve. In its classic beige this casual summer dress will be your number one pick for summer outings. Whether it's for picnics in the park, lunches by the river or rooftop cocktails, this floral number will be your go to piece. With its lightweight fabric, all over floral print and knee length design, this red midi dress is also a favourite for casual date nights, BBQs and semi formal family gatherings. Team with wedges or sandals for the ultimate summer look.",Dresses,30,Goddiva,24726,Women's Dresses & Skirts,198,https://images2.productserve.com/?w=200&h=200&bg=white&trim=5&t=letterbox&url=ssl%3Acdn.shopify.com%2Fs%2Ffiles%2F1%2F0487%2F8834%2F0899%2Ffiles%2FDR3499-RED_201_FRONT_1718103492.jpg&feedId=62769&k=e72480ce156f9f60af60bbe8bcb9eb0fa0db0999,USD,,"Over $120 - Free Delivery, Less than $120 - $12",https://goddiva.us/products/city-goddess-floral-print-shirt-dress-red,,,USD110,62769,City Goddess,1,,,,,,Womens,Dresses
https://www.awin1.com/pclick.php?p=42524838333&a=2771700&m=24726,City Goddess Floral Print Shirt Dress - Red,42524838333,DR3499-RED-4,https://cdn.shopify.com/s/files/1/0487/8834/0899/files/DR3499-RED_201_FRONT_1718103492.jpg,"This graceful floral print midi shirtdress is a must-have in every woman's wardrobe. The feminine design features long sleeves, shirred detailing on the bodice, and a loose fitting silhouette that will flatter your every curve. In its classic beige this casual summer dress will be your number one pick for summer outings. Whether it's for picnics in the park, lunches by the river or rooftop cocktails, this floral number will be your go to piece. With its lightweight fabric, all over floral print and knee length design, this red midi dress is also a favourite for casual date nights, BBQs and semi formal family gatherings. Team with wedges or sandals for the ultimate summer look.",Dresses,30,Goddiva,24726,Women's Dresses & Skirts,198,https://images2.productserve.com/?w=200&h=200&bg=white&trim=5&t=letterbox&url=ssl%3Acdn.shopify.com%2Fs%2Ffiles%2F1%2F0487%2F8834%2F0899%2Ffiles%2FDR3499-RED_201_FRONT_1718103492.jpg&feedId=62769&k=e72480ce156f9f60af60bbe8bcb9eb0fa0db0999,USD,,"Over $120 - Free Delivery, Less than $120 - $12",https://goddiva.us/products/city-goddess-floral-print-shirt-dress-red,,,USD110,62769,City Goddess,1,,,,,,Womens,Dresses
https://www.awin1.com/pclick.php?p=42524838336&a=2771700&m=24726,City Goddess Floral Print Shirt Dress - Sage Green,42524838336,DR3499-SAGEGREEN-6,https://cdn.shopify.com/s/files/1/0487/8834/0899/files/DR3499-GREEN_20_282_29_1745574901.jpg,"This graceful floral print midi shirtdress is a must-have in every woman's wardrobe. The feminine design features long sleeves, shirred detailing on the bodice, and a loose fitting silhouette that will flatter your every curve. In its classic beige this casual summer dress will be your number one pick for summer outings. Whether it's for picnics in the park, lunches by the river or rooftop cocktails, this floral number will be your go to piece. With its lightweight fabric, all over floral print and knee length design, this green midi dress is also a favourite for casual date nights, BBQs and semi formal family gatherings. Team with wedges or sandals for the ultimate summer look.",Dresses,30,Goddiva,24726,Women's Dresses & Skirts,198,https://images2.productserve.com/?w=200&h=200&bg=white&trim=5&t=letterbox&url=ssl%3Acdn.shopify.com%2Fs%2Ffiles%2F1%2F0487%2F8834%2F0899%2Ffiles%2FDR3499-GREEN_20_282_29_1745574901.jpg&feedId=62769&k=450d363a7b126e92ac78cd1d317af6bbdb4c56fd,USD,,"Over $120 - Free Delivery, Less than $120 - $12",https://goddiva.us/products/city-goddess-floral-print-shirt-dress-sage-green,,,USD110,62769,City Goddess,1,,,,,,Womens,Dresses
https://www.awin1.com/pclick.php?p=42524838335&a=2771700&m=24726,City Goddess Floral Print Shirt Dress - Sage Green,42524838335,DR3499-SAGEGREEN-4,https://cdn.shopify.com/s/files/1/0487/8834/0899/files/DR3499-GREEN_20_282_29_1745574901.jpg,"This graceful floral print midi shirtdress is a must-have in every woman's wardrobe. The feminine design features long sleeves, shirred detailing on the bodice, and a loose fitting silhouette that will flatter your every curve. In its classic beige this casual summer dress will be your number one pick for summer outings. Whether it's for picnics in the park, lunches by the river or rooftop cocktails, this floral number will be your go to piece. With its lightweight fabric, all over floral print and knee length design, this green midi dress is also a favourite for casual date nights, BBQs and semi formal family gatherings. Team with wedges or sandals for the ultimate summer look.",Dresses,30,Goddiva,24726,Women's Dresses & Skirts,198,https://images2.productserve.com/?w=200&h=200&bg=white&trim=5&t=letterbox&url=ssl%3Acdn.shopify.com%2Fs%2Ffiles%2F1%2F0487%2F8834%2F0899%2Ffiles%2FDR3499-GREEN_20_282_29_1745574901.jpg&feedId=62769&k=450d363a7b126e92ac78cd1d317af6bbdb4c56fd,USD,,"Over $120 - Free Delivery, Less than $120 - $12",https://goddiva.us/products/city-goddess-floral-print-shirt-dress-sage-green,,,USD110,62769,City Goddess,1,,,,,,Womens,Dresses
https://www.awin1.com/pclick.php?p=42524838379&a=2771700&m=24726,City Goddess Bandeau Faux Leather Midi Dress - Black,42524838379,DR3727-BLACK-4,https://cdn.shopify.com/s/files/1/0487/8834/0899/files/DR3727_BLACK_4359_front_1774007381.jpg,"Introducing the stunning Goddiva Bandeau Faux Leather Midi Dress - a true fashion statement that combines edgy style with timeless elegance. This dress, designed exclusively for fashion boutiques, is a must-have for those seeking a bold and sophisticated look.With its maxi length, this dress offers a striking and dramatic silhouette that exudes confidence and glamour. It falls gracefully to the floor, making it a perfect choice for special occasions and evening events.The bandeau neckline adds a touch of allure and showcases the dcolletage and shoulders. It creates a sleek and sophisticated look that is both modern and timeless.Crafted from high-quality faux leather, this dress offers a unique and edgy twist. The faux leather fabric adds a touch of rebelliousness and makes a bold fashion statement.Featuring a side thigh split, this dress adds a hint of sensuality and movement, allowing for graceful strides. It adds an element of surprise and creates a captivating visual impact.Designed with a bodycon fit, this dress accentuates and flatters the natural curves of the body, enhancing the wearer's confidence and creating a striking silhouette.The asymmetric hem adds a contemporary touch, adding an element of visual interest and uniqueness to the design.Make a statement with the Goddiva Bandeau Faux Leather Midi Dress. Its exquisite design, attention to detail, and bold features make it an irresistible choice for fashion-forward customers seeking a dress that combines style, sophistication, and attitude. Order now and offer your clientele a dress that will make them stand out from the crowd and exude confidence.",Dresses,34,Goddiva,24726,Women's Dresses & Skirts,198,https://images2.productserve.com/?w=200&h=200&bg=white&trim=5&t=letterbox&url=ssl%3Acdn.shopify.com%2Fs%2Ffiles%2F1%2F0487%2F8834%2F0899%2Ffiles%2FDR3727_BLACK_4359_front_1774007381.jpg&feedId=62769&k=721cfa73c381dbe55d2e0909fb01ce7cf5bf2a59,USD,,"Over $120 - Free Delivery, Less than $120 - $12",https://goddiva.us/products/city-goddess-bandeau-faux-leather-midi-dress-black,,,USD98,62769,City Goddess,1,,,,,,Womens,Dresses
https://www.awin1.com/pclick.php?p=42524838380&a=2771700&m=24726,City Goddess Bandeau Faux Leather Midi Dress - Black,42524838380,DR3727-BLACK-6,https://cdn.shopify.com/s/files/1/0487/8834/0899/files/DR3727_BLACK_4359_front_1774007381.jpg,"Introducing the stunning Goddiva Bandeau Faux Leather Midi Dress - a true fashion statement that combines edgy style with timeless elegance. This dress, designed exclusively for fashion boutiques, is a must-have for those seeking a bold and sophisticated look.With its maxi length, this dress offers a striking and dramatic silhouette that exudes confidence and glamour. It falls gracefully to the floor, making it a perfect choice for special occasions and evening events.The bandeau neckline adds a touch of allure and showcases the dcolletage and shoulders. It creates a sleek and sophisticated look that is both modern and timeless.Crafted from high-quality faux leather, this dress offers a unique and edgy twist. The faux leather fabric adds a touch of rebelliousness and makes a bold fashion statement.Featuring a side thigh split, this dress adds a hint of sensuality and movement, allowing for graceful strides. It adds an element of surprise and creates a captivating visual impact.Designed with a bodycon fit, this dress accentuates and flatters the natural curves of the body, enhancing the wearer's confidence and creating a striking silhouette.The asymmetric hem adds a contemporary touch, adding an element of visual interest and uniqueness to the design.Make a statement with the Goddiva Bandeau Faux Leather Midi Dress. Its exquisite design, attention to detail, and bold features make it an irresistible choice for fashion-forward customers seeking a dress that combines style, sophistication, and attitude. Order now and offer your clientele a dress that will make them stand out from the crowd and exude confidence.",Dresses,34,Goddiva,24726,Women's Dresses & Skirts,198,https://images2.productserve.com/?w=200&h=200&bg=white&trim=5&t=letterbox&url=ssl%3Acdn.shopify.com%2Fs%2Ffiles%2F1%2F0487%2F8834%2F0899%2Ffiles%2FDR3727_BLACK_4359_front_1774007381.jpg&feedId=62769&k=721cfa73c381dbe55d2e0909fb01ce7cf5bf2a59,USD,,"Over $120 - Free Delivery, Less than $120 - $12",https://goddiva.us/products/city-goddess-bandeau-faux-leather-midi-dress-black,,,USD98,62769,City Goddess,1,,,,,,Womens,Dresses
https://www.awin1.com/pclick.php?p=42524843840&a=2771700&m=24726,City Goddess Cut Out Ruched Midi With Drawstring - Purple,42524843840,DR3665-PURPLE-4,https://cdn.shopify.com/s/files/1/0487/8834/0899/products/kwyR4o8N-13454.jpg,"Our goal is to help you accentuate your figure and showcase it in the most flattering way possible while giving the illusion of a perfect hourglass shape. This classic midi dress will make you look and feel amazing, no matter the occasion! Cut Out Ruched Midi with Drawstring is a gorgeous purple dress that will surely make you stand out. This figure-hugging purple is the perfect choice for any occasion. It comes with a trendy drawstring bust, making it easy to adjust to your desired fit. Pair it with some bold make-up and heels for a night out on the town.",Dresses,36,Goddiva,24726,Women's Dresses & Skirts,198,https://images2.productserve.com/?w=200&h=200&bg=white&trim=5&t=letterbox&url=ssl%3Acdn.shopify.com%2Fs%2Ffiles%2F1%2F0487%2F8834%2F0899%2Fproducts%2FkwyR4o8N-13454.jpg&feedId=62769&k=d4dfab104852dbd87dfde511d8ad4c7527fbe787,USD,,"Over $120 - Free Delivery, Less than $120 - $12",https://goddiva.us/products/city-goddess-cut-out-ruched-midi-with-drawstring-purple,,,USD110,62769,City Goddess,1,,,,,,Womens,Dresses
https://www.awin1.com/pclick.php?p=42524843841&a=2771700&m=24726,City Goddess Cut Out Ruched Midi With Drawstring - Purple,42524843841,DR3665-PURPLE-6,https://cdn.shopify.com/s/files/1/0487/8834/0899/products/kwyR4o8N-13454.jpg,"Our goal is to help you accentuate your figure and showcase it in the most flattering way possible while giving the illusion of a perfect hourglass shape. This classic midi dress will make you look and feel amazing, no matter the occasion! Cut Out Ruched Midi with Drawstring is a gorgeous purple dress that will surely make you stand out. This figure-hugging purple is the perfect choice for any occasion. It comes with a trendy drawstring bust, making it easy to adjust to your desired fit. Pair it with some bold make-up and heels for a night out on the town.",Dresses,36,Goddiva,24726,Women's Dresses & Skirts,198,https://images2.productserve.com/?w=200&h=200&bg=white&trim=5&t=letterbox&url=ssl%3Acdn.shopify.com%2Fs%2Ffiles%2F1%2F0487%2F8834%2F0899%2Fproducts%2FkwyR4o8N-13454.jpg&feedId=62769&k=d4dfab104852dbd87dfde511d8ad4c7527fbe787,USD,,"Over $120 - Free Delivery, Less than $120 - $12",https://goddiva.us/products/city-goddess-cut-out-ruched-midi-with-drawstring-purple,,,USD110,62769,City Goddess,1,,,,,,Womens,Dresses
https://www.awin1.com/pclick.php?p=42524844929&a=2771700&m=24726,City Goddess One Shoulder Faux Leather Mini Dress - Khaki,42524844929,DR3573-KHAKI-2,https://cdn.shopify.com/s/files/1/0487/8834/0899/products/AulxMsmS-13224.jpg,Take this year's party scene by storm with this over indulgent one shoulder faux leather mini dress. This sexy khaki mini dress will be your staple piece for this year's nights out. This faux leather mini is our answer to all your 'What should I wear! ' dilemmas. The faux leather fabric and one shoulder mesh strap teamed with its ruched detailing and on trend olive color makes this night out on the town worthy number an essential you need to own! This green dress is sure to grab attention at any party you attend. Pair it with heels and a bold lip color for an edgy look that's guaranteed to get you noticed.,Dresses,20,Goddiva,24726,Women's Dresses & Skirts,198,https://images2.productserve.com/?w=200&h=200&bg=white&trim=5&t=letterbox&url=ssl%3Acdn.shopify.com%2Fs%2Ffiles%2F1%2F0487%2F8834%2F0899%2Fproducts%2FAulxMsmS-13224.jpg&feedId=62769&k=6b5fd430736753ae3f2013da9735f884f8fa3f32,USD,,"Over $120 - Free Delivery, Less than $120 - $12",https://goddiva.us/products/city-goddess-one-shoulder-faux-leather-mini-dress-khaki,,,USD98,62769,City Goddess,1,,,,,,Womens,Dresses
https://www.awin1.com/pclick.php?p=42524844930&a=2771700&m=24726,City Goddess One Shoulder Faux Leather Mini Dress - Khaki,42524844930,DR3573-KHAKI-4,https://cdn.shopify.com/s/files/1/0487/8834/0899/products/AulxMsmS-13224.jpg,Take this year's party scene by storm with this over indulgent one shoulder faux leather mini dress. This sexy khaki mini dress will be your staple piece for this year's nights out. This faux leather mini is our answer to all your 'What should I wear! ' dilemmas. The faux leather fabric and one shoulder mesh strap teamed with its ruched detailing and on trend olive color makes this night out on the town worthy number an essential you need to own! This green dress is sure to grab attention at any party you attend. Pair it with heels and a bold lip color for an edgy look that's guaranteed to get you noticed.,Dresses,20,Goddiva,24726,Women's Dresses & Skirts,198,https://images2.productserve.com/?w=200&h=200&bg=white&trim=5&t=letterbox&url=ssl%3Acdn.shopify.com%2Fs%2Ffiles%2F1%2F0487%2F8834%2F0899%2Fproducts%2FAulxMsmS-13224.jpg&feedId=62769&k=6b5fd430736753ae3f2013da9735f884f8fa3f32,USD,,"Over $120 - Free Delivery, Less than $120 - $12",https://goddiva.us/products/city-goddess-one-shoulder-faux-leather-mini-dress-khaki,,,USD98,62769,City Goddess,1,,,,,,Womens,Dresses
https://www.awin1.com/pclick.php?p=42524844931&a=2771700&m=24726,City Goddess One Shoulder Faux Leather Mini Dress - Black,42524844931,DR3573-BLACK-4,https://cdn.shopify.com/s/files/1/0487/8834/0899/products/WKjbTo8n-13223.jpg,Take this year's party scene by storm with this over indulgent one shoulder faux leather mini dress. This sexy black mini dress will be your staple piece for this year's nights out. This faux leather mini is our answer to all your 'What should I wear! ' dilemmas. The faux leather fabric and one shoulder mesh strap teamed with its ruched detailing and on trend black color makes this night out on the town worthy number an essential you need to own! This LBD dress is sure to grab attention at any party you attend. Pair it with heels and a bold lip color for an edgy look that's guaranteed to get you noticed.,Dresses,20,Goddiva,24726,Women's Dresses & Skirts,198,https://images2.productserve.com/?w=200&h=200&bg=white&trim=5&t=letterbox&url=ssl%3Acdn.shopify.com%2Fs%2Ffiles%2F1%2F0487%2F8834%2F0899%2Fproducts%2FWKjbTo8n-13223.jpg&feedId=62769&k=173ff3f60a22ae7358555295391510c2910d93f4,USD,,"Over $120 - Free Delivery, Less than $120 - $12",https://goddiva.us/products/city-goddess-one-shoulder-faux-leather-mini-dress-black,,,USD98,62769,City Goddess,1,,,,,,Womens,Dresses
https://www.awin1.com/pclick.php?p=42524844932&a=2771700&m=24726,City Goddess One Shoulder Faux Leather Mini Dress - Black,42524844932,DR3573-BLACK-2,https://cdn.shopify.com/s/files/1/0487/8834/0899/products/WKjbTo8n-13223.jpg,Take this year's party scene by storm with this over indulgent one shoulder faux leather mini dress. This sexy black mini dress will be your staple piece for this year's nights out. This faux leather mini is our answer to all your 'What should I wear! ' dilemmas. The faux leather fabric and one shoulder mesh strap teamed with its ruched detailing and on trend black color makes this night out on the town worthy number an essential you need to own! This LBD dress is sure to grab attention at any party you attend. Pair it with heels and a bold lip color for an edgy look that's guaranteed to get you noticed.,Dresses,20,Goddiva,24726,Women's Dresses & Skirts,198,https://images2.productserve.com/?w=200&h=200&bg=white&trim=5&t=letterbox&url=ssl%3Acdn.shopify.com%2Fs%2Ffiles%2F1%2F0487%2F8834%2F0899%2Fproducts%2FWKjbTo8n-13223.jpg&feedId=62769&k=173ff3f60a22ae7358555295391510c2910d93f4,USD,,"Over $120 - Free Delivery, Less than $120 - $12",https://goddiva.us/products/city-goddess-one-shoulder-faux-leather-mini-dress-black,,,USD98,62769,City Goddess,1,,,,,,Womens,Dresses
https://www.awin1.com/pclick.php?p=42524844936&a=2771700&m=24726,City Goddess Asymmetrical Neck Ruched Midi Dress - Black,42524844936,DR3541-BLACK-6,https://cdn.shopify.com/s/files/1/0487/8834/0899/files/DR3541_Black_18580_front_1773417135.jpg,"The asymmetrical neckline is a staple in any women's wardrobe. This long sleeve, bodycon midi dress features a ruched bodice that accentuates your curves and fall fashion trends.  Chic, sexy and sophisticated, this black bodycon midi dress with an asymmetrical neckline is perfect for a night out. Be the trendiest girl in town carrying off this super sexy little black party dress featuring a ruched design that flatters your body like no other and style that gives you an extra edge. Pair it with strappy heels to get oodles of compliments.",Dresses,30,Goddiva,24726,Women's Dresses & Skirts,198,https://images2.productserve.com/?w=200&h=200&bg=white&trim=5&t=letterbox&url=ssl%3Acdn.shopify.com%2Fs%2Ffiles%2F1%2F0487%2F8834%2F0899%2Ffiles%2FDR3541_Black_18580_front_1773417135.jpg&feedId=62769&k=ac2ee44ce69dc423e4046edad32bcf4519a86c8a,USD,,"Over $120 - Free Delivery, Less than $120 - $12",https://goddiva.us/products/city-goddess-asymmetrical-neck-ruched-midi-dress-black,,,USD110,62769,City Goddess,1,,,,,,Womens,Dresses
https://www.awin1.com/pclick.php?p=42524844935&a=2771700&m=24726,City Goddess Asymmetrical Neck Ruched Midi Dress - Black,42524844935,DR3541-BLACK-4,https://cdn.shopify.com/s/files/1/0487/8834/0899/files/DR3541_Black_18580_front_1773417135.jpg,"The asymmetrical neckline is a staple in any women's wardrobe. This long sleeve, bodycon midi dress features a ruched bodice that accentuates your curves and fall fashion trends.  Chic, sexy and sophisticated, this black bodycon midi dress with an asymmetrical neckline is perfect for a night out. Be the trendiest girl in town carrying off this super sexy little black party dress featuring a ruched design that flatters your body like no other and style that gives you an extra edge. Pair it with strappy heels to get oodles of compliments.",Dresses,30,Goddiva,24726,Women's Dresses & Skirts,198,https://images2.productserve.com/?w=200&h=200&bg=white&trim=5&t=letterbox&url=ssl%3Acdn.shopify.com%2Fs%2Ffiles%2F1%2F0487%2F8834%2F0899%2Ffiles%2FDR3541_Black_18580_front_1773417135.jpg&feedId=62769&k=ac2ee44ce69dc423e4046edad32bcf4519a86c8a,USD,,"Over $120 - Free Delivery, Less than $120 - $12",https://goddiva.us/products/city-goddess-asymmetrical-neck-ruched-midi-dress-black,,,USD110,62769,City Goddess,1,,,,,,Womens,Dresses
https://www.awin1.com/pclick.php?p=42524846469&a=2771700&m=24726,City Goddess Wrap Flutter Sleeve Floral Midi Dress - Peach,42524846469,DR3500-PEACH-6,https://cdn.shopify.com/s/files/1/0487/8834/0899/files/DR3500_peach_front_1744719512.jpg,"This simple and elegant style is a must have for your next holiday or special occasion. Featuring flutter sleeves, high neckline and all over floral print, this trendy midi peach dress is the perfect choice for any summer outing. The floral print teamed with a classic wrap style has a gorgeous silhouette that will have you making a style statement wherever you go. Its peach color paired with a classic summer floral print makes this short dress the perfect pick for holidays in the sun, garden parties, wedding guests, BBQs and even date nights. Make sure you add this style to your closet today!",Dresses,30,Goddiva,24726,Women's Dresses & Skirts,198,https://images2.productserve.com/?w=200&h=200&bg=white&trim=5&t=letterbox&url=ssl%3Acdn.shopify.com%2Fs%2Ffiles%2F1%2F0487%2F8834%2F0899%2Ffiles%2FDR3500_peach_front_1744719512.jpg&feedId=62769&k=b6d50f64dbc64224c9a955ee7530d5e13c0a91c4,USD,,"Over $120 - Free Delivery, Less than $120 - $12",https://goddiva.us/products/city-goddess-wrap-flutter-sleeve-floral-midi-dress-peach,,,USD76,62769,City Goddess,1,,,,,,Womens,Dresses
https://www.awin1.com/pclick.php?p=42524846468&a=2771700&m=24726,City Goddess Wrap Flutter Sleeve Floral Midi Dress - Peach,42524846468,DR3500-PEACH-4,https://cdn.shopify.com/s/files/1/0487/8834/0899/files/DR3500_peach_front_1744719512.jpg,"This simple and elegant style is a must have for your next holiday or special occasion. Featuring flutter sleeves, high neckline and all over floral print, this trendy midi peach dress is the perfect choice for any summer outing. The floral print teamed with a classic wrap style has a gorgeous silhouette that will have you making a style statement wherever you go. Its peach color paired with a classic summer floral print makes this short dress the perfect pick for holidays in the sun, garden parties, wedding guests, BBQs and even date nights. Make sure you add this style to your closet today!",Dresses,30,Goddiva,24726,Women's Dresses & Skirts,198,https://images2.productserve.com/?w=200&h=200&bg=white&trim=5&t=letterbox&url=ssl%3Acdn.shopify.com%2Fs%2Ffiles%2F1%2F0487%2F8834%2F0899%2Ffiles%2FDR3500_peach_front_1744719512.jpg&feedId=62769&k=b6d50f64dbc64224c9a955ee7530d5e13c0a91c4,USD,,"Over $120 - Free Delivery, Less than $120 - $12",https://goddiva.us/products/city-goddess-wrap-flutter-sleeve-floral-midi-dress-peach,,,USD76,62769,City Goddess,1,,,,,,Womens,Dresses
https://www.awin1.com/pclick.php?p=42524846510&a=2771700&m=24726,City Goddess Cut Out Ruched Bodycon Midi Dress - Khaki,42524846510,DR3522-KHAKI-2,https://cdn.shopify.com/s/files/1/0487/8834/0899/products/ilCGZtoa-11084.jpg,"This is a bodycon dress that creates an hourglass shape and plunging neckline. With a ruched bust and tight midi length,  it will be your go-to party dress this season.  It has a midi length which is great for club, party and cocktail wear. This khaki dress is perfect for any special occasion like date night, vacation, or girls' night out! Featuring its trending cut out style, bodycon fit and ruched detailing, it shows off your curves while staying true to your own style. In its summer worthy khaki color, this party dress is here to serve you the best summer you will ever know. Style it with some strappy heels and a choker to complete your look and make this dress your go-to piece for all of your night time adventures.",Dresses,28,Goddiva,24726,Women's Dresses & Skirts,198,https://images2.productserve.com/?w=200&h=200&bg=white&trim=5&t=letterbox&url=ssl%3Acdn.shopify.com%2Fs%2Ffiles%2F1%2F0487%2F8834%2F0899%2Fproducts%2FilCGZtoa-11084.jpg&feedId=62769&k=7240871a8cbc2df1e5bd01da5f711068eb30567d,USD,,"Over $120 - Free Delivery, Less than $120 - $12",https://goddiva.us/products/city-goddess-cut-out-ruched-bodycon-midi-dress-khaki,,,USD56,62769,City Goddess,1,,,,,,Womens,Dresses
https://www.awin1.com/pclick.php?p=42524846511&a=2771700&m=24726,City Goddess Cut Out Ruched Bodycon Midi Dress - Khaki,42524846511,DR3522-KHAKI-4,https://cdn.shopify.com/s/files/1/0487/8834/0899/products/ilCGZtoa-11084.jpg,"This is a bodycon dress that creates an hourglass shape and plunging neckline. With a ruched bust and tight midi length,  it will be your go-to party dress this season.  It has a midi length which is great for club, party and cocktail wear. This khaki dress is perfect for any special occasion like date night, vacation, or girls' night out! Featuring its trending cut out style, bodycon fit and ruched detailing, it shows off your curves while staying true to your own style. In its summer worthy khaki color, this party dress is here to serve you the best summer you will ever know. Style it with some strappy heels and a choker to complete your look and make this dress your go-to piece for all of your night time adventures.",Dresses,28,Goddiva,24726,Women's Dresses & Skirts,198,https://images2.productserve.com/?w=200&h=200&bg=white&trim=5&t=letterbox&url=ssl%3Acdn.shopify.com%2Fs%2Ffiles%2F1%2F0487%2F8834%2F0899%2Fproducts%2FilCGZtoa-11084.jpg&feedId=62769&k=7240871a8cbc2df1e5bd01da5f711068eb30567d,USD,,"Over $120 - Free Delivery, Less than $120 - $12",https://goddiva.us/products/city-goddess-cut-out-ruched-bodycon-midi-dress-khaki,,,USD56,62769,City Goddess,1,,,,,,Womens,Dresses
https://www.awin1.com/pclick.php?p=42524846512&a=2771700&m=24726,City Goddess Cut Out Ruched Bodycon Midi Dress - Black,42524846512,DR3522-BLACK-4,https://cdn.shopify.com/s/files/1/0487/8834/0899/products/zeYkHRJR-11083.jpg,"This is a bodycon dress that creates an hourglass shape and plunging neckline. With a ruched bust and tight midi length,  it will be your go-to party dress this season.  It has a midi length which is great for club, party and cocktail wear. This black dress is perfect for any special occasion like date night, vacation, or girls' night out! Featuring its trending cut out style, bodycon fit and ruched detailing, it shows off your curves while staying true to your own style. In its summer worthy black color, this party dress is here to serve you the best summer you will ever know. Style it with some strappy heels and a choker to complete your look and make this dress your go-to piece for all of your night time adventures.",Dresses,28,Goddiva,24726,Women's Dresses & Skirts,198,https://images2.productserve.com/?w=200&h=200&bg=white&trim=5&t=letterbox&url=ssl%3Acdn.shopify.com%2Fs%2Ffiles%2F1%2F0487%2F8834%2F0899%2Fproducts%2FzeYkHRJR-11083.jpg&feedId=62769&k=0de5274d3831487a20664dfc200eb2035f20a9fc,USD,,"Over $120 - Free Delivery, Less than $120 - $12",https://goddiva.us/products/city-goddess-cut-out-ruched-bodycon-midi-dress-black,,,USD56,62769,City Goddess,1,,,,,,Womens,Dresses
https://www.awin1.com/pclick.php?p=42524846513&a=2771700&m=24726,City Goddess Cut Out Ruched Bodycon Midi Dress - Black,42524846513,DR3522-BLACK-2,https://cdn.shopify.com/s/files/1/0487/8834/0899/products/zeYkHRJR-11083.jpg,"This is a bodycon dress that creates an hourglass shape and plunging neckline. With a ruched bust and tight midi length,  it will be your go-to party dress this season.  It has a midi length which is great for club, party and cocktail wear. This black dress is perfect for any special occasion like date night, vacation, or girls' night out! Featuring its trending cut out style, bodycon fit and ruched detailing, it shows off your curves while staying true to your own style. In its summer worthy black color, this party dress is here to serve you the best summer you will ever know. Style it with some strappy heels and a choker to complete your look and make this dress your go-to piece for all of your night time adventures.",Dresses,28,Goddiva,24726,Women's Dresses & Skirts,198,https://images2.productserve.com/?w=200&h=200&bg=white&trim=5&t=letterbox&url=ssl%3Acdn.shopify.com%2Fs%2Ffiles%2F1%2F0487%2F8834%2F0899%2Fproducts%2FzeYkHRJR-11083.jpg&feedId=62769&k=0de5274d3831487a20664dfc200eb2035f20a9fc,USD,,"Over $120 - Free Delivery, Less than $120 - $12",https://goddiva.us/products/city-goddess-cut-out-ruched-bodycon-midi-dress-black,,,USD56,62769,City Goddess,1,,,,,,Womens,Dresses
https://www.awin1.com/pclick.php?p=42524846521&a=2771700&m=24726,City Goddess Bandeau Printed Maxi - Jungle Print,42524846521,DR3562-JUNGLEPRINT-6,https://cdn.shopify.com/s/files/1/0487/8834/0899/files/32508_1721829552.jpg,"This Bandeau Printed Maxi is a summer essential. It's lightweight, airy and easy to wear. You will love the comfort of this maxi. It's a perfect pick for your next summer vacation! Featuring a colourful tropical printed pattern, it is perfect for any occasion this season, whether it's for beach holidays, sightseeing on city breaks, lunch with friends and BBQs, this sleeveless summer dress is the one for you. With its lightweight fabric, this maxi is sure to keep you cool during those hot summer days. Team with your favourite sandals for a gorgeous summer look, or jazz it up with wedges for an evening soiree.",Dresses,30,Goddiva,24726,Women's Dresses & Skirts,198,https://images2.productserve.com/?w=200&h=200&bg=white&trim=5&t=letterbox&url=ssl%3Acdn.shopify.com%2Fs%2Ffiles%2F1%2F0487%2F8834%2F0899%2Ffiles%2F32508_1721829552.jpg&feedId=62769&k=87a09a52bd8f8aecabd09aa3fa006e8f2fac6f94,USD,,"Over $120 - Free Delivery, Less than $120 - $12",https://goddiva.us/products/city-goddess-bandeau-printed-maxi-jungle-print,,,USD96,62769,City Goddess,1,,,,,,Womens,Dresses
https://www.awin1.com/pclick.php?p=42524846520&a=2771700&m=24726,City Goddess Bandeau Printed Maxi - Jungle Print,42524846520,DR3562-JUNGLEPRINT-4,https://cdn.shopify.com/s/files/1/0487/8834/0899/files/32508_1721829552.jpg,"This Bandeau Printed Maxi is a summer essential. It's lightweight, airy and easy to wear. You will love the comfort of this maxi. It's a perfect pick for your next summer vacation! Featuring a colourful tropical printed pattern, it is perfect for any occasion this season, whether it's for beach holidays, sightseeing on city breaks, lunch with friends and BBQs, this sleeveless summer dress is the one for you. With its lightweight fabric, this maxi is sure to keep you cool during those hot summer days. Team with your favourite sandals for a gorgeous summer look, or jazz it up with wedges for an evening soiree.",Dresses,30,Goddiva,24726,Women's Dresses & Skirts,198,https://images2.productserve.com/?w=200&h=200&bg=white&trim=5&t=letterbox&url=ssl%3Acdn.shopify.com%2Fs%2Ffiles%2F1%2F0487%2F8834%2F0899%2Ffiles%2F32508_1721829552.jpg&feedId=62769&k=87a09a52bd8f8aecabd09aa3fa006e8f2fac6f94,USD,,"Over $120 - Free Delivery, Less than $120 - $12",https://goddiva.us/products/city-goddess-bandeau-printed-maxi-jungle-print,,,USD96,62769,City Goddess,1,,,,,,Womens,Dresses
https://www.awin1.com/pclick.php?p=42524846523&a=2771700&m=24726,City Goddess Boobtube Printed Maxi - Jungle Print,42524846523,DR3568-JUNGLEPRINT-6,https://cdn.shopify.com/s/files/1/0487/8834/0899/files/25862_1717431468.jpg,"The boobtube printed maxi is a sensuous and romantic summer maxi that will give you the feeling of being in your own private paradise. Made from a lightweight fabric, this maxi is sure to keep you cool during those hot summer days. This tropical print number is a women's summer maxi dress that may look simple but it gives you the opportunity to wear it in so many ways. Pair it with your favourite sandals and some cute jewellery for a casual summer day look, or add some wedges and styling accessories for a night out with friends. There are no limits! With its sleeveless style and flowy tiered skirt, this summer dress is perfect for beach holidays, sightseeing on city breaks, lunch with friends and BBQs.",Dresses,30,Goddiva,24726,Women's Dresses & Skirts,198,https://images2.productserve.com/?w=200&h=200&bg=white&trim=5&t=letterbox&url=ssl%3Acdn.shopify.com%2Fs%2Ffiles%2F1%2F0487%2F8834%2F0899%2Ffiles%2F25862_1717431468.jpg&feedId=62769&k=1fcbb6a7f1280305850e6772fe79e11250c115da,USD,,"Over $120 - Free Delivery, Less than $120 - $12",https://goddiva.us/products/city-goddess-boobtube-printed-maxi-jungle-print,,,USD96,62769,City Goddess,1,,,,,,Womens,Dresses
https://www.awin1.com/pclick.php?p=42524846522&a=2771700&m=24726,City Goddess Boobtube Printed Maxi - Jungle Print,42524846522,DR3568-JUNGLEPRINT-4,https://cdn.shopify.com/s/files/1/0487/8834/0899/files/25862_1717431468.jpg,"The boobtube printed maxi is a sensuous and romantic summer maxi that will give you the feeling of being in your own private paradise. Made from a lightweight fabric, this maxi is sure to keep you cool during those hot summer days. This tropical print number is a women's summer maxi dress that may look simple but it gives you the opportunity to wear it in so many ways. Pair it with your favourite sandals and some cute jewellery for a casual summer day look, or add some wedges and styling accessories for a night out with friends. There are no limits! With its sleeveless style and flowy tiered skirt, this summer dress is perfect for beach holidays, sightseeing on city breaks, lunch with friends and BBQs.",Dresses,30,Goddiva,24726,Women's Dresses & Skirts,198,https://images2.productserve.com/?w=200&h=200&bg=white&trim=5&t=letterbox&url=ssl%3Acdn.shopify.com%2Fs%2Ffiles%2F1%2F0487%2F8834%2F0899%2Ffiles%2F25862_1717431468.jpg&feedId=62769&k=1fcbb6a7f1280305850e6772fe79e11250c115da,USD,,"Over $120 - Free Delivery, Less than $120 - $12",https://goddiva.us/products/city-goddess-boobtube-printed-maxi-jungle-print,,,USD96,62769,City Goddess,1,,,,,,Womens,Dresses
https://www.awin1.com/pclick.php?p=42524846534&a=2771700&m=24726,City Goddess Cut Out Long Sleeve Bodycon Mini - Royal Blue,42524846534,DR3532-ROYALBLUE-2,https://cdn.shopify.com/s/files/1/0487/8834/0899/files/DR3532_ROYALBLUE_18273_front_1773416889.jpg,"This cut out long sleeve bodycon mini is a gorgeous dress that is perfect for all your special occasions this season. You will catch everyone's attention with this stunningly designed dress. The blue color of the dress looks amazing on every skin tone and matches well with any kind of accessories. Wear it on a party, club night, cocktail, holiday or a romantic date to look sexy and catch everyone's attention. This long sleeve figure hugging mini is a must in your closet! This sexy royalblue number will show off your curves. Wear it with some high-heeled shoes for a night out on the town.",Dresses,24,Goddiva,24726,Women's Dresses & Skirts,198,https://images2.productserve.com/?w=200&h=200&bg=white&trim=5&t=letterbox&url=ssl%3Acdn.shopify.com%2Fs%2Ffiles%2F1%2F0487%2F8834%2F0899%2Ffiles%2FDR3532_ROYALBLUE_18273_front_1773416889.jpg&feedId=62769&k=6c05377911b22aeed43b11ece96737bfe64a72c4,USD,,"Over $120 - Free Delivery, Less than $120 - $12",https://goddiva.us/products/city-goddess-cut-out-long-sleeve-bodycon-mini-royal-blue,,,USD98,62769,City Goddess,1,,,,,,Womens,Dresses
https://www.awin1.com/pclick.php?p=42524846536&a=2771700&m=24726,City Goddess Cut Out Long Sleeve Bodycon Mini - Black,42524846536,DR3532-BLACK-2,https://cdn.shopify.com/s/files/1/0487/8834/0899/files/DR3532_Black_18280_front_1773416939.jpg,"This cut out long sleeve bodycon mini is a gorgeous dress that is perfect for all your special occasions this season. You will catch everyone's attention with this stunningly designed dress. The black color of the dress looks amazing on every skin tone and matches well with any kind of accessories. Wear it on a party, club night, cocktail, holiday or a romantic date to look sexy and catch everyone's attention. This long sleeve figure hugging mini is a must in your closet! This sexy LBD number will show off your curves. Wear it with some high-heeled shoes for a night out on the town.",Dresses,24,Goddiva,24726,Women's Dresses & Skirts,198,https://images2.productserve.com/?w=200&h=200&bg=white&trim=5&t=letterbox&url=ssl%3Acdn.shopify.com%2Fs%2Ffiles%2F1%2F0487%2F8834%2F0899%2Ffiles%2FDR3532_Black_18280_front_1773416939.jpg&feedId=62769&k=c3a727ce7b8c0e9e93bbd32389996c4a45dca38b,USD,,"Over $120 - Free Delivery, Less than $120 - $12",https://goddiva.us/products/city-goddess-cut-out-long-sleeve-bodycon-mini-black,,,USD98,62769,City Goddess,1,,,,,,Womens,Dresses
https://www.awin1.com/pclick.php?p=42524846535&a=2771700&m=24726,City Goddess Cut Out Long Sleeve Bodycon Mini - Royal Blue,42524846535,DR3532-ROYALBLUE-4,https://cdn.shopify.com/s/files/1/0487/8834/0899/files/DR3532_ROYALBLUE_18273_front_1773416889.jpg,"This cut out long sleeve bodycon mini is a gorgeous dress that is perfect for all your special occasions this season. You will catch everyone's attention with this stunningly designed dress. The blue color of the dress looks amazing on every skin tone and matches well with any kind of accessories. Wear it on a party, club night, cocktail, holiday or a romantic date to look sexy and catch everyone's attention. This long sleeve figure hugging mini is a must in your closet! This sexy royalblue number will show off your curves. Wear it with some high-heeled shoes for a night out on the town.",Dresses,24,Goddiva,24726,Women's Dresses & Skirts,198,https://images2.productserve.com/?w=200&h=200&bg=white&trim=5&t=letterbox&url=ssl%3Acdn.shopify.com%2Fs%2Ffiles%2F1%2F0487%2F8834%2F0899%2Ffiles%2FDR3532_ROYALBLUE_18273_front_1773416889.jpg&feedId=62769&k=6c05377911b22aeed43b11ece96737bfe64a72c4,USD,,"Over $120 - Free Delivery, Less than $120 - $12",https://goddiva.us/products/city-goddess-cut-out-long-sleeve-bodycon-mini-royal-blue,,,USD98,62769,City Goddess,1,,,,,,Womens,Dresses
https://www.awin1.com/pclick.php?p=42524846537&a=2771700&m=24726,City Goddess Cut Out Long Sleeve Bodycon Mini - Black,42524846537,DR3532-BLACK-4,https://cdn.shopify.com/s/files/1/0487/8834/0899/files/DR3532_Black_18280_front_1773416939.jpg,"This cut out long sleeve bodycon mini is a gorgeous dress that is perfect for all your special occasions this season. You will catch everyone's attention with this stunningly designed dress. The black color of the dress looks amazing on every skin tone and matches well with any kind of accessories. Wear it on a party, club night, cocktail, holiday or a romantic date to look sexy and catch everyone's attention. This long sleeve figure hugging mini is a must in your closet! This sexy LBD number will show off your curves. Wear it with some high-heeled shoes for a night out on the town.",Dresses,24,Goddiva,24726,Women's Dresses & Skirts,198,https://images2.productserve.com/?w=200&h=200&bg=white&trim=5&t=letterbox&url=ssl%3Acdn.shopify.com%2Fs%2Ffiles%2F1%2F0487%2F8834%2F0899%2Ffiles%2FDR3532_Black_18280_front_1773416939.jpg&feedId=62769&k=c3a727ce7b8c0e9e93bbd32389996c4a45dca38b,USD,,"Over $120 - Free Delivery, Less than $120 - $12",https://goddiva.us/products/city-goddess-cut-out-long-sleeve-bodycon-mini-black,,,USD98,62769,City Goddess,1,,,,,,Womens,Dresses
https://www.awin1.com/pclick.php?p=42524846780&a=2771700&m=24726,City Goddess High Neck Drawstring Mini Dress - Coral,42524846780,DR3529-CORAL-2,https://cdn.shopify.com/s/files/1/0487/8834/0899/files/xiswb97w-10490_1758720778881_1759121447.png,"Dress for all your special occasions in this sexy high neck drawstring party dress. The high neck is perfect for a night out on the town with friends, birthdays, date nights and of course clubs, while the long sleeves will keep you warm enough on those cooler nights. This coral dress has a simple yet sophisticated look which is the perfect pick to show off your sensational figure. This coral dress is the perfect pick for date nights, club nights, wedding guests and birthday parties. Team with your fave heels and jewellery and get ready to strut your stuff all night long.",Dresses,24,Goddiva,24726,Women's Dresses & Skirts,198,https://images2.productserve.com/?w=200&h=200&bg=white&trim=5&t=letterbox&url=ssl%3Acdn.shopify.com%2Fs%2Ffiles%2F1%2F0487%2F8834%2F0899%2Ffiles%2Fxiswb97w-10490_1758720778881_1759121447.png&feedId=62769&k=9dba2035d1f61122bcf94abe83c871096c23d192,USD,,"Over $120 - Free Delivery, Less than $120 - $12",https://goddiva.us/products/city-goddess-high-neck-drawstring-mini-dress-coral,,,USD56,62769,City Goddess,1,,,,,,Womens,Dresses
https://www.awin1.com/pclick.php?p=42524846781&a=2771700&m=24726,City Goddess High Neck Drawstring Mini Dress - Coral,42524846781,DR3529-CORAL-4,https://cdn.shopify.com/s/files/1/0487/8834/0899/files/xiswb97w-10490_1758720778881_1759121447.png,"Dress for all your special occasions in this sexy high neck drawstring party dress. The high neck is perfect for a night out on the town with friends, birthdays, date nights and of course clubs, while the long sleeves will keep you warm enough on those cooler nights. This coral dress has a simple yet sophisticated look which is the perfect pick to show off your sensational figure. This coral dress is the perfect pick for date nights, club nights, wedding guests and birthday parties. Team with your fave heels and jewellery and get ready to strut your stuff all night long.",Dresses,24,Goddiva,24726,Women's Dresses & Skirts,198,https://images2.productserve.com/?w=200&h=200&bg=white&trim=5&t=letterbox&url=ssl%3Acdn.shopify.com%2Fs%2Ffiles%2F1%2F0487%2F8834%2F0899%2Ffiles%2Fxiswb97w-10490_1758720778881_1759121447.png&feedId=62769&k=9dba2035d1f61122bcf94abe83c871096c23d192,USD,,"Over $120 - Free Delivery, Less than $120 - $12",https://goddiva.us/products/city-goddess-high-neck-drawstring-mini-dress-coral,,,USD56,62769,City Goddess,1,,,,,,Womens,Dresses
https://www.awin1.com/pclick.php?p=42524846782&a=2771700&m=24726,City Goddess High Neck Drawstring Mini Dress - Navy,42524846782,DR3529-NAVY-2,https://cdn.shopify.com/s/files/1/0487/8834/0899/files/sobhcljf-10489_1758722117211_1759121088.png,"Dress for all your special occasions in this sexy high neck drawstring party dress. The high neck is perfect for a night out on the town with friends, birthdays, date nights and of course clubs, while the long sleeves will keep you warm enough on those cooler nights. This navy dress has a simple yet sophisticated look which is the perfect pick to show off your sensational figure. This navy dress is the perfect pick for date nights, club nights, wedding guests and birthday parties. Team with your fave heels and jewellery and get ready to strut your stuff all night long.",Dresses,24,Goddiva,24726,Women's Dresses & Skirts,198,https://images2.productserve.com/?w=200&h=200&bg=white&trim=5&t=letterbox&url=ssl%3Acdn.shopify.com%2Fs%2Ffiles%2F1%2F0487%2F8834%2F0899%2Ffiles%2Fsobhcljf-10489_1758722117211_1759121088.png&feedId=62769&k=1abbb0f79ce41dadfae284f8abeb3969f61c50e0,USD,,"Over $120 - Free Delivery, Less than $120 - $12",https://goddiva.us/products/city-goddess-high-neck-drawstring-mini-dress-navy,,,USD56,62769,City Goddess,1,,,,,,Womens,Dresses
https://www.awin1.com/pclick.php?p=42524846783&a=2771700&m=24726,City Goddess High Neck Drawstring Mini Dress - Navy,42524846783,DR3529-NAVY-4,https://cdn.shopify.com/s/files/1/0487/8834/0899/files/sobhcljf-10489_1758722117211_1759121088.png,"Dress for all your special occasions in this sexy high neck drawstring party dress. The high neck is perfect for a night out on the town with friends, birthdays, date nights and of course clubs, while the long sleeves will keep you warm enough on those cooler nights. This navy dress has a simple yet sophisticated look which is the perfect pick to show off your sensational figure. This navy dress is the perfect pick for date nights, club nights, wedding guests and birthday parties. Team with your fave heels and jewellery and get ready to strut your stuff all night long.",Dresses,24,Goddiva,24726,Women's Dresses & Skirts,198,https://images2.productserve.com/?w=200&h=200&bg=white&trim=5&t=letterbox&url=ssl%3Acdn.shopify.com%2Fs%2Ffiles%2F1%2F0487%2F8834%2F0899%2Ffiles%2Fsobhcljf-10489_1758722117211_1759121088.png&feedId=62769&k=1abbb0f79ce41dadfae284f8abeb3969f61c50e0,USD,,"Over $120 - Free Delivery, Less than $120 - $12",https://goddiva.us/products/city-goddess-high-neck-drawstring-mini-dress-navy,,,USD56,62769,City Goddess,1,,,,,,Womens,Dresses
https://www.awin1.com/pclick.php?p=42524846784&a=2771700&m=24726,City Goddess High Neck Drawstring Mini Dress - Nude,42524846784,DR3529-NUDE-2,https://cdn.shopify.com/s/files/1/0487/8834/0899/files/gxfvv8b1-10488_1758720425230_1759120928.png,"Dress for all your special occasions in this sexy high neck drawstring party dress. The high neck is perfect for a night out on the town with friends, birthdays, date nights and of course clubs, while the long sleeves will keep you warm enough on those cooler nights. This nude dress has a simple yet sophisticated look which is the perfect pick to show off your sensational figure. This nude dress is the perfect pick for date nights, club nights, wedding guests and birthday parties. Team with your fave heels and jewellery and get ready to strut your stuff all night long.",Dresses,24,Goddiva,24726,Women's Dresses & Skirts,198,https://images2.productserve.com/?w=200&h=200&bg=white&trim=5&t=letterbox&url=ssl%3Acdn.shopify.com%2Fs%2Ffiles%2F1%2F0487%2F8834%2F0899%2Ffiles%2Fgxfvv8b1-10488_1758720425230_1759120928.png&feedId=62769&k=e122a285bddf774025b847a460fd3d8179ca1cee,USD,,"Over $120 - Free Delivery, Less than $120 - $12",https://goddiva.us/products/city-goddess-high-neck-drawstring-mini-dress-nude,,,USD56,62769,City Goddess,1,,,,,,Womens,Dresses
https://www.awin1.com/pclick.php?p=42524846785&a=2771700&m=24726,City Goddess High Neck Drawstring Mini Dress - Nude,42524846785,DR3529-NUDE-4,https://cdn.shopify.com/s/files/1/0487/8834/0899/files/gxfvv8b1-10488_1758720425230_1759120928.png,"Dress for all your special occasions in this sexy high neck drawstring party dress. The high neck is perfect for a night out on the town with friends, birthdays, date nights and of course clubs, while the long sleeves will keep you warm enough on those cooler nights. This nude dress has a simple yet sophisticated look which is the perfect pick to show off your sensational figure. This nude dress is the perfect pick for date nights, club nights, wedding guests and birthday parties. Team with your fave heels and jewellery and get ready to strut your stuff all night long.",Dresses,24,Goddiva,24726,Women's Dresses & Skirts,198,https://images2.productserve.com/?w=200&h=200&bg=white&trim=5&t=letterbox&url=ssl%3Acdn.shopify.com%2Fs%2Ffiles%2F1%2F0487%2F8834%2F0899%2Ffiles%2Fgxfvv8b1-10488_1758720425230_1759120928.png&feedId=62769&k=e122a285bddf774025b847a460fd3d8179ca1cee,USD,,"Over $120 - Free Delivery, Less than $120 - $12",https://goddiva.us/products/city-goddess-high-neck-drawstring-mini-dress-nude,,,USD56,62769,City Goddess,1,,,,,,Womens,Dresses
https://www.awin1.com/pclick.php?p=42524846799&a=2771700&m=24726,City Goddess Halter Neck Printed Maxi Dress - Blue,42524846799,DR3504-BLUE-6,https://cdn.shopify.com/s/files/1/0487/8834/0899/files/DR3504_BLUE_FRONT_1744801264.jpg,"The Halter Neck Printed Maxi dress from City Goddess is a wardrobe essential. Its maxi length, sleeveless, halter neck style, open back and summer color make it perfect for any occasion.  Its cool blue color, teamed with red and off white detailing makes this long dress a hit for your summer days out. The open back makes it ideal for showing off some skin and the relaxed fit will keep you feeling cool and comfortable whatever the weather, this summer dress is even perfect for the beach or a casual lunch on the weekend. Pair it with your favourite sandals or wedges and you're ready to go!",Dresses,28,Goddiva,24726,Women's Dresses & Skirts,198,https://images2.productserve.com/?w=200&h=200&bg=white&trim=5&t=letterbox&url=ssl%3Acdn.shopify.com%2Fs%2Ffiles%2F1%2F0487%2F8834%2F0899%2Ffiles%2FDR3504_BLUE_FRONT_1744801264.jpg&feedId=62769&k=e29ef1382b22e46f06d7b83f0850ad886e410b50,USD,,"Over $120 - Free Delivery, Less than $120 - $12",https://goddiva.us/products/city-goddess-halter-neck-printed-maxi-dress-blue,,,USD56,62769,City Goddess,1,,,,,,Womens,Dresses
https://www.awin1.com/pclick.php?p=42524846798&a=2771700&m=24726,City Goddess Halter Neck Printed Maxi Dress - Blue,42524846798,DR3504-BLUE-4,https://cdn.shopify.com/s/files/1/0487/8834/0899/files/DR3504_BLUE_FRONT_1744801264.jpg,"The Halter Neck Printed Maxi dress from City Goddess is a wardrobe essential. Its maxi length, sleeveless, halter neck style, open back and summer color make it perfect for any occasion.  Its cool blue color, teamed with red and off white detailing makes this long dress a hit for your summer days out. The open back makes it ideal for showing off some skin and the relaxed fit will keep you feeling cool and comfortable whatever the weather, this summer dress is even perfect for the beach or a casual lunch on the weekend. Pair it with your favourite sandals or wedges and you're ready to go!",Dresses,28,Goddiva,24726,Women's Dresses & Skirts,198,https://images2.productserve.com/?w=200&h=200&bg=white&trim=5&t=letterbox&url=ssl%3Acdn.shopify.com%2Fs%2Ffiles%2F1%2F0487%2F8834%2F0899%2Ffiles%2FDR3504_BLUE_FRONT_1744801264.jpg&feedId=62769&k=e29ef1382b22e46f06d7b83f0850ad886e410b50,USD,,"Over $120 - Free Delivery, Less than $120 - $12",https://goddiva.us/products/city-goddess-halter-neck-printed-maxi-dress-blue,,,USD56,62769,City Goddess,1,,,,,,Womens,Dresses
https://www.awin1.com/pclick.php?p=42524846833&a=2771700&m=24726,City Goddess Wrap Flutter Sleeve Floral Midi Dress - Beige,42524846833,DR3500-BEIGE-6,https://cdn.shopify.com/s/files/1/0487/8834/0899/files/DR3500-BEIGE_FRONT_1712154446.jpg,"This simple and elegant style is a must have for your next holiday or special occasion. Featuring flutter sleeves, high neckline and all over floral print, this trendy midi beige dress is the perfect choice for any summer outing. The floral print teamed with a classic wrap style has a gorgeous silhouette that will have you making a style statement wherever you go. Its cream color paired with a classic summer floral print makes this short dress the perfect pick for holidays in the sun, garden parties, wedding guests, BBQs and even date nights. Make sure you add this style to your closet today!",Dresses,30,Goddiva,24726,Women's Dresses & Skirts,198,https://images2.productserve.com/?w=200&h=200&bg=white&trim=5&t=letterbox&url=ssl%3Acdn.shopify.com%2Fs%2Ffiles%2F1%2F0487%2F8834%2F0899%2Ffiles%2FDR3500-BEIGE_FRONT_1712154446.jpg&feedId=62769&k=c85e77d4b9554a25a3c4f127fd0737b8d2f20217,USD,,"Over $120 - Free Delivery, Less than $120 - $12",https://goddiva.us/products/city-goddess-wrap-flutter-sleeve-floral-midi-dress-beige,,,USD76,62769,City Goddess,1,,,,,,Womens,Dresses
https://www.awin1.com/pclick.php?p=42524846832&a=2771700&m=24726,City Goddess Wrap Flutter Sleeve Floral Midi Dress - Beige,42524846832,DR3500-BEIGE-4,https://cdn.shopify.com/s/files/1/0487/8834/0899/files/DR3500-BEIGE_FRONT_1712154446.jpg,"This simple and elegant style is a must have for your next holiday or special occasion. Featuring flutter sleeves, high neckline and all over floral print, this trendy midi beige dress is the perfect choice for any summer outing. The floral print teamed with a classic wrap style has a gorgeous silhouette that will have you making a style statement wherever you go. Its cream color paired with a classic summer floral print makes this short dress the perfect pick for holidays in the sun, garden parties, wedding guests, BBQs and even date nights. Make sure you add this style to your closet today!",Dresses,30,Goddiva,24726,Women's Dresses & Skirts,198,https://images2.productserve.com/?w=200&h=200&bg=white&trim=5&t=letterbox&url=ssl%3Acdn.shopify.com%2Fs%2Ffiles%2F1%2F0487%2F8834%2F0899%2Ffiles%2FDR3500-BEIGE_FRONT_1712154446.jpg&feedId=62769&k=c85e77d4b9554a25a3c4f127fd0737b8d2f20217,USD,,"Over $120 - Free Delivery, Less than $120 - $12",https://goddiva.us/products/city-goddess-wrap-flutter-sleeve-floral-midi-dress-beige,,,USD76,62769,City Goddess,1,,,,,,Womens,Dresses
https://www.awin1.com/pclick.php?p=42524846837&a=2771700&m=24726,City Goddess Floral Print Shirt Dress - Beige,42524846837,DR3499-BEIGE-6,https://cdn.shopify.com/s/files/1/0487/8834/0899/files/DR3499-BEIGE_FRONT_1718103813.jpg,"This graceful floral print midi shirtdress is a must-have in every woman's wardrobe. The feminine design features long sleeves, shirred detailing on the bodice, and a loose fitting silhouette that will flatter your every curve. In its classic beige this casual summer dress will be your number one pick for summer outings. Whether it's for picnics in the park, lunches by the river or rooftop cocktails, this floral number will be your go to piece. With its lightweight fabric, all over floral print and knee length design, this cream midi dress is also a favourite for casual date nights, BBQs and semi formal family gatherings. Team with wedges or sandals for the ultimate summer look.",Dresses,30,Goddiva,24726,Women's Dresses & Skirts,198,https://images2.productserve.com/?w=200&h=200&bg=white&trim=5&t=letterbox&url=ssl%3Acdn.shopify.com%2Fs%2Ffiles%2F1%2F0487%2F8834%2F0899%2Ffiles%2FDR3499-BEIGE_FRONT_1718103813.jpg&feedId=62769&k=170adea5dda836af3fc0c93c313321f8bb74d110,USD,,"Over $120 - Free Delivery, Less than $120 - $12",https://goddiva.us/products/city-goddess-floral-print-shirt-dress-beige,,,USD110,62769,City Goddess,1,,,,,,Womens,Dresses
https://www.awin1.com/pclick.php?p=42524846836&a=2771700&m=24726,City Goddess Floral Print Shirt Dress - Beige,42524846836,DR3499-BEIGE-4,https://cdn.shopify.com/s/files/1/0487/8834/0899/files/DR3499-BEIGE_FRONT_1718103813.jpg,"This graceful floral print midi shirtdress is a must-have in every woman's wardrobe. The feminine design features long sleeves, shirred detailing on the bodice, and a loose fitting silhouette that will flatter your every curve. In its classic beige this casual summer dress will be your number one pick for summer outings. Whether it's for picnics in the park, lunches by the river or rooftop cocktails, this floral number will be your go to piece. With its lightweight fabric, all over floral print and knee length design, this cream midi dress is also a favourite for casual date nights, BBQs and semi formal family gatherings. Team with wedges or sandals for the ultimate summer look.",Dresses,30,Goddiva,24726,Women's Dresses & Skirts,198,https://images2.productserve.com/?w=200&h=200&bg=white&trim=5&t=letterbox&url=ssl%3Acdn.shopify.com%2Fs%2Ffiles%2F1%2F0487%2F8834%2F0899%2Ffiles%2FDR3499-BEIGE_FRONT_1718103813.jpg&feedId=62769&k=170adea5dda836af3fc0c93c313321f8bb74d110,USD,,"Over $120 - Free Delivery, Less than $120 - $12",https://goddiva.us/products/city-goddess-floral-print-shirt-dress-beige,,,USD110,62769,City Goddess,1,,,,,,Womens,Dresses
https://www.awin1.com/pclick.php?p=32120106891&a=2771700&m=24726,Goddiva Printed Midi With Front Split - Powder Blue,32120106891,DR3356-POWDERBLUE-10,https://cdn.shopify.com/s/files/1/0487/8834/0899/products/ox1YjoXD-7936.jpg,"This printed midi with a front split from Printed is a wardrobe essential. The round neckline with collar attached, scalloped detail on the collar and front split will create a flirtatious look. In its eye-catching blue color teamed with an all-over floral print is the perfect party piece that you can wear on any occasion. With its beautiful floral print design and front thigh split, not to mention a great fit, you will feel like a million dollars when wearing this dress. This bold & beautiful number is a perfect piece for casual affairs as well as jazz it up for a semi-formal occasion. Teamed with the right shoes & accessories, this short summer dress is perfect for wedding guests, date nights, BBQs, garden parties, and even brunch with friends.",Dresses,20,Goddiva,24726,Women's Dresses & Skirts,198,https://images2.productserve.com/?w=200&h=200&bg=white&trim=5&t=letterbox&url=ssl%3Acdn.shopify.com%2Fs%2Ffiles%2F1%2F0487%2F8834%2F0899%2Fproducts%2Fox1YjoXD-7936.jpg&feedId=62769&k=7496b5c71bcb340dd057c07ce710fe4b8cab035d,USD,,"Over $120 - Free Delivery, Less than $120 - $12",https://goddiva.us/products/goddiva-printed-midi-with-front-split-powder-blue,,,USD96,62769,Goddiva,1,,,,,,Womens,Dresses
https://www.awin1.com/pclick.php?p=32120106893&a=2771700&m=24726,Goddiva Printed Midi With Front Split - Powder Blue,32120106893,DR3356-POWDERBLUE-12,https://cdn.shopify.com/s/files/1/0487/8834/0899/products/ox1YjoXD-7936.jpg,"This printed midi with a front split from Printed is a wardrobe essential. The round neckline with collar attached, scalloped detail on the collar and front split will create a flirtatious look. In its eye-catching blue color teamed with an all-over floral print is the perfect party piece that you can wear on any occasion. With its beautiful floral print design and front thigh split, not to mention a great fit, you will feel like a million dollars when wearing this dress. This bold & beautiful number is a perfect piece for casual affairs as well as jazz it up for a semi-formal occasion. Teamed with the right shoes & accessories, this short summer dress is perfect for wedding guests, date nights, BBQs, garden parties, and even brunch with friends.",Dresses,20,Goddiva,24726,Women's Dresses & Skirts,198,https://images2.productserve.com/?w=200&h=200&bg=white&trim=5&t=letterbox&url=ssl%3Acdn.shopify.com%2Fs%2Ffiles%2F1%2F0487%2F8834%2F0899%2Fproducts%2Fox1YjoXD-7936.jpg&feedId=62769&k=7496b5c71bcb340dd057c07ce710fe4b8cab035d,USD,,"Over $120 - Free Delivery, Less than $120 - $12",https://goddiva.us/products/goddiva-printed-midi-with-front-split-powder-blue,,,USD96,62769,Goddiva,1,,,,,,Womens,Dresses
https://www.awin1.com/pclick.php?p=32120106889&a=2771700&m=24726,Goddiva Printed Midi With Front Split - Powder Blue,32120106889,DR3356-POWDERBLUE-8,https://cdn.shopify.com/s/files/1/0487/8834/0899/products/ox1YjoXD-7936.jpg,"This printed midi with a front split from Printed is a wardrobe essential. The round neckline with collar attached, scalloped detail on the collar and front split will create a flirtatious look. In its eye-catching blue color teamed with an all-over floral print is the perfect party piece that you can wear on any occasion. With its beautiful floral print design and front thigh split, not to mention a great fit, you will feel like a million dollars when wearing this dress. This bold & beautiful number is a perfect piece for casual affairs as well as jazz it up for a semi-formal occasion. Teamed with the right shoes & accessories, this short summer dress is perfect for wedding guests, date nights, BBQs, garden parties, and even brunch with friends.",Dresses,20,Goddiva,24726,Women's Dresses & Skirts,198,https://images2.productserve.com/?w=200&h=200&bg=white&trim=5&t=letterbox&url=ssl%3Acdn.shopify.com%2Fs%2Ffiles%2F1%2F0487%2F8834%2F0899%2Fproducts%2Fox1YjoXD-7936.jpg&feedId=62769&k=7496b5c71bcb340dd057c07ce710fe4b8cab035d,USD,,"Over $120 - Free Delivery, Less than $120 - $12",https://goddiva.us/products/goddiva-printed-midi-with-front-split-powder-blue,,,USD96,62769,Goddiva,1,,,,,,Womens,Dresses
https://www.awin1.com/pclick.php?p=32699627499&a=2771700&m=24726,Goddiva Layered Dipped Hem Floral Maxi - Peach,32699627499,DR3506-PEACH-10,https://cdn.shopify.com/s/files/1/0487/8834/0899/files/DR3506_peach_front_1744718921.jpg,"This maxi dress is perfect for adding a touch of Grecian elegance to your wardrobe. Featuring short elasticated puffed sleeves, a square neckline and layered skirt with dipped hem style, this peach floral print maxi dress has it all! Whether you're headed off to the beach or planning a wedding, this pretty piece will take you from day to night and always look stunning. The dipped hem keeps things playful while the floral print lends a touch of elegance. It's an easy choice for any occasion! In its top tier summer peach color, this summer maxi dress is perfect for all summer occasions from weddings to holiday parties. The dipped hem and beautiful floral print gives this Goddiva maxi the ultimate summer vibe, while the feminine sleeves add a touch of romance.",Dresses,36,Goddiva,24726,Women's Dresses & Skirts,198,https://images2.productserve.com/?w=200&h=200&bg=white&trim=5&t=letterbox&url=ssl%3Acdn.shopify.com%2Fs%2Ffiles%2F1%2F0487%2F8834%2F0899%2Ffiles%2FDR3506_peach_front_1744718921.jpg&feedId=62769&k=24ef7bb9153cfb8495ad252082094dca6e5454c7,USD,,"Over $120 - Free Delivery, Less than $120 - $12",https://goddiva.us/products/goddiva-layered-dipped-hem-floral-maxi-peach,,,USD110,62769,Goddiva,1,,,,,,Womens,Dresses
https://www.awin1.com/pclick.php?p=32699627501&a=2771700&m=24726,Goddiva Layered Dipped Hem Floral Maxi - Peach,32699627501,DR3506-PEACH-12,https://cdn.shopify.com/s/files/1/0487/8834/0899/files/DR3506_peach_front_1744718921.jpg,"This maxi dress is perfect for adding a touch of Grecian elegance to your wardrobe. Featuring short elasticated puffed sleeves, a square neckline and layered skirt with dipped hem style, this peach floral print maxi dress has it all! Whether you're headed off to the beach or planning a wedding, this pretty piece will take you from day to night and always look stunning. The dipped hem keeps things playful while the floral print lends a touch of elegance. It's an easy choice for any occasion! In its top tier summer peach color, this summer maxi dress is perfect for all summer occasions from weddings to holiday parties. The dipped hem and beautiful floral print gives this Goddiva maxi the ultimate summer vibe, while the feminine sleeves add a touch of romance.",Dresses,36,Goddiva,24726,Women's Dresses & Skirts,198,https://images2.productserve.com/?w=200&h=200&bg=white&trim=5&t=letterbox&url=ssl%3Acdn.shopify.com%2Fs%2Ffiles%2F1%2F0487%2F8834%2F0899%2Ffiles%2FDR3506_peach_front_1744718921.jpg&feedId=62769&k=24ef7bb9153cfb8495ad252082094dca6e5454c7,USD,,"Over $120 - Free Delivery, Less than $120 - $12",https://goddiva.us/products/goddiva-layered-dipped-hem-floral-maxi-peach,,,USD110,62769,Goddiva,1,,,,,,Womens,Dresses
https://www.awin1.com/pclick.php?p=32699627497&a=2771700&m=24726,Goddiva Layered Dipped Hem Floral Maxi - Peach,32699627497,DR3506-PEACH-8,https://cdn.shopify.com/s/files/1/0487/8834/0899/files/DR3506_peach_front_1744718921.jpg,"This maxi dress is perfect for adding a touch of Grecian elegance to your wardrobe. Featuring short elasticated puffed sleeves, a square neckline and layered skirt with dipped hem style, this peach floral print maxi dress has it all! Whether you're headed off to the beach or planning a wedding, this pretty piece will take you from day to night and always look stunning. The dipped hem keeps things playful while the floral print lends a touch of elegance. It's an easy choice for any occasion! In its top tier summer peach color, this summer maxi dress is perfect for all summer occasions from weddings to holiday parties. The dipped hem and beautiful floral print gives this Goddiva maxi the ultimate summer vibe, while the feminine sleeves add a touch of romance.",Dresses,36,Goddiva,24726,Women's Dresses & Skirts,198,https://images2.productserve.com/?w=200&h=200&bg=white&trim=5&t=letterbox&url=ssl%3Acdn.shopify.com%2Fs%2Ffiles%2F1%2F0487%2F8834%2F0899%2Ffiles%2FDR3506_peach_front_1744718921.jpg&feedId=62769&k=24ef7bb9153cfb8495ad252082094dca6e5454c7,USD,,"Over $120 - Free Delivery, Less than $120 - $12",https://goddiva.us/products/goddiva-layered-dipped-hem-floral-maxi-peach,,,USD110,62769,Goddiva,1,,,,,,Womens,Dresses
https://www.awin1.com/pclick.php?p=32969015681&a=2771700&m=24726,Goddiva Abstract Bandeau Bodycon Midi Dress - Royalblue,32969015681,DR3545-ROYALBLUE-8,https://cdn.shopify.com/s/files/1/0487/8834/0899/files/DR3545_ROYALBLUE_267030_FRONT_1715267081.jpg,"Take your party wear up a notch, with this gorgeous royalblue midi bodycon dress. It's sleeveless, with a bandeau neckline and has an abstract print at the front which splits at the back for a touch of sexy elegance. This super-glam sleeveless dress is perfect for a hot date, to impress on the dance floor and the next wedding party or to show off at any party! It is bold classic royalblue color, will get you noticed and its abstract print will make your outfit stand out. Style yours with heels and accessories for your next club outing, party or date night with your man!",Dresses,36,Goddiva,24726,Women's Dresses & Skirts,198,https://images2.productserve.com/?w=200&h=200&bg=white&trim=5&t=letterbox&url=ssl%3Acdn.shopify.com%2Fs%2Ffiles%2F1%2F0487%2F8834%2F0899%2Ffiles%2FDR3545_ROYALBLUE_267030_FRONT_1715267081.jpg&feedId=62769&k=f83c1dd03275ee8b7430b7165e8ee52d8e6ea624,USD,,"Over $120 - Free Delivery, Less than $120 - $12",https://goddiva.us/products/goddiva-abstract-bandeau-bodycon-midi-dress-royalblue,,,USD96,62769,Goddiva,1,,,,,,Womens,Dresses
https://www.awin1.com/pclick.php?p=32969015685&a=2771700&m=24726,Goddiva Abstract Bandeau Bodycon Midi Dress - Royalblue,32969015685,DR3545-ROYALBLUE-12,https://cdn.shopify.com/s/files/1/0487/8834/0899/files/DR3545_ROYALBLUE_267030_FRONT_1715267081.jpg,"Take your party wear up a notch, with this gorgeous royalblue midi bodycon dress. It's sleeveless, with a bandeau neckline and has an abstract print at the front which splits at the back for a touch of sexy elegance. This super-glam sleeveless dress is perfect for a hot date, to impress on the dance floor and the next wedding party or to show off at any party! It is bold classic royalblue color, will get you noticed and its abstract print will make your outfit stand out. Style yours with heels and accessories for your next club outing, party or date night with your man!",Dresses,36,Goddiva,24726,Women's Dresses & Skirts,198,https://images2.productserve.com/?w=200&h=200&bg=white&trim=5&t=letterbox&url=ssl%3Acdn.shopify.com%2Fs%2Ffiles%2F1%2F0487%2F8834%2F0899%2Ffiles%2FDR3545_ROYALBLUE_267030_FRONT_1715267081.jpg&feedId=62769&k=f83c1dd03275ee8b7430b7165e8ee52d8e6ea624,USD,,"Over $120 - Free Delivery, Less than $120 - $12",https://goddiva.us/products/goddiva-abstract-bandeau-bodycon-midi-dress-royalblue,,,USD96,62769,Goddiva,1,,,,,,Womens,Dresses
https://www.awin1.com/pclick.php?p=32969015683&a=2771700&m=24726,Goddiva Abstract Bandeau Bodycon Midi Dress - Royalblue,32969015683,DR3545-ROYALBLUE-10,https://cdn.shopify.com/s/files/1/0487/8834/0899/files/DR3545_ROYALBLUE_267030_FRONT_1715267081.jpg,"Take your party wear up a notch, with this gorgeous royalblue midi bodycon dress. It's sleeveless, with a bandeau neckline and has an abstract print at the front which splits at the back for a touch of sexy elegance. This super-glam sleeveless dress is perfect for a hot date, to impress on the dance floor and the next wedding party or to show off at any party! It is bold classic royalblue color, will get you noticed and its abstract print will make your outfit stand out. Style yours with heels and accessories for your next club outing, party or date night with your man!",Dresses,36,Goddiva,24726,Women's Dresses & Skirts,198,https://images2.productserve.com/?w=200&h=200&bg=white&trim=5&t=letterbox&url=ssl%3Acdn.shopify.com%2Fs%2Ffiles%2F1%2F0487%2F8834%2F0899%2Ffiles%2FDR3545_ROYALBLUE_267030_FRONT_1715267081.jpg&feedId=62769&k=f83c1dd03275ee8b7430b7165e8ee52d8e6ea624,USD,,"Over $120 - Free Delivery, Less than $120 - $12",https://goddiva.us/products/goddiva-abstract-bandeau-bodycon-midi-dress-royalblue,,,USD96,62769,Goddiva,1,,,,,,Womens,Dresses
https://www.awin1.com/pclick.php?p=33104269623&a=2771700&m=24726,Goddiva Naked Open Back Halter Neck Mini - Nude,33104269623,DR3546-NUDE-10,https://cdn.shopify.com/s/files/1/0487/8834/0899/products/KGshMgS2-10646.jpg,"This is a very seductive, sparkly and glamorous halter neck mini dress. You can wear this for a night out with your girls or on date night with your man - it's that amazing! The open back detail makes it effortlessly cool and the sleeveless style gives you major flirty vibes! This nude mini dress is a must have for any girl who loves to dance, party and go out on the town. This gorgeous open back halter neck dress with a design that will catch everyone's attention. It comes in different colors, so you can choose the one that fits your personality for the occasion. Team this nude sensual sexy number, from Goddivas new Naked collection, with heels and a little clutch and let the dress do all the hard work.",Dresses,10,Goddiva,24726,Women's Dresses & Skirts,198,https://images2.productserve.com/?w=200&h=200&bg=white&trim=5&t=letterbox&url=ssl%3Acdn.shopify.com%2Fs%2Ffiles%2F1%2F0487%2F8834%2F0899%2Fproducts%2FKGshMgS2-10646.jpg&feedId=62769&k=ab8066b25c3c81e78564f655cf075f58b3a66d0f,USD,,"Over $120 - Free Delivery, Less than $120 - $12",https://goddiva.us/products/goddiva-naked-open-back-halter-neck-mini-nude,,,USD56,62769,Goddiva,1,,,,,,Womens,Dresses
https://www.awin1.com/pclick.php?p=33104269625&a=2771700&m=24726,Goddiva Naked Open Back Halter Neck Mini - Nude,33104269625,DR3546-NUDE-12,https://cdn.shopify.com/s/files/1/0487/8834/0899/products/KGshMgS2-10646.jpg,"This is a very seductive, sparkly and glamorous halter neck mini dress. You can wear this for a night out with your girls or on date night with your man - it's that amazing! The open back detail makes it effortlessly cool and the sleeveless style gives you major flirty vibes! This nude mini dress is a must have for any girl who loves to dance, party and go out on the town. This gorgeous open back halter neck dress with a design that will catch everyone's attention. It comes in different colors, so you can choose the one that fits your personality for the occasion. Team this nude sensual sexy number, from Goddivas new Naked collection, with heels and a little clutch and let the dress do all the hard work.",Dresses,10,Goddiva,24726,Women's Dresses & Skirts,198,https://images2.productserve.com/?w=200&h=200&bg=white&trim=5&t=letterbox&url=ssl%3Acdn.shopify.com%2Fs%2Ffiles%2F1%2F0487%2F8834%2F0899%2Fproducts%2FKGshMgS2-10646.jpg&feedId=62769&k=ab8066b25c3c81e78564f655cf075f58b3a66d0f,USD,,"Over $120 - Free Delivery, Less than $120 - $12",https://goddiva.us/products/goddiva-naked-open-back-halter-neck-mini-nude,,,USD56,62769,Goddiva,1,,,,,,Womens,Dresses
https://www.awin1.com/pclick.php?p=33104269621&a=2771700&m=24726,Goddiva Naked Open Back Halter Neck Mini - Nude,33104269621,DR3546-NUDE-8,https://cdn.shopify.com/s/files/1/0487/8834/0899/products/KGshMgS2-10646.jpg,"This is a very seductive, sparkly and glamorous halter neck mini dress. You can wear this for a night out with your girls or on date night with your man - it's that amazing! The open back detail makes it effortlessly cool and the sleeveless style gives you major flirty vibes! This nude mini dress is a must have for any girl who loves to dance, party and go out on the town. This gorgeous open back halter neck dress with a design that will catch everyone's attention. It comes in different colors, so you can choose the one that fits your personality for the occasion. Team this nude sensual sexy number, from Goddivas new Naked collection, with heels and a little clutch and let the dress do all the hard work.",Dresses,10,Goddiva,24726,Women's Dresses & Skirts,198,https://images2.productserve.com/?w=200&h=200&bg=white&trim=5&t=letterbox&url=ssl%3Acdn.shopify.com%2Fs%2Ffiles%2F1%2F0487%2F8834%2F0899%2Fproducts%2FKGshMgS2-10646.jpg&feedId=62769&k=ab8066b25c3c81e78564f655cf075f58b3a66d0f,USD,,"Over $120 - Free Delivery, Less than $120 - $12",https://goddiva.us/products/goddiva-naked-open-back-halter-neck-mini-nude,,,USD56,62769,Goddiva,1,,,,,,Womens,Dresses
https://www.awin1.com/pclick.php?p=33269902369&a=2771700&m=24726,Goddiva Ring Detail One Shoulder Ruched Midi - Khaki,33269902369,DR3548-KHAKI-8,https://cdn.shopify.com/s/files/1/0487/8834/0899/files/DR3548_khaki_front_1729611532.jpg,"Let the games begin this summer with this super sexy olive green ring detail one shoulder ruched midi dress. This one shoulder ruched midi dress is a highly versatile piece that you can easily transform from your usual evening look to a glam club night look. Pair this khaki party dress with heels for date night or throw on your favourite jewellery and accessories and rock this look at parties, wedding receptions, night time events, summer festivals, girls' nights out or just a fun night in with friends. Its one shoulder style teamed with its bodycon fit make it perfect for ladies who are looking to make a bold statement in any party. The ruched bodice adds an attractive appeal and the eye-catching olive color will compliment your looks well.",Dresses,28,Goddiva,24726,Women's Dresses & Skirts,198,https://images2.productserve.com/?w=200&h=200&bg=white&trim=5&t=letterbox&url=ssl%3Acdn.shopify.com%2Fs%2Ffiles%2F1%2F0487%2F8834%2F0899%2Ffiles%2FDR3548_khaki_front_1729611532.jpg&feedId=62769&k=8146cfb21fc01fd9c3d0d2afac16a815468b4a32,USD,,"Over $120 - Free Delivery, Less than $120 - $12",https://goddiva.us/products/goddiva-ring-detail-one-shoulder-ruched-midi-khaki,,,USD56,62769,Goddiva,1,,,,,,Womens,Dresses
https://www.awin1.com/pclick.php?p=33269902373&a=2771700&m=24726,Goddiva Ring Detail One Shoulder Ruched Midi - Khaki,33269902373,DR3548-KHAKI-12,https://cdn.shopify.com/s/files/1/0487/8834/0899/files/DR3548_khaki_front_1729611532.jpg,"Let the games begin this summer with this super sexy olive green ring detail one shoulder ruched midi dress. This one shoulder ruched midi dress is a highly versatile piece that you can easily transform from your usual evening look to a glam club night look. Pair this khaki party dress with heels for date night or throw on your favourite jewellery and accessories and rock this look at parties, wedding receptions, night time events, summer festivals, girls' nights out or just a fun night in with friends. Its one shoulder style teamed with its bodycon fit make it perfect for ladies who are looking to make a bold statement in any party. The ruched bodice adds an attractive appeal and the eye-catching olive color will compliment your looks well.",Dresses,28,Goddiva,24726,Women's Dresses & Skirts,198,https://images2.productserve.com/?w=200&h=200&bg=white&trim=5&t=letterbox&url=ssl%3Acdn.shopify.com%2Fs%2Ffiles%2F1%2F0487%2F8834%2F0899%2Ffiles%2FDR3548_khaki_front_1729611532.jpg&feedId=62769&k=8146cfb21fc01fd9c3d0d2afac16a815468b4a32,USD,,"Over $120 - Free Delivery, Less than $120 - $12",https://goddiva.us/products/goddiva-ring-detail-one-shoulder-ruched-midi-khaki,,,USD56,62769,Goddiva,1,,,,,,Womens,Dresses
https://www.awin1.com/pclick.php?p=33269902381&a=2771700&m=24726,Goddiva Off The Shoulder Ruched Mini - Purple,33269902381,DR3538-PURPLE-10,https://cdn.shopify.com/s/files/1/0487/8834/0899/files/DR3538_purple_front_1729611121.jpg,"This purple long sleeve mini dress is sure to make you stand out this season! The trendy off the shoulder neckline gives a feminine feel and ruching on the sides adds shape. Show off your curves with this purple bodycon style that is sure to give you all eyes on you! The fabric is stretchy yet thick enough to hold you in but not too thick that it's uncomfortable. This perfect purple statement outfit that you can wear on a date night, party, bodycon, night out, club or for a night of cocktails with the girls. You'll be looking great no matter where you wear it.",Dresses,24,Goddiva,24726,Women's Dresses & Skirts,198,https://images2.productserve.com/?w=200&h=200&bg=white&trim=5&t=letterbox&url=ssl%3Acdn.shopify.com%2Fs%2Ffiles%2F1%2F0487%2F8834%2F0899%2Ffiles%2FDR3538_purple_front_1729611121.jpg&feedId=62769&k=c003e419172e27a38fd1c023e01b918c3cc1001c,USD,,"Over $120 - Free Delivery, Less than $120 - $12",https://goddiva.us/products/goddiva-off-the-shoulder-ruched-mini-purple,,,USD56,62769,Goddiva,1,,,,,,Womens,Dresses
https://www.awin1.com/pclick.php?p=31829864265&a=2771700&m=24726,Goddiva Flutter Sleeve Wrap Style Midi Dress - Peach,31829864265,DR3432-PEACH-8,https://cdn.shopify.com/s/files/1/0487/8834/0899/products/fPItewt1-7743.jpg,"Goddiva flutter sleeve wrap style midi is a stylish way to add some glamour to your spring summer wardrobe. This is a simple, elegant and easy to wear piece that can be worn for any occasion. The wrap around style will flatter your figure and make you look and feel incredible. This gorgeous peach summer dress is perfect for any occasion this season. With its flutter sleeve detail, wrap style V-neck and elasticated waistband to show off that tiny waist, this light orange number is a great pick for wedding guests, garden parties, BBQs, holidays and date nights just to mention a few.",Dresses,14,Goddiva,24726,Women's Dresses & Skirts,198,https://images2.productserve.com/?w=200&h=200&bg=white&trim=5&t=letterbox&url=ssl%3Acdn.shopify.com%2Fs%2Ffiles%2F1%2F0487%2F8834%2F0899%2Fproducts%2FfPItewt1-7743.jpg&feedId=62769&k=48083d0dec72d9e0479feaa2c9f7c923967aa18f,USD,,"Over $120 - Free Delivery, Less than $120 - $12",https://goddiva.us/products/goddiva-flutter-sleeve-wrap-style-midi-dress-peach,,,USD70,62769,Goddiva,1,,,,,,Womens,Dresses
https://www.awin1.com/pclick.php?p=33269902379&a=2771700&m=24726,Goddiva Off The Shoulder Ruched Mini - Purple,33269902379,DR3538-PURPLE-8,https://cdn.shopify.com/s/files/1/0487/8834/0899/files/DR3538_purple_front_1729611121.jpg,"This purple long sleeve mini dress is sure to make you stand out this season! The trendy off the shoulder neckline gives a feminine feel and ruching on the sides adds shape. Show off your curves with this purple bodycon style that is sure to give you all eyes on you! The fabric is stretchy yet thick enough to hold you in but not too thick that it's uncomfortable. This perfect purple statement outfit that you can wear on a date night, party, bodycon, night out, club or for a night of cocktails with the girls. You'll be looking great no matter where you wear it.",Dresses,24,Goddiva,24726,Women's Dresses & Skirts,198,https://images2.productserve.com/?w=200&h=200&bg=white&trim=5&t=letterbox&url=ssl%3Acdn.shopify.com%2Fs%2Ffiles%2F1%2F0487%2F8834%2F0899%2Ffiles%2FDR3538_purple_front_1729611121.jpg&feedId=62769&k=c003e419172e27a38fd1c023e01b918c3cc1001c,USD,,"Over $120 - Free Delivery, Less than $120 - $12",https://goddiva.us/products/goddiva-off-the-shoulder-ruched-mini-purple,,,USD56,62769,Goddiva,1,,,,,,Womens,Dresses
https://www.awin1.com/pclick.php?p=33269902383&a=2771700&m=24726,Goddiva Off The Shoulder Ruched Mini - Purple,33269902383,DR3538-PURPLE-12,https://cdn.shopify.com/s/files/1/0487/8834/0899/files/DR3538_purple_front_1729611121.jpg,"This purple long sleeve mini dress is sure to make you stand out this season! The trendy off the shoulder neckline gives a feminine feel and ruching on the sides adds shape. Show off your curves with this purple bodycon style that is sure to give you all eyes on you! The fabric is stretchy yet thick enough to hold you in but not too thick that it's uncomfortable. This perfect purple statement outfit that you can wear on a date night, party, bodycon, night out, club or for a night of cocktails with the girls. You'll be looking great no matter where you wear it.",Dresses,24,Goddiva,24726,Women's Dresses & Skirts,198,https://images2.productserve.com/?w=200&h=200&bg=white&trim=5&t=letterbox&url=ssl%3Acdn.shopify.com%2Fs%2Ffiles%2F1%2F0487%2F8834%2F0899%2Ffiles%2FDR3538_purple_front_1729611121.jpg&feedId=62769&k=c003e419172e27a38fd1c023e01b918c3cc1001c,USD,,"Over $120 - Free Delivery, Less than $120 - $12",https://goddiva.us/products/goddiva-off-the-shoulder-ruched-mini-purple,,,USD56,62769,Goddiva,1,,,,,,Womens,Dresses
https://www.awin1.com/pclick.php?p=31829864267&a=2771700&m=24726,Goddiva Flutter Sleeve Wrap Style Midi Dress - Peach,31829864267,DR3432-PEACH-10,https://cdn.shopify.com/s/files/1/0487/8834/0899/products/fPItewt1-7743.jpg,"Goddiva flutter sleeve wrap style midi is a stylish way to add some glamour to your spring summer wardrobe. This is a simple, elegant and easy to wear piece that can be worn for any occasion. The wrap around style will flatter your figure and make you look and feel incredible. This gorgeous peach summer dress is perfect for any occasion this season. With its flutter sleeve detail, wrap style V-neck and elasticated waistband to show off that tiny waist, this light orange number is a great pick for wedding guests, garden parties, BBQs, holidays and date nights just to mention a few.",Dresses,14,Goddiva,24726,Women's Dresses & Skirts,198,https://images2.productserve.com/?w=200&h=200&bg=white&trim=5&t=letterbox&url=ssl%3Acdn.shopify.com%2Fs%2Ffiles%2F1%2F0487%2F8834%2F0899%2Fproducts%2FfPItewt1-7743.jpg&feedId=62769&k=48083d0dec72d9e0479feaa2c9f7c923967aa18f,USD,,"Over $120 - Free Delivery, Less than $120 - $12",https://goddiva.us/products/goddiva-flutter-sleeve-wrap-style-midi-dress-peach,,,USD70,62769,Goddiva,1,,,,,,Womens,Dresses
https://www.awin1.com/pclick.php?p=33269902371&a=2771700&m=24726,Goddiva Ring Detail One Shoulder Ruched Midi - Khaki,33269902371,DR3548-KHAKI-10,https://cdn.shopify.com/s/files/1/0487/8834/0899/files/DR3548_khaki_front_1729611532.jpg,"Let the games begin this summer with this super sexy olive green ring detail one shoulder ruched midi dress. This one shoulder ruched midi dress is a highly versatile piece that you can easily transform from your usual evening look to a glam club night look. Pair this khaki party dress with heels for date night or throw on your favourite jewellery and accessories and rock this look at parties, wedding receptions, night time events, summer festivals, girls' nights out or just a fun night in with friends. Its one shoulder style teamed with its bodycon fit make it perfect for ladies who are looking to make a bold statement in any party. The ruched bodice adds an attractive appeal and the eye-catching olive color will compliment your looks well.",Dresses,28,Goddiva,24726,Women's Dresses & Skirts,198,https://images2.productserve.com/?w=200&h=200&bg=white&trim=5&t=letterbox&url=ssl%3Acdn.shopify.com%2Fs%2Ffiles%2F1%2F0487%2F8834%2F0899%2Ffiles%2FDR3548_khaki_front_1729611532.jpg&feedId=62769&k=8146cfb21fc01fd9c3d0d2afac16a815468b4a32,USD,,"Over $120 - Free Delivery, Less than $120 - $12",https://goddiva.us/products/goddiva-ring-detail-one-shoulder-ruched-midi-khaki,,,USD56,62769,Goddiva,1,,,,,,Womens,Dresses
https://www.awin1.com/pclick.php?p=31829864269&a=2771700&m=24726,Goddiva Flutter Sleeve Wrap Style Midi Dress - Peach,31829864269,DR3432-PEACH-12,https://cdn.shopify.com/s/files/1/0487/8834/0899/products/fPItewt1-7743.jpg,"Goddiva flutter sleeve wrap style midi is a stylish way to add some glamour to your spring summer wardrobe. This is a simple, elegant and easy to wear piece that can be worn for any occasion. The wrap around style will flatter your figure and make you look and feel incredible. This gorgeous peach summer dress is perfect for any occasion this season. With its flutter sleeve detail, wrap style V-neck and elasticated waistband to show off that tiny waist, this light orange number is a great pick for wedding guests, garden parties, BBQs, holidays and date nights just to mention a few.",Dresses,14,Goddiva,24726,Women's Dresses & Skirts,198,https://images2.productserve.com/?w=200&h=200&bg=white&trim=5&t=letterbox&url=ssl%3Acdn.shopify.com%2Fs%2Ffiles%2F1%2F0487%2F8834%2F0899%2Fproducts%2FfPItewt1-7743.jpg&feedId=62769&k=48083d0dec72d9e0479feaa2c9f7c923967aa18f,USD,,"Over $120 - Free Delivery, Less than $120 - $12",https://goddiva.us/products/goddiva-flutter-sleeve-wrap-style-midi-dress-peach,,,USD70,62769,Goddiva,1,,,,,,Womens,Dresses
https://www.awin1.com/pclick.php?p=33948208351&a=2771700&m=24726,Goddiva Crinkle Lurex High Low Layered Midi Dress - Blush,33948208351,DR3655-BLUSH-12,https://cdn.shopify.com/s/files/1/0487/8834/0899/files/33570_1724240678.jpg,"The crinkle lurex with high low layered midi dress is a fun, flirty and unique choice for an evening out. Wear it to the next wedding you're attending or for your next date night This short dress is the perfect mixture of both sophistication and fun. It's a high low, so you get to show off those gorgeous legs at every occasion. In its blush color, makes this number a winning pick for a night out with your girlfriends or a night of dancing at the club. With its classic v-neckline teamed with its short flutter sleeves and finished with a fun tiered skirt makes this blush dress a top pick for the season's events. Every woman deserves to look beautiful, and we make sure this design serves her purpose in the most elegant manner possible.",Dresses,36,Goddiva,24726,Women's Dresses & Skirts,198,https://images2.productserve.com/?w=200&h=200&bg=white&trim=5&t=letterbox&url=ssl%3Acdn.shopify.com%2Fs%2Ffiles%2F1%2F0487%2F8834%2F0899%2Ffiles%2F33570_1724240678.jpg&feedId=62769&k=35df14649bcf95f0231fdf66d43979195445140e,USD,,"Over $120 - Free Delivery, Less than $120 - $12",https://goddiva.us/products/goddiva-crinkle-lurex-high-low-layered-midi-dress-blush,,,USD158,62769,Goddiva,1,,,,,,Womens,Dresses
https://www.awin1.com/pclick.php?p=33948207435&a=2771700&m=24726,Goddiva Bandeau Scuba Midi Dress - Hot Pink,33948207435,DR3609-HOTPINK-8,https://cdn.shopify.com/s/files/1/0487/8834/0899/files/DR3609-PINK_20_282_29_1745576128.jpg,"Our Bandeau Midi Dress is a classic, elegant, and sexy design. This hot pink bandeau scuba midi is a gorgeous piece that will be your fave for all the right reasons. It has a beautiful scuba fabric that gives it a unique look and feel. This piece can be worn in so many ways; from day to night, cocktail or club, keep it simple yet chic everytime. With its classic bandeau neckline teamed with its never failing bodycon fit makes this pink perfect for any occasion. This sweetheart bandeau dress will make you feel confident and sexy while still keeping everything covered. It's the perfect solution for a fun night out on the town.",Dresses,30,Goddiva,24726,Women's Dresses & Skirts,198,https://images2.productserve.com/?w=200&h=200&bg=white&trim=5&t=letterbox&url=ssl%3Acdn.shopify.com%2Fs%2Ffiles%2F1%2F0487%2F8834%2F0899%2Ffiles%2FDR3609-PINK_20_282_29_1745576128.jpg&feedId=62769&k=e5d5247a18b7bcfc6759dc3b93fd1514bd925390,USD,,"Over $120 - Free Delivery, Less than $120 - $12",https://goddiva.us/products/goddiva-bandeau-scuba-midi-dress-hot-pink,,,USD90,62769,Goddiva,1,,,,,,Womens,Dresses
https://www.awin1.com/pclick.php?p=33948208347&a=2771700&m=24726,Goddiva Crinkle Lurex High Low Layered Midi Dress - Blush,33948208347,DR3655-BLUSH-8,https://cdn.shopify.com/s/files/1/0487/8834/0899/files/33570_1724240678.jpg,"The crinkle lurex with high low layered midi dress is a fun, flirty and unique choice for an evening out. Wear it to the next wedding you're attending or for your next date night This short dress is the perfect mixture of both sophistication and fun. It's a high low, so you get to show off those gorgeous legs at every occasion. In its blush color, makes this number a winning pick for a night out with your girlfriends or a night of dancing at the club. With its classic v-neckline teamed with its short flutter sleeves and finished with a fun tiered skirt makes this blush dress a top pick for the season's events. Every woman deserves to look beautiful, and we make sure this design serves her purpose in the most elegant manner possible.",Dresses,36,Goddiva,24726,Women's Dresses & Skirts,198,https://images2.productserve.com/?w=200&h=200&bg=white&trim=5&t=letterbox&url=ssl%3Acdn.shopify.com%2Fs%2Ffiles%2F1%2F0487%2F8834%2F0899%2Ffiles%2F33570_1724240678.jpg&feedId=62769&k=35df14649bcf95f0231fdf66d43979195445140e,USD,,"Over $120 - Free Delivery, Less than $120 - $12",https://goddiva.us/products/goddiva-crinkle-lurex-high-low-layered-midi-dress-blush,,,USD158,62769,Goddiva,1,,,,,,Womens,Dresses
https://www.awin1.com/pclick.php?p=33948212201&a=2771700&m=24726,Goddiva Printed Crossover Maxi Dress - Brown,33948212201,DR3602-BROWN-12,https://cdn.shopify.com/s/files/1/0487/8834/0899/files/DR3602_BROWN_265180_FRONT_1715268332.jpg,"This brown printed maxi dress is the perfect outfit for your next lunch date. The halter neck, open back and relaxed fit will make you feel comfortable and confident. This charming summer dress is perfect for all casual occasions, from brunch with the girls to holidays with your lover. With its stunning design and light fabric, this maxi dress will make you feel comfortable, stylish and flatter your figure! It's the perfect day-to-night outfit. It looks great with a pair of sandals or wedges and sunnies. So add to cart and live your best life in this stunner of a summer dress.",Dresses,38,Goddiva,24726,Women's Dresses & Skirts,198,https://images2.productserve.com/?w=200&h=200&bg=white&trim=5&t=letterbox&url=ssl%3Acdn.shopify.com%2Fs%2Ffiles%2F1%2F0487%2F8834%2F0899%2Ffiles%2FDR3602_BROWN_265180_FRONT_1715268332.jpg&feedId=62769&k=b6e87961e393dbcbeb3285f9b204c354beb0d384,USD,,"Over $120 - Free Delivery, Less than $120 - $12",https://goddiva.us/products/goddiva-printed-crossover-maxi-dress-brown,,,USD102,62769,Goddiva,1,,,,,,Womens,Dresses
https://www.awin1.com/pclick.php?p=33948207437&a=2771700&m=24726,Goddiva Bandeau Scuba Midi Dress - Hot Pink,33948207437,DR3609-HOTPINK-10,https://cdn.shopify.com/s/files/1/0487/8834/0899/files/DR3609-PINK_20_282_29_1745576128.jpg,"Our Bandeau Midi Dress is a classic, elegant, and sexy design. This hot pink bandeau scuba midi is a gorgeous piece that will be your fave for all the right reasons. It has a beautiful scuba fabric that gives it a unique look and feel. This piece can be worn in so many ways; from day to night, cocktail or club, keep it simple yet chic everytime. With its classic bandeau neckline teamed with its never failing bodycon fit makes this pink perfect for any occasion. This sweetheart bandeau dress will make you feel confident and sexy while still keeping everything covered. It's the perfect solution for a fun night out on the town.",Dresses,30,Goddiva,24726,Women's Dresses & Skirts,198,https://images2.productserve.com/?w=200&h=200&bg=white&trim=5&t=letterbox&url=ssl%3Acdn.shopify.com%2Fs%2Ffiles%2F1%2F0487%2F8834%2F0899%2Ffiles%2FDR3609-PINK_20_282_29_1745576128.jpg&feedId=62769&k=e5d5247a18b7bcfc6759dc3b93fd1514bd925390,USD,,"Over $120 - Free Delivery, Less than $120 - $12",https://goddiva.us/products/goddiva-bandeau-scuba-midi-dress-hot-pink,,,USD90,62769,Goddiva,1,,,,,,Womens,Dresses
https://www.awin1.com/pclick.php?p=33948208341&a=2771700&m=24726,Goddiva Crinkle Lurex High Low Layered Midi Dress - Black,33948208341,DR3655-BLACK-12,https://cdn.shopify.com/s/files/1/0487/8834/0899/files/33566_1724248858.jpg,"The crinkle lurex with high low layered midi dress is a fun, flirty and unique choice for an evening out. Wear it to the next wedding you're attending or for your next date night This short dress is the perfect mixture of both sophistication and fun. It's a high low, so you get to show off those gorgeous legs at every occasion. In its black color, makes this number a winning pick for a night out with your girlfriends or a night of dancing at the club. With its classic v-neckline teamed with its short flutter sleeves and finished with a fun tiered skirt makes this LBD dress a top pick for the season's events. Every woman deserves to look beautiful, and we make sure this design serves her purpose in the most elegant manner possible.",Dresses,36,Goddiva,24726,Women's Dresses & Skirts,198,https://images2.productserve.com/?w=200&h=200&bg=white&trim=5&t=letterbox&url=ssl%3Acdn.shopify.com%2Fs%2Ffiles%2F1%2F0487%2F8834%2F0899%2Ffiles%2F33566_1724248858.jpg&feedId=62769&k=6699573ff8b99d59a4642ac2256e2672e20ade2c,USD,,"Over $120 - Free Delivery, Less than $120 - $12",https://goddiva.us/products/goddiva-crinkle-lurex-high-low-layered-midi-dress-black,,,USD158,62769,Goddiva,1,,,,,,Womens,Dresses
https://www.awin1.com/pclick.php?p=33948212199&a=2771700&m=24726,Goddiva Printed Crossover Maxi Dress - Brown,33948212199,DR3602-BROWN-10,https://cdn.shopify.com/s/files/1/0487/8834/0899/files/DR3602_BROWN_265180_FRONT_1715268332.jpg,"This brown printed maxi dress is the perfect outfit for your next lunch date. The halter neck, open back and relaxed fit will make you feel comfortable and confident. This charming summer dress is perfect for all casual occasions, from brunch with the girls to holidays with your lover. With its stunning design and light fabric, this maxi dress will make you feel comfortable, stylish and flatter your figure! It's the perfect day-to-night outfit. It looks great with a pair of sandals or wedges and sunnies. So add to cart and live your best life in this stunner of a summer dress.",Dresses,38,Goddiva,24726,Women's Dresses & Skirts,198,https://images2.productserve.com/?w=200&h=200&bg=white&trim=5&t=letterbox&url=ssl%3Acdn.shopify.com%2Fs%2Ffiles%2F1%2F0487%2F8834%2F0899%2Ffiles%2FDR3602_BROWN_265180_FRONT_1715268332.jpg&feedId=62769&k=b6e87961e393dbcbeb3285f9b204c354beb0d384,USD,,"Over $120 - Free Delivery, Less than $120 - $12",https://goddiva.us/products/goddiva-printed-crossover-maxi-dress-brown,,,USD102,62769,Goddiva,1,,,,,,Womens,Dresses
https://www.awin1.com/pclick.php?p=33948207439&a=2771700&m=24726,Goddiva Bandeau Scuba Midi Dress - Hot Pink,33948207439,DR3609-HOTPINK-12,https://cdn.shopify.com/s/files/1/0487/8834/0899/files/DR3609-PINK_20_282_29_1745576128.jpg,"Our Bandeau Midi Dress is a classic, elegant, and sexy design. This hot pink bandeau scuba midi is a gorgeous piece that will be your fave for all the right reasons. It has a beautiful scuba fabric that gives it a unique look and feel. This piece can be worn in so many ways; from day to night, cocktail or club, keep it simple yet chic everytime. With its classic bandeau neckline teamed with its never failing bodycon fit makes this pink perfect for any occasion. This sweetheart bandeau dress will make you feel confident and sexy while still keeping everything covered. It's the perfect solution for a fun night out on the town.",Dresses,30,Goddiva,24726,Women's Dresses & Skirts,198,https://images2.productserve.com/?w=200&h=200&bg=white&trim=5&t=letterbox&url=ssl%3Acdn.shopify.com%2Fs%2Ffiles%2F1%2F0487%2F8834%2F0899%2Ffiles%2FDR3609-PINK_20_282_29_1745576128.jpg&feedId=62769&k=e5d5247a18b7bcfc6759dc3b93fd1514bd925390,USD,,"Over $120 - Free Delivery, Less than $120 - $12",https://goddiva.us/products/goddiva-bandeau-scuba-midi-dress-hot-pink,,,USD90,62769,Goddiva,1,,,,,,Womens,Dresses
https://www.awin1.com/pclick.php?p=33948207341&a=2771700&m=24726,Goddiva Abstract Bandeau Bodycon Midi Dress - Cerise,33948207341,DR3545-CERISE-8,https://cdn.shopify.com/s/files/1/0487/8834/0899/files/DR3545_CERISE_267320_FRONT_1715267125.jpg,"Take your party wear up a notch, with this gorgeous pink midi bodycon dress. It's sleeveless, with a bandeau neckline and has an abstract print at the front which splits at the back for a touch of sexy elegance. This super-glam sleeveless dress is perfect for a hot date, to impress on the dance floor and the next wedding party or to show off at any party! It is bold classic cerise pink color, will get you noticed and its abstract print will make your outfit stand out. Style yours with heels and accessories for your next club outing, party or date night with your man!",Dresses,36,Goddiva,24726,Women's Dresses & Skirts,198,https://images2.productserve.com/?w=200&h=200&bg=white&trim=5&t=letterbox&url=ssl%3Acdn.shopify.com%2Fs%2Ffiles%2F1%2F0487%2F8834%2F0899%2Ffiles%2FDR3545_CERISE_267320_FRONT_1715267125.jpg&feedId=62769&k=8cd6cfaba840833b21a60bcefadda4485c8a345c,USD,,"Over $120 - Free Delivery, Less than $120 - $12",https://goddiva.us/products/goddiva-abstract-bandeau-bodycon-midi-dress-cerise,,,USD96,62769,Goddiva,1,,,,,,Womens,Dresses
https://www.awin1.com/pclick.php?p=33948208337&a=2771700&m=24726,Goddiva Crinkle Lurex High Low Layered Midi Dress - Black,33948208337,DR3655-BLACK-8,https://cdn.shopify.com/s/files/1/0487/8834/0899/files/33566_1724248858.jpg,"The crinkle lurex with high low layered midi dress is a fun, flirty and unique choice for an evening out. Wear it to the next wedding you're attending or for your next date night This short dress is the perfect mixture of both sophistication and fun. It's a high low, so you get to show off those gorgeous legs at every occasion. In its black color, makes this number a winning pick for a night out with your girlfriends or a night of dancing at the club. With its classic v-neckline teamed with its short flutter sleeves and finished with a fun tiered skirt makes this LBD dress a top pick for the season's events. Every woman deserves to look beautiful, and we make sure this design serves her purpose in the most elegant manner possible.",Dresses,36,Goddiva,24726,Women's Dresses & Skirts,198,https://images2.productserve.com/?w=200&h=200&bg=white&trim=5&t=letterbox&url=ssl%3Acdn.shopify.com%2Fs%2Ffiles%2F1%2F0487%2F8834%2F0899%2Ffiles%2F33566_1724248858.jpg&feedId=62769&k=6699573ff8b99d59a4642ac2256e2672e20ade2c,USD,,"Over $120 - Free Delivery, Less than $120 - $12",https://goddiva.us/products/goddiva-crinkle-lurex-high-low-layered-midi-dress-black,,,USD158,62769,Goddiva,1,,,,,,Womens,Dresses
https://www.awin1.com/pclick.php?p=33948207345&a=2771700&m=24726,Goddiva Abstract Bandeau Bodycon Midi Dress - Cerise,33948207345,DR3545-CERISE-12,https://cdn.shopify.com/s/files/1/0487/8834/0899/files/DR3545_CERISE_267320_FRONT_1715267125.jpg,"Take your party wear up a notch, with this gorgeous pink midi bodycon dress. It's sleeveless, with a bandeau neckline and has an abstract print at the front which splits at the back for a touch of sexy elegance. This super-glam sleeveless dress is perfect for a hot date, to impress on the dance floor and the next wedding party or to show off at any party! It is bold classic cerise pink color, will get you noticed and its abstract print will make your outfit stand out. Style yours with heels and accessories for your next club outing, party or date night with your man!",Dresses,36,Goddiva,24726,Women's Dresses & Skirts,198,https://images2.productserve.com/?w=200&h=200&bg=white&trim=5&t=letterbox&url=ssl%3Acdn.shopify.com%2Fs%2Ffiles%2F1%2F0487%2F8834%2F0899%2Ffiles%2FDR3545_CERISE_267320_FRONT_1715267125.jpg&feedId=62769&k=8cd6cfaba840833b21a60bcefadda4485c8a345c,USD,,"Over $120 - Free Delivery, Less than $120 - $12",https://goddiva.us/products/goddiva-abstract-bandeau-bodycon-midi-dress-cerise,,,USD96,62769,Goddiva,1,,,,,,Womens,Dresses
https://www.awin1.com/pclick.php?p=33948207343&a=2771700&m=24726,Goddiva Abstract Bandeau Bodycon Midi Dress - Cerise,33948207343,DR3545-CERISE-10,https://cdn.shopify.com/s/files/1/0487/8834/0899/files/DR3545_CERISE_267320_FRONT_1715267125.jpg,"Take your party wear up a notch, with this gorgeous pink midi bodycon dress. It's sleeveless, with a bandeau neckline and has an abstract print at the front which splits at the back for a touch of sexy elegance. This super-glam sleeveless dress is perfect for a hot date, to impress on the dance floor and the next wedding party or to show off at any party! It is bold classic cerise pink color, will get you noticed and its abstract print will make your outfit stand out. Style yours with heels and accessories for your next club outing, party or date night with your man!",Dresses,36,Goddiva,24726,Women's Dresses & Skirts,198,https://images2.productserve.com/?w=200&h=200&bg=white&trim=5&t=letterbox&url=ssl%3Acdn.shopify.com%2Fs%2Ffiles%2F1%2F0487%2F8834%2F0899%2Ffiles%2FDR3545_CERISE_267320_FRONT_1715267125.jpg&feedId=62769&k=8cd6cfaba840833b21a60bcefadda4485c8a345c,USD,,"Over $120 - Free Delivery, Less than $120 - $12",https://goddiva.us/products/goddiva-abstract-bandeau-bodycon-midi-dress-cerise,,,USD96,62769,Goddiva,1,,,,,,Womens,Dresses
https://www.awin1.com/pclick.php?p=33948208339&a=2771700&m=24726,Goddiva Crinkle Lurex High Low Layered Midi Dress - Black,33948208339,DR3655-BLACK-10,https://cdn.shopify.com/s/files/1/0487/8834/0899/files/33566_1724248858.jpg,"The crinkle lurex with high low layered midi dress is a fun, flirty and unique choice for an evening out. Wear it to the next wedding you're attending or for your next date night This short dress is the perfect mixture of both sophistication and fun. It's a high low, so you get to show off those gorgeous legs at every occasion. In its black color, makes this number a winning pick for a night out with your girlfriends or a night of dancing at the club. With its classic v-neckline teamed with its short flutter sleeves and finished with a fun tiered skirt makes this LBD dress a top pick for the season's events. Every woman deserves to look beautiful, and we make sure this design serves her purpose in the most elegant manner possible.",Dresses,36,Goddiva,24726,Women's Dresses & Skirts,198,https://images2.productserve.com/?w=200&h=200&bg=white&trim=5&t=letterbox&url=ssl%3Acdn.shopify.com%2Fs%2Ffiles%2F1%2F0487%2F8834%2F0899%2Ffiles%2F33566_1724248858.jpg&feedId=62769&k=6699573ff8b99d59a4642ac2256e2672e20ade2c,USD,,"Over $120 - Free Delivery, Less than $120 - $12",https://goddiva.us/products/goddiva-crinkle-lurex-high-low-layered-midi-dress-black,,,USD158,62769,Goddiva,1,,,,,,Womens,Dresses
https://www.awin1.com/pclick.php?p=33948212197&a=2771700&m=24726,Goddiva Printed Crossover Maxi Dress - Brown,33948212197,DR3602-BROWN-8,https://cdn.shopify.com/s/files/1/0487/8834/0899/files/DR3602_BROWN_265180_FRONT_1715268332.jpg,"This brown printed maxi dress is the perfect outfit for your next lunch date. The halter neck, open back and relaxed fit will make you feel comfortable and confident. This charming summer dress is perfect for all casual occasions, from brunch with the girls to holidays with your lover. With its stunning design and light fabric, this maxi dress will make you feel comfortable, stylish and flatter your figure! It's the perfect day-to-night outfit. It looks great with a pair of sandals or wedges and sunnies. So add to cart and live your best life in this stunner of a summer dress.",Dresses,38,Goddiva,24726,Women's Dresses & Skirts,198,https://images2.productserve.com/?w=200&h=200&bg=white&trim=5&t=letterbox&url=ssl%3Acdn.shopify.com%2Fs%2Ffiles%2F1%2F0487%2F8834%2F0899%2Ffiles%2FDR3602_BROWN_265180_FRONT_1715268332.jpg&feedId=62769&k=b6e87961e393dbcbeb3285f9b204c354beb0d384,USD,,"Over $120 - Free Delivery, Less than $120 - $12",https://goddiva.us/products/goddiva-printed-crossover-maxi-dress-brown,,,USD102,62769,Goddiva,1,,,,,,Womens,Dresses
https://www.awin1.com/pclick.php?p=33948210145&a=2771700&m=24726,Goddiva Lace Kimono Wrap Skater Mini Dress - Tan,33948210145,DR2567A-TAN-12,https://cdn.shopify.com/s/files/1/0487/8834/0899/products/4dpw3Zs6-10501.jpg,"Take a vacation from your wardrobe and rediscover the liberating feeling of effortless style with this gorgeous lace kimono wrap skater mini from Goddiva. This fun and flirty tan skater dress is the perfect addition to your summer wardrobe. This light, flowy and comfortable dress will make you feel like you can conquer the world. It's daytime and casual style, but can also be dressed up for a night out. The wrap style of this tan dress makes it super versatile and easy to wear and makes it a perfect pick for date nights, beach holidays, BBQs, weddings and any other summer occasion you have planned. Team with your favourite heels (or wedges) and be prepared to dance the night away this summer.",Dresses,24,Goddiva,24726,Women's Dresses & Skirts,198,https://images2.productserve.com/?w=200&h=200&bg=white&trim=5&t=letterbox&url=ssl%3Acdn.shopify.com%2Fs%2Ffiles%2F1%2F0487%2F8834%2F0899%2Fproducts%2F4dpw3Zs6-10501.jpg&feedId=62769&k=def423bba3cb4c72eb22c66d4ab688961a8fe52c,USD,,"Over $120 - Free Delivery, Less than $120 - $12",https://goddiva.us/products/goddiva-lace-kimono-wrap-skater-mini-dress-tan,,,USD56,62769,Goddiva,1,,,,,,Womens,Dresses
https://www.awin1.com/pclick.php?p=33948210141&a=2771700&m=24726,Goddiva Lace Kimono Wrap Skater Mini Dress - Tan,33948210141,DR2567A-TAN-8,https://cdn.shopify.com/s/files/1/0487/8834/0899/products/4dpw3Zs6-10501.jpg,"Take a vacation from your wardrobe and rediscover the liberating feeling of effortless style with this gorgeous lace kimono wrap skater mini from Goddiva. This fun and flirty tan skater dress is the perfect addition to your summer wardrobe. This light, flowy and comfortable dress will make you feel like you can conquer the world. It's daytime and casual style, but can also be dressed up for a night out. The wrap style of this tan dress makes it super versatile and easy to wear and makes it a perfect pick for date nights, beach holidays, BBQs, weddings and any other summer occasion you have planned. Team with your favourite heels (or wedges) and be prepared to dance the night away this summer.",Dresses,24,Goddiva,24726,Women's Dresses & Skirts,198,https://images2.productserve.com/?w=200&h=200&bg=white&trim=5&t=letterbox&url=ssl%3Acdn.shopify.com%2Fs%2Ffiles%2F1%2F0487%2F8834%2F0899%2Fproducts%2F4dpw3Zs6-10501.jpg&feedId=62769&k=def423bba3cb4c72eb22c66d4ab688961a8fe52c,USD,,"Over $120 - Free Delivery, Less than $120 - $12",https://goddiva.us/products/goddiva-lace-kimono-wrap-skater-mini-dress-tan,,,USD56,62769,Goddiva,1,,,,,,Womens,Dresses
https://www.awin1.com/pclick.php?p=33948212331&a=2771700&m=24726,Goddiva Printed Tie Back Maxi - Cream,33948212331,DR3663-CREAM-12,https://cdn.shopify.com/s/files/1/0487/8834/0899/files/DR3663_CREAM_FRONT_1715268645.jpg,"The printed tie back maxi is a MUST HAVE this summer! This cream printed maxi has an open back with a cute tie detail making it perfect to wear when you are out shopping, running errands, beach holidays, or just hanging out. The fabric is lightweight so it will keep you cool on these hot summer days. Wear this printed tie back maxi to feel comfortable and chic. It features a keyhole design teamed with a halter neckline and it features an open back, which adds charm and fashion to it. Style this gorgeous cream summer dress with your favourite summer sandals and a cute bag for the perfect day look! Or jazz it up with wedges for a flawless summer chic swag.",Dresses,34,Goddiva,24726,Women's Dresses & Skirts,198,https://images2.productserve.com/?w=200&h=200&bg=white&trim=5&t=letterbox&url=ssl%3Acdn.shopify.com%2Fs%2Ffiles%2F1%2F0487%2F8834%2F0899%2Ffiles%2FDR3663_CREAM_FRONT_1715268645.jpg&feedId=62769&k=074fcc254263285388e7b80644c43c8cff157ed9,USD,,"Over $120 - Free Delivery, Less than $120 - $12",https://goddiva.us/products/goddiva-printed-tie-back-maxi-cream,,,USD76,62769,Goddiva,1,,,,,,Womens,Dresses
https://www.awin1.com/pclick.php?p=33948210143&a=2771700&m=24726,Goddiva Lace Kimono Wrap Skater Mini Dress - Tan,33948210143,DR2567A-TAN-10,https://cdn.shopify.com/s/files/1/0487/8834/0899/products/4dpw3Zs6-10501.jpg,"Take a vacation from your wardrobe and rediscover the liberating feeling of effortless style with this gorgeous lace kimono wrap skater mini from Goddiva. This fun and flirty tan skater dress is the perfect addition to your summer wardrobe. This light, flowy and comfortable dress will make you feel like you can conquer the world. It's daytime and casual style, but can also be dressed up for a night out. The wrap style of this tan dress makes it super versatile and easy to wear and makes it a perfect pick for date nights, beach holidays, BBQs, weddings and any other summer occasion you have planned. Team with your favourite heels (or wedges) and be prepared to dance the night away this summer.",Dresses,24,Goddiva,24726,Women's Dresses & Skirts,198,https://images2.productserve.com/?w=200&h=200&bg=white&trim=5&t=letterbox&url=ssl%3Acdn.shopify.com%2Fs%2Ffiles%2F1%2F0487%2F8834%2F0899%2Fproducts%2F4dpw3Zs6-10501.jpg&feedId=62769&k=def423bba3cb4c72eb22c66d4ab688961a8fe52c,USD,,"Over $120 - Free Delivery, Less than $120 - $12",https://goddiva.us/products/goddiva-lace-kimono-wrap-skater-mini-dress-tan,,,USD56,62769,Goddiva,1,,,,,,Womens,Dresses
https://www.awin1.com/pclick.php?p=33948212329&a=2771700&m=24726,Goddiva Printed Tie Back Maxi - Cream,33948212329,DR3663-CREAM-10,https://cdn.shopify.com/s/files/1/0487/8834/0899/files/DR3663_CREAM_FRONT_1715268645.jpg,"The printed tie back maxi is a MUST HAVE this summer! This cream printed maxi has an open back with a cute tie detail making it perfect to wear when you are out shopping, running errands, beach holidays, or just hanging out. The fabric is lightweight so it will keep you cool on these hot summer days. Wear this printed tie back maxi to feel comfortable and chic. It features a keyhole design teamed with a halter neckline and it features an open back, which adds charm and fashion to it. Style this gorgeous cream summer dress with your favourite summer sandals and a cute bag for the perfect day look! Or jazz it up with wedges for a flawless summer chic swag.",Dresses,34,Goddiva,24726,Women's Dresses & Skirts,198,https://images2.productserve.com/?w=200&h=200&bg=white&trim=5&t=letterbox&url=ssl%3Acdn.shopify.com%2Fs%2Ffiles%2F1%2F0487%2F8834%2F0899%2Ffiles%2FDR3663_CREAM_FRONT_1715268645.jpg&feedId=62769&k=074fcc254263285388e7b80644c43c8cff157ed9,USD,,"Over $120 - Free Delivery, Less than $120 - $12",https://goddiva.us/products/goddiva-printed-tie-back-maxi-cream,,,USD76,62769,Goddiva,1,,,,,,Womens,Dresses
https://www.awin1.com/pclick.php?p=33948212327&a=2771700&m=24726,Goddiva Printed Tie Back Maxi - Cream,33948212327,DR3663-CREAM-8,https://cdn.shopify.com/s/files/1/0487/8834/0899/files/DR3663_CREAM_FRONT_1715268645.jpg,"The printed tie back maxi is a MUST HAVE this summer! This cream printed maxi has an open back with a cute tie detail making it perfect to wear when you are out shopping, running errands, beach holidays, or just hanging out. The fabric is lightweight so it will keep you cool on these hot summer days. Wear this printed tie back maxi to feel comfortable and chic. It features a keyhole design teamed with a halter neckline and it features an open back, which adds charm and fashion to it. Style this gorgeous cream summer dress with your favourite summer sandals and a cute bag for the perfect day look! Or jazz it up with wedges for a flawless summer chic swag.",Dresses,34,Goddiva,24726,Women's Dresses & Skirts,198,https://images2.productserve.com/?w=200&h=200&bg=white&trim=5&t=letterbox&url=ssl%3Acdn.shopify.com%2Fs%2Ffiles%2F1%2F0487%2F8834%2F0899%2Ffiles%2FDR3663_CREAM_FRONT_1715268645.jpg&feedId=62769&k=074fcc254263285388e7b80644c43c8cff157ed9,USD,,"Over $120 - Free Delivery, Less than $120 - $12",https://goddiva.us/products/goddiva-printed-tie-back-maxi-cream,,,USD76,62769,Goddiva,1,,,,,,Womens,Dresses
https://www.awin1.com/pclick.php?p=33948208349&a=2771700&m=24726,Goddiva Crinkle Lurex High Low Layered Midi Dress - Blush,33948208349,DR3655-BLUSH-10,https://cdn.shopify.com/s/files/1/0487/8834/0899/files/33570_1724240678.jpg,"The crinkle lurex with high low layered midi dress is a fun, flirty and unique choice for an evening out. Wear it to the next wedding you're attending or for your next date night This short dress is the perfect mixture of both sophistication and fun. It's a high low, so you get to show off those gorgeous legs at every occasion. In its blush color, makes this number a winning pick for a night out with your girlfriends or a night of dancing at the club. With its classic v-neckline teamed with its short flutter sleeves and finished with a fun tiered skirt makes this blush dress a top pick for the season's events. Every woman deserves to look beautiful, and we make sure this design serves her purpose in the most elegant manner possible.",Dresses,36,Goddiva,24726,Women's Dresses & Skirts,198,https://images2.productserve.com/?w=200&h=200&bg=white&trim=5&t=letterbox&url=ssl%3Acdn.shopify.com%2Fs%2Ffiles%2F1%2F0487%2F8834%2F0899%2Ffiles%2F33570_1724240678.jpg&feedId=62769&k=35df14649bcf95f0231fdf66d43979195445140e,USD,,"Over $120 - Free Delivery, Less than $120 - $12",https://goddiva.us/products/goddiva-crinkle-lurex-high-low-layered-midi-dress-blush,,,USD158,62769,Goddiva,1,,,,,,Womens,Dresses
https://www.awin1.com/pclick.php?p=34152407439&a=2771700&m=24726,Goddiva Bandeau Sequin & Velvet Midi Dress - Wine,34152407439,DR3718-WINE-12,https://cdn.shopify.com/s/files/1/0487/8834/0899/files/DR3718_WINE_5803_front_1752053940.jpg,"This versatile midi dress is perfect for the party season! The shiny wine sequin and velvet fabric is so elegant and stylish, it's the ultimate party dress to turn heads anywhere you go. This sparkly wine number is a perfect go-to party dress for many occasions. Whether it is date night or a party, you will be the centre of attention. Pair with your favourite heels, hair up or down - this dress can be styled in a multitude of ways.",Dresses,48,Goddiva,24726,Women's Dresses & Skirts,198,https://images2.productserve.com/?w=200&h=200&bg=white&trim=5&t=letterbox&url=ssl%3Acdn.shopify.com%2Fs%2Ffiles%2F1%2F0487%2F8834%2F0899%2Ffiles%2FDR3718_WINE_5803_front_1752053940.jpg&feedId=62769&k=f8e59b2b0c119feeab23539bd90f675c888eb1e6,USD,,"Over $120 - Free Delivery, Less than $120 - $12",https://goddiva.us/products/goddiva-bandeau-sequin-velvet-midi-dress-wine,,,USD96,62769,Goddiva,1,,,,,,Womens,Dresses
https://www.awin1.com/pclick.php?p=34152407435&a=2771700&m=24726,Goddiva Bandeau Sequin & Velvet Midi Dress - Wine,34152407435,DR3718-WINE-8,https://cdn.shopify.com/s/files/1/0487/8834/0899/files/DR3718_WINE_5803_front_1752053940.jpg,"This versatile midi dress is perfect for the party season! The shiny wine sequin and velvet fabric is so elegant and stylish, it's the ultimate party dress to turn heads anywhere you go. This sparkly wine number is a perfect go-to party dress for many occasions. Whether it is date night or a party, you will be the centre of attention. Pair with your favourite heels, hair up or down - this dress can be styled in a multitude of ways.",Dresses,48,Goddiva,24726,Women's Dresses & Skirts,198,https://images2.productserve.com/?w=200&h=200&bg=white&trim=5&t=letterbox&url=ssl%3Acdn.shopify.com%2Fs%2Ffiles%2F1%2F0487%2F8834%2F0899%2Ffiles%2FDR3718_WINE_5803_front_1752053940.jpg&feedId=62769&k=f8e59b2b0c119feeab23539bd90f675c888eb1e6,USD,,"Over $120 - Free Delivery, Less than $120 - $12",https://goddiva.us/products/goddiva-bandeau-sequin-velvet-midi-dress-wine,,,USD96,62769,Goddiva,1,,,,,,Womens,Dresses
https://www.awin1.com/pclick.php?p=34152407437&a=2771700&m=24726,Goddiva Bandeau Sequin & Velvet Midi Dress - Wine,34152407437,DR3718-WINE-10,https://cdn.shopify.com/s/files/1/0487/8834/0899/files/DR3718_WINE_5803_front_1752053940.jpg,"This versatile midi dress is perfect for the party season! The shiny wine sequin and velvet fabric is so elegant and stylish, it's the ultimate party dress to turn heads anywhere you go. This sparkly wine number is a perfect go-to party dress for many occasions. Whether it is date night or a party, you will be the centre of attention. Pair with your favourite heels, hair up or down - this dress can be styled in a multitude of ways.",Dresses,48,Goddiva,24726,Women's Dresses & Skirts,198,https://images2.productserve.com/?w=200&h=200&bg=white&trim=5&t=letterbox&url=ssl%3Acdn.shopify.com%2Fs%2Ffiles%2F1%2F0487%2F8834%2F0899%2Ffiles%2FDR3718_WINE_5803_front_1752053940.jpg&feedId=62769&k=f8e59b2b0c119feeab23539bd90f675c888eb1e6,USD,,"Over $120 - Free Delivery, Less than $120 - $12",https://goddiva.us/products/goddiva-bandeau-sequin-velvet-midi-dress-wine,,,USD96,62769,Goddiva,1,,,,,,Womens,Dresses
https://www.awin1.com/pclick.php?p=34275276107&a=2771700&m=24726,Goddiva Open Back One Sleeve Lurex Midi - Purple,34275276107,DR3749-PURPLE-10,https://cdn.shopify.com/s/files/1/0487/8834/0899/files/DR3749-PURPLE_0_201_FRONT_1714644459.jpg,"Be a showstopper at your next event with this eye-catching, alluring and bold lurex midi dress that has an open back, one sleeve, and is finished with a mini length. This purple dress will surely give you a noticeable look when worn at parties or night outs. This is the ultimate dress to make a statement at all night events, whether it's for date nights, wedding guests, nights out with friends and any other evening occasion. Wear it out with your favourite heels or strappy heeled sandals for instant glamour.",Dresses,30,Goddiva,24726,Women's Dresses & Skirts,198,https://images2.productserve.com/?w=200&h=200&bg=white&trim=5&t=letterbox&url=ssl%3Acdn.shopify.com%2Fs%2Ffiles%2F1%2F0487%2F8834%2F0899%2Ffiles%2FDR3749-PURPLE_0_201_FRONT_1714644459.jpg&feedId=62769&k=ce018ff0efec24453cbcca40a40a04bf2b9c73a4,USD,,"Over $120 - Free Delivery, Less than $120 - $12",https://goddiva.us/products/goddiva-open-back-one-sleeve-lurex-midi-purple,,,USD96,62769,Goddiva,1,,,,,,Womens,Dresses
https://www.awin1.com/pclick.php?p=34275276109&a=2771700&m=24726,Goddiva Open Back One Sleeve Lurex Midi - Purple,34275276109,DR3749-PURPLE-12,https://cdn.shopify.com/s/files/1/0487/8834/0899/files/DR3749-PURPLE_0_201_FRONT_1714644459.jpg,"Be a showstopper at your next event with this eye-catching, alluring and bold lurex midi dress that has an open back, one sleeve, and is finished with a mini length. This purple dress will surely give you a noticeable look when worn at parties or night outs. This is the ultimate dress to make a statement at all night events, whether it's for date nights, wedding guests, nights out with friends and any other evening occasion. Wear it out with your favourite heels or strappy heeled sandals for instant glamour.",Dresses,30,Goddiva,24726,Women's Dresses & Skirts,198,https://images2.productserve.com/?w=200&h=200&bg=white&trim=5&t=letterbox&url=ssl%3Acdn.shopify.com%2Fs%2Ffiles%2F1%2F0487%2F8834%2F0899%2Ffiles%2FDR3749-PURPLE_0_201_FRONT_1714644459.jpg&feedId=62769&k=ce018ff0efec24453cbcca40a40a04bf2b9c73a4,USD,,"Over $120 - Free Delivery, Less than $120 - $12",https://goddiva.us/products/goddiva-open-back-one-sleeve-lurex-midi-purple,,,USD96,62769,Goddiva,1,,,,,,Womens,Dresses
https://www.awin1.com/pclick.php?p=34275276105&a=2771700&m=24726,Goddiva Open Back One Sleeve Lurex Midi - Purple,34275276105,DR3749-PURPLE-8,https://cdn.shopify.com/s/files/1/0487/8834/0899/files/DR3749-PURPLE_0_201_FRONT_1714644459.jpg,"Be a showstopper at your next event with this eye-catching, alluring and bold lurex midi dress that has an open back, one sleeve, and is finished with a mini length. This purple dress will surely give you a noticeable look when worn at parties or night outs. This is the ultimate dress to make a statement at all night events, whether it's for date nights, wedding guests, nights out with friends and any other evening occasion. Wear it out with your favourite heels or strappy heeled sandals for instant glamour.",Dresses,30,Goddiva,24726,Women's Dresses & Skirts,198,https://images2.productserve.com/?w=200&h=200&bg=white&trim=5&t=letterbox&url=ssl%3Acdn.shopify.com%2Fs%2Ffiles%2F1%2F0487%2F8834%2F0899%2Ffiles%2FDR3749-PURPLE_0_201_FRONT_1714644459.jpg&feedId=62769&k=ce018ff0efec24453cbcca40a40a04bf2b9c73a4,USD,,"Over $120 - Free Delivery, Less than $120 - $12",https://goddiva.us/products/goddiva-open-back-one-sleeve-lurex-midi-purple,,,USD96,62769,Goddiva,1,,,,,,Womens,Dresses
https://www.awin1.com/pclick.php?p=34384615689&a=2771700&m=24726,Goddiva Satin Drape Shoulder Wrap Maxi Dress - Purple,34384615689,DR3450-PURPLE-8,https://cdn.shopify.com/s/files/1/0487/8834/0899/products/mKLMM9su-13412.jpg,"Dress to impress this season with this sensational satin drape shoulder wrap maxi from Goddiva. Wear this purple satin dress for any special event or occasion, including formal events such as black tie, prom, galas, evening cocktail parties and weddings. A traditional evening dress for weddings or precious events, with a beautiful satin fabric that flows by the breeze and shows off your feminine curves., and a lovely neckline with elegant draping with the front thigh split makes this aubergine silky style an amazing design to give you freedom of movement while still looking gorgeous. This drape maxi is a must have for every woman this season. a chic evening gown that will make you look stunning at any event. The satin finish accentuates the design and complements your curves making it an elegant evening choice, while the shoulder wrap gives off an effortless feel while still looking elegant, perfect to complement your special occasion dress or just when you want to feel fabulous. Team with your fave heels, sparkly clutch and dainty but sparkling jewellery to get the perfect finish.",Dresses,36,Goddiva,24726,Women's Dresses & Skirts,198,https://images2.productserve.com/?w=200&h=200&bg=white&trim=5&t=letterbox&url=ssl%3Acdn.shopify.com%2Fs%2Ffiles%2F1%2F0487%2F8834%2F0899%2Fproducts%2FmKLMM9su-13412.jpg&feedId=62769&k=1def1861c13248b59baa076dc7ed1890c6d16ce0,USD,,"Over $120 - Free Delivery, Less than $120 - $12",https://goddiva.us/products/goddiva-satin-drape-shoulder-wrap-maxi-dress-purple,,,USD98,62769,Goddiva,1,,,,,,Womens,Dresses
https://www.awin1.com/pclick.php?p=34384615695&a=2771700&m=24726,Goddiva Satin Drape Shoulder Wrap Maxi Dress - Purple,34384615695,DR3450-PURPLE-14,https://cdn.shopify.com/s/files/1/0487/8834/0899/products/mKLMM9su-13412.jpg,"Dress to impress this season with this sensational satin drape shoulder wrap maxi from Goddiva. Wear this purple satin dress for any special event or occasion, including formal events such as black tie, prom, galas, evening cocktail parties and weddings. A traditional evening dress for weddings or precious events, with a beautiful satin fabric that flows by the breeze and shows off your feminine curves., and a lovely neckline with elegant draping with the front thigh split makes this aubergine silky style an amazing design to give you freedom of movement while still looking gorgeous. This drape maxi is a must have for every woman this season. a chic evening gown that will make you look stunning at any event. The satin finish accentuates the design and complements your curves making it an elegant evening choice, while the shoulder wrap gives off an effortless feel while still looking elegant, perfect to complement your special occasion dress or just when you want to feel fabulous. Team with your fave heels, sparkly clutch and dainty but sparkling jewellery to get the perfect finish.",Dresses,36,Goddiva,24726,Women's Dresses & Skirts,198,https://images2.productserve.com/?w=200&h=200&bg=white&trim=5&t=letterbox&url=ssl%3Acdn.shopify.com%2Fs%2Ffiles%2F1%2F0487%2F8834%2F0899%2Fproducts%2FmKLMM9su-13412.jpg&feedId=62769&k=1def1861c13248b59baa076dc7ed1890c6d16ce0,USD,,"Over $120 - Free Delivery, Less than $120 - $12",https://goddiva.us/products/goddiva-satin-drape-shoulder-wrap-maxi-dress-purple,,,USD98,62769,Goddiva,1,,,,,,Womens,Dresses
https://www.awin1.com/pclick.php?p=34384615691&a=2771700&m=24726,Goddiva Satin Drape Shoulder Wrap Maxi Dress - Purple,34384615691,DR3450-PURPLE-10,https://cdn.shopify.com/s/files/1/0487/8834/0899/products/mKLMM9su-13412.jpg,"Dress to impress this season with this sensational satin drape shoulder wrap maxi from Goddiva. Wear this purple satin dress for any special event or occasion, including formal events such as black tie, prom, galas, evening cocktail parties and weddings. A traditional evening dress for weddings or precious events, with a beautiful satin fabric that flows by the breeze and shows off your feminine curves., and a lovely neckline with elegant draping with the front thigh split makes this aubergine silky style an amazing design to give you freedom of movement while still looking gorgeous. This drape maxi is a must have for every woman this season. a chic evening gown that will make you look stunning at any event. The satin finish accentuates the design and complements your curves making it an elegant evening choice, while the shoulder wrap gives off an effortless feel while still looking elegant, perfect to complement your special occasion dress or just when you want to feel fabulous. Team with your fave heels, sparkly clutch and dainty but sparkling jewellery to get the perfect finish.",Dresses,36,Goddiva,24726,Women's Dresses & Skirts,198,https://images2.productserve.com/?w=200&h=200&bg=white&trim=5&t=letterbox&url=ssl%3Acdn.shopify.com%2Fs%2Ffiles%2F1%2F0487%2F8834%2F0899%2Fproducts%2FmKLMM9su-13412.jpg&feedId=62769&k=1def1861c13248b59baa076dc7ed1890c6d16ce0,USD,,"Over $120 - Free Delivery, Less than $120 - $12",https://goddiva.us/products/goddiva-satin-drape-shoulder-wrap-maxi-dress-purple,,,USD98,62769,Goddiva,1,,,,,,Womens,Dresses
https://www.awin1.com/pclick.php?p=34384615693&a=2771700&m=24726,Goddiva Satin Drape Shoulder Wrap Maxi Dress - Purple,34384615693,DR3450-PURPLE-12,https://cdn.shopify.com/s/files/1/0487/8834/0899/products/mKLMM9su-13412.jpg,"Dress to impress this season with this sensational satin drape shoulder wrap maxi from Goddiva. Wear this purple satin dress for any special event or occasion, including formal events such as black tie, prom, galas, evening cocktail parties and weddings. A traditional evening dress for weddings or precious events, with a beautiful satin fabric that flows by the breeze and shows off your feminine curves., and a lovely neckline with elegant draping with the front thigh split makes this aubergine silky style an amazing design to give you freedom of movement while still looking gorgeous. This drape maxi is a must have for every woman this season. a chic evening gown that will make you look stunning at any event. The satin finish accentuates the design and complements your curves making it an elegant evening choice, while the shoulder wrap gives off an effortless feel while still looking elegant, perfect to complement your special occasion dress or just when you want to feel fabulous. Team with your fave heels, sparkly clutch and dainty but sparkling jewellery to get the perfect finish.",Dresses,36,Goddiva,24726,Women's Dresses & Skirts,198,https://images2.productserve.com/?w=200&h=200&bg=white&trim=5&t=letterbox&url=ssl%3Acdn.shopify.com%2Fs%2Ffiles%2F1%2F0487%2F8834%2F0899%2Fproducts%2FmKLMM9su-13412.jpg&feedId=62769&k=1def1861c13248b59baa076dc7ed1890c6d16ce0,USD,,"Over $120 - Free Delivery, Less than $120 - $12",https://goddiva.us/products/goddiva-satin-drape-shoulder-wrap-maxi-dress-purple,,,USD98,62769,Goddiva,1,,,,,,Womens,Dresses
https://www.awin1.com/pclick.php?p=34537652247&a=2771700&m=24726,Goddiva Cut Out Faux Leather Mini Dress - Khaki,34537652247,DR3664-KHAKI-8,https://cdn.shopify.com/s/files/1/0487/8834/0899/products/CMKe278p-13733.jpg,"This ultra sexy faux leather mini is the perfect party fit. Make a style statement and stand out in this attractive khaki mini dress that has cutout detailing on bust, racer front and a bodycon fit, so you can show off those darling curves. This dress will make you turn heads no matter where you are. This olive dress is the perfect fit for date nights, girls nights out on the town and for any celebrations! A winning choice not only for those unforgettable nights but also for that NYE you never want to forget! A girl can never have too many party dresses, and this little green dress is definitely one you need to add to your night out attire. Style it with high heels and statement earrings for a look to make them stop and stare!",Dresses,24,Goddiva,24726,Women's Dresses & Skirts,198,https://images2.productserve.com/?w=200&h=200&bg=white&trim=5&t=letterbox&url=ssl%3Acdn.shopify.com%2Fs%2Ffiles%2F1%2F0487%2F8834%2F0899%2Fproducts%2FCMKe278p-13733.jpg&feedId=62769&k=f7eaa864a8b373ab343c0019b555cb83d15fdab7,USD,,"Over $120 - Free Delivery, Less than $120 - $12",https://goddiva.us/products/goddiva-cut-out-faux-leather-mini-dress-khaki,,,USD98,62769,Goddiva,1,,,,,,Womens,Dresses
https://www.awin1.com/pclick.php?p=34537652239&a=2771700&m=24726,Goddiva Cut Out Faux Leather Mini Dress - Black,34537652239,DR3664-BLACK-8,https://cdn.shopify.com/s/files/1/0487/8834/0899/products/j9z1g7sL-13732.jpg,"This ultra sexy faux leather mini is the perfect party fit. Make a style statement and stand out in this attractive black mini dress that has cutout detailing on bust, racer front and a bodycon fit, so you can show off those darling curves. This dress will make you turn heads no matter where you are. This LBD is the perfect fit for date nights, girls nights out on the town and for any celebrations! A winning choice not only for those unforgettable nights but also for that NYE you never want to forget! A girl can never have too many party dresses, and this little black dress is definitely one you need to add to your night out attire. Style it with high heels and statement earrings for a look to make them stop and stare!",Dresses,24,Goddiva,24726,Women's Dresses & Skirts,198,https://images2.productserve.com/?w=200&h=200&bg=white&trim=5&t=letterbox&url=ssl%3Acdn.shopify.com%2Fs%2Ffiles%2F1%2F0487%2F8834%2F0899%2Fproducts%2Fj9z1g7sL-13732.jpg&feedId=62769&k=bf6992dc9469dba0c6ff6ffa050ed17d477d2407,USD,,"Over $120 - Free Delivery, Less than $120 - $12",https://goddiva.us/products/goddiva-cut-out-faux-leather-mini-dress-black,,,USD98,62769,Goddiva,1,,,,,,Womens,Dresses
https://www.awin1.com/pclick.php?p=34537652237&a=2771700&m=24726,Goddiva Cut Out Faux Leather Mini Dress - Black,34537652237,DR3664-BLACK-6,https://cdn.shopify.com/s/files/1/0487/8834/0899/products/j9z1g7sL-13732.jpg,"This ultra sexy faux leather mini is the perfect party fit. Make a style statement and stand out in this attractive black mini dress that has cutout detailing on bust, racer front and a bodycon fit, so you can show off those darling curves. This dress will make you turn heads no matter where you are. This LBD is the perfect fit for date nights, girls nights out on the town and for any celebrations! A winning choice not only for those unforgettable nights but also for that NYE you never want to forget! A girl can never have too many party dresses, and this little black dress is definitely one you need to add to your night out attire. Style it with high heels and statement earrings for a look to make them stop and stare!",Dresses,24,Goddiva,24726,Women's Dresses & Skirts,198,https://images2.productserve.com/?w=200&h=200&bg=white&trim=5&t=letterbox&url=ssl%3Acdn.shopify.com%2Fs%2Ffiles%2F1%2F0487%2F8834%2F0899%2Fproducts%2Fj9z1g7sL-13732.jpg&feedId=62769&k=bf6992dc9469dba0c6ff6ffa050ed17d477d2407,USD,,"Over $120 - Free Delivery, Less than $120 - $12",https://goddiva.us/products/goddiva-cut-out-faux-leather-mini-dress-black,,,USD98,62769,Goddiva,1,,,,,,Womens,Dresses
https://www.awin1.com/pclick.php?p=34537652245&a=2771700&m=24726,Goddiva Cut Out Faux Leather Mini Dress - Khaki,34537652245,DR3664-KHAKI-6,https://cdn.shopify.com/s/files/1/0487/8834/0899/products/CMKe278p-13733.jpg,"This ultra sexy faux leather mini is the perfect party fit. Make a style statement and stand out in this attractive khaki mini dress that has cutout detailing on bust, racer front and a bodycon fit, so you can show off those darling curves. This dress will make you turn heads no matter where you are. This olive dress is the perfect fit for date nights, girls nights out on the town and for any celebrations! A winning choice not only for those unforgettable nights but also for that NYE you never want to forget! A girl can never have too many party dresses, and this little green dress is definitely one you need to add to your night out attire. Style it with high heels and statement earrings for a look to make them stop and stare!",Dresses,24,Goddiva,24726,Women's Dresses & Skirts,198,https://images2.productserve.com/?w=200&h=200&bg=white&trim=5&t=letterbox&url=ssl%3Acdn.shopify.com%2Fs%2Ffiles%2F1%2F0487%2F8834%2F0899%2Fproducts%2FCMKe278p-13733.jpg&feedId=62769&k=f7eaa864a8b373ab343c0019b555cb83d15fdab7,USD,,"Over $120 - Free Delivery, Less than $120 - $12",https://goddiva.us/products/goddiva-cut-out-faux-leather-mini-dress-khaki,,,USD98,62769,Goddiva,1,,,,,,Womens,Dresses
https://www.awin1.com/pclick.php?p=34734555741&a=2771700&m=24726,Goddiva Bardot Crossover Maxi Dress - Cerise,34734555741,DR2006-CERISE-10,https://cdn.shopify.com/s/files/1/0487/8834/0899/products/Aydvfbd5-13863.jpg,Maxi lengthPeplum design on waistSweetheart necklineFishtail hemInvisible zip at centre backButton detail on bodiceHanger loopsCentre back to hem approx. 140cm,Dresses,34,Goddiva,24726,Women's Dresses & Skirts,198,https://images2.productserve.com/?w=200&h=200&bg=white&trim=5&t=letterbox&url=ssl%3Acdn.shopify.com%2Fs%2Ffiles%2F1%2F0487%2F8834%2F0899%2Fproducts%2FAydvfbd5-13863.jpg&feedId=62769&k=d754d91ced7058acf84f24f1b8073dc1d8efe74f,USD,,"Over $120 - Free Delivery, Less than $120 - $12",https://goddiva.us/products/goddiva-bardot-crossover-maxi-dress-cerise,,,USD120,62769,Goddiva,1,,,,,,Womens,Dresses
https://www.awin1.com/pclick.php?p=34734555737&a=2771700&m=24726,Goddiva Bardot Crossover Maxi Dress - Cerise,34734555737,DR2006-CERISE-6,https://cdn.shopify.com/s/files/1/0487/8834/0899/products/Aydvfbd5-13863.jpg,Maxi lengthPeplum design on waistSweetheart necklineFishtail hemInvisible zip at centre backButton detail on bodiceHanger loopsCentre back to hem approx. 140cm,Dresses,34,Goddiva,24726,Women's Dresses & Skirts,198,https://images2.productserve.com/?w=200&h=200&bg=white&trim=5&t=letterbox&url=ssl%3Acdn.shopify.com%2Fs%2Ffiles%2F1%2F0487%2F8834%2F0899%2Fproducts%2FAydvfbd5-13863.jpg&feedId=62769&k=d754d91ced7058acf84f24f1b8073dc1d8efe74f,USD,,"Over $120 - Free Delivery, Less than $120 - $12",https://goddiva.us/products/goddiva-bardot-crossover-maxi-dress-cerise,,,USD120,62769,Goddiva,1,,,,,,Womens,Dresses
https://www.awin1.com/pclick.php?p=34734555739&a=2771700&m=24726,Goddiva Bardot Crossover Maxi Dress - Cerise,34734555739,DR2006-CERISE-8,https://cdn.shopify.com/s/files/1/0487/8834/0899/products/Aydvfbd5-13863.jpg,Maxi lengthPeplum design on waistSweetheart necklineFishtail hemInvisible zip at centre backButton detail on bodiceHanger loopsCentre back to hem approx. 140cm,Dresses,34,Goddiva,24726,Women's Dresses & Skirts,198,https://images2.productserve.com/?w=200&h=200&bg=white&trim=5&t=letterbox&url=ssl%3Acdn.shopify.com%2Fs%2Ffiles%2F1%2F0487%2F8834%2F0899%2Fproducts%2FAydvfbd5-13863.jpg&feedId=62769&k=d754d91ced7058acf84f24f1b8073dc1d8efe74f,USD,,"Over $120 - Free Delivery, Less than $120 - $12",https://goddiva.us/products/goddiva-bardot-crossover-maxi-dress-cerise,,,USD120,62769,Goddiva,1,,,,,,Womens,Dresses
https://www.awin1.com/pclick.php?p=34734555743&a=2771700&m=24726,Goddiva Bardot Crossover Maxi Dress - Cerise,34734555743,DR2006-CERISE-12,https://cdn.shopify.com/s/files/1/0487/8834/0899/products/Aydvfbd5-13863.jpg,Maxi lengthPeplum design on waistSweetheart necklineFishtail hemInvisible zip at centre backButton detail on bodiceHanger loopsCentre back to hem approx. 140cm,Dresses,34,Goddiva,24726,Women's Dresses & Skirts,198,https://images2.productserve.com/?w=200&h=200&bg=white&trim=5&t=letterbox&url=ssl%3Acdn.shopify.com%2Fs%2Ffiles%2F1%2F0487%2F8834%2F0899%2Fproducts%2FAydvfbd5-13863.jpg&feedId=62769&k=d754d91ced7058acf84f24f1b8073dc1d8efe74f,USD,,"Over $120 - Free Delivery, Less than $120 - $12",https://goddiva.us/products/goddiva-bardot-crossover-maxi-dress-cerise,,,USD120,62769,Goddiva,1,,,,,,Womens,Dresses
https://www.awin1.com/pclick.php?p=35009102055&a=2771700&m=24726,Goddiva Cowl Neck With Strappy Back Satin Maxi - Royal Blue,35009102055,DR2113-ROYALBLUE-10,https://cdn.shopify.com/s/files/1/0487/8834/0899/files/dr2113_royalblue_front_1761207232.jpg,"Dare to be fabulous and fierce in this fun & flirty cowl neck with strappy back satin maxi evening dress by Goddiva. This lively designed long royal blue gown, is the crowning choice for your upcoming special occasion events. This sexy satin styled maxi dress has fancy detailing throughout, like its upward pleating detail on the bodice, its flattering cowl neck line and its delicate pleated skirt. Wearing this outstanding and affordable blue silk gown will show off your shapely figure and give you the ultimate WOW factor! Its mermaid hem line brings a magical feel to such a beautiful dress; making this the best choice for weddings, proms, bridesmaids and every other extra special event you can possibly think of. Get the full look by finishing off this look with some stunning metallic heels, matching metallic clutch bag and accessories with minimal jewellery to have the spotlight on you!",Dresses,38,Goddiva,24726,Women's Dresses & Skirts,198,https://images2.productserve.com/?w=200&h=200&bg=white&trim=5&t=letterbox&url=ssl%3Acdn.shopify.com%2Fs%2Ffiles%2F1%2F0487%2F8834%2F0899%2Ffiles%2Fdr2113_royalblue_front_1761207232.jpg&feedId=62769&k=6ea8f94f0f6b24c3fc5b0b4d233fff296570648c,USD,,"Over $120 - Free Delivery, Less than $120 - $12",https://goddiva.us/products/goddiva-cowl-neck-with-strappy-back-satin-maxi-royal-blue,,,USD78,62769,Goddiva,1,,,,,,Womens,Dresses
https://www.awin1.com/pclick.php?p=35009102033&a=2771700&m=24726,Goddiva Cowl Neck With Strappy Back Satin Maxi - Navy,35009102033,DR2113-NAVY-12,https://cdn.shopify.com/s/files/1/0487/8834/0899/files/dr2113_navy_front_1761207343.jpg,"Dare to be fabulous and fierce in this fun & flirty cowl neck with strappy back satin maxi evening dress by Goddiva. This lively designed long navy gown, is the crowning choice for your upcoming special occasion events. This sexy satin styled maxi dress has fancy detailing throughout, like its upward pleating detail on the bodice, its flattering cowl neck line and its delicate pleated skirt. Wearing this outstanding and affordable blue silk gown will show off your shapely figure and give you the ultimate WOW factor! Its mermaid hem line brings a magical feel to such a beautiful dress; making this the best choice for weddings, proms, bridesmaids and every other extra special event you can possibly think of. Get the full look by finishing off this look with some stunning metallic heels, matching metallic clutch bag and accessories with minimal jewellery to have the spotlight on you!",Dresses,38,Goddiva,24726,Women's Dresses & Skirts,198,https://images2.productserve.com/?w=200&h=200&bg=white&trim=5&t=letterbox&url=ssl%3Acdn.shopify.com%2Fs%2Ffiles%2F1%2F0487%2F8834%2F0899%2Ffiles%2Fdr2113_navy_front_1761207343.jpg&feedId=62769&k=629c7b4e6d0d132d86a73a1c1a3292d1ad553f81,USD,,"Over $120 - Free Delivery, Less than $120 - $12",https://goddiva.us/products/goddiva-cowl-neck-with-strappy-back-satin-maxi-navy,,,USD78,62769,Goddiva,1,,,,,,Womens,Dresses
https://www.awin1.com/pclick.php?p=35009102029&a=2771700&m=24726,Goddiva Cowl Neck With Strappy Back Satin Maxi - Navy,35009102029,DR2113-NAVY-8,https://cdn.shopify.com/s/files/1/0487/8834/0899/files/dr2113_navy_front_1761207343.jpg,"Dare to be fabulous and fierce in this fun & flirty cowl neck with strappy back satin maxi evening dress by Goddiva. This lively designed long navy gown, is the crowning choice for your upcoming special occasion events. This sexy satin styled maxi dress has fancy detailing throughout, like its upward pleating detail on the bodice, its flattering cowl neck line and its delicate pleated skirt. Wearing this outstanding and affordable blue silk gown will show off your shapely figure and give you the ultimate WOW factor! Its mermaid hem line brings a magical feel to such a beautiful dress; making this the best choice for weddings, proms, bridesmaids and every other extra special event you can possibly think of. Get the full look by finishing off this look with some stunning metallic heels, matching metallic clutch bag and accessories with minimal jewellery to have the spotlight on you!",Dresses,38,Goddiva,24726,Women's Dresses & Skirts,198,https://images2.productserve.com/?w=200&h=200&bg=white&trim=5&t=letterbox&url=ssl%3Acdn.shopify.com%2Fs%2Ffiles%2F1%2F0487%2F8834%2F0899%2Ffiles%2Fdr2113_navy_front_1761207343.jpg&feedId=62769&k=629c7b4e6d0d132d86a73a1c1a3292d1ad553f81,USD,,"Over $120 - Free Delivery, Less than $120 - $12",https://goddiva.us/products/goddiva-cowl-neck-with-strappy-back-satin-maxi-navy,,,USD78,62769,Goddiva,1,,,,,,Womens,Dresses
https://www.awin1.com/pclick.php?p=35009102057&a=2771700&m=24726,Goddiva Cowl Neck With Strappy Back Satin Maxi - Royal Blue,35009102057,DR2113-ROYALBLUE-12,https://cdn.shopify.com/s/files/1/0487/8834/0899/files/dr2113_royalblue_front_1761207232.jpg,"Dare to be fabulous and fierce in this fun & flirty cowl neck with strappy back satin maxi evening dress by Goddiva. This lively designed long royal blue gown, is the crowning choice for your upcoming special occasion events. This sexy satin styled maxi dress has fancy detailing throughout, like its upward pleating detail on the bodice, its flattering cowl neck line and its delicate pleated skirt. Wearing this outstanding and affordable blue silk gown will show off your shapely figure and give you the ultimate WOW factor! Its mermaid hem line brings a magical feel to such a beautiful dress; making this the best choice for weddings, proms, bridesmaids and every other extra special event you can possibly think of. Get the full look by finishing off this look with some stunning metallic heels, matching metallic clutch bag and accessories with minimal jewellery to have the spotlight on you!",Dresses,38,Goddiva,24726,Women's Dresses & Skirts,198,https://images2.productserve.com/?w=200&h=200&bg=white&trim=5&t=letterbox&url=ssl%3Acdn.shopify.com%2Fs%2Ffiles%2F1%2F0487%2F8834%2F0899%2Ffiles%2Fdr2113_royalblue_front_1761207232.jpg&feedId=62769&k=6ea8f94f0f6b24c3fc5b0b4d233fff296570648c,USD,,"Over $120 - Free Delivery, Less than $120 - $12",https://goddiva.us/products/goddiva-cowl-neck-with-strappy-back-satin-maxi-royal-blue,,,USD78,62769,Goddiva,1,,,,,,Womens,Dresses
https://www.awin1.com/pclick.php?p=35009102031&a=2771700&m=24726,Goddiva Cowl Neck With Strappy Back Satin Maxi - Navy,35009102031,DR2113-NAVY-10,https://cdn.shopify.com/s/files/1/0487/8834/0899/files/dr2113_navy_front_1761207343.jpg,"Dare to be fabulous and fierce in this fun & flirty cowl neck with strappy back satin maxi evening dress by Goddiva. This lively designed long navy gown, is the crowning choice for your upcoming special occasion events. This sexy satin styled maxi dress has fancy detailing throughout, like its upward pleating detail on the bodice, its flattering cowl neck line and its delicate pleated skirt. Wearing this outstanding and affordable blue silk gown will show off your shapely figure and give you the ultimate WOW factor! Its mermaid hem line brings a magical feel to such a beautiful dress; making this the best choice for weddings, proms, bridesmaids and every other extra special event you can possibly think of. Get the full look by finishing off this look with some stunning metallic heels, matching metallic clutch bag and accessories with minimal jewellery to have the spotlight on you!",Dresses,38,Goddiva,24726,Women's Dresses & Skirts,198,https://images2.productserve.com/?w=200&h=200&bg=white&trim=5&t=letterbox&url=ssl%3Acdn.shopify.com%2Fs%2Ffiles%2F1%2F0487%2F8834%2F0899%2Ffiles%2Fdr2113_navy_front_1761207343.jpg&feedId=62769&k=629c7b4e6d0d132d86a73a1c1a3292d1ad553f81,USD,,"Over $120 - Free Delivery, Less than $120 - $12",https://goddiva.us/products/goddiva-cowl-neck-with-strappy-back-satin-maxi-navy,,,USD78,62769,Goddiva,1,,,,,,Womens,Dresses
https://www.awin1.com/pclick.php?p=35009102035&a=2771700&m=24726,Goddiva Cowl Neck With Strappy Back Satin Maxi - Navy,35009102035,DR2113-NAVY-14,https://cdn.shopify.com/s/files/1/0487/8834/0899/files/dr2113_navy_front_1761207343.jpg,"Dare to be fabulous and fierce in this fun & flirty cowl neck with strappy back satin maxi evening dress by Goddiva. This lively designed long navy gown, is the crowning choice for your upcoming special occasion events. This sexy satin styled maxi dress has fancy detailing throughout, like its upward pleating detail on the bodice, its flattering cowl neck line and its delicate pleated skirt. Wearing this outstanding and affordable blue silk gown will show off your shapely figure and give you the ultimate WOW factor! Its mermaid hem line brings a magical feel to such a beautiful dress; making this the best choice for weddings, proms, bridesmaids and every other extra special event you can possibly think of. Get the full look by finishing off this look with some stunning metallic heels, matching metallic clutch bag and accessories with minimal jewellery to have the spotlight on you!",Dresses,38,Goddiva,24726,Women's Dresses & Skirts,198,https://images2.productserve.com/?w=200&h=200&bg=white&trim=5&t=letterbox&url=ssl%3Acdn.shopify.com%2Fs%2Ffiles%2F1%2F0487%2F8834%2F0899%2Ffiles%2Fdr2113_navy_front_1761207343.jpg&feedId=62769&k=629c7b4e6d0d132d86a73a1c1a3292d1ad553f81,USD,,"Over $120 - Free Delivery, Less than $120 - $12",https://goddiva.us/products/goddiva-cowl-neck-with-strappy-back-satin-maxi-navy,,,USD78,62769,Goddiva,1,,,,,,Womens,Dresses
https://www.awin1.com/pclick.php?p=35009102053&a=2771700&m=24726,Goddiva Cowl Neck With Strappy Back Satin Maxi - Royal Blue,35009102053,DR2113-ROYALBLUE-8,https://cdn.shopify.com/s/files/1/0487/8834/0899/files/dr2113_royalblue_front_1761207232.jpg,"Dare to be fabulous and fierce in this fun & flirty cowl neck with strappy back satin maxi evening dress by Goddiva. This lively designed long royal blue gown, is the crowning choice for your upcoming special occasion events. This sexy satin styled maxi dress has fancy detailing throughout, like its upward pleating detail on the bodice, its flattering cowl neck line and its delicate pleated skirt. Wearing this outstanding and affordable blue silk gown will show off your shapely figure and give you the ultimate WOW factor! Its mermaid hem line brings a magical feel to such a beautiful dress; making this the best choice for weddings, proms, bridesmaids and every other extra special event you can possibly think of. Get the full look by finishing off this look with some stunning metallic heels, matching metallic clutch bag and accessories with minimal jewellery to have the spotlight on you!",Dresses,38,Goddiva,24726,Women's Dresses & Skirts,198,https://images2.productserve.com/?w=200&h=200&bg=white&trim=5&t=letterbox&url=ssl%3Acdn.shopify.com%2Fs%2Ffiles%2F1%2F0487%2F8834%2F0899%2Ffiles%2Fdr2113_royalblue_front_1761207232.jpg&feedId=62769&k=6ea8f94f0f6b24c3fc5b0b4d233fff296570648c,USD,,"Over $120 - Free Delivery, Less than $120 - $12",https://goddiva.us/products/goddiva-cowl-neck-with-strappy-back-satin-maxi-royal-blue,,,USD78,62769,Goddiva,1,,,,,,Womens,Dresses
https://www.awin1.com/pclick.php?p=35009102059&a=2771700&m=24726,Goddiva Cowl Neck With Strappy Back Satin Maxi - Royal Blue,35009102059,DR2113-ROYALBLUE-14,https://cdn.shopify.com/s/files/1/0487/8834/0899/files/dr2113_royalblue_front_1761207232.jpg,"Dare to be fabulous and fierce in this fun & flirty cowl neck with strappy back satin maxi evening dress by Goddiva. This lively designed long royal blue gown, is the crowning choice for your upcoming special occasion events. This sexy satin styled maxi dress has fancy detailing throughout, like its upward pleating detail on the bodice, its flattering cowl neck line and its delicate pleated skirt. Wearing this outstanding and affordable blue silk gown will show off your shapely figure and give you the ultimate WOW factor! Its mermaid hem line brings a magical feel to such a beautiful dress; making this the best choice for weddings, proms, bridesmaids and every other extra special event you can possibly think of. Get the full look by finishing off this look with some stunning metallic heels, matching metallic clutch bag and accessories with minimal jewellery to have the spotlight on you!",Dresses,38,Goddiva,24726,Women's Dresses & Skirts,198,https://images2.productserve.com/?w=200&h=200&bg=white&trim=5&t=letterbox&url=ssl%3Acdn.shopify.com%2Fs%2Ffiles%2F1%2F0487%2F8834%2F0899%2Ffiles%2Fdr2113_royalblue_front_1761207232.jpg&feedId=62769&k=6ea8f94f0f6b24c3fc5b0b4d233fff296570648c,USD,,"Over $120 - Free Delivery, Less than $120 - $12",https://goddiva.us/products/goddiva-cowl-neck-with-strappy-back-satin-maxi-royal-blue,,,USD78,62769,Goddiva,1,,,,,,Womens,Dresses
https://www.awin1.com/pclick.php?p=35126807447&a=2771700&m=24726,Goddiva Satin Wrap Knotted Midi Dress - Purple,35126807447,DR3637-PURPLE-12,https://cdn.shopify.com/s/files/1/0487/8834/0899/files/33529_1723211001.jpg,"A timeless piece that is sure to get you noticed. Wear it on a casual night out with your girls or dress up for a glam date night with the man in your life. This shimmery purple number is a timeless piece that is sure to get you noticed. Wear it on a casual night out with your girls or dress up for a glam date night with the man in your life. This gorgeous wrap style is perfect for those who want to keep the decolletage covered but still feel stylish. It's an elegant neckline that isn't too revealing. The deep plunge and knot detail are simply stunning, while the satin twill fabric guarantees you a comfortable fit. This bold and daring aubergine midi dress is perfect for not only nights out with friends and special date nights, it is also a winning choice for wedding guests, hen parties, birthday gatherings and any other special occasion you may have. Style it with heels and a simple clutch for a night you never want to forget!",Dresses,30,Goddiva,24726,Women's Dresses & Skirts,198,https://images2.productserve.com/?w=200&h=200&bg=white&trim=5&t=letterbox&url=ssl%3Acdn.shopify.com%2Fs%2Ffiles%2F1%2F0487%2F8834%2F0899%2Ffiles%2F33529_1723211001.jpg&feedId=62769&k=26625d4ddc9f28e8776d13372bb627f819988983,USD,,"Over $120 - Free Delivery, Less than $120 - $12",https://goddiva.us/products/goddiva-satin-wrap-knotted-midi-dress-purple,,,USD96,62769,Goddiva,1,,,,,,Womens,Dresses
https://www.awin1.com/pclick.php?p=35126807477&a=2771700&m=24726,Goddiva Wrap Printed Chiffon Maxi Dress - Snakeprint,35126807477,DR3870-SNAKEPRINT-10,https://cdn.shopify.com/s/files/1/0487/8834/0899/files/DR3870_snake_20print_front_1744716293.jpg,"Enjoy the summer in this unique maxi dress by Goddiva. This chiffon maxi features a wrap style, v-neckline, elasticated waist with belt, short flutter sleeves and a front thigh split. Wear this dress for a casual day out or for that summer garden party! This gorgeous snake print maxi dress is a must-have for every woman's wardrobe. It features a wrap top that flatters your body and shows off your feminine curves, while the high waist offers you a flattering fit. The flutter sleeves add sophistication to its already classic yet modern silhouette, white the front split, gives it that little something extra for those who want to stand out in the crowd. This cream & brown printed maxi dress is perfect for the woman who understands that a dress can be ultra-feminine with its flowy chiffon material and subtle elegance. Pair it with heels for an evening out on the town, or dress it down with wedges for a picnic in the park.",Dresses,30,Goddiva,24726,Women's Dresses & Skirts,198,https://images2.productserve.com/?w=200&h=200&bg=white&trim=5&t=letterbox&url=ssl%3Acdn.shopify.com%2Fs%2Ffiles%2F1%2F0487%2F8834%2F0899%2Ffiles%2FDR3870_snake_20print_front_1744716293.jpg&feedId=62769&k=246a701ace87297833d4fb3bb2d7accb940dd510,USD,,"Over $120 - Free Delivery, Less than $120 - $12",https://goddiva.us/products/goddiva-wrap-printed-chiffon-maxi-dress-snake-print,,,USD76,62769,Goddiva,1,,,,,,Womens,Dresses
https://www.awin1.com/pclick.php?p=35126807443&a=2771700&m=24726,Goddiva Satin Wrap Knotted Midi Dress - Purple,35126807443,DR3637-PURPLE-8,https://cdn.shopify.com/s/files/1/0487/8834/0899/files/33529_1723211001.jpg,"A timeless piece that is sure to get you noticed. Wear it on a casual night out with your girls or dress up for a glam date night with the man in your life. This shimmery purple number is a timeless piece that is sure to get you noticed. Wear it on a casual night out with your girls or dress up for a glam date night with the man in your life. This gorgeous wrap style is perfect for those who want to keep the decolletage covered but still feel stylish. It's an elegant neckline that isn't too revealing. The deep plunge and knot detail are simply stunning, while the satin twill fabric guarantees you a comfortable fit. This bold and daring aubergine midi dress is perfect for not only nights out with friends and special date nights, it is also a winning choice for wedding guests, hen parties, birthday gatherings and any other special occasion you may have. Style it with heels and a simple clutch for a night you never want to forget!",Dresses,30,Goddiva,24726,Women's Dresses & Skirts,198,https://images2.productserve.com/?w=200&h=200&bg=white&trim=5&t=letterbox&url=ssl%3Acdn.shopify.com%2Fs%2Ffiles%2F1%2F0487%2F8834%2F0899%2Ffiles%2F33529_1723211001.jpg&feedId=62769&k=26625d4ddc9f28e8776d13372bb627f819988983,USD,,"Over $120 - Free Delivery, Less than $120 - $12",https://goddiva.us/products/goddiva-satin-wrap-knotted-midi-dress-purple,,,USD96,62769,Goddiva,1,,,,,,Womens,Dresses
https://www.awin1.com/pclick.php?p=35126807475&a=2771700&m=24726,Goddiva Wrap Printed Chiffon Maxi Dress - Snakeprint,35126807475,DR3870-SNAKEPRINT-8,https://cdn.shopify.com/s/files/1/0487/8834/0899/files/DR3870_snake_20print_front_1744716293.jpg,"Enjoy the summer in this unique maxi dress by Goddiva. This chiffon maxi features a wrap style, v-neckline, elasticated waist with belt, short flutter sleeves and a front thigh split. Wear this dress for a casual day out or for that summer garden party! This gorgeous snake print maxi dress is a must-have for every woman's wardrobe. It features a wrap top that flatters your body and shows off your feminine curves, while the high waist offers you a flattering fit. The flutter sleeves add sophistication to its already classic yet modern silhouette, white the front split, gives it that little something extra for those who want to stand out in the crowd. This cream & brown printed maxi dress is perfect for the woman who understands that a dress can be ultra-feminine with its flowy chiffon material and subtle elegance. Pair it with heels for an evening out on the town, or dress it down with wedges for a picnic in the park.",Dresses,30,Goddiva,24726,Women's Dresses & Skirts,198,https://images2.productserve.com/?w=200&h=200&bg=white&trim=5&t=letterbox&url=ssl%3Acdn.shopify.com%2Fs%2Ffiles%2F1%2F0487%2F8834%2F0899%2Ffiles%2FDR3870_snake_20print_front_1744716293.jpg&feedId=62769&k=246a701ace87297833d4fb3bb2d7accb940dd510,USD,,"Over $120 - Free Delivery, Less than $120 - $12",https://goddiva.us/products/goddiva-wrap-printed-chiffon-maxi-dress-snake-print,,,USD76,62769,Goddiva,1,,,,,,Womens,Dresses
https://www.awin1.com/pclick.php?p=35126807445&a=2771700&m=24726,Goddiva Satin Wrap Knotted Midi Dress - Purple,35126807445,DR3637-PURPLE-10,https://cdn.shopify.com/s/files/1/0487/8834/0899/files/33529_1723211001.jpg,"A timeless piece that is sure to get you noticed. Wear it on a casual night out with your girls or dress up for a glam date night with the man in your life. This shimmery purple number is a timeless piece that is sure to get you noticed. Wear it on a casual night out with your girls or dress up for a glam date night with the man in your life. This gorgeous wrap style is perfect for those who want to keep the decolletage covered but still feel stylish. It's an elegant neckline that isn't too revealing. The deep plunge and knot detail are simply stunning, while the satin twill fabric guarantees you a comfortable fit. This bold and daring aubergine midi dress is perfect for not only nights out with friends and special date nights, it is also a winning choice for wedding guests, hen parties, birthday gatherings and any other special occasion you may have. Style it with heels and a simple clutch for a night you never want to forget!",Dresses,30,Goddiva,24726,Women's Dresses & Skirts,198,https://images2.productserve.com/?w=200&h=200&bg=white&trim=5&t=letterbox&url=ssl%3Acdn.shopify.com%2Fs%2Ffiles%2F1%2F0487%2F8834%2F0899%2Ffiles%2F33529_1723211001.jpg&feedId=62769&k=26625d4ddc9f28e8776d13372bb627f819988983,USD,,"Over $120 - Free Delivery, Less than $120 - $12",https://goddiva.us/products/goddiva-satin-wrap-knotted-midi-dress-purple,,,USD96,62769,Goddiva,1,,,,,,Womens,Dresses
https://www.awin1.com/pclick.php?p=35126807479&a=2771700&m=24726,Goddiva Wrap Printed Chiffon Maxi Dress - Snakeprint,35126807479,DR3870-SNAKEPRINT-12,https://cdn.shopify.com/s/files/1/0487/8834/0899/files/DR3870_snake_20print_front_1744716293.jpg,"Enjoy the summer in this unique maxi dress by Goddiva. This chiffon maxi features a wrap style, v-neckline, elasticated waist with belt, short flutter sleeves and a front thigh split. Wear this dress for a casual day out or for that summer garden party! This gorgeous snake print maxi dress is a must-have for every woman's wardrobe. It features a wrap top that flatters your body and shows off your feminine curves, while the high waist offers you a flattering fit. The flutter sleeves add sophistication to its already classic yet modern silhouette, white the front split, gives it that little something extra for those who want to stand out in the crowd. This cream & brown printed maxi dress is perfect for the woman who understands that a dress can be ultra-feminine with its flowy chiffon material and subtle elegance. Pair it with heels for an evening out on the town, or dress it down with wedges for a picnic in the park.",Dresses,30,Goddiva,24726,Women's Dresses & Skirts,198,https://images2.productserve.com/?w=200&h=200&bg=white&trim=5&t=letterbox&url=ssl%3Acdn.shopify.com%2Fs%2Ffiles%2F1%2F0487%2F8834%2F0899%2Ffiles%2FDR3870_snake_20print_front_1744716293.jpg&feedId=62769&k=246a701ace87297833d4fb3bb2d7accb940dd510,USD,,"Over $120 - Free Delivery, Less than $120 - $12",https://goddiva.us/products/goddiva-wrap-printed-chiffon-maxi-dress-snake-print,,,USD76,62769,Goddiva,1,,,,,,Womens,Dresses
https://www.awin1.com/pclick.php?p=35179101939&a=2771700&m=24726,Goddiva Wrap Printed Chiffon Maxi Dress - Animal Print,35179101939,DR3879-LEOPARDPRINT-12,https://cdn.shopify.com/s/files/1/0487/8834/0899/products/z4CqhXSZ-14678.jpg,"Enjoy the summer in this unique maxi dress by Goddiva. This chiffon maxi features a wrap style, v-neckline, elasticated waist with belt, short flutter sleeves and a front thigh split. Wear this dress for a casual day out or for that summer garden party! This gorgeous classic animal print maxi dress is a must-have for every woman's wardrobe. It features a wrap top that flatters your body and shows off your feminine curves, while the high waist offers you a flattering fit. The flutter sleeves add sophistication to its already classic yet modern silhouette, white the front split, gives it that little something extra for those who want to stand out in the crowd. This brown printed maxi dress is perfect for the woman who understands that a dress can be ultra-feminine with its flowy chiffon material and subtle elegance. Pair it with heels for an evening out on the town, or dress it down with wedges for a picnic in the park.",Dresses,38,Goddiva,24726,Women's Dresses & Skirts,198,https://images2.productserve.com/?w=200&h=200&bg=white&trim=5&t=letterbox&url=ssl%3Acdn.shopify.com%2Fs%2Ffiles%2F1%2F0487%2F8834%2F0899%2Fproducts%2Fz4CqhXSZ-14678.jpg&feedId=62769&k=61ae13a7bbb2c4e01cb4c7a1cc2e85b5e44a62a4,USD,,"Over $120 - Free Delivery, Less than $120 - $12",https://goddiva.us/products/goddiva-wrap-printed-chiffon-maxi-dress-animal-print,,,USD110,62769,Goddiva,1,,,,,,Womens,Dresses
https://www.awin1.com/pclick.php?p=35179101937&a=2771700&m=24726,Goddiva Wrap Printed Chiffon Maxi Dress - Animal Print,35179101937,DR3879-LEOPARDPRINT-10,https://cdn.shopify.com/s/files/1/0487/8834/0899/products/z4CqhXSZ-14678.jpg,"Enjoy the summer in this unique maxi dress by Goddiva. This chiffon maxi features a wrap style, v-neckline, elasticated waist with belt, short flutter sleeves and a front thigh split. Wear this dress for a casual day out or for that summer garden party! This gorgeous classic animal print maxi dress is a must-have for every woman's wardrobe. It features a wrap top that flatters your body and shows off your feminine curves, while the high waist offers you a flattering fit. The flutter sleeves add sophistication to its already classic yet modern silhouette, white the front split, gives it that little something extra for those who want to stand out in the crowd. This brown printed maxi dress is perfect for the woman who understands that a dress can be ultra-feminine with its flowy chiffon material and subtle elegance. Pair it with heels for an evening out on the town, or dress it down with wedges for a picnic in the park.",Dresses,38,Goddiva,24726,Women's Dresses & Skirts,198,https://images2.productserve.com/?w=200&h=200&bg=white&trim=5&t=letterbox&url=ssl%3Acdn.shopify.com%2Fs%2Ffiles%2F1%2F0487%2F8834%2F0899%2Fproducts%2Fz4CqhXSZ-14678.jpg&feedId=62769&k=61ae13a7bbb2c4e01cb4c7a1cc2e85b5e44a62a4,USD,,"Over $120 - Free Delivery, Less than $120 - $12",https://goddiva.us/products/goddiva-wrap-printed-chiffon-maxi-dress-animal-print,,,USD110,62769,Goddiva,1,,,,,,Womens,Dresses
https://www.awin1.com/pclick.php?p=35179101935&a=2771700&m=24726,Goddiva Wrap Printed Chiffon Maxi Dress - Animal Print,35179101935,DR3879-LEOPARDPRINT-8,https://cdn.shopify.com/s/files/1/0487/8834/0899/products/z4CqhXSZ-14678.jpg,"Enjoy the summer in this unique maxi dress by Goddiva. This chiffon maxi features a wrap style, v-neckline, elasticated waist with belt, short flutter sleeves and a front thigh split. Wear this dress for a casual day out or for that summer garden party! This gorgeous classic animal print maxi dress is a must-have for every woman's wardrobe. It features a wrap top that flatters your body and shows off your feminine curves, while the high waist offers you a flattering fit. The flutter sleeves add sophistication to its already classic yet modern silhouette, white the front split, gives it that little something extra for those who want to stand out in the crowd. This brown printed maxi dress is perfect for the woman who understands that a dress can be ultra-feminine with its flowy chiffon material and subtle elegance. Pair it with heels for an evening out on the town, or dress it down with wedges for a picnic in the park.",Dresses,38,Goddiva,24726,Women's Dresses & Skirts,198,https://images2.productserve.com/?w=200&h=200&bg=white&trim=5&t=letterbox&url=ssl%3Acdn.shopify.com%2Fs%2Ffiles%2F1%2F0487%2F8834%2F0899%2Fproducts%2Fz4CqhXSZ-14678.jpg&feedId=62769&k=61ae13a7bbb2c4e01cb4c7a1cc2e85b5e44a62a4,USD,,"Over $120 - Free Delivery, Less than $120 - $12",https://goddiva.us/products/goddiva-wrap-printed-chiffon-maxi-dress-animal-print,,,USD110,62769,Goddiva,1,,,,,,Womens,Dresses
https://www.awin1.com/pclick.php?p=35592034850&a=2771700&m=24726,Goddiva Keyhole High Neck Flutter Sleeve Maxi - Red,35592034850,DR3441-RED-12,https://cdn.shopify.com/s/files/1/0487/8834/0899/products/XSjoTNJ8-10643.jpg,"The Keyhole High Neck Flutter Sleeve Maxi from Goddiva is a gorgeous maxi that can be the perfect addition to your wardrobe. This devilish red dress features an eye-catching keyhole at the front and back that drapes beautifully around your body. The soft fabric and flowing silhouette makes this red number the ultimate summer dress. With its high neckline, front thigh split, shirred waistband, teamed with a keyhole feature and lightweight lurex chiffon fabric, this bold blue long dress is ticking the boxes for all your summer celebrations. Wear it with sandals or heels on a night out with friends or even a fancy wedding!",Dresses,38,Goddiva,24726,Women's Dresses & Skirts,198,https://images2.productserve.com/?w=200&h=200&bg=white&trim=5&t=letterbox&url=ssl%3Acdn.shopify.com%2Fs%2Ffiles%2F1%2F0487%2F8834%2F0899%2Fproducts%2FXSjoTNJ8-10643.jpg&feedId=62769&k=0ed39818c331ccc374811f420bce266768f91ea0,USD,,"Over $120 - Free Delivery, Less than $120 - $12",https://goddiva.us/products/goddiva-keyhole-high-neck-flutter-sleeve-maxi-red,,,USD96,62769,Goddiva,1,,,,,,Womens,Dresses
https://www.awin1.com/pclick.php?p=35592034848&a=2771700&m=24726,Goddiva Keyhole High Neck Flutter Sleeve Maxi - Red,35592034848,DR3441-RED-8,https://cdn.shopify.com/s/files/1/0487/8834/0899/products/XSjoTNJ8-10643.jpg,"The Keyhole High Neck Flutter Sleeve Maxi from Goddiva is a gorgeous maxi that can be the perfect addition to your wardrobe. This devilish red dress features an eye-catching keyhole at the front and back that drapes beautifully around your body. The soft fabric and flowing silhouette makes this red number the ultimate summer dress. With its high neckline, front thigh split, shirred waistband, teamed with a keyhole feature and lightweight lurex chiffon fabric, this bold blue long dress is ticking the boxes for all your summer celebrations. Wear it with sandals or heels on a night out with friends or even a fancy wedding!",Dresses,38,Goddiva,24726,Women's Dresses & Skirts,198,https://images2.productserve.com/?w=200&h=200&bg=white&trim=5&t=letterbox&url=ssl%3Acdn.shopify.com%2Fs%2Ffiles%2F1%2F0487%2F8834%2F0899%2Fproducts%2FXSjoTNJ8-10643.jpg&feedId=62769&k=0ed39818c331ccc374811f420bce266768f91ea0,USD,,"Over $120 - Free Delivery, Less than $120 - $12",https://goddiva.us/products/goddiva-keyhole-high-neck-flutter-sleeve-maxi-red,,,USD96,62769,Goddiva,1,,,,,,Womens,Dresses
https://www.awin1.com/pclick.php?p=35592034849&a=2771700&m=24726,Goddiva Keyhole High Neck Flutter Sleeve Maxi - Red,35592034849,DR3441-RED-10,https://cdn.shopify.com/s/files/1/0487/8834/0899/products/XSjoTNJ8-10643.jpg,"The Keyhole High Neck Flutter Sleeve Maxi from Goddiva is a gorgeous maxi that can be the perfect addition to your wardrobe. This devilish red dress features an eye-catching keyhole at the front and back that drapes beautifully around your body. The soft fabric and flowing silhouette makes this red number the ultimate summer dress. With its high neckline, front thigh split, shirred waistband, teamed with a keyhole feature and lightweight lurex chiffon fabric, this bold blue long dress is ticking the boxes for all your summer celebrations. Wear it with sandals or heels on a night out with friends or even a fancy wedding!",Dresses,38,Goddiva,24726,Women's Dresses & Skirts,198,https://images2.productserve.com/?w=200&h=200&bg=white&trim=5&t=letterbox&url=ssl%3Acdn.shopify.com%2Fs%2Ffiles%2F1%2F0487%2F8834%2F0899%2Fproducts%2FXSjoTNJ8-10643.jpg&feedId=62769&k=0ed39818c331ccc374811f420bce266768f91ea0,USD,,"Over $120 - Free Delivery, Less than $120 - $12",https://goddiva.us/products/goddiva-keyhole-high-neck-flutter-sleeve-maxi-red,,,USD96,62769,Goddiva,1,,,,,,Womens,Dresses
https://www.awin1.com/pclick.php?p=35655990155&a=2771700&m=24726,Goddiva Leaf Print Flutter Sleeve Midi - Navy,35655990155,DR3651-NAVY-10,https://cdn.shopify.com/s/files/1/0487/8834/0899/files/DR3651_navy_front_1744718261.jpg,"This Leaf Print Flutter Sleeve Midi dress is the perfect choice for any casual summer occasion, such as a garden party or a brunch date with friends. This navy dress is designed in a flattering midi length that falls below the knee, making it comfortable and easy to wear. This blue dress features a relaxed and comfortable fit, with short flutter sleeves that add a touch of femininity to the overall look. The leaf print of this dark blue dress is perfect for summer, adding a playful and vibrant touch to the dress. The print is both stylish and trendy, making this dress an excellent choice for any casual occasion. Its playful leaf print, comfortable fit, and feminine flutter sleeves are sure to make you feel confident and beautiful.",Dresses,30,Goddiva,24726,Women's Dresses & Skirts,198,https://images2.productserve.com/?w=200&h=200&bg=white&trim=5&t=letterbox&url=ssl%3Acdn.shopify.com%2Fs%2Ffiles%2F1%2F0487%2F8834%2F0899%2Ffiles%2FDR3651_navy_front_1744718261.jpg&feedId=62769&k=91baadbd19790606ef03f672df760ba671652ead,USD,,"Over $120 - Free Delivery, Less than $120 - $12",https://goddiva.us/products/goddiva-leaf-print-flutter-sleeve-midi-navy,,,USD76,62769,Goddiva,1,,,,,,Womens,Dresses
https://www.awin1.com/pclick.php?p=35655990154&a=2771700&m=24726,Goddiva Leaf Print Flutter Sleeve Midi - Navy,35655990154,DR3651-NAVY-8,https://cdn.shopify.com/s/files/1/0487/8834/0899/files/DR3651_navy_front_1744718261.jpg,"This Leaf Print Flutter Sleeve Midi dress is the perfect choice for any casual summer occasion, such as a garden party or a brunch date with friends. This navy dress is designed in a flattering midi length that falls below the knee, making it comfortable and easy to wear. This blue dress features a relaxed and comfortable fit, with short flutter sleeves that add a touch of femininity to the overall look. The leaf print of this dark blue dress is perfect for summer, adding a playful and vibrant touch to the dress. The print is both stylish and trendy, making this dress an excellent choice for any casual occasion. Its playful leaf print, comfortable fit, and feminine flutter sleeves are sure to make you feel confident and beautiful.",Dresses,30,Goddiva,24726,Women's Dresses & Skirts,198,https://images2.productserve.com/?w=200&h=200&bg=white&trim=5&t=letterbox&url=ssl%3Acdn.shopify.com%2Fs%2Ffiles%2F1%2F0487%2F8834%2F0899%2Ffiles%2FDR3651_navy_front_1744718261.jpg&feedId=62769&k=91baadbd19790606ef03f672df760ba671652ead,USD,,"Over $120 - Free Delivery, Less than $120 - $12",https://goddiva.us/products/goddiva-leaf-print-flutter-sleeve-midi-navy,,,USD76,62769,Goddiva,1,,,,,,Womens,Dresses
https://www.awin1.com/pclick.php?p=35655990156&a=2771700&m=24726,Goddiva Leaf Print Flutter Sleeve Midi - Navy,35655990156,DR3651-NAVY-12,https://cdn.shopify.com/s/files/1/0487/8834/0899/files/DR3651_navy_front_1744718261.jpg,"This Leaf Print Flutter Sleeve Midi dress is the perfect choice for any casual summer occasion, such as a garden party or a brunch date with friends. This navy dress is designed in a flattering midi length that falls below the knee, making it comfortable and easy to wear. This blue dress features a relaxed and comfortable fit, with short flutter sleeves that add a touch of femininity to the overall look. The leaf print of this dark blue dress is perfect for summer, adding a playful and vibrant touch to the dress. The print is both stylish and trendy, making this dress an excellent choice for any casual occasion. Its playful leaf print, comfortable fit, and feminine flutter sleeves are sure to make you feel confident and beautiful.",Dresses,30,Goddiva,24726,Women's Dresses & Skirts,198,https://images2.productserve.com/?w=200&h=200&bg=white&trim=5&t=letterbox&url=ssl%3Acdn.shopify.com%2Fs%2Ffiles%2F1%2F0487%2F8834%2F0899%2Ffiles%2FDR3651_navy_front_1744718261.jpg&feedId=62769&k=91baadbd19790606ef03f672df760ba671652ead,USD,,"Over $120 - Free Delivery, Less than $120 - $12",https://goddiva.us/products/goddiva-leaf-print-flutter-sleeve-midi-navy,,,USD76,62769,Goddiva,1,,,,,,Womens,Dresses
https://www.awin1.com/pclick.php?p=35655990149&a=2771700&m=24726,Goddiva Leaf Print Flutter Sleeve Midi - Cream,35655990149,DR3651-CREAM-8,https://cdn.shopify.com/s/files/1/0487/8834/0899/files/DR3651_cream_front1_1744718421.jpg,"This Leaf Print Flutter Sleeve Midi dress is the perfect choice for any casual summer occasion, such as a garden party or a brunch date with friends. This cream dress is designed in a flattering midi length that falls below the knee, making it comfortable and easy to wear. This off white dress features a relaxed and comfortable fit, with short flutter sleeves that add a touch of femininity to the overall look. The leaf print of this cream dress is perfect for summer, adding a playful and vibrant touch to the dress. The print is both stylish and trendy, making this dress an excellent choice for any casual occasion. Its playful leaf print, comfortable fit, and feminine flutter sleeves are sure to make you feel confident and beautiful.",Dresses,30,Goddiva,24726,Women's Dresses & Skirts,198,https://images2.productserve.com/?w=200&h=200&bg=white&trim=5&t=letterbox&url=ssl%3Acdn.shopify.com%2Fs%2Ffiles%2F1%2F0487%2F8834%2F0899%2Ffiles%2FDR3651_cream_front1_1744718421.jpg&feedId=62769&k=318b8fba89a68996a78797166e736a58f25e5564,USD,,"Over $120 - Free Delivery, Less than $120 - $12",https://goddiva.us/products/goddiva-leaf-print-flutter-sleeve-midi-cream,,,USD76,62769,Goddiva,1,,,,,,Womens,Dresses
https://www.awin1.com/pclick.php?p=35655990150&a=2771700&m=24726,Goddiva Leaf Print Flutter Sleeve Midi - Cream,35655990150,DR3651-CREAM-10,https://cdn.shopify.com/s/files/1/0487/8834/0899/files/DR3651_cream_front1_1744718421.jpg,"This Leaf Print Flutter Sleeve Midi dress is the perfect choice for any casual summer occasion, such as a garden party or a brunch date with friends. This cream dress is designed in a flattering midi length that falls below the knee, making it comfortable and easy to wear. This off white dress features a relaxed and comfortable fit, with short flutter sleeves that add a touch of femininity to the overall look. The leaf print of this cream dress is perfect for summer, adding a playful and vibrant touch to the dress. The print is both stylish and trendy, making this dress an excellent choice for any casual occasion. Its playful leaf print, comfortable fit, and feminine flutter sleeves are sure to make you feel confident and beautiful.",Dresses,30,Goddiva,24726,Women's Dresses & Skirts,198,https://images2.productserve.com/?w=200&h=200&bg=white&trim=5&t=letterbox&url=ssl%3Acdn.shopify.com%2Fs%2Ffiles%2F1%2F0487%2F8834%2F0899%2Ffiles%2FDR3651_cream_front1_1744718421.jpg&feedId=62769&k=318b8fba89a68996a78797166e736a58f25e5564,USD,,"Over $120 - Free Delivery, Less than $120 - $12",https://goddiva.us/products/goddiva-leaf-print-flutter-sleeve-midi-cream,,,USD76,62769,Goddiva,1,,,,,,Womens,Dresses
https://www.awin1.com/pclick.php?p=35655990151&a=2771700&m=24726,Goddiva Leaf Print Flutter Sleeve Midi - Cream,35655990151,DR3651-CREAM-12,https://cdn.shopify.com/s/files/1/0487/8834/0899/files/DR3651_cream_front1_1744718421.jpg,"This Leaf Print Flutter Sleeve Midi dress is the perfect choice for any casual summer occasion, such as a garden party or a brunch date with friends. This cream dress is designed in a flattering midi length that falls below the knee, making it comfortable and easy to wear. This off white dress features a relaxed and comfortable fit, with short flutter sleeves that add a touch of femininity to the overall look. The leaf print of this cream dress is perfect for summer, adding a playful and vibrant touch to the dress. The print is both stylish and trendy, making this dress an excellent choice for any casual occasion. Its playful leaf print, comfortable fit, and feminine flutter sleeves are sure to make you feel confident and beautiful.",Dresses,30,Goddiva,24726,Women's Dresses & Skirts,198,https://images2.productserve.com/?w=200&h=200&bg=white&trim=5&t=letterbox&url=ssl%3Acdn.shopify.com%2Fs%2Ffiles%2F1%2F0487%2F8834%2F0899%2Ffiles%2FDR3651_cream_front1_1744718421.jpg&feedId=62769&k=318b8fba89a68996a78797166e736a58f25e5564,USD,,"Over $120 - Free Delivery, Less than $120 - $12",https://goddiva.us/products/goddiva-leaf-print-flutter-sleeve-midi-cream,,,USD76,62769,Goddiva,1,,,,,,Womens,Dresses
https://www.awin1.com/pclick.php?p=35831417944&a=2771700&m=24726,Goddiva Bridesmaids Chiffon Maxi Dress - Navy,35831417944,DR3777-NAVY-8,https://cdn.shopify.com/s/files/1/0487/8834/0899/files/25910_1717430374.jpg,"The Chiffon bandeau maxi dress with a feather detail can be a great choice for bridesmaids and prom. The delicate chiffon fabric gives the dress a luxurious and elegant look, while the bandeau style adds a modern touch to this ravishing dark blue. The feather detail can also add a touch of glamour and give you more of a statement piece to wear, allowing for spotlight moments. Whether for bridesmaids or prom, this type of dress can make a statement and help you stand out from the crowd. This navy chiffon occasion dress can be a versatile and elegant choice for any season. Make sure to pair it with the right accessories, such as high heels and statement jewellery, to complete the look",Dresses,38,Goddiva,24726,Women's Dresses & Skirts,198,https://images2.productserve.com/?w=200&h=200&bg=white&trim=5&t=letterbox&url=ssl%3Acdn.shopify.com%2Fs%2Ffiles%2F1%2F0487%2F8834%2F0899%2Ffiles%2F25910_1717430374.jpg&feedId=62769&k=931aed324337fc80088c3d213cdb0f6dcb67c252,USD,,"Over $120 - Free Delivery, Less than $120 - $12",https://goddiva.us/products/goddiva-bridesmaids-chiffon-maxi-dress-navy,,,USD76,62769,Goddiva,1,,,,,,Womens,Dresses
https://www.awin1.com/pclick.php?p=35831417923&a=2771700&m=24726,Goddiva Bridesmaids Chiffon Maxi Dress - Black,35831417923,DR3777-BLACK-14,https://cdn.shopify.com/s/files/1/0487/8834/0899/files/DR3777_BLACK_FRONT_1713172177.jpg,"The Chiffon bandeau maxi dress with a feather detail can be a great choice for bridesmaids and prom. The delicate chiffon fabric gives the dress a luxurious and elegant look, while the bandeau style adds a modern touch to this ravishing black. The feather detail can also add a touch of glamour and give you more of a statement piece to wear, allowing for spotlight moments. Whether for bridesmaids or prom, this type of dress can make a statement and help you stand out from the crowd. This black chiffon occasion dress can be a versatile and elegant choice for any season. Make sure to pair it with the right accessories, such as high heels and statement jewellery, to complete the look.",Dresses,18,Goddiva,24726,Women's Dresses & Skirts,198,https://images2.productserve.com/?w=200&h=200&bg=white&trim=5&t=letterbox&url=ssl%3Acdn.shopify.com%2Fs%2Ffiles%2F1%2F0487%2F8834%2F0899%2Ffiles%2FDR3777_BLACK_FRONT_1713172177.jpg&feedId=62769&k=cf228e22d271fb431f11d8d5990fb9f26e6a90f4,USD,,"Over $120 - Free Delivery, Less than $120 - $12",https://goddiva.us/products/goddiva-bridesmaids-chiffon-maxi-dress-black,,,USD76,62769,Goddiva,1,,,,,,Womens,Dresses
https://www.awin1.com/pclick.php?p=35831417921&a=2771700&m=24726,Goddiva Bridesmaids Chiffon Maxi Dress - Black,35831417921,DR3777-BLACK-10,https://cdn.shopify.com/s/files/1/0487/8834/0899/files/DR3777_BLACK_FRONT_1713172177.jpg,"The Chiffon bandeau maxi dress with a feather detail can be a great choice for bridesmaids and prom. The delicate chiffon fabric gives the dress a luxurious and elegant look, while the bandeau style adds a modern touch to this ravishing black. The feather detail can also add a touch of glamour and give you more of a statement piece to wear, allowing for spotlight moments. Whether for bridesmaids or prom, this type of dress can make a statement and help you stand out from the crowd. This black chiffon occasion dress can be a versatile and elegant choice for any season. Make sure to pair it with the right accessories, such as high heels and statement jewellery, to complete the look.",Dresses,18,Goddiva,24726,Women's Dresses & Skirts,198,https://images2.productserve.com/?w=200&h=200&bg=white&trim=5&t=letterbox&url=ssl%3Acdn.shopify.com%2Fs%2Ffiles%2F1%2F0487%2F8834%2F0899%2Ffiles%2FDR3777_BLACK_FRONT_1713172177.jpg&feedId=62769&k=cf228e22d271fb431f11d8d5990fb9f26e6a90f4,USD,,"Over $120 - Free Delivery, Less than $120 - $12",https://goddiva.us/products/goddiva-bridesmaids-chiffon-maxi-dress-black,,,USD76,62769,Goddiva,1,,,,,,Womens,Dresses
https://www.awin1.com/pclick.php?p=35831417920&a=2771700&m=24726,Goddiva Bridesmaids Chiffon Maxi Dress - Black,35831417920,DR3777-BLACK-8,https://cdn.shopify.com/s/files/1/0487/8834/0899/files/DR3777_BLACK_FRONT_1713172177.jpg,"The Chiffon bandeau maxi dress with a feather detail can be a great choice for bridesmaids and prom. The delicate chiffon fabric gives the dress a luxurious and elegant look, while the bandeau style adds a modern touch to this ravishing black. The feather detail can also add a touch of glamour and give you more of a statement piece to wear, allowing for spotlight moments. Whether for bridesmaids or prom, this type of dress can make a statement and help you stand out from the crowd. This black chiffon occasion dress can be a versatile and elegant choice for any season. Make sure to pair it with the right accessories, such as high heels and statement jewellery, to complete the look.",Dresses,18,Goddiva,24726,Women's Dresses & Skirts,198,https://images2.productserve.com/?w=200&h=200&bg=white&trim=5&t=letterbox&url=ssl%3Acdn.shopify.com%2Fs%2Ffiles%2F1%2F0487%2F8834%2F0899%2Ffiles%2FDR3777_BLACK_FRONT_1713172177.jpg&feedId=62769&k=cf228e22d271fb431f11d8d5990fb9f26e6a90f4,USD,,"Over $120 - Free Delivery, Less than $120 - $12",https://goddiva.us/products/goddiva-bridesmaids-chiffon-maxi-dress-black,,,USD76,62769,Goddiva,1,,,,,,Womens,Dresses
https://www.awin1.com/pclick.php?p=35831417922&a=2771700&m=24726,Goddiva Bridesmaids Chiffon Maxi Dress - Black,35831417922,DR3777-BLACK-12,https://cdn.shopify.com/s/files/1/0487/8834/0899/files/DR3777_BLACK_FRONT_1713172177.jpg,"The Chiffon bandeau maxi dress with a feather detail can be a great choice for bridesmaids and prom. The delicate chiffon fabric gives the dress a luxurious and elegant look, while the bandeau style adds a modern touch to this ravishing black. The feather detail can also add a touch of glamour and give you more of a statement piece to wear, allowing for spotlight moments. Whether for bridesmaids or prom, this type of dress can make a statement and help you stand out from the crowd. This black chiffon occasion dress can be a versatile and elegant choice for any season. Make sure to pair it with the right accessories, such as high heels and statement jewellery, to complete the look.",Dresses,18,Goddiva,24726,Women's Dresses & Skirts,198,https://images2.productserve.com/?w=200&h=200&bg=white&trim=5&t=letterbox&url=ssl%3Acdn.shopify.com%2Fs%2Ffiles%2F1%2F0487%2F8834%2F0899%2Ffiles%2FDR3777_BLACK_FRONT_1713172177.jpg&feedId=62769&k=cf228e22d271fb431f11d8d5990fb9f26e6a90f4,USD,,"Over $120 - Free Delivery, Less than $120 - $12",https://goddiva.us/products/goddiva-bridesmaids-chiffon-maxi-dress-black,,,USD76,62769,Goddiva,1,,,,,,Womens,Dresses
https://www.awin1.com/pclick.php?p=35831417947&a=2771700&m=24726,Goddiva Bridesmaids Chiffon Maxi Dress - Navy,35831417947,DR3777-NAVY-14,https://cdn.shopify.com/s/files/1/0487/8834/0899/files/25910_1717430374.jpg,"The Chiffon bandeau maxi dress with a feather detail can be a great choice for bridesmaids and prom. The delicate chiffon fabric gives the dress a luxurious and elegant look, while the bandeau style adds a modern touch to this ravishing dark blue. The feather detail can also add a touch of glamour and give you more of a statement piece to wear, allowing for spotlight moments. Whether for bridesmaids or prom, this type of dress can make a statement and help you stand out from the crowd. This navy chiffon occasion dress can be a versatile and elegant choice for any season. Make sure to pair it with the right accessories, such as high heels and statement jewellery, to complete the look",Dresses,38,Goddiva,24726,Women's Dresses & Skirts,198,https://images2.productserve.com/?w=200&h=200&bg=white&trim=5&t=letterbox&url=ssl%3Acdn.shopify.com%2Fs%2Ffiles%2F1%2F0487%2F8834%2F0899%2Ffiles%2F25910_1717430374.jpg&feedId=62769&k=931aed324337fc80088c3d213cdb0f6dcb67c252,USD,,"Over $120 - Free Delivery, Less than $120 - $12",https://goddiva.us/products/goddiva-bridesmaids-chiffon-maxi-dress-navy,,,USD76,62769,Goddiva,1,,,,,,Womens,Dresses
https://www.awin1.com/pclick.php?p=35831417945&a=2771700&m=24726,Goddiva Bridesmaids Chiffon Maxi Dress - Navy,35831417945,DR3777-NAVY-10,https://cdn.shopify.com/s/files/1/0487/8834/0899/files/25910_1717430374.jpg,"The Chiffon bandeau maxi dress with a feather detail can be a great choice for bridesmaids and prom. The delicate chiffon fabric gives the dress a luxurious and elegant look, while the bandeau style adds a modern touch to this ravishing dark blue. The feather detail can also add a touch of glamour and give you more of a statement piece to wear, allowing for spotlight moments. Whether for bridesmaids or prom, this type of dress can make a statement and help you stand out from the crowd. This navy chiffon occasion dress can be a versatile and elegant choice for any season. Make sure to pair it with the right accessories, such as high heels and statement jewellery, to complete the look",Dresses,38,Goddiva,24726,Women's Dresses & Skirts,198,https://images2.productserve.com/?w=200&h=200&bg=white&trim=5&t=letterbox&url=ssl%3Acdn.shopify.com%2Fs%2Ffiles%2F1%2F0487%2F8834%2F0899%2Ffiles%2F25910_1717430374.jpg&feedId=62769&k=931aed324337fc80088c3d213cdb0f6dcb67c252,USD,,"Over $120 - Free Delivery, Less than $120 - $12",https://goddiva.us/products/goddiva-bridesmaids-chiffon-maxi-dress-navy,,,USD76,62769,Goddiva,1,,,,,,Womens,Dresses
https://www.awin1.com/pclick.php?p=35831417928&a=2771700&m=24726,Goddiva Bridesmaids Chiffon Maxi Dress - Blue,35831417928,DR3777-BLUE-12,https://cdn.shopify.com/s/files/1/0487/8834/0899/files/DR3777_blue_33003_front_1767705866.jpg,"The Chiffon bandeau maxi dress with a feather detail can be a great choice for bridesmaids and prom. The delicate chiffon fabric gives the dress a luxurious and elegant look, while the bandeau style adds a modern touch to this ravishing blue. The feather detail can also add a touch of glamour and give you more of a statement piece to wear, allowing for spotlight moments. Whether for bridesmaids or prom, this type of dress can make a statement and help you stand out from the crowd. This blue chiffon occasion dress can be a versatile and elegant choice for any season. Make sure to pair it with the right accessories, such as high heels and statement jewellery, to complete the look.",Dresses,38,Goddiva,24726,Women's Dresses & Skirts,198,https://images2.productserve.com/?w=200&h=200&bg=white&trim=5&t=letterbox&url=ssl%3Acdn.shopify.com%2Fs%2Ffiles%2F1%2F0487%2F8834%2F0899%2Ffiles%2FDR3777_blue_33003_front_1767705866.jpg&feedId=62769&k=2a28cda538fdb044fbf319ddc2113937f85010db,USD,,"Over $120 - Free Delivery, Less than $120 - $12",https://goddiva.us/products/goddiva-bridesmaids-chiffon-maxi-dress-blue,,,USD76,62769,Goddiva,1,,,,,,Womens,Dresses
https://www.awin1.com/pclick.php?p=35831417946&a=2771700&m=24726,Goddiva Bridesmaids Chiffon Maxi Dress - Navy,35831417946,DR3777-NAVY-12,https://cdn.shopify.com/s/files/1/0487/8834/0899/files/25910_1717430374.jpg,"The Chiffon bandeau maxi dress with a feather detail can be a great choice for bridesmaids and prom. The delicate chiffon fabric gives the dress a luxurious and elegant look, while the bandeau style adds a modern touch to this ravishing dark blue. The feather detail can also add a touch of glamour and give you more of a statement piece to wear, allowing for spotlight moments. Whether for bridesmaids or prom, this type of dress can make a statement and help you stand out from the crowd. This navy chiffon occasion dress can be a versatile and elegant choice for any season. Make sure to pair it with the right accessories, such as high heels and statement jewellery, to complete the look",Dresses,38,Goddiva,24726,Women's Dresses & Skirts,198,https://images2.productserve.com/?w=200&h=200&bg=white&trim=5&t=letterbox&url=ssl%3Acdn.shopify.com%2Fs%2Ffiles%2F1%2F0487%2F8834%2F0899%2Ffiles%2F25910_1717430374.jpg&feedId=62769&k=931aed324337fc80088c3d213cdb0f6dcb67c252,USD,,"Over $120 - Free Delivery, Less than $120 - $12",https://goddiva.us/products/goddiva-bridesmaids-chiffon-maxi-dress-navy,,,USD76,62769,Goddiva,1,,,,,,Womens,Dresses
https://www.awin1.com/pclick.php?p=35831417926&a=2771700&m=24726,Goddiva Bridesmaids Chiffon Maxi Dress - Blue,35831417926,DR3777-BLUE-8,https://cdn.shopify.com/s/files/1/0487/8834/0899/files/DR3777_blue_33003_front_1767705866.jpg,"The Chiffon bandeau maxi dress with a feather detail can be a great choice for bridesmaids and prom. The delicate chiffon fabric gives the dress a luxurious and elegant look, while the bandeau style adds a modern touch to this ravishing blue. The feather detail can also add a touch of glamour and give you more of a statement piece to wear, allowing for spotlight moments. Whether for bridesmaids or prom, this type of dress can make a statement and help you stand out from the crowd. This blue chiffon occasion dress can be a versatile and elegant choice for any season. Make sure to pair it with the right accessories, such as high heels and statement jewellery, to complete the look.",Dresses,38,Goddiva,24726,Women's Dresses & Skirts,198,https://images2.productserve.com/?w=200&h=200&bg=white&trim=5&t=letterbox&url=ssl%3Acdn.shopify.com%2Fs%2Ffiles%2F1%2F0487%2F8834%2F0899%2Ffiles%2FDR3777_blue_33003_front_1767705866.jpg&feedId=62769&k=2a28cda538fdb044fbf319ddc2113937f85010db,USD,,"Over $120 - Free Delivery, Less than $120 - $12",https://goddiva.us/products/goddiva-bridesmaids-chiffon-maxi-dress-blue,,,USD76,62769,Goddiva,1,,,,,,Womens,Dresses
https://www.awin1.com/pclick.php?p=35831417929&a=2771700&m=24726,Goddiva Bridesmaids Chiffon Maxi Dress - Blue,35831417929,DR3777-BLUE-14,https://cdn.shopify.com/s/files/1/0487/8834/0899/files/DR3777_blue_33003_front_1767705866.jpg,"The Chiffon bandeau maxi dress with a feather detail can be a great choice for bridesmaids and prom. The delicate chiffon fabric gives the dress a luxurious and elegant look, while the bandeau style adds a modern touch to this ravishing blue. The feather detail can also add a touch of glamour and give you more of a statement piece to wear, allowing for spotlight moments. Whether for bridesmaids or prom, this type of dress can make a statement and help you stand out from the crowd. This blue chiffon occasion dress can be a versatile and elegant choice for any season. Make sure to pair it with the right accessories, such as high heels and statement jewellery, to complete the look.",Dresses,38,Goddiva,24726,Women's Dresses & Skirts,198,https://images2.productserve.com/?w=200&h=200&bg=white&trim=5&t=letterbox&url=ssl%3Acdn.shopify.com%2Fs%2Ffiles%2F1%2F0487%2F8834%2F0899%2Ffiles%2FDR3777_blue_33003_front_1767705866.jpg&feedId=62769&k=2a28cda538fdb044fbf319ddc2113937f85010db,USD,,"Over $120 - Free Delivery, Less than $120 - $12",https://goddiva.us/products/goddiva-bridesmaids-chiffon-maxi-dress-blue,,,USD76,62769,Goddiva,1,,,,,,Womens,Dresses
https://www.awin1.com/pclick.php?p=35831417927&a=2771700&m=24726,Goddiva Bridesmaids Chiffon Maxi Dress - Blue,35831417927,DR3777-BLUE-10,https://cdn.shopify.com/s/files/1/0487/8834/0899/files/DR3777_blue_33003_front_1767705866.jpg,"The Chiffon bandeau maxi dress with a feather detail can be a great choice for bridesmaids and prom. The delicate chiffon fabric gives the dress a luxurious and elegant look, while the bandeau style adds a modern touch to this ravishing blue. The feather detail can also add a touch of glamour and give you more of a statement piece to wear, allowing for spotlight moments. Whether for bridesmaids or prom, this type of dress can make a statement and help you stand out from the crowd. This blue chiffon occasion dress can be a versatile and elegant choice for any season. Make sure to pair it with the right accessories, such as high heels and statement jewellery, to complete the look.",Dresses,38,Goddiva,24726,Women's Dresses & Skirts,198,https://images2.productserve.com/?w=200&h=200&bg=white&trim=5&t=letterbox&url=ssl%3Acdn.shopify.com%2Fs%2Ffiles%2F1%2F0487%2F8834%2F0899%2Ffiles%2FDR3777_blue_33003_front_1767705866.jpg&feedId=62769&k=2a28cda538fdb044fbf319ddc2113937f85010db,USD,,"Over $120 - Free Delivery, Less than $120 - $12",https://goddiva.us/products/goddiva-bridesmaids-chiffon-maxi-dress-blue,,,USD76,62769,Goddiva,1,,,,,,Womens,Dresses
https://www.awin1.com/pclick.php?p=33948213355&a=2771700&m=24726,Goddiva Tropical Print Midi With Batwing Sleeves - Green,33948213355,DR3662-GREEN-8,https://cdn.shopify.com/s/files/1/0487/8834/0899/files/32259_1721310309.jpg,"A vibrant Tropical Print Midi with Batwing Sleeves and a perfect addition to your summer collection. This three-quarter sleeve midi dress is sure to add extra glamour to any special occasion or look great for a casual lunch date with the girls. The green color makes it a great summer piece that can be thrown on for any occasion. With its tropical banana leaf print, this short summer dress is one not to skip out on. A great pick for wedding guests, garden parties, BBQs holidays and anything to do with sunshine. Dresses always look great, and when the weather is hot, you can make a good dress even better with a daring print or bright color. Team with sandals or wedges to complete the summer look.",Dresses,32,Goddiva,24726,Women's Dresses & Skirts,198,https://images2.productserve.com/?w=200&h=200&bg=white&trim=5&t=letterbox&url=ssl%3Acdn.shopify.com%2Fs%2Ffiles%2F1%2F0487%2F8834%2F0899%2Ffiles%2F32259_1721310309.jpg&feedId=62769&k=cb171ab32991681aafd23e863a83cfca66b58335,USD,,"Over $120 - Free Delivery, Less than $120 - $12",https://goddiva.us/products/goddiva-tropical-print-midi-with-batwing-sleeves-green,,,USD96,62769,Goddiva,1,,,,,,Womens,Dresses
https://www.awin1.com/pclick.php?p=33948213357&a=2771700&m=24726,Goddiva Tropical Print Midi With Batwing Sleeves - Green,33948213357,DR3662-GREEN-10,https://cdn.shopify.com/s/files/1/0487/8834/0899/files/32259_1721310309.jpg,"A vibrant Tropical Print Midi with Batwing Sleeves and a perfect addition to your summer collection. This three-quarter sleeve midi dress is sure to add extra glamour to any special occasion or look great for a casual lunch date with the girls. The green color makes it a great summer piece that can be thrown on for any occasion. With its tropical banana leaf print, this short summer dress is one not to skip out on. A great pick for wedding guests, garden parties, BBQs holidays and anything to do with sunshine. Dresses always look great, and when the weather is hot, you can make a good dress even better with a daring print or bright color. Team with sandals or wedges to complete the summer look.",Dresses,32,Goddiva,24726,Women's Dresses & Skirts,198,https://images2.productserve.com/?w=200&h=200&bg=white&trim=5&t=letterbox&url=ssl%3Acdn.shopify.com%2Fs%2Ffiles%2F1%2F0487%2F8834%2F0899%2Ffiles%2F32259_1721310309.jpg&feedId=62769&k=cb171ab32991681aafd23e863a83cfca66b58335,USD,,"Over $120 - Free Delivery, Less than $120 - $12",https://goddiva.us/products/goddiva-tropical-print-midi-with-batwing-sleeves-green,,,USD96,62769,Goddiva,1,,,,,,Womens,Dresses
https://www.awin1.com/pclick.php?p=33948213359&a=2771700&m=24726,Goddiva Tropical Print Midi With Batwing Sleeves - Green,33948213359,DR3662-GREEN-12,https://cdn.shopify.com/s/files/1/0487/8834/0899/files/32259_1721310309.jpg,"A vibrant Tropical Print Midi with Batwing Sleeves and a perfect addition to your summer collection. This three-quarter sleeve midi dress is sure to add extra glamour to any special occasion or look great for a casual lunch date with the girls. The green color makes it a great summer piece that can be thrown on for any occasion. With its tropical banana leaf print, this short summer dress is one not to skip out on. A great pick for wedding guests, garden parties, BBQs holidays and anything to do with sunshine. Dresses always look great, and when the weather is hot, you can make a good dress even better with a daring print or bright color. Team with sandals or wedges to complete the summer look.",Dresses,32,Goddiva,24726,Women's Dresses & Skirts,198,https://images2.productserve.com/?w=200&h=200&bg=white&trim=5&t=letterbox&url=ssl%3Acdn.shopify.com%2Fs%2Ffiles%2F1%2F0487%2F8834%2F0899%2Ffiles%2F32259_1721310309.jpg&feedId=62769&k=cb171ab32991681aafd23e863a83cfca66b58335,USD,,"Over $120 - Free Delivery, Less than $120 - $12",https://goddiva.us/products/goddiva-tropical-print-midi-with-batwing-sleeves-green,,,USD96,62769,Goddiva,1,,,,,,Womens,Dresses
https://www.awin1.com/pclick.php?p=36085226513&a=2771700&m=24726,Goddiva V Neck Pleated Midi With Split Detail - Rust,36085226513,DR1352-RUST-12,https://cdn.shopify.com/s/files/1/0487/8834/0899/products/DR1352_rust_front_l_20_281_29_1690881562.jpg,"With summer right around the corner, we have the perfect spring-summer number for you this season. In its classic style this three-quarter sleeve dress is a great pick to add to your working wardrobe.",Dresses,14,Goddiva,24726,Women's Dresses & Skirts,198,https://images2.productserve.com/?w=200&h=200&bg=white&trim=5&t=letterbox&url=ssl%3Acdn.shopify.com%2Fs%2Ffiles%2F1%2F0487%2F8834%2F0899%2Fproducts%2FDR1352_rust_front_l_20_281_29_1690881562.jpg&feedId=62769&k=1c6c1e9f032d299ad41d45846a855881b9155364,USD,,"Over $120 - Free Delivery, Less than $120 - $12",https://goddiva.us/products/goddiva-v-neck-pleated-midi-with-split-detail-rust,,,USD70,62769,Goddiva,1,,,,,,Womens,Dresses
https://www.awin1.com/pclick.php?p=36085226511&a=2771700&m=24726,Goddiva V Neck Pleated Midi With Split Detail - Rust,36085226511,DR1352-RUST-8,https://cdn.shopify.com/s/files/1/0487/8834/0899/products/DR1352_rust_front_l_20_281_29_1690881562.jpg,"With summer right around the corner, we have the perfect spring-summer number for you this season. In its classic style this three-quarter sleeve dress is a great pick to add to your working wardrobe.",Dresses,14,Goddiva,24726,Women's Dresses & Skirts,198,https://images2.productserve.com/?w=200&h=200&bg=white&trim=5&t=letterbox&url=ssl%3Acdn.shopify.com%2Fs%2Ffiles%2F1%2F0487%2F8834%2F0899%2Fproducts%2FDR1352_rust_front_l_20_281_29_1690881562.jpg&feedId=62769&k=1c6c1e9f032d299ad41d45846a855881b9155364,USD,,"Over $120 - Free Delivery, Less than $120 - $12",https://goddiva.us/products/goddiva-v-neck-pleated-midi-with-split-detail-rust,,,USD70,62769,Goddiva,1,,,,,,Womens,Dresses
https://www.awin1.com/pclick.php?p=36085226512&a=2771700&m=24726,Goddiva V Neck Pleated Midi With Split Detail - Rust,36085226512,DR1352-RUST-10,https://cdn.shopify.com/s/files/1/0487/8834/0899/products/DR1352_rust_front_l_20_281_29_1690881562.jpg,"With summer right around the corner, we have the perfect spring-summer number for you this season. In its classic style this three-quarter sleeve dress is a great pick to add to your working wardrobe.",Dresses,14,Goddiva,24726,Women's Dresses & Skirts,198,https://images2.productserve.com/?w=200&h=200&bg=white&trim=5&t=letterbox&url=ssl%3Acdn.shopify.com%2Fs%2Ffiles%2F1%2F0487%2F8834%2F0899%2Fproducts%2FDR1352_rust_front_l_20_281_29_1690881562.jpg&feedId=62769&k=1c6c1e9f032d299ad41d45846a855881b9155364,USD,,"Over $120 - Free Delivery, Less than $120 - $12",https://goddiva.us/products/goddiva-v-neck-pleated-midi-with-split-detail-rust,,,USD70,62769,Goddiva,1,,,,,,Womens,Dresses
https://www.awin1.com/pclick.php?p=36108716615&a=2771700&m=24726,Goddiva Batwing Sleeve Midi Dress - Royal Blue,36108716615,DR3647-ROYALBLUE-8,https://cdn.shopify.com/s/files/1/0487/8834/0899/files/DR3647_royalblue_front_1729674756.jpg,"This batwing sleeve midi from Goddiva is a perfect addition to your Autumn Winter wardrobe. This three-quarter sleeve midi dress is sure to add extra glamour to any special occasion or look great for a casual lunch date with the girls. The dark blue color makes it a great piece that can be thrown on for any occasion this season. With its classic simple yet chic style, this short dress is one not to skip out on. A great pick for wedding guests, dinner dates, cocktails with friends and all other semi formal occasions, no matter the season. Dresses always look great, and when the weather is hot, you can make a good dress even better in the cold, with its stunning royal blue color. Team with heels to complete the look.",Dresses,28,Goddiva,24726,Women's Dresses & Skirts,198,https://images2.productserve.com/?w=200&h=200&bg=white&trim=5&t=letterbox&url=ssl%3Acdn.shopify.com%2Fs%2Ffiles%2F1%2F0487%2F8834%2F0899%2Ffiles%2FDR3647_royalblue_front_1729674756.jpg&feedId=62769&k=2a1f9bb7146de298ed49f48a8533371108d702d0,USD,,"Over $120 - Free Delivery, Less than $120 - $12",https://goddiva.us/products/goddiva-batwing-sleeve-midi-dress-royal-blue,,,USD56,62769,Goddiva,1,,,,,,Womens,Dresses
https://www.awin1.com/pclick.php?p=36108716611&a=2771700&m=24726,Goddiva Batwing Sleeve Midi Dress - Purple,36108716611,DR3647-PURPLE-10,https://cdn.shopify.com/s/files/1/0487/8834/0899/files/DR3647_Purple_front_1729674639.jpg,"This batwing sleeve midi from Goddiva is a perfect addition to your Autumn Winter wardrobe. This three-quarter sleeve midi dress is sure to add extra glamour to any special occasion or look great for a casual lunch date with the girls. The aubergine color makes it a great piece that can be thrown on for any occasion this season. With its classic simple yet chic style, this short dress is one not to skip out on. A great pick for wedding guests, dinner dates, cocktails with friends and all other semi formal occasions, no matter the season. Dresses always look great, and when the weather is hot, you can make a good dress even better in the cold, with its stunning purple color. Team with heels to complete the look.",Dresses,28,Goddiva,24726,Women's Dresses & Skirts,198,https://images2.productserve.com/?w=200&h=200&bg=white&trim=5&t=letterbox&url=ssl%3Acdn.shopify.com%2Fs%2Ffiles%2F1%2F0487%2F8834%2F0899%2Ffiles%2FDR3647_Purple_front_1729674639.jpg&feedId=62769&k=4b2ea6edc05c6c00e7c55a728428e06f82e06e04,USD,,"Over $120 - Free Delivery, Less than $120 - $12",https://goddiva.us/products/goddiva-batwing-sleeve-midi-dress-purple,,,USD56,62769,Goddiva,1,,,,,,Womens,Dresses
https://www.awin1.com/pclick.php?p=36108716616&a=2771700&m=24726,Goddiva Batwing Sleeve Midi Dress - Royal Blue,36108716616,DR3647-ROYALBLUE-10,https://cdn.shopify.com/s/files/1/0487/8834/0899/files/DR3647_royalblue_front_1729674756.jpg,"This batwing sleeve midi from Goddiva is a perfect addition to your Autumn Winter wardrobe. This three-quarter sleeve midi dress is sure to add extra glamour to any special occasion or look great for a casual lunch date with the girls. The dark blue color makes it a great piece that can be thrown on for any occasion this season. With its classic simple yet chic style, this short dress is one not to skip out on. A great pick for wedding guests, dinner dates, cocktails with friends and all other semi formal occasions, no matter the season. Dresses always look great, and when the weather is hot, you can make a good dress even better in the cold, with its stunning royal blue color. Team with heels to complete the look.",Dresses,28,Goddiva,24726,Women's Dresses & Skirts,198,https://images2.productserve.com/?w=200&h=200&bg=white&trim=5&t=letterbox&url=ssl%3Acdn.shopify.com%2Fs%2Ffiles%2F1%2F0487%2F8834%2F0899%2Ffiles%2FDR3647_royalblue_front_1729674756.jpg&feedId=62769&k=2a1f9bb7146de298ed49f48a8533371108d702d0,USD,,"Over $120 - Free Delivery, Less than $120 - $12",https://goddiva.us/products/goddiva-batwing-sleeve-midi-dress-royal-blue,,,USD56,62769,Goddiva,1,,,,,,Womens,Dresses
https://www.awin1.com/pclick.php?p=36108716617&a=2771700&m=24726,Goddiva Batwing Sleeve Midi Dress - Royal Blue,36108716617,DR3647-ROYALBLUE-12,https://cdn.shopify.com/s/files/1/0487/8834/0899/files/DR3647_royalblue_front_1729674756.jpg,"This batwing sleeve midi from Goddiva is a perfect addition to your Autumn Winter wardrobe. This three-quarter sleeve midi dress is sure to add extra glamour to any special occasion or look great for a casual lunch date with the girls. The dark blue color makes it a great piece that can be thrown on for any occasion this season. With its classic simple yet chic style, this short dress is one not to skip out on. A great pick for wedding guests, dinner dates, cocktails with friends and all other semi formal occasions, no matter the season. Dresses always look great, and when the weather is hot, you can make a good dress even better in the cold, with its stunning royal blue color. Team with heels to complete the look.",Dresses,28,Goddiva,24726,Women's Dresses & Skirts,198,https://images2.productserve.com/?w=200&h=200&bg=white&trim=5&t=letterbox&url=ssl%3Acdn.shopify.com%2Fs%2Ffiles%2F1%2F0487%2F8834%2F0899%2Ffiles%2FDR3647_royalblue_front_1729674756.jpg&feedId=62769&k=2a1f9bb7146de298ed49f48a8533371108d702d0,USD,,"Over $120 - Free Delivery, Less than $120 - $12",https://goddiva.us/products/goddiva-batwing-sleeve-midi-dress-royal-blue,,,USD56,62769,Goddiva,1,,,,,,Womens,Dresses
https://www.awin1.com/pclick.php?p=36108716610&a=2771700&m=24726,Goddiva Batwing Sleeve Midi Dress - Purple,36108716610,DR3647-PURPLE-8,https://cdn.shopify.com/s/files/1/0487/8834/0899/files/DR3647_Purple_front_1729674639.jpg,"This batwing sleeve midi from Goddiva is a perfect addition to your Autumn Winter wardrobe. This three-quarter sleeve midi dress is sure to add extra glamour to any special occasion or look great for a casual lunch date with the girls. The aubergine color makes it a great piece that can be thrown on for any occasion this season. With its classic simple yet chic style, this short dress is one not to skip out on. A great pick for wedding guests, dinner dates, cocktails with friends and all other semi formal occasions, no matter the season. Dresses always look great, and when the weather is hot, you can make a good dress even better in the cold, with its stunning purple color. Team with heels to complete the look.",Dresses,28,Goddiva,24726,Women's Dresses & Skirts,198,https://images2.productserve.com/?w=200&h=200&bg=white&trim=5&t=letterbox&url=ssl%3Acdn.shopify.com%2Fs%2Ffiles%2F1%2F0487%2F8834%2F0899%2Ffiles%2FDR3647_Purple_front_1729674639.jpg&feedId=62769&k=4b2ea6edc05c6c00e7c55a728428e06f82e06e04,USD,,"Over $120 - Free Delivery, Less than $120 - $12",https://goddiva.us/products/goddiva-batwing-sleeve-midi-dress-purple,,,USD56,62769,Goddiva,1,,,,,,Womens,Dresses
https://www.awin1.com/pclick.php?p=36108716612&a=2771700&m=24726,Goddiva Batwing Sleeve Midi Dress - Purple,36108716612,DR3647-PURPLE-12,https://cdn.shopify.com/s/files/1/0487/8834/0899/files/DR3647_Purple_front_1729674639.jpg,"This batwing sleeve midi from Goddiva is a perfect addition to your Autumn Winter wardrobe. This three-quarter sleeve midi dress is sure to add extra glamour to any special occasion or look great for a casual lunch date with the girls. The aubergine color makes it a great piece that can be thrown on for any occasion this season. With its classic simple yet chic style, this short dress is one not to skip out on. A great pick for wedding guests, dinner dates, cocktails with friends and all other semi formal occasions, no matter the season. Dresses always look great, and when the weather is hot, you can make a good dress even better in the cold, with its stunning purple color. Team with heels to complete the look.",Dresses,28,Goddiva,24726,Women's Dresses & Skirts,198,https://images2.productserve.com/?w=200&h=200&bg=white&trim=5&t=letterbox&url=ssl%3Acdn.shopify.com%2Fs%2Ffiles%2F1%2F0487%2F8834%2F0899%2Ffiles%2FDR3647_Purple_front_1729674639.jpg&feedId=62769&k=4b2ea6edc05c6c00e7c55a728428e06f82e06e04,USD,,"Over $120 - Free Delivery, Less than $120 - $12",https://goddiva.us/products/goddiva-batwing-sleeve-midi-dress-purple,,,USD56,62769,Goddiva,1,,,,,,Womens,Dresses
https://www.awin1.com/pclick.php?p=36112916668&a=2771700&m=24726,Goddiva Open Back One Sleeve Lurex Midi - Royal Blue,36112916668,DR3749-ROYALBLUE-10,https://cdn.shopify.com/s/files/1/0487/8834/0899/files/DR3749-ROYALBLUE_0_FRONT_1714644271.jpg,"Be a showstopper at your next event with this eye-catching, alluring and bold lurex midi dress that has an open back, one sleeve, and is finished with a mini length. This blue dress will surely give you a noticeable look when worn at parties or night outs. This is the ultimate dress to make a statement at all night events, whether it's for date nights, wedding guests, nights out with friends and any other evening occasion. Wear it out with your favourite heels or strappy heeled sandals for instant glamour.",Dresses,30,Goddiva,24726,Women's Dresses & Skirts,198,https://images2.productserve.com/?w=200&h=200&bg=white&trim=5&t=letterbox&url=ssl%3Acdn.shopify.com%2Fs%2Ffiles%2F1%2F0487%2F8834%2F0899%2Ffiles%2FDR3749-ROYALBLUE_0_FRONT_1714644271.jpg&feedId=62769&k=ef4a50e82437fd2dca5bf02934b12f7e88edc51f,USD,,"Over $120 - Free Delivery, Less than $120 - $12",https://goddiva.us/products/goddiva-open-back-one-sleeve-lurex-midi-royal-blue,,,USD96,62769,Goddiva,1,,,,,,Womens,Dresses
https://www.awin1.com/pclick.php?p=36112916669&a=2771700&m=24726,Goddiva Open Back One Sleeve Lurex Midi - Royal Blue,36112916669,DR3749-ROYALBLUE-12,https://cdn.shopify.com/s/files/1/0487/8834/0899/files/DR3749-ROYALBLUE_0_FRONT_1714644271.jpg,"Be a showstopper at your next event with this eye-catching, alluring and bold lurex midi dress that has an open back, one sleeve, and is finished with a mini length. This blue dress will surely give you a noticeable look when worn at parties or night outs. This is the ultimate dress to make a statement at all night events, whether it's for date nights, wedding guests, nights out with friends and any other evening occasion. Wear it out with your favourite heels or strappy heeled sandals for instant glamour.",Dresses,30,Goddiva,24726,Women's Dresses & Skirts,198,https://images2.productserve.com/?w=200&h=200&bg=white&trim=5&t=letterbox&url=ssl%3Acdn.shopify.com%2Fs%2Ffiles%2F1%2F0487%2F8834%2F0899%2Ffiles%2FDR3749-ROYALBLUE_0_FRONT_1714644271.jpg&feedId=62769&k=ef4a50e82437fd2dca5bf02934b12f7e88edc51f,USD,,"Over $120 - Free Delivery, Less than $120 - $12",https://goddiva.us/products/goddiva-open-back-one-sleeve-lurex-midi-royal-blue,,,USD96,62769,Goddiva,1,,,,,,Womens,Dresses
https://www.awin1.com/pclick.php?p=36112916667&a=2771700&m=24726,Goddiva Open Back One Sleeve Lurex Midi - Royal Blue,36112916667,DR3749-ROYALBLUE-8,https://cdn.shopify.com/s/files/1/0487/8834/0899/files/DR3749-ROYALBLUE_0_FRONT_1714644271.jpg,"Be a showstopper at your next event with this eye-catching, alluring and bold lurex midi dress that has an open back, one sleeve, and is finished with a mini length. This blue dress will surely give you a noticeable look when worn at parties or night outs. This is the ultimate dress to make a statement at all night events, whether it's for date nights, wedding guests, nights out with friends and any other evening occasion. Wear it out with your favourite heels or strappy heeled sandals for instant glamour.",Dresses,30,Goddiva,24726,Women's Dresses & Skirts,198,https://images2.productserve.com/?w=200&h=200&bg=white&trim=5&t=letterbox&url=ssl%3Acdn.shopify.com%2Fs%2Ffiles%2F1%2F0487%2F8834%2F0899%2Ffiles%2FDR3749-ROYALBLUE_0_FRONT_1714644271.jpg&feedId=62769&k=ef4a50e82437fd2dca5bf02934b12f7e88edc51f,USD,,"Over $120 - Free Delivery, Less than $120 - $12",https://goddiva.us/products/goddiva-open-back-one-sleeve-lurex-midi-royal-blue,,,USD96,62769,Goddiva,1,,,,,,Womens,Dresses
https://www.awin1.com/pclick.php?p=36129720982&a=2771700&m=24726,Goddiva Printed Tie Back Midi Dress - Orange,36129720982,DR3576-ORANGE-8,https://cdn.shopify.com/s/files/1/0487/8834/0899/files/DR3576-ORANGE20260_FRONT_1712154527.jpg,"Get ready to turn heads this summer with our printed tie back midi dress! Perfect for those fun and casual holiday occasions, this orange dress is made to impress. Crafted with a gorgeous printed design, this midi dress is sure to make you stand out in any crowd. The tie-back feature adds a touch of fun and flirtiness to this orange dress, making it perfect for any summer occasion. Whether you're going out with friends or simply enjoying a day out in the sun, this printed tie back midi dress is the perfect choice. The lightweight fabric ensures that you stay comfortable and cool, no matter how high the temperatures rise. So why wait? Embrace the summer season in style with our Printed Tie Back Midi dress. Order yours today and get ready to make a statement wherever you go!",Dresses,20,Goddiva,24726,Women's Dresses & Skirts,198,https://images2.productserve.com/?w=200&h=200&bg=white&trim=5&t=letterbox&url=ssl%3Acdn.shopify.com%2Fs%2Ffiles%2F1%2F0487%2F8834%2F0899%2Ffiles%2FDR3576-ORANGE20260_FRONT_1712154527.jpg&feedId=62769&k=ca6b12e85feb56fd778ec30c16e2806c0af210ca,USD,,"Over $120 - Free Delivery, Less than $120 - $12",https://goddiva.us/products/goddiva-printed-tie-back-midi-dress-orange,,,USD76,62769,Goddiva,1,,,,,,Womens,Dresses
https://www.awin1.com/pclick.php?p=36129720983&a=2771700&m=24726,Goddiva Printed Tie Back Midi Dress - Orange,36129720983,DR3576-ORANGE-10,https://cdn.shopify.com/s/files/1/0487/8834/0899/files/DR3576-ORANGE20260_FRONT_1712154527.jpg,"Get ready to turn heads this summer with our printed tie back midi dress! Perfect for those fun and casual holiday occasions, this orange dress is made to impress. Crafted with a gorgeous printed design, this midi dress is sure to make you stand out in any crowd. The tie-back feature adds a touch of fun and flirtiness to this orange dress, making it perfect for any summer occasion. Whether you're going out with friends or simply enjoying a day out in the sun, this printed tie back midi dress is the perfect choice. The lightweight fabric ensures that you stay comfortable and cool, no matter how high the temperatures rise. So why wait? Embrace the summer season in style with our Printed Tie Back Midi dress. Order yours today and get ready to make a statement wherever you go!",Dresses,20,Goddiva,24726,Women's Dresses & Skirts,198,https://images2.productserve.com/?w=200&h=200&bg=white&trim=5&t=letterbox&url=ssl%3Acdn.shopify.com%2Fs%2Ffiles%2F1%2F0487%2F8834%2F0899%2Ffiles%2FDR3576-ORANGE20260_FRONT_1712154527.jpg&feedId=62769&k=ca6b12e85feb56fd778ec30c16e2806c0af210ca,USD,,"Over $120 - Free Delivery, Less than $120 - $12",https://goddiva.us/products/goddiva-printed-tie-back-midi-dress-orange,,,USD76,62769,Goddiva,1,,,,,,Womens,Dresses
https://www.awin1.com/pclick.php?p=36129720981&a=2771700&m=24726,Goddiva Printed Tie Back Midi Dress - Orange,36129720981,DR3576-ORANGE-6,https://cdn.shopify.com/s/files/1/0487/8834/0899/files/DR3576-ORANGE20260_FRONT_1712154527.jpg,"Get ready to turn heads this summer with our printed tie back midi dress! Perfect for those fun and casual holiday occasions, this orange dress is made to impress. Crafted with a gorgeous printed design, this midi dress is sure to make you stand out in any crowd. The tie-back feature adds a touch of fun and flirtiness to this orange dress, making it perfect for any summer occasion. Whether you're going out with friends or simply enjoying a day out in the sun, this printed tie back midi dress is the perfect choice. The lightweight fabric ensures that you stay comfortable and cool, no matter how high the temperatures rise. So why wait? Embrace the summer season in style with our Printed Tie Back Midi dress. Order yours today and get ready to make a statement wherever you go!",Dresses,20,Goddiva,24726,Women's Dresses & Skirts,198,https://images2.productserve.com/?w=200&h=200&bg=white&trim=5&t=letterbox&url=ssl%3Acdn.shopify.com%2Fs%2Ffiles%2F1%2F0487%2F8834%2F0899%2Ffiles%2FDR3576-ORANGE20260_FRONT_1712154527.jpg&feedId=62769&k=ca6b12e85feb56fd778ec30c16e2806c0af210ca,USD,,"Over $120 - Free Delivery, Less than $120 - $12",https://goddiva.us/products/goddiva-printed-tie-back-midi-dress-orange,,,USD76,62769,Goddiva,1,,,,,,Womens,Dresses
https://www.awin1.com/pclick.php?p=36399160374&a=2771700&m=24726,Goddiva Bridesmaids Chiffon Maxi Dress - Sage Green,36399160374,DR3777-SAGEGREEN-14,https://cdn.shopify.com/s/files/1/0487/8834/0899/files/DR3777_sagegreen_32966_front_1767705917.jpg,"The Chiffon bandeau maxi dress with a feather detail can be a great choice for bridesmaids and prom. The delicate chiffon fabric gives the dress a luxurious and elegant look, while the bandeau style adds a modern touch to this ravishing pastel green. The feather detail can also add a touch of glamour and give you more of a statement piece to wear, allowing for spotlight moments. Whether for bridesmaids or prom, this type of dress can make a statement and help you stand out from the crowd. This sage green chiffon occasion dress can be a versatile and elegant choice for any season. Make sure to pair it with the right accessories, such as high heels and statement jewellery, to complete the look.",Dresses,38,Goddiva,24726,Women's Dresses & Skirts,198,https://images2.productserve.com/?w=200&h=200&bg=white&trim=5&t=letterbox&url=ssl%3Acdn.shopify.com%2Fs%2Ffiles%2F1%2F0487%2F8834%2F0899%2Ffiles%2FDR3777_sagegreen_32966_front_1767705917.jpg&feedId=62769&k=d3379ba8ccd3a6beffde77fcb9dc17bcc4554bef,USD,,"Over $120 - Free Delivery, Less than $120 - $12",https://goddiva.us/products/goddiva-bridesmaids-chiffon-maxi-dress-green,,,USD76,62769,Goddiva,1,,,,,,Womens,Dresses
https://www.awin1.com/pclick.php?p=36399160371&a=2771700&m=24726,Goddiva Bridesmaids Chiffon Maxi Dress - Sage Green,36399160371,DR3777-SAGEGREEN-8,https://cdn.shopify.com/s/files/1/0487/8834/0899/files/DR3777_sagegreen_32966_front_1767705917.jpg,"The Chiffon bandeau maxi dress with a feather detail can be a great choice for bridesmaids and prom. The delicate chiffon fabric gives the dress a luxurious and elegant look, while the bandeau style adds a modern touch to this ravishing pastel green. The feather detail can also add a touch of glamour and give you more of a statement piece to wear, allowing for spotlight moments. Whether for bridesmaids or prom, this type of dress can make a statement and help you stand out from the crowd. This sage green chiffon occasion dress can be a versatile and elegant choice for any season. Make sure to pair it with the right accessories, such as high heels and statement jewellery, to complete the look.",Dresses,38,Goddiva,24726,Women's Dresses & Skirts,198,https://images2.productserve.com/?w=200&h=200&bg=white&trim=5&t=letterbox&url=ssl%3Acdn.shopify.com%2Fs%2Ffiles%2F1%2F0487%2F8834%2F0899%2Ffiles%2FDR3777_sagegreen_32966_front_1767705917.jpg&feedId=62769&k=d3379ba8ccd3a6beffde77fcb9dc17bcc4554bef,USD,,"Over $120 - Free Delivery, Less than $120 - $12",https://goddiva.us/products/goddiva-bridesmaids-chiffon-maxi-dress-green,,,USD76,62769,Goddiva,1,,,,,,Womens,Dresses
https://www.awin1.com/pclick.php?p=36399160372&a=2771700&m=24726,Goddiva Bridesmaids Chiffon Maxi Dress - Sage Green,36399160372,DR3777-SAGEGREEN-10,https://cdn.shopify.com/s/files/1/0487/8834/0899/files/DR3777_sagegreen_32966_front_1767705917.jpg,"The Chiffon bandeau maxi dress with a feather detail can be a great choice for bridesmaids and prom. The delicate chiffon fabric gives the dress a luxurious and elegant look, while the bandeau style adds a modern touch to this ravishing pastel green. The feather detail can also add a touch of glamour and give you more of a statement piece to wear, allowing for spotlight moments. Whether for bridesmaids or prom, this type of dress can make a statement and help you stand out from the crowd. This sage green chiffon occasion dress can be a versatile and elegant choice for any season. Make sure to pair it with the right accessories, such as high heels and statement jewellery, to complete the look.",Dresses,38,Goddiva,24726,Women's Dresses & Skirts,198,https://images2.productserve.com/?w=200&h=200&bg=white&trim=5&t=letterbox&url=ssl%3Acdn.shopify.com%2Fs%2Ffiles%2F1%2F0487%2F8834%2F0899%2Ffiles%2FDR3777_sagegreen_32966_front_1767705917.jpg&feedId=62769&k=d3379ba8ccd3a6beffde77fcb9dc17bcc4554bef,USD,,"Over $120 - Free Delivery, Less than $120 - $12",https://goddiva.us/products/goddiva-bridesmaids-chiffon-maxi-dress-green,,,USD76,62769,Goddiva,1,,,,,,Womens,Dresses
https://www.awin1.com/pclick.php?p=36399160373&a=2771700&m=24726,Goddiva Bridesmaids Chiffon Maxi Dress - Sage Green,36399160373,DR3777-SAGEGREEN-12,https://cdn.shopify.com/s/files/1/0487/8834/0899/files/DR3777_sagegreen_32966_front_1767705917.jpg,"The Chiffon bandeau maxi dress with a feather detail can be a great choice for bridesmaids and prom. The delicate chiffon fabric gives the dress a luxurious and elegant look, while the bandeau style adds a modern touch to this ravishing pastel green. The feather detail can also add a touch of glamour and give you more of a statement piece to wear, allowing for spotlight moments. Whether for bridesmaids or prom, this type of dress can make a statement and help you stand out from the crowd. This sage green chiffon occasion dress can be a versatile and elegant choice for any season. Make sure to pair it with the right accessories, such as high heels and statement jewellery, to complete the look.",Dresses,38,Goddiva,24726,Women's Dresses & Skirts,198,https://images2.productserve.com/?w=200&h=200&bg=white&trim=5&t=letterbox&url=ssl%3Acdn.shopify.com%2Fs%2Ffiles%2F1%2F0487%2F8834%2F0899%2Ffiles%2FDR3777_sagegreen_32966_front_1767705917.jpg&feedId=62769&k=d3379ba8ccd3a6beffde77fcb9dc17bcc4554bef,USD,,"Over $120 - Free Delivery, Less than $120 - $12",https://goddiva.us/products/goddiva-bridesmaids-chiffon-maxi-dress-green,,,USD76,62769,Goddiva,1,,,,,,Womens,Dresses
https://www.awin1.com/pclick.php?p=36407592399&a=2771700&m=24726,Goddiva Plunge Neck Pleated Foil Maxi Dress - Royalblue,36407592399,DR3791-ROYALBLUE-8,https://cdn.shopify.com/s/files/1/0487/8834/0899/products/pEKn87jo-13998.jpg,"The Goddiva Foil maxi dress is an exquisite piece of fashion to be worn on a special occasion. This royalblue long dress features a plunging v-neckline, long sleeves and a front thigh split. The foil print embellishes this number with a forever shimmer giving it a boost of elegance and glamour. This gorgeous champagne number will be sure to turn heads with its shimmering metallic finish and  front thigh split. This dress is a stunning design that flatters your figure in all the right ways. The deep v-neckline is perfect for showing off a hint of cleavage and the long sleeves are great for showing off your toned arms. This long evening dress is perfect for not only formal events, but also wedding guests, birthday parties, christmas gatherings and new years eve celebrations. Team this steamy royalblue number with heels, hair up and a bold lip to complete the look of the year.",Dresses,18,Goddiva,24726,Women's Dresses & Skirts,198,https://images2.productserve.com/?w=200&h=200&bg=white&trim=5&t=letterbox&url=ssl%3Acdn.shopify.com%2Fs%2Ffiles%2F1%2F0487%2F8834%2F0899%2Fproducts%2FpEKn87jo-13998.jpg&feedId=62769&k=0ab4e316d4dc23a35c201c9cc53ff28f2873970a,USD,,"Over $120 - Free Delivery, Less than $120 - $12",https://goddiva.us/products/goddiva-plunge-neck-pleated-foil-maxi-dress-royalblue,,,USD150,62769,Goddiva,1,,,,,,Womens,Dresses
https://www.awin1.com/pclick.php?p=36407592401&a=2771700&m=24726,Goddiva Plunge Neck Pleated Foil Maxi Dress - Royalblue,36407592401,DR3791-ROYALBLUE-12,https://cdn.shopify.com/s/files/1/0487/8834/0899/products/pEKn87jo-13998.jpg,"The Goddiva Foil maxi dress is an exquisite piece of fashion to be worn on a special occasion. This royalblue long dress features a plunging v-neckline, long sleeves and a front thigh split. The foil print embellishes this number with a forever shimmer giving it a boost of elegance and glamour. This gorgeous champagne number will be sure to turn heads with its shimmering metallic finish and  front thigh split. This dress is a stunning design that flatters your figure in all the right ways. The deep v-neckline is perfect for showing off a hint of cleavage and the long sleeves are great for showing off your toned arms. This long evening dress is perfect for not only formal events, but also wedding guests, birthday parties, christmas gatherings and new years eve celebrations. Team this steamy royalblue number with heels, hair up and a bold lip to complete the look of the year.",Dresses,18,Goddiva,24726,Women's Dresses & Skirts,198,https://images2.productserve.com/?w=200&h=200&bg=white&trim=5&t=letterbox&url=ssl%3Acdn.shopify.com%2Fs%2Ffiles%2F1%2F0487%2F8834%2F0899%2Fproducts%2FpEKn87jo-13998.jpg&feedId=62769&k=0ab4e316d4dc23a35c201c9cc53ff28f2873970a,USD,,"Over $120 - Free Delivery, Less than $120 - $12",https://goddiva.us/products/goddiva-plunge-neck-pleated-foil-maxi-dress-royalblue,,,USD150,62769,Goddiva,1,,,,,,Womens,Dresses
https://www.awin1.com/pclick.php?p=36407592400&a=2771700&m=24726,Goddiva Plunge Neck Pleated Foil Maxi Dress - Royalblue,36407592400,DR3791-ROYALBLUE-10,https://cdn.shopify.com/s/files/1/0487/8834/0899/products/pEKn87jo-13998.jpg,"The Goddiva Foil maxi dress is an exquisite piece of fashion to be worn on a special occasion. This royalblue long dress features a plunging v-neckline, long sleeves and a front thigh split. The foil print embellishes this number with a forever shimmer giving it a boost of elegance and glamour. This gorgeous champagne number will be sure to turn heads with its shimmering metallic finish and  front thigh split. This dress is a stunning design that flatters your figure in all the right ways. The deep v-neckline is perfect for showing off a hint of cleavage and the long sleeves are great for showing off your toned arms. This long evening dress is perfect for not only formal events, but also wedding guests, birthday parties, christmas gatherings and new years eve celebrations. Team this steamy royalblue number with heels, hair up and a bold lip to complete the look of the year.",Dresses,18,Goddiva,24726,Women's Dresses & Skirts,198,https://images2.productserve.com/?w=200&h=200&bg=white&trim=5&t=letterbox&url=ssl%3Acdn.shopify.com%2Fs%2Ffiles%2F1%2F0487%2F8834%2F0899%2Fproducts%2FpEKn87jo-13998.jpg&feedId=62769&k=0ab4e316d4dc23a35c201c9cc53ff28f2873970a,USD,,"Over $120 - Free Delivery, Less than $120 - $12",https://goddiva.us/products/goddiva-plunge-neck-pleated-foil-maxi-dress-royalblue,,,USD150,62769,Goddiva,1,,,,,,Womens,Dresses
https://www.awin1.com/pclick.php?p=36963460592&a=2771700&m=24726,Goddiva Satin Bandeau Maxi Dress - Purple,36963460592,DR3772-PURPLE-12,https://cdn.shopify.com/s/files/1/0487/8834/0899/files/DR3772_PURPLE_FRONT_1713171962.jpg,"This fitted satin maxi dress is the perfect pick for you if you want to look sexy and classy at your next formal occasion. This sensational purple satin bandeau maxi dress from Goddiva is this seasons hottest piece. In its sultry smooth satin material, this sleeveless number is screaming BUY ME!.  Whether you're attending a gala, prom, wedding, or black tie event, this purple maxi dress will make you look and feel like a million bucks! Go for a bold look with this maxi dress and team it with strappy heels and a glamorous clutch for an unforgettable night.",Dresses,38,Goddiva,24726,Women's Dresses & Skirts,198,https://images2.productserve.com/?w=200&h=200&bg=white&trim=5&t=letterbox&url=ssl%3Acdn.shopify.com%2Fs%2Ffiles%2F1%2F0487%2F8834%2F0899%2Ffiles%2FDR3772_PURPLE_FRONT_1713171962.jpg&feedId=62769&k=1aafcce33f1cbfb6cc309e62d302150f90ffd8b4,USD,,"Over $120 - Free Delivery, Less than $120 - $12",https://goddiva.us/products/goddiva-satin-bandeau-maxi-dress-purple,,,USD72,62769,Goddiva,1,,,,,,Womens,Dresses
https://www.awin1.com/pclick.php?p=36963460590&a=2771700&m=24726,Goddiva Satin Bandeau Maxi Dress - Purple,36963460590,DR3772-PURPLE-8,https://cdn.shopify.com/s/files/1/0487/8834/0899/files/DR3772_PURPLE_FRONT_1713171962.jpg,"This fitted satin maxi dress is the perfect pick for you if you want to look sexy and classy at your next formal occasion. This sensational purple satin bandeau maxi dress from Goddiva is this seasons hottest piece. In its sultry smooth satin material, this sleeveless number is screaming BUY ME!.  Whether you're attending a gala, prom, wedding, or black tie event, this purple maxi dress will make you look and feel like a million bucks! Go for a bold look with this maxi dress and team it with strappy heels and a glamorous clutch for an unforgettable night.",Dresses,38,Goddiva,24726,Women's Dresses & Skirts,198,https://images2.productserve.com/?w=200&h=200&bg=white&trim=5&t=letterbox&url=ssl%3Acdn.shopify.com%2Fs%2Ffiles%2F1%2F0487%2F8834%2F0899%2Ffiles%2FDR3772_PURPLE_FRONT_1713171962.jpg&feedId=62769&k=1aafcce33f1cbfb6cc309e62d302150f90ffd8b4,USD,,"Over $120 - Free Delivery, Less than $120 - $12",https://goddiva.us/products/goddiva-satin-bandeau-maxi-dress-purple,,,USD72,62769,Goddiva,1,,,,,,Womens,Dresses
https://www.awin1.com/pclick.php?p=36963460591&a=2771700&m=24726,Goddiva Satin Bandeau Maxi Dress - Purple,36963460591,DR3772-PURPLE-10,https://cdn.shopify.com/s/files/1/0487/8834/0899/files/DR3772_PURPLE_FRONT_1713171962.jpg,"This fitted satin maxi dress is the perfect pick for you if you want to look sexy and classy at your next formal occasion. This sensational purple satin bandeau maxi dress from Goddiva is this seasons hottest piece. In its sultry smooth satin material, this sleeveless number is screaming BUY ME!.  Whether you're attending a gala, prom, wedding, or black tie event, this purple maxi dress will make you look and feel like a million bucks! Go for a bold look with this maxi dress and team it with strappy heels and a glamorous clutch for an unforgettable night.",Dresses,38,Goddiva,24726,Women's Dresses & Skirts,198,https://images2.productserve.com/?w=200&h=200&bg=white&trim=5&t=letterbox&url=ssl%3Acdn.shopify.com%2Fs%2Ffiles%2F1%2F0487%2F8834%2F0899%2Ffiles%2FDR3772_PURPLE_FRONT_1713171962.jpg&feedId=62769&k=1aafcce33f1cbfb6cc309e62d302150f90ffd8b4,USD,,"Over $120 - Free Delivery, Less than $120 - $12",https://goddiva.us/products/goddiva-satin-bandeau-maxi-dress-purple,,,USD72,62769,Goddiva,1,,,,,,Womens,Dresses
https://www.awin1.com/pclick.php?p=36963460593&a=2771700&m=24726,Goddiva Satin Bandeau Maxi Dress - Purple,36963460593,DR3772-PURPLE-14,https://cdn.shopify.com/s/files/1/0487/8834/0899/files/DR3772_PURPLE_FRONT_1713171962.jpg,"This fitted satin maxi dress is the perfect pick for you if you want to look sexy and classy at your next formal occasion. This sensational purple satin bandeau maxi dress from Goddiva is this seasons hottest piece. In its sultry smooth satin material, this sleeveless number is screaming BUY ME!.  Whether you're attending a gala, prom, wedding, or black tie event, this purple maxi dress will make you look and feel like a million bucks! Go for a bold look with this maxi dress and team it with strappy heels and a glamorous clutch for an unforgettable night.",Dresses,38,Goddiva,24726,Women's Dresses & Skirts,198,https://images2.productserve.com/?w=200&h=200&bg=white&trim=5&t=letterbox&url=ssl%3Acdn.shopify.com%2Fs%2Ffiles%2F1%2F0487%2F8834%2F0899%2Ffiles%2FDR3772_PURPLE_FRONT_1713171962.jpg&feedId=62769&k=1aafcce33f1cbfb6cc309e62d302150f90ffd8b4,USD,,"Over $120 - Free Delivery, Less than $120 - $12",https://goddiva.us/products/goddiva-satin-bandeau-maxi-dress-purple,,,USD72,62769,Goddiva,1,,,,,,Womens,Dresses
https://www.awin1.com/pclick.php?p=37101102858&a=2771700&m=24726,Goddiva Open Back One Sleeve Lurex Midi - Bronze,37101102858,DR3749-BRONZE-8,https://cdn.shopify.com/s/files/1/0487/8834/0899/products/DR3749_bronze_front_l_1663689777_1706717255.jpg,"Be a showstopper at your next event with this eye-catching, alluring and bold lurex midi dress that has an open back, one sleeve, and is finished with a mini length. This bronze dress will surely give you a noticeable look when worn at parties or night outs. This is the ultimate dress to make a statement at all-night events, whether it's for date nights, wedding guests, nights out with friends and any other evening occasion. Wear it out with your favourite heels or strappy heeled sandals for instant glamour.",Dresses,30,Goddiva,24726,Women's Dresses & Skirts,198,https://images2.productserve.com/?w=200&h=200&bg=white&trim=5&t=letterbox&url=ssl%3Acdn.shopify.com%2Fs%2Ffiles%2F1%2F0487%2F8834%2F0899%2Fproducts%2FDR3749_bronze_front_l_1663689777_1706717255.jpg&feedId=62769&k=182ae48099a16ab938a8b9af9364e06b3eaf4a35,USD,,"Over $120 - Free Delivery, Less than $120 - $12",https://goddiva.us/products/goddiva-open-back-one-sleeve-lurex-midi-bronze,,,USD96,62769,Goddiva,1,,,,,,Womens,Dresses
https://www.awin1.com/pclick.php?p=37101102860&a=2771700&m=24726,Goddiva Open Back One Sleeve Lurex Midi - Bronze,37101102860,DR3749-BRONZE-12,https://cdn.shopify.com/s/files/1/0487/8834/0899/products/DR3749_bronze_front_l_1663689777_1706717255.jpg,"Be a showstopper at your next event with this eye-catching, alluring and bold lurex midi dress that has an open back, one sleeve, and is finished with a mini length. This bronze dress will surely give you a noticeable look when worn at parties or night outs. This is the ultimate dress to make a statement at all-night events, whether it's for date nights, wedding guests, nights out with friends and any other evening occasion. Wear it out with your favourite heels or strappy heeled sandals for instant glamour.",Dresses,30,Goddiva,24726,Women's Dresses & Skirts,198,https://images2.productserve.com/?w=200&h=200&bg=white&trim=5&t=letterbox&url=ssl%3Acdn.shopify.com%2Fs%2Ffiles%2F1%2F0487%2F8834%2F0899%2Fproducts%2FDR3749_bronze_front_l_1663689777_1706717255.jpg&feedId=62769&k=182ae48099a16ab938a8b9af9364e06b3eaf4a35,USD,,"Over $120 - Free Delivery, Less than $120 - $12",https://goddiva.us/products/goddiva-open-back-one-sleeve-lurex-midi-bronze,,,USD96,62769,Goddiva,1,,,,,,Womens,Dresses
https://www.awin1.com/pclick.php?p=37101102859&a=2771700&m=24726,Goddiva Open Back One Sleeve Lurex Midi - Bronze,37101102859,DR3749-BRONZE-10,https://cdn.shopify.com/s/files/1/0487/8834/0899/products/DR3749_bronze_front_l_1663689777_1706717255.jpg,"Be a showstopper at your next event with this eye-catching, alluring and bold lurex midi dress that has an open back, one sleeve, and is finished with a mini length. This bronze dress will surely give you a noticeable look when worn at parties or night outs. This is the ultimate dress to make a statement at all-night events, whether it's for date nights, wedding guests, nights out with friends and any other evening occasion. Wear it out with your favourite heels or strappy heeled sandals for instant glamour.",Dresses,30,Goddiva,24726,Women's Dresses & Skirts,198,https://images2.productserve.com/?w=200&h=200&bg=white&trim=5&t=letterbox&url=ssl%3Acdn.shopify.com%2Fs%2Ffiles%2F1%2F0487%2F8834%2F0899%2Fproducts%2FDR3749_bronze_front_l_1663689777_1706717255.jpg&feedId=62769&k=182ae48099a16ab938a8b9af9364e06b3eaf4a35,USD,,"Over $120 - Free Delivery, Less than $120 - $12",https://goddiva.us/products/goddiva-open-back-one-sleeve-lurex-midi-bronze,,,USD96,62769,Goddiva,1,,,,,,Womens,Dresses
https://www.awin1.com/pclick.php?p=37330916730&a=2771700&m=24726,Goddiva Lace Neck Satin Twill Maxi Dress - Cornflower Blue,37330916730,DR4195-CORNFLOWERBLUE-10,https://cdn.shopify.com/s/files/1/0487/8834/0899/files/DR4195_CORNFLOWER_FRONT_1712764727.jpg,"Step into the spotlight with our Lace Neck Satin Twill Maxi Dress, the epitome of elegance for spring and summer occasions. Ideal for bridesmaids, wedding guests, and prom, this stunning cornflower evening dress is sure to turn heads wherever you go. Featuring adjustable spaghetti straps and a smooth satin finish, this blue maxi dress offers both comfort and style. The delicate lace trimming on the neckline adds a touch of femininity and sophistication, making it the perfect choice for any special event. Whether you're dancing the night away at a wedding or making a grand entrance at prom, this cornflower dress is guaranteed to make you feel like a star. Pair it with your favourite heels and accessories for a glamorous ensemble that will leave a lasting impression.",Dresses,38,Goddiva,24726,Women's Dresses & Skirts,198,https://images2.productserve.com/?w=200&h=200&bg=white&trim=5&t=letterbox&url=ssl%3Acdn.shopify.com%2Fs%2Ffiles%2F1%2F0487%2F8834%2F0899%2Ffiles%2FDR4195_CORNFLOWER_FRONT_1712764727.jpg&feedId=62769&k=bf23fd4317e3a662ebfbbbdc9585de81c5da280e,USD,,"Over $120 - Free Delivery, Less than $120 - $12",https://goddiva.us/products/goddiva-lace-neck-satin-twill-maxi-dress-cornflower-blue,,,USD96,62769,Goddiva,1,,,,,,Womens,Dresses
https://www.awin1.com/pclick.php?p=37330916731&a=2771700&m=24726,Goddiva Lace Neck Satin Twill Maxi Dress - Cornflower Blue,37330916731,DR4195-CORNFLOWERBLUE-12,https://cdn.shopify.com/s/files/1/0487/8834/0899/files/DR4195_CORNFLOWER_FRONT_1712764727.jpg,"Step into the spotlight with our Lace Neck Satin Twill Maxi Dress, the epitome of elegance for spring and summer occasions. Ideal for bridesmaids, wedding guests, and prom, this stunning cornflower evening dress is sure to turn heads wherever you go. Featuring adjustable spaghetti straps and a smooth satin finish, this blue maxi dress offers both comfort and style. The delicate lace trimming on the neckline adds a touch of femininity and sophistication, making it the perfect choice for any special event. Whether you're dancing the night away at a wedding or making a grand entrance at prom, this cornflower dress is guaranteed to make you feel like a star. Pair it with your favourite heels and accessories for a glamorous ensemble that will leave a lasting impression.",Dresses,38,Goddiva,24726,Women's Dresses & Skirts,198,https://images2.productserve.com/?w=200&h=200&bg=white&trim=5&t=letterbox&url=ssl%3Acdn.shopify.com%2Fs%2Ffiles%2F1%2F0487%2F8834%2F0899%2Ffiles%2FDR4195_CORNFLOWER_FRONT_1712764727.jpg&feedId=62769&k=bf23fd4317e3a662ebfbbbdc9585de81c5da280e,USD,,"Over $120 - Free Delivery, Less than $120 - $12",https://goddiva.us/products/goddiva-lace-neck-satin-twill-maxi-dress-cornflower-blue,,,USD96,62769,Goddiva,1,,,,,,Womens,Dresses
https://www.awin1.com/pclick.php?p=37330916729&a=2771700&m=24726,Goddiva Lace Neck Satin Twill Maxi Dress - Cornflower Blue,37330916729,DR4195-CORNFLOWERBLUE-8,https://cdn.shopify.com/s/files/1/0487/8834/0899/files/DR4195_CORNFLOWER_FRONT_1712764727.jpg,"Step into the spotlight with our Lace Neck Satin Twill Maxi Dress, the epitome of elegance for spring and summer occasions. Ideal for bridesmaids, wedding guests, and prom, this stunning cornflower evening dress is sure to turn heads wherever you go. Featuring adjustable spaghetti straps and a smooth satin finish, this blue maxi dress offers both comfort and style. The delicate lace trimming on the neckline adds a touch of femininity and sophistication, making it the perfect choice for any special event. Whether you're dancing the night away at a wedding or making a grand entrance at prom, this cornflower dress is guaranteed to make you feel like a star. Pair it with your favourite heels and accessories for a glamorous ensemble that will leave a lasting impression.",Dresses,38,Goddiva,24726,Women's Dresses & Skirts,198,https://images2.productserve.com/?w=200&h=200&bg=white&trim=5&t=letterbox&url=ssl%3Acdn.shopify.com%2Fs%2Ffiles%2F1%2F0487%2F8834%2F0899%2Ffiles%2FDR4195_CORNFLOWER_FRONT_1712764727.jpg&feedId=62769&k=bf23fd4317e3a662ebfbbbdc9585de81c5da280e,USD,,"Over $120 - Free Delivery, Less than $120 - $12",https://goddiva.us/products/goddiva-lace-neck-satin-twill-maxi-dress-cornflower-blue,,,USD96,62769,Goddiva,1,,,,,,Womens,Dresses
https://www.awin1.com/pclick.php?p=37354555871&a=2771700&m=24726,Goddiva Cold Shoulder Lurex Maxi With Thigh Split - Blue,37354555871,DR3632-ROYALBLUE-10,https://cdn.shopify.com/s/files/1/0487/8834/0899/files/DR3632_royalblue_front_1734426322.jpg,"This cold shoulder lurex maxi with thigh split dress from Goddiva is a perfect choice for your evening parties. The fitted silhouette teamed with a cold shoulder design and thigh-split style gives it a gorgeous look that will enhance your curves. It's crafted from a soft stretch fabric that has a hint of shine and is adorned with glitzy lurex thread. This blue dress will make you feel glamorous, confident, and super sexy. With its soft and stretchy fabric, this long occasion dress is perfect for evening occasions, black tie events, wedding guests and any other formal soirees you have planned. Team up this gorgeous silver maxi with stilettos and statement earrings to complete your glamorous look.",Dresses,18,Goddiva,24726,Women's Dresses & Skirts,198,https://images2.productserve.com/?w=200&h=200&bg=white&trim=5&t=letterbox&url=ssl%3Acdn.shopify.com%2Fs%2Ffiles%2F1%2F0487%2F8834%2F0899%2Ffiles%2FDR3632_royalblue_front_1734426322.jpg&feedId=62769&k=5e960cf6e3e79d5ef1c6c051da0e4ae9de42a1b6,USD,,"Over $120 - Free Delivery, Less than $120 - $12",https://goddiva.us/products/goddiva-cold-shoulder-lurex-maxi-with-thigh-split-blue,,,USD138,62769,Goddiva,1,,,,,,Womens,Dresses
https://www.awin1.com/pclick.php?p=37354555876&a=2771700&m=24726,Goddiva Cold Shoulder Lurex Maxi With Thigh Split - Navy,37354555876,DR3632-NAVY-10,https://cdn.shopify.com/s/files/1/0487/8834/0899/files/DR3632_Navy_front_1734426656.jpg,"This cold shoulder lurex maxi with thigh split dress from Goddiva is a perfect choice for your evening parties. The fitted silhouette teamed with a cold shoulder design and thigh-split style gives it a gorgeous look that will enhance your curves. It's crafted from a soft stretch fabric that has a hint of shine and is adorned with glitzy lurex thread. This navy dress will make you feel glamorous, confident, and super sexy. With its soft and stretchy fabric, this long occasion dress is perfect for evening occasions, black tie events, wedding guests and any other formal soirees you have planned. Team up this gorgeous navy maxi with stilettos and statement earrings to complete your glamorous look.",Dresses,34,Goddiva,24726,Women's Dresses & Skirts,198,https://images2.productserve.com/?w=200&h=200&bg=white&trim=5&t=letterbox&url=ssl%3Acdn.shopify.com%2Fs%2Ffiles%2F1%2F0487%2F8834%2F0899%2Ffiles%2FDR3632_Navy_front_1734426656.jpg&feedId=62769&k=1656dd60b2cc0be7b7f8ddf450a04bb1d5953a94,USD,,"Over $120 - Free Delivery, Less than $120 - $12",https://goddiva.us/products/goddiva-cold-shoulder-lurex-maxi-with-thigh-split-navy,,,USD138,62769,Goddiva,1,,,,,,Womens,Dresses
https://www.awin1.com/pclick.php?p=37354555875&a=2771700&m=24726,Goddiva Cold Shoulder Lurex Maxi With Thigh Split - Navy,37354555875,DR3632-NAVY-8,https://cdn.shopify.com/s/files/1/0487/8834/0899/files/DR3632_Navy_front_1734426656.jpg,"This cold shoulder lurex maxi with thigh split dress from Goddiva is a perfect choice for your evening parties. The fitted silhouette teamed with a cold shoulder design and thigh-split style gives it a gorgeous look that will enhance your curves. It's crafted from a soft stretch fabric that has a hint of shine and is adorned with glitzy lurex thread. This navy dress will make you feel glamorous, confident, and super sexy. With its soft and stretchy fabric, this long occasion dress is perfect for evening occasions, black tie events, wedding guests and any other formal soirees you have planned. Team up this gorgeous navy maxi with stilettos and statement earrings to complete your glamorous look.",Dresses,34,Goddiva,24726,Women's Dresses & Skirts,198,https://images2.productserve.com/?w=200&h=200&bg=white&trim=5&t=letterbox&url=ssl%3Acdn.shopify.com%2Fs%2Ffiles%2F1%2F0487%2F8834%2F0899%2Ffiles%2FDR3632_Navy_front_1734426656.jpg&feedId=62769&k=1656dd60b2cc0be7b7f8ddf450a04bb1d5953a94,USD,,"Over $120 - Free Delivery, Less than $120 - $12",https://goddiva.us/products/goddiva-cold-shoulder-lurex-maxi-with-thigh-split-navy,,,USD138,62769,Goddiva,1,,,,,,Womens,Dresses
https://www.awin1.com/pclick.php?p=37354555872&a=2771700&m=24726,Goddiva Cold Shoulder Lurex Maxi With Thigh Split - Blue,37354555872,DR3632-ROYALBLUE-12,https://cdn.shopify.com/s/files/1/0487/8834/0899/files/DR3632_royalblue_front_1734426322.jpg,"This cold shoulder lurex maxi with thigh split dress from Goddiva is a perfect choice for your evening parties. The fitted silhouette teamed with a cold shoulder design and thigh-split style gives it a gorgeous look that will enhance your curves. It's crafted from a soft stretch fabric that has a hint of shine and is adorned with glitzy lurex thread. This blue dress will make you feel glamorous, confident, and super sexy. With its soft and stretchy fabric, this long occasion dress is perfect for evening occasions, black tie events, wedding guests and any other formal soirees you have planned. Team up this gorgeous silver maxi with stilettos and statement earrings to complete your glamorous look.",Dresses,18,Goddiva,24726,Women's Dresses & Skirts,198,https://images2.productserve.com/?w=200&h=200&bg=white&trim=5&t=letterbox&url=ssl%3Acdn.shopify.com%2Fs%2Ffiles%2F1%2F0487%2F8834%2F0899%2Ffiles%2FDR3632_royalblue_front_1734426322.jpg&feedId=62769&k=5e960cf6e3e79d5ef1c6c051da0e4ae9de42a1b6,USD,,"Over $120 - Free Delivery, Less than $120 - $12",https://goddiva.us/products/goddiva-cold-shoulder-lurex-maxi-with-thigh-split-blue,,,USD138,62769,Goddiva,1,,,,,,Womens,Dresses
https://www.awin1.com/pclick.php?p=37354555870&a=2771700&m=24726,Goddiva Cold Shoulder Lurex Maxi With Thigh Split - Blue,37354555870,DR3632-ROYALBLUE-8,https://cdn.shopify.com/s/files/1/0487/8834/0899/files/DR3632_royalblue_front_1734426322.jpg,"This cold shoulder lurex maxi with thigh split dress from Goddiva is a perfect choice for your evening parties. The fitted silhouette teamed with a cold shoulder design and thigh-split style gives it a gorgeous look that will enhance your curves. It's crafted from a soft stretch fabric that has a hint of shine and is adorned with glitzy lurex thread. This blue dress will make you feel glamorous, confident, and super sexy. With its soft and stretchy fabric, this long occasion dress is perfect for evening occasions, black tie events, wedding guests and any other formal soirees you have planned. Team up this gorgeous silver maxi with stilettos and statement earrings to complete your glamorous look.",Dresses,18,Goddiva,24726,Women's Dresses & Skirts,198,https://images2.productserve.com/?w=200&h=200&bg=white&trim=5&t=letterbox&url=ssl%3Acdn.shopify.com%2Fs%2Ffiles%2F1%2F0487%2F8834%2F0899%2Ffiles%2FDR3632_royalblue_front_1734426322.jpg&feedId=62769&k=5e960cf6e3e79d5ef1c6c051da0e4ae9de42a1b6,USD,,"Over $120 - Free Delivery, Less than $120 - $12",https://goddiva.us/products/goddiva-cold-shoulder-lurex-maxi-with-thigh-split-blue,,,USD138,62769,Goddiva,1,,,,,,Womens,Dresses
https://www.awin1.com/pclick.php?p=37354555877&a=2771700&m=24726,Goddiva Cold Shoulder Lurex Maxi With Thigh Split - Navy,37354555877,DR3632-NAVY-12,https://cdn.shopify.com/s/files/1/0487/8834/0899/files/DR3632_Navy_front_1734426656.jpg,"This cold shoulder lurex maxi with thigh split dress from Goddiva is a perfect choice for your evening parties. The fitted silhouette teamed with a cold shoulder design and thigh-split style gives it a gorgeous look that will enhance your curves. It's crafted from a soft stretch fabric that has a hint of shine and is adorned with glitzy lurex thread. This navy dress will make you feel glamorous, confident, and super sexy. With its soft and stretchy fabric, this long occasion dress is perfect for evening occasions, black tie events, wedding guests and any other formal soirees you have planned. Team up this gorgeous navy maxi with stilettos and statement earrings to complete your glamorous look.",Dresses,34,Goddiva,24726,Women's Dresses & Skirts,198,https://images2.productserve.com/?w=200&h=200&bg=white&trim=5&t=letterbox&url=ssl%3Acdn.shopify.com%2Fs%2Ffiles%2F1%2F0487%2F8834%2F0899%2Ffiles%2FDR3632_Navy_front_1734426656.jpg&feedId=62769&k=1656dd60b2cc0be7b7f8ddf450a04bb1d5953a94,USD,,"Over $120 - Free Delivery, Less than $120 - $12",https://goddiva.us/products/goddiva-cold-shoulder-lurex-maxi-with-thigh-split-navy,,,USD138,62769,Goddiva,1,,,,,,Womens,Dresses
https://www.awin1.com/pclick.php?p=33948210197&a=2771700&m=24726,Goddiva Layered Dipped Hem Floral Maxi - Beige,33948210197,DR3506-BEIGE-10,https://cdn.shopify.com/s/files/1/0487/8834/0899/files/DR3506_beige_front_1744718579.jpg,"This maxi dress is perfect for adding a touch of Grecian elegance to your wardrobe. Featuring short elasticated puffed sleeves, a square neckline and layered skirt with dipped hem style, this beige floral print maxi dress has it all! Whether you're headed off to the beach or planning a wedding, this pretty piece will take you from day to night and always look stunning. The dipped hem keeps things playful while the floral print lends a touch of elegance. It's an easy choice for any occasion! In its top tier summer beige color, this summer maxi dress is perfect for all summer occasions from weddings to holiday parties. The dipped hem and beautiful floral print gives this Goddiva maxi the ultimate summer vibe, while the feminine sleeves add a touch of romance.",Dresses,36,Goddiva,24726,Women's Dresses & Skirts,198,https://images2.productserve.com/?w=200&h=200&bg=white&trim=5&t=letterbox&url=ssl%3Acdn.shopify.com%2Fs%2Ffiles%2F1%2F0487%2F8834%2F0899%2Ffiles%2FDR3506_beige_front_1744718579.jpg&feedId=62769&k=c1007b64ff0954f829efc488ac8f0f1692e7a6bf,USD,,"Over $120 - Free Delivery, Less than $120 - $12",https://goddiva.us/products/goddiva-layered-dipped-hem-floral-maxi-beige,,,USD110,62769,Goddiva,1,,,,,,Womens,Dresses
https://www.awin1.com/pclick.php?p=33948210199&a=2771700&m=24726,Goddiva Layered Dipped Hem Floral Maxi - Beige,33948210199,DR3506-BEIGE-12,https://cdn.shopify.com/s/files/1/0487/8834/0899/files/DR3506_beige_front_1744718579.jpg,"This maxi dress is perfect for adding a touch of Grecian elegance to your wardrobe. Featuring short elasticated puffed sleeves, a square neckline and layered skirt with dipped hem style, this beige floral print maxi dress has it all! Whether you're headed off to the beach or planning a wedding, this pretty piece will take you from day to night and always look stunning. The dipped hem keeps things playful while the floral print lends a touch of elegance. It's an easy choice for any occasion! In its top tier summer beige color, this summer maxi dress is perfect for all summer occasions from weddings to holiday parties. The dipped hem and beautiful floral print gives this Goddiva maxi the ultimate summer vibe, while the feminine sleeves add a touch of romance.",Dresses,36,Goddiva,24726,Women's Dresses & Skirts,198,https://images2.productserve.com/?w=200&h=200&bg=white&trim=5&t=letterbox&url=ssl%3Acdn.shopify.com%2Fs%2Ffiles%2F1%2F0487%2F8834%2F0899%2Ffiles%2FDR3506_beige_front_1744718579.jpg&feedId=62769&k=c1007b64ff0954f829efc488ac8f0f1692e7a6bf,USD,,"Over $120 - Free Delivery, Less than $120 - $12",https://goddiva.us/products/goddiva-layered-dipped-hem-floral-maxi-beige,,,USD110,62769,Goddiva,1,,,,,,Womens,Dresses
https://www.awin1.com/pclick.php?p=33948210195&a=2771700&m=24726,Goddiva Layered Dipped Hem Floral Maxi - Beige,33948210195,DR3506-BEIGE-8,https://cdn.shopify.com/s/files/1/0487/8834/0899/files/DR3506_beige_front_1744718579.jpg,"This maxi dress is perfect for adding a touch of Grecian elegance to your wardrobe. Featuring short elasticated puffed sleeves, a square neckline and layered skirt with dipped hem style, this beige floral print maxi dress has it all! Whether you're headed off to the beach or planning a wedding, this pretty piece will take you from day to night and always look stunning. The dipped hem keeps things playful while the floral print lends a touch of elegance. It's an easy choice for any occasion! In its top tier summer beige color, this summer maxi dress is perfect for all summer occasions from weddings to holiday parties. The dipped hem and beautiful floral print gives this Goddiva maxi the ultimate summer vibe, while the feminine sleeves add a touch of romance.",Dresses,36,Goddiva,24726,Women's Dresses & Skirts,198,https://images2.productserve.com/?w=200&h=200&bg=white&trim=5&t=letterbox&url=ssl%3Acdn.shopify.com%2Fs%2Ffiles%2F1%2F0487%2F8834%2F0899%2Ffiles%2FDR3506_beige_front_1744718579.jpg&feedId=62769&k=c1007b64ff0954f829efc488ac8f0f1692e7a6bf,USD,,"Over $120 - Free Delivery, Less than $120 - $12",https://goddiva.us/products/goddiva-layered-dipped-hem-floral-maxi-beige,,,USD110,62769,Goddiva,1,,,,,,Womens,Dresses
https://www.awin1.com/pclick.php?p=37511088327&a=2771700&m=24726,Goddiva Flutter Sleeve Wrapover Satin Maxi Dress - Orange,37511088327,DR3955-BURNTORANGE-10,https://cdn.shopify.com/s/files/1/0487/8834/0899/files/DR3955_burntorange_front__1729783275.jpg,"Elevate your wardrobe with our Flutter Sleeve Wrapover Satin Maxi Dress in Orange  a stunning ensemble designed to make a statement. Crafted from luxurious satin fabric, this maxi dress exudes elegance and sophistication, perfect for any special occasion. The wrapover design cinches at the waist, creating a flattering silhouette that accentuates your curves. Delicate flutter sleeves add a touch of romance and movement, while the vibrant orange hue adds a bold and eye-catching element to your look. Whether you're attending a wedding, a cocktail party, or a formal event, this dress is sure to make you stand out in style. Its timeless design allows for versatile styling  pair it with heels and statement jewelry for a glamorous look, or dress it down with sandals for a more laid-back vibe. Don't miss the chance to add a touch of luxury to your wardrobe with our Flutter Sleeve Wrapover Satin Maxi Dress in Orange. Available now for retail, this exquisite piece is guaranteed to become a staple in your collection, effortlessly enhancing your style with its allure and sophistication.",Dresses,18,Goddiva,24726,Women's Dresses & Skirts,198,https://images2.productserve.com/?w=200&h=200&bg=white&trim=5&t=letterbox&url=ssl%3Acdn.shopify.com%2Fs%2Ffiles%2F1%2F0487%2F8834%2F0899%2Ffiles%2FDR3955_burntorange_front__1729783275.jpg&feedId=62769&k=f7e3d814a31236d4b563bec890b78439abb07669,USD,,"Over $120 - Free Delivery, Less than $120 - $12",https://goddiva.us/products/goddiva-flutter-sleeve-wrapover-satin-maxi-dress-orange,,,USD170,62769,Goddiva,1,,,,,,Womens,Dresses
https://www.awin1.com/pclick.php?p=37511088328&a=2771700&m=24726,Goddiva Flutter Sleeve Wrapover Satin Maxi Dress - Orange,37511088328,DR3955-BURNTORANGE-12,https://cdn.shopify.com/s/files/1/0487/8834/0899/files/DR3955_burntorange_front__1729783275.jpg,"Elevate your wardrobe with our Flutter Sleeve Wrapover Satin Maxi Dress in Orange  a stunning ensemble designed to make a statement. Crafted from luxurious satin fabric, this maxi dress exudes elegance and sophistication, perfect for any special occasion. The wrapover design cinches at the waist, creating a flattering silhouette that accentuates your curves. Delicate flutter sleeves add a touch of romance and movement, while the vibrant orange hue adds a bold and eye-catching element to your look. Whether you're attending a wedding, a cocktail party, or a formal event, this dress is sure to make you stand out in style. Its timeless design allows for versatile styling  pair it with heels and statement jewelry for a glamorous look, or dress it down with sandals for a more laid-back vibe. Don't miss the chance to add a touch of luxury to your wardrobe with our Flutter Sleeve Wrapover Satin Maxi Dress in Orange. Available now for retail, this exquisite piece is guaranteed to become a staple in your collection, effortlessly enhancing your style with its allure and sophistication.",Dresses,18,Goddiva,24726,Women's Dresses & Skirts,198,https://images2.productserve.com/?w=200&h=200&bg=white&trim=5&t=letterbox&url=ssl%3Acdn.shopify.com%2Fs%2Ffiles%2F1%2F0487%2F8834%2F0899%2Ffiles%2FDR3955_burntorange_front__1729783275.jpg&feedId=62769&k=f7e3d814a31236d4b563bec890b78439abb07669,USD,,"Over $120 - Free Delivery, Less than $120 - $12",https://goddiva.us/products/goddiva-flutter-sleeve-wrapover-satin-maxi-dress-orange,,,USD170,62769,Goddiva,1,,,,,,Womens,Dresses
https://www.awin1.com/pclick.php?p=37511088329&a=2771700&m=24726,Goddiva Flutter Sleeve Wrapover Satin Maxi Dress - Orange,37511088329,DR3955-BURNTORANGE-14,https://cdn.shopify.com/s/files/1/0487/8834/0899/files/DR3955_burntorange_front__1729783275.jpg,"Elevate your wardrobe with our Flutter Sleeve Wrapover Satin Maxi Dress in Orange  a stunning ensemble designed to make a statement. Crafted from luxurious satin fabric, this maxi dress exudes elegance and sophistication, perfect for any special occasion. The wrapover design cinches at the waist, creating a flattering silhouette that accentuates your curves. Delicate flutter sleeves add a touch of romance and movement, while the vibrant orange hue adds a bold and eye-catching element to your look. Whether you're attending a wedding, a cocktail party, or a formal event, this dress is sure to make you stand out in style. Its timeless design allows for versatile styling  pair it with heels and statement jewelry for a glamorous look, or dress it down with sandals for a more laid-back vibe. Don't miss the chance to add a touch of luxury to your wardrobe with our Flutter Sleeve Wrapover Satin Maxi Dress in Orange. Available now for retail, this exquisite piece is guaranteed to become a staple in your collection, effortlessly enhancing your style with its allure and sophistication.",Dresses,18,Goddiva,24726,Women's Dresses & Skirts,198,https://images2.productserve.com/?w=200&h=200&bg=white&trim=5&t=letterbox&url=ssl%3Acdn.shopify.com%2Fs%2Ffiles%2F1%2F0487%2F8834%2F0899%2Ffiles%2FDR3955_burntorange_front__1729783275.jpg&feedId=62769&k=f7e3d814a31236d4b563bec890b78439abb07669,USD,,"Over $120 - Free Delivery, Less than $120 - $12",https://goddiva.us/products/goddiva-flutter-sleeve-wrapover-satin-maxi-dress-orange,,,USD170,62769,Goddiva,1,,,,,,Womens,Dresses
https://www.awin1.com/pclick.php?p=37511088326&a=2771700&m=24726,Goddiva Flutter Sleeve Wrapover Satin Maxi Dress - Orange,37511088326,DR3955-BURNTORANGE-8,https://cdn.shopify.com/s/files/1/0487/8834/0899/files/DR3955_burntorange_front__1729783275.jpg,"Elevate your wardrobe with our Flutter Sleeve Wrapover Satin Maxi Dress in Orange  a stunning ensemble designed to make a statement. Crafted from luxurious satin fabric, this maxi dress exudes elegance and sophistication, perfect for any special occasion. The wrapover design cinches at the waist, creating a flattering silhouette that accentuates your curves. Delicate flutter sleeves add a touch of romance and movement, while the vibrant orange hue adds a bold and eye-catching element to your look. Whether you're attending a wedding, a cocktail party, or a formal event, this dress is sure to make you stand out in style. Its timeless design allows for versatile styling  pair it with heels and statement jewelry for a glamorous look, or dress it down with sandals for a more laid-back vibe. Don't miss the chance to add a touch of luxury to your wardrobe with our Flutter Sleeve Wrapover Satin Maxi Dress in Orange. Available now for retail, this exquisite piece is guaranteed to become a staple in your collection, effortlessly enhancing your style with its allure and sophistication.",Dresses,18,Goddiva,24726,Women's Dresses & Skirts,198,https://images2.productserve.com/?w=200&h=200&bg=white&trim=5&t=letterbox&url=ssl%3Acdn.shopify.com%2Fs%2Ffiles%2F1%2F0487%2F8834%2F0899%2Ffiles%2FDR3955_burntorange_front__1729783275.jpg&feedId=62769&k=f7e3d814a31236d4b563bec890b78439abb07669,USD,,"Over $120 - Free Delivery, Less than $120 - $12",https://goddiva.us/products/goddiva-flutter-sleeve-wrapover-satin-maxi-dress-orange,,,USD170,62769,Goddiva,1,,,,,,Womens,Dresses
https://www.awin1.com/pclick.php?p=37591343461&a=2771700&m=24726,Goddiva Front Knot Twist Midi Dress - Lime Green,37591343461,DR4409-LIME-12,https://cdn.shopify.com/s/files/1/0487/8834/0899/files/DR4409_lime_front_1730381574.jpg,"Step into elegance and charm with our Front Knot Twist Midi Dress, a divine choice destined for those special moments. Designed to captivate, this Lime dress is your ultimate companion for weddings, enchanting date nights, lively garden parties, and exhilarating races. Picture yourself in its embrace, adorned with a sophisticated Bardot neckline that exudes timeless allure. But it's the meticulous knot front detailing on the bust that truly sets this green dress apart, adding a touch of artistry and intrigue to your ensemble. Crafted to flatter every curve, the bodycon fit of this Lime dress ensures a silhouette that commands attention and leaves a lasting impression. Whether you're dancing under the stars or mingling in a sun-drenched garden, this green dress effortlessly embodies grace and sophistication. Elevate your style effortlessly with our Front Knot Twist Midi Dress, where every stitch whispers elegance and every detail speaks of refinement. Embrace the allure of understated glamour and let your presence steal the spotlight.",Dresses,38,Goddiva,24726,Women's Dresses & Skirts,198,https://images2.productserve.com/?w=200&h=200&bg=white&trim=5&t=letterbox&url=ssl%3Acdn.shopify.com%2Fs%2Ffiles%2F1%2F0487%2F8834%2F0899%2Ffiles%2FDR4409_lime_front_1730381574.jpg&feedId=62769&k=8cd0399d1afa30961b09b752db642e29f7742b3e,USD,,"Over $120 - Free Delivery, Less than $120 - $12",https://goddiva.us/products/goddiva-front-knot-twist-midi-dress-lime,,,USD78,62769,Goddiva,1,,,,,,Womens,Dresses
https://www.awin1.com/pclick.php?p=37591343424&a=2771700&m=24726,Goddiva Front Knot Twist  Midi Dress - Black,37591343424,DR4409-BLACK-8,https://cdn.shopify.com/s/files/1/0487/8834/0899/files/DR4409_black_front_1730381489.jpg,"Step into elegance and charm with our Front Knot Twist Midi Dress, a divine choice destined for those special moments. Designed to captivate, this Black dress is your ultimate companion for weddings, enchanting date nights, lively garden parties, and exhilarating races. Picture yourself in its embrace, adorned with a sophisticated Bardot neckline that exudes timeless allure. But it's the meticulous knot front detailing on the bust that truly sets this black dress apart, adding a touch of artistry and intrigue to your ensemble. Crafted to flatter every curve, the bodycon fit of this Black dress ensures a silhouette that commands attention and leaves a lasting impression. Whether you're dancing under the stars or mingling in a sun-drenched garden, this black dress effortlessly embodies grace and sophistication. Elevate your style effortlessly with our Front Knot Twist Midi Dress, where every stitch whispers elegance and every detail speaks of refinement. Embrace the allure of understated glamour and let your presence steal the spotlight.",Dresses,38,Goddiva,24726,Women's Dresses & Skirts,198,https://images2.productserve.com/?w=200&h=200&bg=white&trim=5&t=letterbox&url=ssl%3Acdn.shopify.com%2Fs%2Ffiles%2F1%2F0487%2F8834%2F0899%2Ffiles%2FDR4409_black_front_1730381489.jpg&feedId=62769&k=07d720bf2ca09568d83e9c921746d89ef305a2db,USD,,"Over $120 - Free Delivery, Less than $120 - $12",https://goddiva.us/products/goddiva-front-knot-twist-midi-dress-black,,,USD78,62769,Goddiva,1,,,,,,Womens,Dresses
https://www.awin1.com/pclick.php?p=37591343425&a=2771700&m=24726,Goddiva Front Knot Twist  Midi Dress - Black,37591343425,DR4409-BLACK-10,https://cdn.shopify.com/s/files/1/0487/8834/0899/files/DR4409_black_front_1730381489.jpg,"Step into elegance and charm with our Front Knot Twist Midi Dress, a divine choice destined for those special moments. Designed to captivate, this Black dress is your ultimate companion for weddings, enchanting date nights, lively garden parties, and exhilarating races. Picture yourself in its embrace, adorned with a sophisticated Bardot neckline that exudes timeless allure. But it's the meticulous knot front detailing on the bust that truly sets this black dress apart, adding a touch of artistry and intrigue to your ensemble. Crafted to flatter every curve, the bodycon fit of this Black dress ensures a silhouette that commands attention and leaves a lasting impression. Whether you're dancing under the stars or mingling in a sun-drenched garden, this black dress effortlessly embodies grace and sophistication. Elevate your style effortlessly with our Front Knot Twist Midi Dress, where every stitch whispers elegance and every detail speaks of refinement. Embrace the allure of understated glamour and let your presence steal the spotlight.",Dresses,38,Goddiva,24726,Women's Dresses & Skirts,198,https://images2.productserve.com/?w=200&h=200&bg=white&trim=5&t=letterbox&url=ssl%3Acdn.shopify.com%2Fs%2Ffiles%2F1%2F0487%2F8834%2F0899%2Ffiles%2FDR4409_black_front_1730381489.jpg&feedId=62769&k=07d720bf2ca09568d83e9c921746d89ef305a2db,USD,,"Over $120 - Free Delivery, Less than $120 - $12",https://goddiva.us/products/goddiva-front-knot-twist-midi-dress-black,,,USD78,62769,Goddiva,1,,,,,,Womens,Dresses
https://www.awin1.com/pclick.php?p=37591343459&a=2771700&m=24726,Goddiva Front Knot Twist Midi Dress - Lime Green,37591343459,DR4409-LIME-8,https://cdn.shopify.com/s/files/1/0487/8834/0899/files/DR4409_lime_front_1730381574.jpg,"Step into elegance and charm with our Front Knot Twist Midi Dress, a divine choice destined for those special moments. Designed to captivate, this Lime dress is your ultimate companion for weddings, enchanting date nights, lively garden parties, and exhilarating races. Picture yourself in its embrace, adorned with a sophisticated Bardot neckline that exudes timeless allure. But it's the meticulous knot front detailing on the bust that truly sets this green dress apart, adding a touch of artistry and intrigue to your ensemble. Crafted to flatter every curve, the bodycon fit of this Lime dress ensures a silhouette that commands attention and leaves a lasting impression. Whether you're dancing under the stars or mingling in a sun-drenched garden, this green dress effortlessly embodies grace and sophistication. Elevate your style effortlessly with our Front Knot Twist Midi Dress, where every stitch whispers elegance and every detail speaks of refinement. Embrace the allure of understated glamour and let your presence steal the spotlight.",Dresses,38,Goddiva,24726,Women's Dresses & Skirts,198,https://images2.productserve.com/?w=200&h=200&bg=white&trim=5&t=letterbox&url=ssl%3Acdn.shopify.com%2Fs%2Ffiles%2F1%2F0487%2F8834%2F0899%2Ffiles%2FDR4409_lime_front_1730381574.jpg&feedId=62769&k=8cd0399d1afa30961b09b752db642e29f7742b3e,USD,,"Over $120 - Free Delivery, Less than $120 - $12",https://goddiva.us/products/goddiva-front-knot-twist-midi-dress-lime,,,USD78,62769,Goddiva,1,,,,,,Womens,Dresses
https://www.awin1.com/pclick.php?p=37591343460&a=2771700&m=24726,Goddiva Front Knot Twist Midi Dress - Lime Green,37591343460,DR4409-LIME-10,https://cdn.shopify.com/s/files/1/0487/8834/0899/files/DR4409_lime_front_1730381574.jpg,"Step into elegance and charm with our Front Knot Twist Midi Dress, a divine choice destined for those special moments. Designed to captivate, this Lime dress is your ultimate companion for weddings, enchanting date nights, lively garden parties, and exhilarating races. Picture yourself in its embrace, adorned with a sophisticated Bardot neckline that exudes timeless allure. But it's the meticulous knot front detailing on the bust that truly sets this green dress apart, adding a touch of artistry and intrigue to your ensemble. Crafted to flatter every curve, the bodycon fit of this Lime dress ensures a silhouette that commands attention and leaves a lasting impression. Whether you're dancing under the stars or mingling in a sun-drenched garden, this green dress effortlessly embodies grace and sophistication. Elevate your style effortlessly with our Front Knot Twist Midi Dress, where every stitch whispers elegance and every detail speaks of refinement. Embrace the allure of understated glamour and let your presence steal the spotlight.",Dresses,38,Goddiva,24726,Women's Dresses & Skirts,198,https://images2.productserve.com/?w=200&h=200&bg=white&trim=5&t=letterbox&url=ssl%3Acdn.shopify.com%2Fs%2Ffiles%2F1%2F0487%2F8834%2F0899%2Ffiles%2FDR4409_lime_front_1730381574.jpg&feedId=62769&k=8cd0399d1afa30961b09b752db642e29f7742b3e,USD,,"Over $120 - Free Delivery, Less than $120 - $12",https://goddiva.us/products/goddiva-front-knot-twist-midi-dress-lime,,,USD78,62769,Goddiva,1,,,,,,Womens,Dresses
https://www.awin1.com/pclick.php?p=37591343443&a=2771700&m=24726,Goddiva Front Knot Twist  Midi Dress - Black,37591343443,DR4409-BLACK-12,https://cdn.shopify.com/s/files/1/0487/8834/0899/files/DR4409_black_front_1730381489.jpg,"Step into elegance and charm with our Front Knot Twist Midi Dress, a divine choice destined for those special moments. Designed to captivate, this Black dress is your ultimate companion for weddings, enchanting date nights, lively garden parties, and exhilarating races. Picture yourself in its embrace, adorned with a sophisticated Bardot neckline that exudes timeless allure. But it's the meticulous knot front detailing on the bust that truly sets this black dress apart, adding a touch of artistry and intrigue to your ensemble. Crafted to flatter every curve, the bodycon fit of this Black dress ensures a silhouette that commands attention and leaves a lasting impression. Whether you're dancing under the stars or mingling in a sun-drenched garden, this black dress effortlessly embodies grace and sophistication. Elevate your style effortlessly with our Front Knot Twist Midi Dress, where every stitch whispers elegance and every detail speaks of refinement. Embrace the allure of understated glamour and let your presence steal the spotlight.",Dresses,38,Goddiva,24726,Women's Dresses & Skirts,198,https://images2.productserve.com/?w=200&h=200&bg=white&trim=5&t=letterbox&url=ssl%3Acdn.shopify.com%2Fs%2Ffiles%2F1%2F0487%2F8834%2F0899%2Ffiles%2FDR4409_black_front_1730381489.jpg&feedId=62769&k=07d720bf2ca09568d83e9c921746d89ef305a2db,USD,,"Over $120 - Free Delivery, Less than $120 - $12",https://goddiva.us/products/goddiva-front-knot-twist-midi-dress-black,,,USD78,62769,Goddiva,1,,,,,,Womens,Dresses
https://www.awin1.com/pclick.php?p=37591343462&a=2771700&m=24726,Goddiva Front Knot Twist Midi Dress - Lime Green,37591343462,DR4409-LIME-14,https://cdn.shopify.com/s/files/1/0487/8834/0899/files/DR4409_lime_front_1730381574.jpg,"Step into elegance and charm with our Front Knot Twist Midi Dress, a divine choice destined for those special moments. Designed to captivate, this Lime dress is your ultimate companion for weddings, enchanting date nights, lively garden parties, and exhilarating races. Picture yourself in its embrace, adorned with a sophisticated Bardot neckline that exudes timeless allure. But it's the meticulous knot front detailing on the bust that truly sets this green dress apart, adding a touch of artistry and intrigue to your ensemble. Crafted to flatter every curve, the bodycon fit of this Lime dress ensures a silhouette that commands attention and leaves a lasting impression. Whether you're dancing under the stars or mingling in a sun-drenched garden, this green dress effortlessly embodies grace and sophistication. Elevate your style effortlessly with our Front Knot Twist Midi Dress, where every stitch whispers elegance and every detail speaks of refinement. Embrace the allure of understated glamour and let your presence steal the spotlight.",Dresses,38,Goddiva,24726,Women's Dresses & Skirts,198,https://images2.productserve.com/?w=200&h=200&bg=white&trim=5&t=letterbox&url=ssl%3Acdn.shopify.com%2Fs%2Ffiles%2F1%2F0487%2F8834%2F0899%2Ffiles%2FDR4409_lime_front_1730381574.jpg&feedId=62769&k=8cd0399d1afa30961b09b752db642e29f7742b3e,USD,,"Over $120 - Free Delivery, Less than $120 - $12",https://goddiva.us/products/goddiva-front-knot-twist-midi-dress-lime,,,USD78,62769,Goddiva,1,,,,,,Womens,Dresses
https://www.awin1.com/pclick.php?p=37591343444&a=2771700&m=24726,Goddiva Front Knot Twist  Midi Dress - Black,37591343444,DR4409-BLACK-14,https://cdn.shopify.com/s/files/1/0487/8834/0899/files/DR4409_black_front_1730381489.jpg,"Step into elegance and charm with our Front Knot Twist Midi Dress, a divine choice destined for those special moments. Designed to captivate, this Black dress is your ultimate companion for weddings, enchanting date nights, lively garden parties, and exhilarating races. Picture yourself in its embrace, adorned with a sophisticated Bardot neckline that exudes timeless allure. But it's the meticulous knot front detailing on the bust that truly sets this black dress apart, adding a touch of artistry and intrigue to your ensemble. Crafted to flatter every curve, the bodycon fit of this Black dress ensures a silhouette that commands attention and leaves a lasting impression. Whether you're dancing under the stars or mingling in a sun-drenched garden, this black dress effortlessly embodies grace and sophistication. Elevate your style effortlessly with our Front Knot Twist Midi Dress, where every stitch whispers elegance and every detail speaks of refinement. Embrace the allure of understated glamour and let your presence steal the spotlight.",Dresses,38,Goddiva,24726,Women's Dresses & Skirts,198,https://images2.productserve.com/?w=200&h=200&bg=white&trim=5&t=letterbox&url=ssl%3Acdn.shopify.com%2Fs%2Ffiles%2F1%2F0487%2F8834%2F0899%2Ffiles%2FDR4409_black_front_1730381489.jpg&feedId=62769&k=07d720bf2ca09568d83e9c921746d89ef305a2db,USD,,"Over $120 - Free Delivery, Less than $120 - $12",https://goddiva.us/products/goddiva-front-knot-twist-midi-dress-black,,,USD78,62769,Goddiva,1,,,,,,Womens,Dresses
https://www.awin1.com/pclick.php?p=37670171313&a=2771700&m=24726,Goddiva Short Sleeve Wrap Mini Dress - Coral,37670171313,NCD18-CORAL-10,https://cdn.shopify.com/s/files/1/0487/8834/0899/files/NCD18_coral_co2_l_1665401627_1712227540.jpg,"The versatile body shaper is here! This coral short sleeve wrap Mini dress is perfect for parties, date night, club wear and more. Wear it to show off that sexy silhouette of yours.. If you are looking for that perfect dress to wear for a romantic dinner or a night of cocktails and gossip with the girls, then, this is it! Not only is this dress perfect for date nights and nights out on the town but it is also a top pick for wedding guests. This forever coral dress is a must-have for your wardrobe.",Dresses,10,Goddiva,24726,Women's Dresses & Skirts,198,https://images2.productserve.com/?w=200&h=200&bg=white&trim=5&t=letterbox&url=ssl%3Acdn.shopify.com%2Fs%2Ffiles%2F1%2F0487%2F8834%2F0899%2Ffiles%2FNCD18_coral_co2_l_1665401627_1712227540.jpg&feedId=62769&k=a38d4bf1e19f1eb0e669c69e6b3321c60eba162d,USD,,"Over $120 - Free Delivery, Less than $120 - $12",https://goddiva.us/products/goddiva-short-sleeve-wrap-mini-dress-coral,,,USD96,62769,Goddiva,1,,,,,,Womens,Dresses
https://www.awin1.com/pclick.php?p=37670171322&a=2771700&m=24726,Goddiva Soft Touch Multi Way Open Back Midi Dress - Berry,37670171322,DR1314D-BERRY-8,https://cdn.shopify.com/s/files/1/0487/8834/0899/files/DR1314_berry_front_l_1653025525_1682594678_20_281_29_1712146859.webp,"Introducing the breathtaking Soft Touch Multi Way Open Back Midi Dress in Berry from Goddiva  a captivating blend of sophistication and allure that will leave you feeling utterly radiant. Crafted from sumptuously soft-touch fabric, this dress envelops you in luxurious comfort, ensuring you feel as good as you look. The rich berry hue adds a touch of opulence to your ensemble, making it the perfect choice for any special occasion. The midi length strikes the perfect balance between elegance and allure, while the open back detail adds a hint of drama and intrigue, ensuring all eyes are on you from every angle. What sets this dress apart is its versatility. With multiple ways to style the neckline and straps, you have the freedom to create a look that's uniquely yours. Whether you opt for a classic halter neck, an elegant one-shoulder drape, or a daring cross-back design, this dress allows you to express yourself with confidence and style. Elevate your wardrobe with the Soft Touch Multi Way Open Back Midi Dress in Berry from Goddiva, and make a statement wherever you go.",Dresses,34,Goddiva,24726,Women's Dresses & Skirts,198,https://images2.productserve.com/?w=200&h=200&bg=white&trim=5&t=letterbox&url=ssl%3Acdn.shopify.com%2Fs%2Ffiles%2F1%2F0487%2F8834%2F0899%2Ffiles%2FDR1314_berry_front_l_1653025525_1682594678_20_281_29_1712146859.webp&feedId=62769&k=ed10140f812bcc601d7a14ff1f60d9dad9c40e5d,USD,,"Over $120 - Free Delivery, Less than $120 - $12",https://goddiva.us/products/goddiva-soft-touch-multi-way-open-back-midi-dress-berry,,,USD136,62769,Goddiva,1,,,,,,Womens,Dresses
https://www.awin1.com/pclick.php?p=37670171319&a=2771700&m=24726,Goddiva Short Sleeve Wrap Mini Dress - Royal Blue,37670171319,NCD18-ROYALBLUE-12,https://cdn.shopify.com/s/files/1/0487/8834/0899/files/NCD18_royalblue_front_l_1668517260_1712227068.jpg,"The versatile body shaper is here! This navy short-sleeved wrap Mini dress is perfect for parties, date night, club wear and more. Wear it to show off that sexy silhouette of yours.. If you are looking for that perfect dress to wear for a romantic dinner or a night of cocktails and gossip with the girls, then, this is it! Not only is this dress perfect for date nights and nights out on the town but it is also a top pick for wedding guests. This forever navy dress is a must-have for your wardrobe.",Dresses,10,Goddiva,24726,Women's Dresses & Skirts,198,https://images2.productserve.com/?w=200&h=200&bg=white&trim=5&t=letterbox&url=ssl%3Acdn.shopify.com%2Fs%2Ffiles%2F1%2F0487%2F8834%2F0899%2Ffiles%2FNCD18_royalblue_front_l_1668517260_1712227068.jpg&feedId=62769&k=940341edca6eec95c8c9d15f565294a6c17466cb,USD,,"Over $120 - Free Delivery, Less than $120 - $12",https://goddiva.us/products/goddiva-short-sleeve-wrap-mini-dress-royal-blue,,,USD96,62769,Goddiva,1,,,,,,Womens,Dresses
https://www.awin1.com/pclick.php?p=37670171329&a=2771700&m=24726,Goddiva Soft Touch Multi Way Open Back Midi Dress - Emerald Green,37670171329,DR1314D-BOTANICALGREEN-12,https://cdn.shopify.com/s/files/1/0487/8834/0899/files/DR1314D_darkgreen_co_l_1654500872_1712148424.jpg,"Introducing the enchanting Soft Touch Multi Way Open Back Midi Dress in Botanical Green from Goddiva  a stunning fusion of nature-inspired elegance and contemporary allure. Crafted with the finest soft-touch fabric, this dress embraces your curves with a gentle embrace, ensuring luxurious comfort throughout any occasion. The botanical green hue evokes the lush beauty of nature, infusing your look with a sense of freshness and vitality. The midi length exudes timeless sophistication, offering a perfect balance between modesty and allure. Meanwhile, the open back detail adds a touch of drama and allure, ensuring you make a lasting impression wherever you go. What makes this dress truly exceptional is its versatility. With multiple ways to style the neckline and straps, you have the freedom to customize your look according to your mood and personal style. Whether you prefer a classic halter neck, an elegant one-shoulder drape, or a daring cross-back design, this dress allows you to express yourself with confidence and flair. Elevate your wardrobe with the Soft Touch Multi Way Open Back Midi Dress in Botanical Green from Goddiva, and embrace the beauty of nature with every step you take.",Dresses,34,Goddiva,24726,Women's Dresses & Skirts,198,https://images2.productserve.com/?w=200&h=200&bg=white&trim=5&t=letterbox&url=ssl%3Acdn.shopify.com%2Fs%2Ffiles%2F1%2F0487%2F8834%2F0899%2Ffiles%2FDR1314D_darkgreen_co_l_1654500872_1712148424.jpg&feedId=62769&k=29a24ad12631a6053e7643ad378e1dff4f8f5dc1,USD,,"Over $120 - Free Delivery, Less than $120 - $12",https://goddiva.us/products/goddiva-soft-touch-multi-way-open-back-midi-dress-botanical-green,,,USD136,62769,Goddiva,1,,,,,,Womens,Dresses
https://www.awin1.com/pclick.php?p=37670171250&a=2771700&m=24726,Goddiva Multiway Mini Dress - Red,37670171250,DR2361C-RED-10,https://cdn.shopify.com/s/files/1/0487/8834/0899/files/26540_1722504673.jpg,"Introducing the ultimate statement piece: the Multiway Mini Dress in Red from Goddiva. This bold and versatile dress is designed to make you stand out from the crowd, offering endless styling possibilities for any occasion. Crafted with precision and attention to detail, this dress features a flattering mini length that accentuates your figure while exuding confidence and allure. The vibrant red hue commands attention, infusing your look with passion and sophistication. What sets this dress apart is its multiway design, allowing you to create a variety of looks to suit your mood and personal style. Whether you opt for a classic halter neck, an elegant one-shoulder drape, or a daring cross-back design, the choice is yours. Perfect for cocktail parties, date nights, or any special event, the Multiway Mini Dress in Red from Goddiva is a wardrobe essential that promises to make a bold statement wherever you go. Elevate your look and unleash your inner confidence with this versatile and stylish piece.",Dresses,10,Goddiva,24726,Women's Dresses & Skirts,198,https://images2.productserve.com/?w=200&h=200&bg=white&trim=5&t=letterbox&url=ssl%3Acdn.shopify.com%2Fs%2Ffiles%2F1%2F0487%2F8834%2F0899%2Ffiles%2F26540_1722504673.jpg&feedId=62769&k=cd9b6396565b8cb023e08b49a89eba45ca6af33e,USD,,"Over $120 - Free Delivery, Less than $120 - $12",https://goddiva.us/products/goddiva-multiway-mini-dress-red,,,USD70,62769,Goddiva,1,,,,,,Womens,Dresses
https://www.awin1.com/pclick.php?p=37670171223&a=2771700&m=24726,Goddiva Bardot Pleated Midi Dress - Wine,37670171223,DR1092A-WINE-12,https://cdn.shopify.com/s/files/1/0487/8834/0899/files/38989_1726653781.jpg,"Hello gorgeous! Thats exactly the greeting youll be getting in this beautiful off-the-shoulder maxi dress by Goddiva. This Bardot pleated maxi dress is the perfect piece to accompany you to any evening occasion. It's bold wine color and classic long length, not to mention its flattering, pleating detail, this occasion dress is one that will suit all. This floor-length gown is perfect for those extra special occasions. Give your bridesmaids an extra elegant feel, or stand out at your next black tie event. This sophisticated wine dress is also the perfect companion for proms, graduations, and basically any occasion you have coming up. Bright and bold is exactly what is on trend right now, so this dress will make you feel like the Goddiva Goddess you are!",Dresses,38,Goddiva,24726,Women's Dresses & Skirts,198,https://images2.productserve.com/?w=200&h=200&bg=white&trim=5&t=letterbox&url=ssl%3Acdn.shopify.com%2Fs%2Ffiles%2F1%2F0487%2F8834%2F0899%2Ffiles%2F38989_1726653781.jpg&feedId=62769&k=59ea723513f4005ce7712f95963c0bbedec8ef54,USD,,"Over $120 - Free Delivery, Less than $120 - $12",https://goddiva.us/products/goddiva-bardot-pleated-midi-dress-wine,,,USD130,62769,Goddiva,1,,,,,,Womens,Dresses
https://www.awin1.com/pclick.php?p=37670171323&a=2771700&m=24726,Goddiva Soft Touch Multi Way Open Back Midi Dress - Berry,37670171323,DR1314D-BERRY-10,https://cdn.shopify.com/s/files/1/0487/8834/0899/files/DR1314_berry_front_l_1653025525_1682594678_20_281_29_1712146859.webp,"Introducing the breathtaking Soft Touch Multi Way Open Back Midi Dress in Berry from Goddiva  a captivating blend of sophistication and allure that will leave you feeling utterly radiant. Crafted from sumptuously soft-touch fabric, this dress envelops you in luxurious comfort, ensuring you feel as good as you look. The rich berry hue adds a touch of opulence to your ensemble, making it the perfect choice for any special occasion. The midi length strikes the perfect balance between elegance and allure, while the open back detail adds a hint of drama and intrigue, ensuring all eyes are on you from every angle. What sets this dress apart is its versatility. With multiple ways to style the neckline and straps, you have the freedom to create a look that's uniquely yours. Whether you opt for a classic halter neck, an elegant one-shoulder drape, or a daring cross-back design, this dress allows you to express yourself with confidence and style. Elevate your wardrobe with the Soft Touch Multi Way Open Back Midi Dress in Berry from Goddiva, and make a statement wherever you go.",Dresses,34,Goddiva,24726,Women's Dresses & Skirts,198,https://images2.productserve.com/?w=200&h=200&bg=white&trim=5&t=letterbox&url=ssl%3Acdn.shopify.com%2Fs%2Ffiles%2F1%2F0487%2F8834%2F0899%2Ffiles%2FDR1314_berry_front_l_1653025525_1682594678_20_281_29_1712146859.webp&feedId=62769&k=ed10140f812bcc601d7a14ff1f60d9dad9c40e5d,USD,,"Over $120 - Free Delivery, Less than $120 - $12",https://goddiva.us/products/goddiva-soft-touch-multi-way-open-back-midi-dress-berry,,,USD136,62769,Goddiva,1,,,,,,Womens,Dresses
https://www.awin1.com/pclick.php?p=37670171314&a=2771700&m=24726,Goddiva Short Sleeve Wrap Mini Dress - Coral,37670171314,NCD18-CORAL-12,https://cdn.shopify.com/s/files/1/0487/8834/0899/files/NCD18_coral_co2_l_1665401627_1712227540.jpg,"The versatile body shaper is here! This coral short sleeve wrap Mini dress is perfect for parties, date night, club wear and more. Wear it to show off that sexy silhouette of yours.. If you are looking for that perfect dress to wear for a romantic dinner or a night of cocktails and gossip with the girls, then, this is it! Not only is this dress perfect for date nights and nights out on the town but it is also a top pick for wedding guests. This forever coral dress is a must-have for your wardrobe.",Dresses,10,Goddiva,24726,Women's Dresses & Skirts,198,https://images2.productserve.com/?w=200&h=200&bg=white&trim=5&t=letterbox&url=ssl%3Acdn.shopify.com%2Fs%2Ffiles%2F1%2F0487%2F8834%2F0899%2Ffiles%2FNCD18_coral_co2_l_1665401627_1712227540.jpg&feedId=62769&k=a38d4bf1e19f1eb0e669c69e6b3321c60eba162d,USD,,"Over $120 - Free Delivery, Less than $120 - $12",https://goddiva.us/products/goddiva-short-sleeve-wrap-mini-dress-coral,,,USD96,62769,Goddiva,1,,,,,,Womens,Dresses
https://www.awin1.com/pclick.php?p=37670171248&a=2771700&m=24726,Goddiva Multiway Mini Dress - Red,37670171248,DR2361C-RED-6,https://cdn.shopify.com/s/files/1/0487/8834/0899/files/26540_1722504673.jpg,"Introducing the ultimate statement piece: the Multiway Mini Dress in Red from Goddiva. This bold and versatile dress is designed to make you stand out from the crowd, offering endless styling possibilities for any occasion. Crafted with precision and attention to detail, this dress features a flattering mini length that accentuates your figure while exuding confidence and allure. The vibrant red hue commands attention, infusing your look with passion and sophistication. What sets this dress apart is its multiway design, allowing you to create a variety of looks to suit your mood and personal style. Whether you opt for a classic halter neck, an elegant one-shoulder drape, or a daring cross-back design, the choice is yours. Perfect for cocktail parties, date nights, or any special event, the Multiway Mini Dress in Red from Goddiva is a wardrobe essential that promises to make a bold statement wherever you go. Elevate your look and unleash your inner confidence with this versatile and stylish piece.",Dresses,10,Goddiva,24726,Women's Dresses & Skirts,198,https://images2.productserve.com/?w=200&h=200&bg=white&trim=5&t=letterbox&url=ssl%3Acdn.shopify.com%2Fs%2Ffiles%2F1%2F0487%2F8834%2F0899%2Ffiles%2F26540_1722504673.jpg&feedId=62769&k=cd9b6396565b8cb023e08b49a89eba45ca6af33e,USD,,"Over $120 - Free Delivery, Less than $120 - $12",https://goddiva.us/products/goddiva-multiway-mini-dress-red,,,USD70,62769,Goddiva,1,,,,,,Womens,Dresses
https://www.awin1.com/pclick.php?p=37670171221&a=2771700&m=24726,Goddiva Bardot Pleated Midi Dress - Wine,37670171221,DR1092A-WINE-8,https://cdn.shopify.com/s/files/1/0487/8834/0899/files/38989_1726653781.jpg,"Hello gorgeous! Thats exactly the greeting youll be getting in this beautiful off-the-shoulder maxi dress by Goddiva. This Bardot pleated maxi dress is the perfect piece to accompany you to any evening occasion. It's bold wine color and classic long length, not to mention its flattering, pleating detail, this occasion dress is one that will suit all. This floor-length gown is perfect for those extra special occasions. Give your bridesmaids an extra elegant feel, or stand out at your next black tie event. This sophisticated wine dress is also the perfect companion for proms, graduations, and basically any occasion you have coming up. Bright and bold is exactly what is on trend right now, so this dress will make you feel like the Goddiva Goddess you are!",Dresses,38,Goddiva,24726,Women's Dresses & Skirts,198,https://images2.productserve.com/?w=200&h=200&bg=white&trim=5&t=letterbox&url=ssl%3Acdn.shopify.com%2Fs%2Ffiles%2F1%2F0487%2F8834%2F0899%2Ffiles%2F38989_1726653781.jpg&feedId=62769&k=59ea723513f4005ce7712f95963c0bbedec8ef54,USD,,"Over $120 - Free Delivery, Less than $120 - $12",https://goddiva.us/products/goddiva-bardot-pleated-midi-dress-wine,,,USD130,62769,Goddiva,1,,,,,,Womens,Dresses
https://www.awin1.com/pclick.php?p=37670171324&a=2771700&m=24726,Goddiva Soft Touch Multi Way Open Back Midi Dress - Berry,37670171324,DR1314D-BERRY-12,https://cdn.shopify.com/s/files/1/0487/8834/0899/files/DR1314_berry_front_l_1653025525_1682594678_20_281_29_1712146859.webp,"Introducing the breathtaking Soft Touch Multi Way Open Back Midi Dress in Berry from Goddiva  a captivating blend of sophistication and allure that will leave you feeling utterly radiant. Crafted from sumptuously soft-touch fabric, this dress envelops you in luxurious comfort, ensuring you feel as good as you look. The rich berry hue adds a touch of opulence to your ensemble, making it the perfect choice for any special occasion. The midi length strikes the perfect balance between elegance and allure, while the open back detail adds a hint of drama and intrigue, ensuring all eyes are on you from every angle. What sets this dress apart is its versatility. With multiple ways to style the neckline and straps, you have the freedom to create a look that's uniquely yours. Whether you opt for a classic halter neck, an elegant one-shoulder drape, or a daring cross-back design, this dress allows you to express yourself with confidence and style. Elevate your wardrobe with the Soft Touch Multi Way Open Back Midi Dress in Berry from Goddiva, and make a statement wherever you go.",Dresses,34,Goddiva,24726,Women's Dresses & Skirts,198,https://images2.productserve.com/?w=200&h=200&bg=white&trim=5&t=letterbox&url=ssl%3Acdn.shopify.com%2Fs%2Ffiles%2F1%2F0487%2F8834%2F0899%2Ffiles%2FDR1314_berry_front_l_1653025525_1682594678_20_281_29_1712146859.webp&feedId=62769&k=ed10140f812bcc601d7a14ff1f60d9dad9c40e5d,USD,,"Over $120 - Free Delivery, Less than $120 - $12",https://goddiva.us/products/goddiva-soft-touch-multi-way-open-back-midi-dress-berry,,,USD136,62769,Goddiva,1,,,,,,Womens,Dresses
https://www.awin1.com/pclick.php?p=37670171312&a=2771700&m=24726,Goddiva Short Sleeve Wrap Mini Dress - Coral,37670171312,NCD18-CORAL-8,https://cdn.shopify.com/s/files/1/0487/8834/0899/files/NCD18_coral_co2_l_1665401627_1712227540.jpg,"The versatile body shaper is here! This coral short sleeve wrap Mini dress is perfect for parties, date night, club wear and more. Wear it to show off that sexy silhouette of yours.. If you are looking for that perfect dress to wear for a romantic dinner or a night of cocktails and gossip with the girls, then, this is it! Not only is this dress perfect for date nights and nights out on the town but it is also a top pick for wedding guests. This forever coral dress is a must-have for your wardrobe.",Dresses,10,Goddiva,24726,Women's Dresses & Skirts,198,https://images2.productserve.com/?w=200&h=200&bg=white&trim=5&t=letterbox&url=ssl%3Acdn.shopify.com%2Fs%2Ffiles%2F1%2F0487%2F8834%2F0899%2Ffiles%2FNCD18_coral_co2_l_1665401627_1712227540.jpg&feedId=62769&k=a38d4bf1e19f1eb0e669c69e6b3321c60eba162d,USD,,"Over $120 - Free Delivery, Less than $120 - $12",https://goddiva.us/products/goddiva-short-sleeve-wrap-mini-dress-coral,,,USD96,62769,Goddiva,1,,,,,,Womens,Dresses
https://www.awin1.com/pclick.php?p=37670171249&a=2771700&m=24726,Goddiva Multiway Mini Dress - Red,37670171249,DR2361C-RED-8,https://cdn.shopify.com/s/files/1/0487/8834/0899/files/26540_1722504673.jpg,"Introducing the ultimate statement piece: the Multiway Mini Dress in Red from Goddiva. This bold and versatile dress is designed to make you stand out from the crowd, offering endless styling possibilities for any occasion. Crafted with precision and attention to detail, this dress features a flattering mini length that accentuates your figure while exuding confidence and allure. The vibrant red hue commands attention, infusing your look with passion and sophistication. What sets this dress apart is its multiway design, allowing you to create a variety of looks to suit your mood and personal style. Whether you opt for a classic halter neck, an elegant one-shoulder drape, or a daring cross-back design, the choice is yours. Perfect for cocktail parties, date nights, or any special event, the Multiway Mini Dress in Red from Goddiva is a wardrobe essential that promises to make a bold statement wherever you go. Elevate your look and unleash your inner confidence with this versatile and stylish piece.",Dresses,10,Goddiva,24726,Women's Dresses & Skirts,198,https://images2.productserve.com/?w=200&h=200&bg=white&trim=5&t=letterbox&url=ssl%3Acdn.shopify.com%2Fs%2Ffiles%2F1%2F0487%2F8834%2F0899%2Ffiles%2F26540_1722504673.jpg&feedId=62769&k=cd9b6396565b8cb023e08b49a89eba45ca6af33e,USD,,"Over $120 - Free Delivery, Less than $120 - $12",https://goddiva.us/products/goddiva-multiway-mini-dress-red,,,USD70,62769,Goddiva,1,,,,,,Womens,Dresses
https://www.awin1.com/pclick.php?p=37670171318&a=2771700&m=24726,Goddiva Short Sleeve Wrap Mini Dress - Royal Blue,37670171318,NCD18-ROYALBLUE-10,https://cdn.shopify.com/s/files/1/0487/8834/0899/files/NCD18_royalblue_front_l_1668517260_1712227068.jpg,"The versatile body shaper is here! This navy short-sleeved wrap Mini dress is perfect for parties, date night, club wear and more. Wear it to show off that sexy silhouette of yours.. If you are looking for that perfect dress to wear for a romantic dinner or a night of cocktails and gossip with the girls, then, this is it! Not only is this dress perfect for date nights and nights out on the town but it is also a top pick for wedding guests. This forever navy dress is a must-have for your wardrobe.",Dresses,10,Goddiva,24726,Women's Dresses & Skirts,198,https://images2.productserve.com/?w=200&h=200&bg=white&trim=5&t=letterbox&url=ssl%3Acdn.shopify.com%2Fs%2Ffiles%2F1%2F0487%2F8834%2F0899%2Ffiles%2FNCD18_royalblue_front_l_1668517260_1712227068.jpg&feedId=62769&k=940341edca6eec95c8c9d15f565294a6c17466cb,USD,,"Over $120 - Free Delivery, Less than $120 - $12",https://goddiva.us/products/goddiva-short-sleeve-wrap-mini-dress-royal-blue,,,USD96,62769,Goddiva,1,,,,,,Womens,Dresses
https://www.awin1.com/pclick.php?p=37670171222&a=2771700&m=24726,Goddiva Bardot Pleated Midi Dress - Wine,37670171222,DR1092A-WINE-10,https://cdn.shopify.com/s/files/1/0487/8834/0899/files/38989_1726653781.jpg,"Hello gorgeous! Thats exactly the greeting youll be getting in this beautiful off-the-shoulder maxi dress by Goddiva. This Bardot pleated maxi dress is the perfect piece to accompany you to any evening occasion. It's bold wine color and classic long length, not to mention its flattering, pleating detail, this occasion dress is one that will suit all. This floor-length gown is perfect for those extra special occasions. Give your bridesmaids an extra elegant feel, or stand out at your next black tie event. This sophisticated wine dress is also the perfect companion for proms, graduations, and basically any occasion you have coming up. Bright and bold is exactly what is on trend right now, so this dress will make you feel like the Goddiva Goddess you are!",Dresses,38,Goddiva,24726,Women's Dresses & Skirts,198,https://images2.productserve.com/?w=200&h=200&bg=white&trim=5&t=letterbox&url=ssl%3Acdn.shopify.com%2Fs%2Ffiles%2F1%2F0487%2F8834%2F0899%2Ffiles%2F38989_1726653781.jpg&feedId=62769&k=59ea723513f4005ce7712f95963c0bbedec8ef54,USD,,"Over $120 - Free Delivery, Less than $120 - $12",https://goddiva.us/products/goddiva-bardot-pleated-midi-dress-wine,,,USD130,62769,Goddiva,1,,,,,,Womens,Dresses
https://www.awin1.com/pclick.php?p=37670171328&a=2771700&m=24726,Goddiva Soft Touch Multi Way Open Back Midi Dress - Emerald Green,37670171328,DR1314D-BOTANICALGREEN-10,https://cdn.shopify.com/s/files/1/0487/8834/0899/files/DR1314D_darkgreen_co_l_1654500872_1712148424.jpg,"Introducing the enchanting Soft Touch Multi Way Open Back Midi Dress in Botanical Green from Goddiva  a stunning fusion of nature-inspired elegance and contemporary allure. Crafted with the finest soft-touch fabric, this dress embraces your curves with a gentle embrace, ensuring luxurious comfort throughout any occasion. The botanical green hue evokes the lush beauty of nature, infusing your look with a sense of freshness and vitality. The midi length exudes timeless sophistication, offering a perfect balance between modesty and allure. Meanwhile, the open back detail adds a touch of drama and allure, ensuring you make a lasting impression wherever you go. What makes this dress truly exceptional is its versatility. With multiple ways to style the neckline and straps, you have the freedom to customize your look according to your mood and personal style. Whether you prefer a classic halter neck, an elegant one-shoulder drape, or a daring cross-back design, this dress allows you to express yourself with confidence and flair. Elevate your wardrobe with the Soft Touch Multi Way Open Back Midi Dress in Botanical Green from Goddiva, and embrace the beauty of nature with every step you take.",Dresses,34,Goddiva,24726,Women's Dresses & Skirts,198,https://images2.productserve.com/?w=200&h=200&bg=white&trim=5&t=letterbox&url=ssl%3Acdn.shopify.com%2Fs%2Ffiles%2F1%2F0487%2F8834%2F0899%2Ffiles%2FDR1314D_darkgreen_co_l_1654500872_1712148424.jpg&feedId=62769&k=29a24ad12631a6053e7643ad378e1dff4f8f5dc1,USD,,"Over $120 - Free Delivery, Less than $120 - $12",https://goddiva.us/products/goddiva-soft-touch-multi-way-open-back-midi-dress-botanical-green,,,USD136,62769,Goddiva,1,,,,,,Womens,Dresses
https://www.awin1.com/pclick.php?p=37670171317&a=2771700&m=24726,Goddiva Short Sleeve Wrap Mini Dress - Royal Blue,37670171317,NCD18-ROYALBLUE-8,https://cdn.shopify.com/s/files/1/0487/8834/0899/files/NCD18_royalblue_front_l_1668517260_1712227068.jpg,"The versatile body shaper is here! This navy short-sleeved wrap Mini dress is perfect for parties, date night, club wear and more. Wear it to show off that sexy silhouette of yours.. If you are looking for that perfect dress to wear for a romantic dinner or a night of cocktails and gossip with the girls, then, this is it! Not only is this dress perfect for date nights and nights out on the town but it is also a top pick for wedding guests. This forever navy dress is a must-have for your wardrobe.",Dresses,10,Goddiva,24726,Women's Dresses & Skirts,198,https://images2.productserve.com/?w=200&h=200&bg=white&trim=5&t=letterbox&url=ssl%3Acdn.shopify.com%2Fs%2Ffiles%2F1%2F0487%2F8834%2F0899%2Ffiles%2FNCD18_royalblue_front_l_1668517260_1712227068.jpg&feedId=62769&k=940341edca6eec95c8c9d15f565294a6c17466cb,USD,,"Over $120 - Free Delivery, Less than $120 - $12",https://goddiva.us/products/goddiva-short-sleeve-wrap-mini-dress-royal-blue,,,USD96,62769,Goddiva,1,,,,,,Womens,Dresses
https://www.awin1.com/pclick.php?p=37670171327&a=2771700&m=24726,Goddiva Soft Touch Multi Way Open Back Midi Dress - Emerald Green,37670171327,DR1314D-BOTANICALGREEN-8,https://cdn.shopify.com/s/files/1/0487/8834/0899/files/DR1314D_darkgreen_co_l_1654500872_1712148424.jpg,"Introducing the enchanting Soft Touch Multi Way Open Back Midi Dress in Botanical Green from Goddiva  a stunning fusion of nature-inspired elegance and contemporary allure. Crafted with the finest soft-touch fabric, this dress embraces your curves with a gentle embrace, ensuring luxurious comfort throughout any occasion. The botanical green hue evokes the lush beauty of nature, infusing your look with a sense of freshness and vitality. The midi length exudes timeless sophistication, offering a perfect balance between modesty and allure. Meanwhile, the open back detail adds a touch of drama and allure, ensuring you make a lasting impression wherever you go. What makes this dress truly exceptional is its versatility. With multiple ways to style the neckline and straps, you have the freedom to customize your look according to your mood and personal style. Whether you prefer a classic halter neck, an elegant one-shoulder drape, or a daring cross-back design, this dress allows you to express yourself with confidence and flair. Elevate your wardrobe with the Soft Touch Multi Way Open Back Midi Dress in Botanical Green from Goddiva, and embrace the beauty of nature with every step you take.",Dresses,34,Goddiva,24726,Women's Dresses & Skirts,198,https://images2.productserve.com/?w=200&h=200&bg=white&trim=5&t=letterbox&url=ssl%3Acdn.shopify.com%2Fs%2Ffiles%2F1%2F0487%2F8834%2F0899%2Ffiles%2FDR1314D_darkgreen_co_l_1654500872_1712148424.jpg&feedId=62769&k=29a24ad12631a6053e7643ad378e1dff4f8f5dc1,USD,,"Over $120 - Free Delivery, Less than $120 - $12",https://goddiva.us/products/goddiva-soft-touch-multi-way-open-back-midi-dress-botanical-green,,,USD136,62769,Goddiva,1,,,,,,Womens,Dresses
https://www.awin1.com/pclick.php?p=37192094532&a=2771700&m=24726,Goddiva Flare Sleeve Frill Edge Midi Dress - Black,37192094532,DR4313-BLACK-10,https://cdn.shopify.com/s/files/1/0487/8834/0899/files/DR4313_BLACK_FRONT_1712768479.jpg,"Discover the essence of feminine grace and charm with our Flare Sleeve Frill Edge Midi dress. This captivating black ensemble exudes timeless elegance and romantic detailing, making it an ideal choice for semi-formal occasions and as a stunning outfit for wedding guests. Featuring a chic V-neckline, this black dress flatters your dcolletage while offering a sophisticated silhouette. The frilled detailing on the bust, neckline, and sleeves adds a touch of whimsical charm, creating a romantic aesthetic that is sure to turn heads. Crafted with meticulous attention to detail, this black midi dress strikes the perfect balance between elegance and playfulness. The flare sleeves lend a graceful movement to your ensemble, enhancing its allure and charm. Whether you're attending a cocktail party, a garden wedding, or any semi-formal affair, this black dress is guaranteed to make a statement. Embrace sophistication and femininity with our Flare Sleeve Frill Edge Midi dress, and leave a lasting impression wherever you go.",Dresses,14,Goddiva,24726,Women's Dresses & Skirts,198,https://images2.productserve.com/?w=200&h=200&bg=white&trim=5&t=letterbox&url=ssl%3Acdn.shopify.com%2Fs%2Ffiles%2F1%2F0487%2F8834%2F0899%2Ffiles%2FDR4313_BLACK_FRONT_1712768479.jpg&feedId=62769&k=f5737a61b6803b012d82bf38b9d3c37b9e8f19a2,USD,,"Over $120 - Free Delivery, Less than $120 - $12",https://goddiva.us/products/goddiva-flare-sleeve-frill-edge-midi-dress-black,,,USD96,62769,Goddiva,1,,,,,,Womens,Dresses
https://www.awin1.com/pclick.php?p=37192094531&a=2771700&m=24726,Goddiva Flare Sleeve Frill Edge Midi Dress - Black,37192094531,DR4313-BLACK-8,https://cdn.shopify.com/s/files/1/0487/8834/0899/files/DR4313_BLACK_FRONT_1712768479.jpg,"Discover the essence of feminine grace and charm with our Flare Sleeve Frill Edge Midi dress. This captivating black ensemble exudes timeless elegance and romantic detailing, making it an ideal choice for semi-formal occasions and as a stunning outfit for wedding guests. Featuring a chic V-neckline, this black dress flatters your dcolletage while offering a sophisticated silhouette. The frilled detailing on the bust, neckline, and sleeves adds a touch of whimsical charm, creating a romantic aesthetic that is sure to turn heads. Crafted with meticulous attention to detail, this black midi dress strikes the perfect balance between elegance and playfulness. The flare sleeves lend a graceful movement to your ensemble, enhancing its allure and charm. Whether you're attending a cocktail party, a garden wedding, or any semi-formal affair, this black dress is guaranteed to make a statement. Embrace sophistication and femininity with our Flare Sleeve Frill Edge Midi dress, and leave a lasting impression wherever you go.",Dresses,14,Goddiva,24726,Women's Dresses & Skirts,198,https://images2.productserve.com/?w=200&h=200&bg=white&trim=5&t=letterbox&url=ssl%3Acdn.shopify.com%2Fs%2Ffiles%2F1%2F0487%2F8834%2F0899%2Ffiles%2FDR4313_BLACK_FRONT_1712768479.jpg&feedId=62769&k=f5737a61b6803b012d82bf38b9d3c37b9e8f19a2,USD,,"Over $120 - Free Delivery, Less than $120 - $12",https://goddiva.us/products/goddiva-flare-sleeve-frill-edge-midi-dress-black,,,USD96,62769,Goddiva,1,,,,,,Womens,Dresses
https://www.awin1.com/pclick.php?p=37192094533&a=2771700&m=24726,Goddiva Flare Sleeve Frill Edge Midi Dress - Black,37192094533,DR4313-BLACK-12,https://cdn.shopify.com/s/files/1/0487/8834/0899/files/DR4313_BLACK_FRONT_1712768479.jpg,"Discover the essence of feminine grace and charm with our Flare Sleeve Frill Edge Midi dress. This captivating black ensemble exudes timeless elegance and romantic detailing, making it an ideal choice for semi-formal occasions and as a stunning outfit for wedding guests. Featuring a chic V-neckline, this black dress flatters your dcolletage while offering a sophisticated silhouette. The frilled detailing on the bust, neckline, and sleeves adds a touch of whimsical charm, creating a romantic aesthetic that is sure to turn heads. Crafted with meticulous attention to detail, this black midi dress strikes the perfect balance between elegance and playfulness. The flare sleeves lend a graceful movement to your ensemble, enhancing its allure and charm. Whether you're attending a cocktail party, a garden wedding, or any semi-formal affair, this black dress is guaranteed to make a statement. Embrace sophistication and femininity with our Flare Sleeve Frill Edge Midi dress, and leave a lasting impression wherever you go.",Dresses,14,Goddiva,24726,Women's Dresses & Skirts,198,https://images2.productserve.com/?w=200&h=200&bg=white&trim=5&t=letterbox&url=ssl%3Acdn.shopify.com%2Fs%2Ffiles%2F1%2F0487%2F8834%2F0899%2Ffiles%2FDR4313_BLACK_FRONT_1712768479.jpg&feedId=62769&k=f5737a61b6803b012d82bf38b9d3c37b9e8f19a2,USD,,"Over $120 - Free Delivery, Less than $120 - $12",https://goddiva.us/products/goddiva-flare-sleeve-frill-edge-midi-dress-black,,,USD96,62769,Goddiva,1,,,,,,Womens,Dresses
https://www.awin1.com/pclick.php?p=37759610358&a=2771700&m=24726,Goddiva Front Knot Twist Midi Dress - Magenta,37759610358,DR4409-MAGENTA-12,https://cdn.shopify.com/s/files/1/0487/8834/0899/files/DR4409_magenta_front_1730381519.jpg,"Step into elegance and charm with our Front Knot Twist Midi Dress, a divine choice destined for those special moments. Designed to captivate, this Magenta dress is your ultimate companion for weddings, enchanting date nights, lively garden parties, and exhilarating races. Picture yourself in its embrace, adorned with a sophisticated Bardot neckline that exudes timeless allure. But it's the meticulous knot front detailing on the bust that truly sets this pink dress apart, adding a touch of artistry and intrigue to your ensemble. Crafted to flatter every curve, the bodycon fit of this Magenta dress ensures a silhouette that commands attention and leaves a lasting impression. Whether you're dancing under the stars or mingling in a sun-drenched garden, this pink dress effortlessly embodies grace and sophistication. Elevate your style effortlessly with our Front Knot Twist Midi Dress, where every stitch whispers elegance and every detail speaks of refinement. Embrace the allure of understated glamour and let your presence steal the spotlight.",Dresses,38,Goddiva,24726,Women's Dresses & Skirts,198,https://images2.productserve.com/?w=200&h=200&bg=white&trim=5&t=letterbox&url=ssl%3Acdn.shopify.com%2Fs%2Ffiles%2F1%2F0487%2F8834%2F0899%2Ffiles%2FDR4409_magenta_front_1730381519.jpg&feedId=62769&k=fa9aa850701594bc7cef2e464e96dd4e7bc2428f,USD,,"Over $120 - Free Delivery, Less than $120 - $12",https://goddiva.us/products/goddiva-front-knot-twist-midi-dress-magenta,,,USD78,62769,Goddiva,1,,,,,,Womens,Dresses
https://www.awin1.com/pclick.php?p=37759610359&a=2771700&m=24726,Goddiva Front Knot Twist Midi Dress - Magenta,37759610359,DR4409-MAGENTA-14,https://cdn.shopify.com/s/files/1/0487/8834/0899/files/DR4409_magenta_front_1730381519.jpg,"Step into elegance and charm with our Front Knot Twist Midi Dress, a divine choice destined for those special moments. Designed to captivate, this Magenta dress is your ultimate companion for weddings, enchanting date nights, lively garden parties, and exhilarating races. Picture yourself in its embrace, adorned with a sophisticated Bardot neckline that exudes timeless allure. But it's the meticulous knot front detailing on the bust that truly sets this pink dress apart, adding a touch of artistry and intrigue to your ensemble. Crafted to flatter every curve, the bodycon fit of this Magenta dress ensures a silhouette that commands attention and leaves a lasting impression. Whether you're dancing under the stars or mingling in a sun-drenched garden, this pink dress effortlessly embodies grace and sophistication. Elevate your style effortlessly with our Front Knot Twist Midi Dress, where every stitch whispers elegance and every detail speaks of refinement. Embrace the allure of understated glamour and let your presence steal the spotlight.",Dresses,38,Goddiva,24726,Women's Dresses & Skirts,198,https://images2.productserve.com/?w=200&h=200&bg=white&trim=5&t=letterbox&url=ssl%3Acdn.shopify.com%2Fs%2Ffiles%2F1%2F0487%2F8834%2F0899%2Ffiles%2FDR4409_magenta_front_1730381519.jpg&feedId=62769&k=fa9aa850701594bc7cef2e464e96dd4e7bc2428f,USD,,"Over $120 - Free Delivery, Less than $120 - $12",https://goddiva.us/products/goddiva-front-knot-twist-midi-dress-magenta,,,USD78,62769,Goddiva,1,,,,,,Womens,Dresses
https://www.awin1.com/pclick.php?p=37759610356&a=2771700&m=24726,Goddiva Front Knot Twist Midi Dress - Magenta,37759610356,DR4409-MAGENTA-8,https://cdn.shopify.com/s/files/1/0487/8834/0899/files/DR4409_magenta_front_1730381519.jpg,"Step into elegance and charm with our Front Knot Twist Midi Dress, a divine choice destined for those special moments. Designed to captivate, this Magenta dress is your ultimate companion for weddings, enchanting date nights, lively garden parties, and exhilarating races. Picture yourself in its embrace, adorned with a sophisticated Bardot neckline that exudes timeless allure. But it's the meticulous knot front detailing on the bust that truly sets this pink dress apart, adding a touch of artistry and intrigue to your ensemble. Crafted to flatter every curve, the bodycon fit of this Magenta dress ensures a silhouette that commands attention and leaves a lasting impression. Whether you're dancing under the stars or mingling in a sun-drenched garden, this pink dress effortlessly embodies grace and sophistication. Elevate your style effortlessly with our Front Knot Twist Midi Dress, where every stitch whispers elegance and every detail speaks of refinement. Embrace the allure of understated glamour and let your presence steal the spotlight.",Dresses,38,Goddiva,24726,Women's Dresses & Skirts,198,https://images2.productserve.com/?w=200&h=200&bg=white&trim=5&t=letterbox&url=ssl%3Acdn.shopify.com%2Fs%2Ffiles%2F1%2F0487%2F8834%2F0899%2Ffiles%2FDR4409_magenta_front_1730381519.jpg&feedId=62769&k=fa9aa850701594bc7cef2e464e96dd4e7bc2428f,USD,,"Over $120 - Free Delivery, Less than $120 - $12",https://goddiva.us/products/goddiva-front-knot-twist-midi-dress-magenta,,,USD78,62769,Goddiva,1,,,,,,Womens,Dresses
https://www.awin1.com/pclick.php?p=37759610357&a=2771700&m=24726,Goddiva Front Knot Twist Midi Dress - Magenta,37759610357,DR4409-MAGENTA-10,https://cdn.shopify.com/s/files/1/0487/8834/0899/files/DR4409_magenta_front_1730381519.jpg,"Step into elegance and charm with our Front Knot Twist Midi Dress, a divine choice destined for those special moments. Designed to captivate, this Magenta dress is your ultimate companion for weddings, enchanting date nights, lively garden parties, and exhilarating races. Picture yourself in its embrace, adorned with a sophisticated Bardot neckline that exudes timeless allure. But it's the meticulous knot front detailing on the bust that truly sets this pink dress apart, adding a touch of artistry and intrigue to your ensemble. Crafted to flatter every curve, the bodycon fit of this Magenta dress ensures a silhouette that commands attention and leaves a lasting impression. Whether you're dancing under the stars or mingling in a sun-drenched garden, this pink dress effortlessly embodies grace and sophistication. Elevate your style effortlessly with our Front Knot Twist Midi Dress, where every stitch whispers elegance and every detail speaks of refinement. Embrace the allure of understated glamour and let your presence steal the spotlight.",Dresses,38,Goddiva,24726,Women's Dresses & Skirts,198,https://images2.productserve.com/?w=200&h=200&bg=white&trim=5&t=letterbox&url=ssl%3Acdn.shopify.com%2Fs%2Ffiles%2F1%2F0487%2F8834%2F0899%2Ffiles%2FDR4409_magenta_front_1730381519.jpg&feedId=62769&k=fa9aa850701594bc7cef2e464e96dd4e7bc2428f,USD,,"Over $120 - Free Delivery, Less than $120 - $12",https://goddiva.us/products/goddiva-front-knot-twist-midi-dress-magenta,,,USD78,62769,Goddiva,1,,,,,,Womens,Dresses
https://www.awin1.com/pclick.php?p=36062236841&a=2771700&m=24726,Goddiva Chiffon Layered Flutter Sleeve Midi Dress - Pink,36062236841,DR3590QZ-PINK-12,https://cdn.shopify.com/s/files/1/0487/8834/0899/files/DR3590QZ_pink_front__1729611941.jpg,"Step out in style this season in this fun and flirty pink number. The chiffon layered flutter sleeve midi by Goddiva is the dress that will take you from day to night this season. With its classic v-neckline teamed with its short flutter sleeves and finished with a fun tiered skirt makes this pink dress a winning pick for dinner dates, wedding guests, christenings, Christmas parties and all other occasions this season. Designed with its delicate and sparkling lurex chiffon, this short occasion dress is ticking the boxes for you this season. Team with some heels and a small clutch to complete the look.",Dresses,38,Goddiva,24726,Women's Dresses & Skirts,198,https://images2.productserve.com/?w=200&h=200&bg=white&trim=5&t=letterbox&url=ssl%3Acdn.shopify.com%2Fs%2Ffiles%2F1%2F0487%2F8834%2F0899%2Ffiles%2FDR3590QZ_pink_front__1729611941.jpg&feedId=62769&k=ff97446b3fcf065a17ad7b453fd344d1486ba8ba,USD,,"Over $120 - Free Delivery, Less than $120 - $12",https://goddiva.us/products/goddiva-chiffon-layered-flutter-sleeve-midi-dress-pink,,,USD90,62769,Goddiva,1,,,,,,Womens,Dresses
https://www.awin1.com/pclick.php?p=36062236840&a=2771700&m=24726,Goddiva Chiffon Layered Flutter Sleeve Midi Dress - Pink,36062236840,DR3590QZ-PINK-10,https://cdn.shopify.com/s/files/1/0487/8834/0899/files/DR3590QZ_pink_front__1729611941.jpg,"Step out in style this season in this fun and flirty pink number. The chiffon layered flutter sleeve midi by Goddiva is the dress that will take you from day to night this season. With its classic v-neckline teamed with its short flutter sleeves and finished with a fun tiered skirt makes this pink dress a winning pick for dinner dates, wedding guests, christenings, Christmas parties and all other occasions this season. Designed with its delicate and sparkling lurex chiffon, this short occasion dress is ticking the boxes for you this season. Team with some heels and a small clutch to complete the look.",Dresses,38,Goddiva,24726,Women's Dresses & Skirts,198,https://images2.productserve.com/?w=200&h=200&bg=white&trim=5&t=letterbox&url=ssl%3Acdn.shopify.com%2Fs%2Ffiles%2F1%2F0487%2F8834%2F0899%2Ffiles%2FDR3590QZ_pink_front__1729611941.jpg&feedId=62769&k=ff97446b3fcf065a17ad7b453fd344d1486ba8ba,USD,,"Over $120 - Free Delivery, Less than $120 - $12",https://goddiva.us/products/goddiva-chiffon-layered-flutter-sleeve-midi-dress-pink,,,USD90,62769,Goddiva,1,,,,,,Womens,Dresses
https://www.awin1.com/pclick.php?p=33948207941&a=2771700&m=24726,Goddiva Chiffon Layered Flutter Sleeve Midi Dress - Navy,33948207941,DR3590QZ-NAVY-10,https://cdn.shopify.com/s/files/1/0487/8834/0899/files/DR3590QZ_NAVYBLUE2978_20_2811_29_front_1750089217.jpg,"Step out in style this season in this fun and flirty navy blue number. The chiffon layered flutter sleeve midi by Goddiva is the dress that will take you from day to night this season. With its classic v-neckline teamed with its short flutter sleeves and finished with a fun tiered skirt makes this dark blue dress a winning pick for dinner dates, wedding guests, christenings, christmas parties and all other occasions this season. Designed with its delicate and sparkling lurex chiffon, this short occasion dress is ticking the boxes for you this season. Team with some heels and a small clutch to complete the look.",Dresses,45,Goddiva,24726,Women's Dresses & Skirts,198,https://images2.productserve.com/?w=200&h=200&bg=white&trim=5&t=letterbox&url=ssl%3Acdn.shopify.com%2Fs%2Ffiles%2F1%2F0487%2F8834%2F0899%2Ffiles%2FDR3590QZ_NAVYBLUE2978_20_2811_29_front_1750089217.jpg&feedId=62769&k=e16f3abfd2a9999a8781a9107698f1894a8a6ac5,USD,,"Over $120 - Free Delivery, Less than $120 - $12",https://goddiva.us/products/goddiva-chiffon-layered-flutter-sleeve-midi-dress-navy,,,USD90,62769,Goddiva,1,,,,,,Womens,Dresses
https://www.awin1.com/pclick.php?p=35831417862&a=2771700&m=24726,Goddiva Chiffon Off The Shoulder Maxi With Cape Sleeves  - Hot Pink,35831417862,DR3780-HOTPINK-10,https://cdn.shopify.com/s/files/1/0487/8834/0899/files/DR3780-HOTPINK_16668_dt_1774006288.jpg,"Our stunning Chiffon Off The Shoulder Maxi with Cape Sleeves - a show-stopping style that's perfect for any special occasion! With its flowy and ethereal chiffon fabric, this dress exudes a sense of effortless elegance that's sure to turn heads. This pink dress drapes beautifully to create a flowing silhouette that flatters every body type. The off-the-shoulder neckline adds a touch of romance and sophistication, while the cape detailing on the sleeves adds a playful and feminine touch to the overall look. Whether you're a bridesmaid or attending a black tie event, this pink dress is the perfect choice for making a statement. Its floor-sweeping length gives it that classic maxi look, while the lightweight fabric ensures you'll stay comfortable all night long. So why settle for anything less when you can have the best? Choose our Chiffon Off The Shoulder Maxi with Cape Sleeves and feel like a true goddess at your next special occasion!",Dresses,38,Goddiva,24726,Women's Dresses & Skirts,198,https://images2.productserve.com/?w=200&h=200&bg=white&trim=5&t=letterbox&url=ssl%3Acdn.shopify.com%2Fs%2Ffiles%2F1%2F0487%2F8834%2F0899%2Ffiles%2FDR3780-HOTPINK_16668_dt_1774006288.jpg&feedId=62769&k=f832f07d1f3abf79671d8417808e59b1c6396a5a,USD,,"Over $120 - Free Delivery, Less than $120 - $12",https://goddiva.us/products/goddiva-chiffon-off-the-shoulder-maxi-with-cape-sleeves-hot-pink,,,USD116,62769,Goddiva,1,,,,,,Womens,Dresses
https://www.awin1.com/pclick.php?p=33948207943&a=2771700&m=24726,Goddiva Chiffon Layered Flutter Sleeve Midi Dress - Navy,33948207943,DR3590QZ-NAVY-12,https://cdn.shopify.com/s/files/1/0487/8834/0899/files/DR3590QZ_NAVYBLUE2978_20_2811_29_front_1750089217.jpg,"Step out in style this season in this fun and flirty navy blue number. The chiffon layered flutter sleeve midi by Goddiva is the dress that will take you from day to night this season. With its classic v-neckline teamed with its short flutter sleeves and finished with a fun tiered skirt makes this dark blue dress a winning pick for dinner dates, wedding guests, christenings, christmas parties and all other occasions this season. Designed with its delicate and sparkling lurex chiffon, this short occasion dress is ticking the boxes for you this season. Team with some heels and a small clutch to complete the look.",Dresses,45,Goddiva,24726,Women's Dresses & Skirts,198,https://images2.productserve.com/?w=200&h=200&bg=white&trim=5&t=letterbox&url=ssl%3Acdn.shopify.com%2Fs%2Ffiles%2F1%2F0487%2F8834%2F0899%2Ffiles%2FDR3590QZ_NAVYBLUE2978_20_2811_29_front_1750089217.jpg&feedId=62769&k=e16f3abfd2a9999a8781a9107698f1894a8a6ac5,USD,,"Over $120 - Free Delivery, Less than $120 - $12",https://goddiva.us/products/goddiva-chiffon-layered-flutter-sleeve-midi-dress-navy,,,USD90,62769,Goddiva,1,,,,,,Womens,Dresses
https://www.awin1.com/pclick.php?p=33948207945&a=2771700&m=24726,Goddiva Chiffon Layered Flutter Sleeve Midi Dress - Navy,33948207945,DR3590QZ-NAVY-14,https://cdn.shopify.com/s/files/1/0487/8834/0899/files/DR3590QZ_NAVYBLUE2978_20_2811_29_front_1750089217.jpg,"Step out in style this season in this fun and flirty navy blue number. The chiffon layered flutter sleeve midi by Goddiva is the dress that will take you from day to night this season. With its classic v-neckline teamed with its short flutter sleeves and finished with a fun tiered skirt makes this dark blue dress a winning pick for dinner dates, wedding guests, christenings, christmas parties and all other occasions this season. Designed with its delicate and sparkling lurex chiffon, this short occasion dress is ticking the boxes for you this season. Team with some heels and a small clutch to complete the look.",Dresses,45,Goddiva,24726,Women's Dresses & Skirts,198,https://images2.productserve.com/?w=200&h=200&bg=white&trim=5&t=letterbox&url=ssl%3Acdn.shopify.com%2Fs%2Ffiles%2F1%2F0487%2F8834%2F0899%2Ffiles%2FDR3590QZ_NAVYBLUE2978_20_2811_29_front_1750089217.jpg&feedId=62769&k=e16f3abfd2a9999a8781a9107698f1894a8a6ac5,USD,,"Over $120 - Free Delivery, Less than $120 - $12",https://goddiva.us/products/goddiva-chiffon-layered-flutter-sleeve-midi-dress-navy,,,USD90,62769,Goddiva,1,,,,,,Womens,Dresses
https://www.awin1.com/pclick.php?p=36062236839&a=2771700&m=24726,Goddiva Chiffon Layered Flutter Sleeve Midi Dress - Pink,36062236839,DR3590QZ-PINK-8,https://cdn.shopify.com/s/files/1/0487/8834/0899/files/DR3590QZ_pink_front__1729611941.jpg,"Step out in style this season in this fun and flirty pink number. The chiffon layered flutter sleeve midi by Goddiva is the dress that will take you from day to night this season. With its classic v-neckline teamed with its short flutter sleeves and finished with a fun tiered skirt makes this pink dress a winning pick for dinner dates, wedding guests, christenings, Christmas parties and all other occasions this season. Designed with its delicate and sparkling lurex chiffon, this short occasion dress is ticking the boxes for you this season. Team with some heels and a small clutch to complete the look.",Dresses,38,Goddiva,24726,Women's Dresses & Skirts,198,https://images2.productserve.com/?w=200&h=200&bg=white&trim=5&t=letterbox&url=ssl%3Acdn.shopify.com%2Fs%2Ffiles%2F1%2F0487%2F8834%2F0899%2Ffiles%2FDR3590QZ_pink_front__1729611941.jpg&feedId=62769&k=ff97446b3fcf065a17ad7b453fd344d1486ba8ba,USD,,"Over $120 - Free Delivery, Less than $120 - $12",https://goddiva.us/products/goddiva-chiffon-layered-flutter-sleeve-midi-dress-pink,,,USD90,62769,Goddiva,1,,,,,,Womens,Dresses
https://www.awin1.com/pclick.php?p=35063607111&a=2771700&m=24726,Goddiva Pleated Bardot Scuba Maxi Dress - Wine,35063607111,DR3648-WINE-12,https://cdn.shopify.com/s/files/1/0487/8834/0899/files/25903_1717430493.jpg,"Get your hands on this fabulous Pleated Bardot Scuba Maxi from the latest collection by Goddiva! With pleated detail on bust, fitted style and scuba crepe material, this dark red maxi dress is perfect for bridesmaids, evening dress, prom or black tie occasions. Make a powerful style statement in this wine maxi. This figure flattering evening dress is one for keeps, with its classic style and outstanding color, this long dress will be your go to for all occasions!",Dresses,38,Goddiva,24726,Women's Dresses & Skirts,198,https://images2.productserve.com/?w=200&h=200&bg=white&trim=5&t=letterbox&url=ssl%3Acdn.shopify.com%2Fs%2Ffiles%2F1%2F0487%2F8834%2F0899%2Ffiles%2F25903_1717430493.jpg&feedId=62769&k=674a6515ab815adde030e1fa7eb85670b883bef2,USD,,"Over $120 - Free Delivery, Less than $120 - $12",https://goddiva.us/products/goddiva-pleated-bardot-scuba-maxi-dress-wine,,,USD116,62769,Goddiva,1,,,,,,Womens,Dresses
https://www.awin1.com/pclick.php?p=35126807339&a=2771700&m=24726,Goddiva One Shoulder Front Split Scuba Maxi - Emerald Green,35126807339,DR3518-EMERALD-10,https://cdn.shopify.com/s/files/1/0487/8834/0899/files/37039_1726648741.jpg,"A stunning and versatile evening dress, the Goddiva One Shoulder Front Split Scuba Maxi Dress is perfect for any special occasion, be it a cocktail party, prom or even a wedding. This fabulous emerald green maxi dress features a front thigh split, one shoulder, v-neck wrap style bust and a back zipper closure. It is made of scuba crepe fabric that gives it a classy look. This elegant dark green dress has an amazing scuba fabric with a firm texture and moderate stretch, which creates smooth lines around the body. Its front thigh split creates sex appeal and movement while walking or dancing. Style this evening dress with minimal accessories to highlight your curves and flaunt your feminine charm.",Dresses,30,Goddiva,24726,Women's Dresses & Skirts,198,https://images2.productserve.com/?w=200&h=200&bg=white&trim=5&t=letterbox&url=ssl%3Acdn.shopify.com%2Fs%2Ffiles%2F1%2F0487%2F8834%2F0899%2Ffiles%2F37039_1726648741.jpg&feedId=62769&k=063a81ec739aa418160da38aa9606a5c99ee432f,USD,,"Over $120 - Free Delivery, Less than $120 - $12",https://goddiva.us/products/goddiva-one-shoulder-front-split-scuba-maxi-emerald-green,,,USD96,62769,Goddiva,1,,,,,,Womens,Dresses
https://www.awin1.com/pclick.php?p=35510317468&a=2771700&m=24726,Goddiva Satin Bandeau Maxi Dress - Royal Blue,35510317468,DR3772-ROYALBLUE-12,https://cdn.shopify.com/s/files/1/0487/8834/0899/files/DR3772_ROYALBLUE_FRONT_1713172061.jpg,"This fitted satin maxi dress is the perfect pick for you if you want to look sexy and classy at your next formal occasion. This sensational bold blue satin bandeau maxi dress from Goddiva is this seasons hottest piece. In its sultry smooth satin material, this sleeveless number is screaming BUY ME!.  Whether you're attending a gala, prom, wedding or black tie event, this royal blue maxi dress will make you look and feel like a million bucks! Go for a bold look with this maxi dress and team it with strappy heels and a glamorous clutch for an unforgettable night.",Dresses,38,Goddiva,24726,Women's Dresses & Skirts,198,https://images2.productserve.com/?w=200&h=200&bg=white&trim=5&t=letterbox&url=ssl%3Acdn.shopify.com%2Fs%2Ffiles%2F1%2F0487%2F8834%2F0899%2Ffiles%2FDR3772_ROYALBLUE_FRONT_1713172061.jpg&feedId=62769&k=b2adf0c5f8a9c69b21a07396cf1cd7481eed85e8,USD,,"Over $120 - Free Delivery, Less than $120 - $12",https://goddiva.us/products/goddiva-satin-bandeau-maxi-dress-royal-blue,,,USD72,62769,Goddiva,1,,,,,,Womens,Dresses
https://www.awin1.com/pclick.php?p=34671132777&a=2771700&m=24726,Goddiva Wrap Style Sequin Midi Dress - Emerald,34671132777,DR3644-EMERALD-10,https://cdn.shopify.com/s/files/1/0487/8834/0899/products/DR3644_emerald_front_l_1690474358.jpg,"This long sleeve wrap style sequin dress is the perfect addition to your closet. The V-neckline and wrap style accentuate your figure and make you look sophisticated, while the sequin embellishment adds oodles of glamour. You can wear this sparkly emerald number as a night out dress or an elegant date night outfit, but this dress will give you an instant chic look wherever you go! The long sleeves are adorned with beautiful sequins that catch the light and make you shine bright in an elegant way. This stunning number is finished off with a detachable belt at the waist to accentuate your tiny waist. Wear this green dress with your favourite pair of heels for the ultimate chic look!",Dresses,38,Goddiva,24726,Women's Dresses & Skirts,198,https://images2.productserve.com/?w=200&h=200&bg=white&trim=5&t=letterbox&url=ssl%3Acdn.shopify.com%2Fs%2Ffiles%2F1%2F0487%2F8834%2F0899%2Fproducts%2FDR3644_emerald_front_l_1690474358.jpg&feedId=62769&k=11b7ebbaf5fdba2566076483a44bb33fa0db0327,USD,,"Over $120 - Free Delivery, Less than $120 - $12",https://goddiva.us/products/goddiva-wrap-style-sequin-midi-dress-emerald,,,USD150,62769,Goddiva,1,,,,,,Womens,Dresses
https://www.awin1.com/pclick.php?p=36159671859&a=2771700&m=24726,Goddiva Bridesmaids Chiffon Maxi Dress - Hot Pink,36159671859,DR3777-HOTPINK-8,https://cdn.shopify.com/s/files/1/0487/8834/0899/files/DR3777_hot-pink_front_l__20_281_29_1729678088.jpg,"The Chiffon bandeau maxi dress with a feather detail can be a great choice for bridesmaids and prom. The delicate chiffon fabric gives the dress a luxurious and elegant look, while the bandeau style adds a modern touch to this ravishing hot pink. The feather detail can also add a touch of glamour and give you more of a statement piece to wear, allowing for spotlight moments. Whether for bridesmaids or prom, this type of dress can make a statement and help you stand out from the crowd. This cerise pink chiffon occasion dress can be a versatile and elegant choice for any season. Make sure to pair it with the right accessories, such as high heels and statement jewellery, to complete the look",Dresses,38,Goddiva,24726,Women's Dresses & Skirts,198,https://images2.productserve.com/?w=200&h=200&bg=white&trim=5&t=letterbox&url=ssl%3Acdn.shopify.com%2Fs%2Ffiles%2F1%2F0487%2F8834%2F0899%2Ffiles%2FDR3777_hot-pink_front_l__20_281_29_1729678088.jpg&feedId=62769&k=e8419311577dd1c298a3ed337e45ae8da4e53498,USD,,"Over $120 - Free Delivery, Less than $120 - $12",https://goddiva.us/products/goddiva-bridesmaids-chiffon-maxi-dress-pink,,,USD76,62769,Goddiva,1,,,,,,Womens,Dresses
https://www.awin1.com/pclick.php?p=35009102011&a=2771700&m=24726,Goddiva Cowl Neck With Strappy Back Satin Maxi - Blush,35009102011,DR2113-BLUSH-14,https://cdn.shopify.com/s/files/1/0487/8834/0899/files/36954_1728295432.jpg,"Dare to be fabulous and fierce in this fun & flirty cowl neck with strappy back satin maxi evening dress by Goddiva. This lively designed long blush gown, is the crowning choice for your upcoming special occasion events. This sexy satin styled maxi dress has fancy detailing throughout, like its upward pleating detail on the bodice, its flattering cowl neck line and its delicate pleated skirt. Wearing this outstanding and affordable pink silk gown will show off your shapely figure and give you the ultimate WOW factor! Its mermaid hem line brings a magical feel to such a beautiful dress; making this the best choice for weddings, proms, bridesmaids and every other extra special event you can possibly think of. Get the full look by finishing off this look with some stunning metallic heels, matching metallic clutch bag and accessories with minimal jewellery to have the spotlight on you!",Dresses,38,Goddiva,24726,Women's Dresses & Skirts,198,https://images2.productserve.com/?w=200&h=200&bg=white&trim=5&t=letterbox&url=ssl%3Acdn.shopify.com%2Fs%2Ffiles%2F1%2F0487%2F8834%2F0899%2Ffiles%2F36954_1728295432.jpg&feedId=62769&k=16d214552b2b80d1ea2c1328d7ff43da7a9ff7bf,USD,,"Over $120 - Free Delivery, Less than $120 - $12",https://goddiva.us/products/goddiva-cowl-neck-with-strappy-back-satin-maxi-blush,,,USD78,62769,Goddiva,1,,,,,,Womens,Dresses
https://www.awin1.com/pclick.php?p=35979289266&a=2771700&m=24726,Goddiva Chiffon Off The Shoulder Maxi With Cape Sleeves  - Blush,35979289266,DR3780-BLUSH-12,https://cdn.shopify.com/s/files/1/0487/8834/0899/files/DR3780-BLUSH_16678_front_1774006343.jpg,"Our stunning Chiffon Off The Shoulder Maxi with Cape Sleeves - a show-stopping style that's perfect for any special occasion! With its flowy and ethereal chiffon fabric, this dress exudes a sense of effortless elegance that's sure to turn heads. This blush dress drapes beautifully to create a flowing silhouette that flatters every body type. The off-the-shoulder neckline adds a touch of romance and sophistication, while the cape detailing on the sleeves adds a playful and feminine touch to the overall look. Whether you're a bridesmaid or attending a black tie event, this light pink dress is the perfect choice for making a statement. Its floor-sweeping length gives it that classic maxi look, while the lightweight fabric ensures you'll stay comfortable all night long. So why settle for anything less when you can have the best? Choose our Chiffon Off The Shoulder Maxi with Cape Sleeves and feel like a true goddess at your next special occasion!",Dresses,38,Goddiva,24726,Women's Dresses & Skirts,198,https://images2.productserve.com/?w=200&h=200&bg=white&trim=5&t=letterbox&url=ssl%3Acdn.shopify.com%2Fs%2Ffiles%2F1%2F0487%2F8834%2F0899%2Ffiles%2FDR3780-BLUSH_16678_front_1774006343.jpg&feedId=62769&k=816b3f571eace560553e2a8aff7313607d3b1d9f,USD,,"Over $120 - Free Delivery, Less than $120 - $12",https://goddiva.us/products/goddiva-chiffon-off-the-shoulder-maxi-with-cape-sleeves-blush,,,USD116,62769,Goddiva,1,,,,,,Womens,Dresses
https://www.awin1.com/pclick.php?p=35831417866&a=2771700&m=24726,Goddiva Chiffon Off The Shoulder Maxi With Cape Sleeves  - Navy,35831417866,DR3780-NAVY-8,https://cdn.shopify.com/s/files/1/0487/8834/0899/products/aKdcKQ27-15757.jpg,"Our stunning Chiffon Off The Shoulder Maxi with Cape Sleeves - a show-stopping style that's perfect for any special occasion! With its flowy and ethereal chiffon fabric, this dress exudes a sense of effortless elegance that's sure to turn heads. This navy dress drapes beautifully to create a flowing silhouette that flatters every body type. The off-the-shoulder neckline adds a touch of romance and sophistication, while the cape detailing on the sleeves adds a playful and feminine touch to the overall look. Whether you're a bridesmaid or attending a black tie event, this dark blue dress is the perfect choice for making a statement. Its floor-sweeping length gives it that classic maxi look, while the lightweight fabric ensures you'll stay comfortable all night long. So why settle for anything less when you can have the best? Choose our Chiffon Off The Shoulder Maxi with Cape Sleeves and feel like a true goddess at your next special occasion!",Dresses,38,Goddiva,24726,Women's Dresses & Skirts,198,https://images2.productserve.com/?w=200&h=200&bg=white&trim=5&t=letterbox&url=ssl%3Acdn.shopify.com%2Fs%2Ffiles%2F1%2F0487%2F8834%2F0899%2Fproducts%2FaKdcKQ27-15757.jpg&feedId=62769&k=52079b6fe4b78b716eb4eb86319b43044773ee84,USD,,"Over $120 - Free Delivery, Less than $120 - $12",https://goddiva.us/products/goddiva-chiffon-off-the-shoulder-maxi-with-cape-sleeves-navy,,,USD116,62769,Goddiva,1,,,,,,Womens,Dresses
https://www.awin1.com/pclick.php?p=35831417867&a=2771700&m=24726,Goddiva Chiffon Off The Shoulder Maxi With Cape Sleeves  - Navy,35831417867,DR3780-NAVY-10,https://cdn.shopify.com/s/files/1/0487/8834/0899/products/aKdcKQ27-15757.jpg,"Our stunning Chiffon Off The Shoulder Maxi with Cape Sleeves - a show-stopping style that's perfect for any special occasion! With its flowy and ethereal chiffon fabric, this dress exudes a sense of effortless elegance that's sure to turn heads. This navy dress drapes beautifully to create a flowing silhouette that flatters every body type. The off-the-shoulder neckline adds a touch of romance and sophistication, while the cape detailing on the sleeves adds a playful and feminine touch to the overall look. Whether you're a bridesmaid or attending a black tie event, this dark blue dress is the perfect choice for making a statement. Its floor-sweeping length gives it that classic maxi look, while the lightweight fabric ensures you'll stay comfortable all night long. So why settle for anything less when you can have the best? Choose our Chiffon Off The Shoulder Maxi with Cape Sleeves and feel like a true goddess at your next special occasion!",Dresses,38,Goddiva,24726,Women's Dresses & Skirts,198,https://images2.productserve.com/?w=200&h=200&bg=white&trim=5&t=letterbox&url=ssl%3Acdn.shopify.com%2Fs%2Ffiles%2F1%2F0487%2F8834%2F0899%2Fproducts%2FaKdcKQ27-15757.jpg&feedId=62769&k=52079b6fe4b78b716eb4eb86319b43044773ee84,USD,,"Over $120 - Free Delivery, Less than $120 - $12",https://goddiva.us/products/goddiva-chiffon-off-the-shoulder-maxi-with-cape-sleeves-navy,,,USD116,62769,Goddiva,1,,,,,,Womens,Dresses
https://www.awin1.com/pclick.php?p=35831417861&a=2771700&m=24726,Goddiva Chiffon Off The Shoulder Maxi With Cape Sleeves  - Hot Pink,35831417861,DR3780-HOTPINK-8,https://cdn.shopify.com/s/files/1/0487/8834/0899/files/DR3780-HOTPINK_16668_dt_1774006288.jpg,"Our stunning Chiffon Off The Shoulder Maxi with Cape Sleeves - a show-stopping style that's perfect for any special occasion! With its flowy and ethereal chiffon fabric, this dress exudes a sense of effortless elegance that's sure to turn heads. This pink dress drapes beautifully to create a flowing silhouette that flatters every body type. The off-the-shoulder neckline adds a touch of romance and sophistication, while the cape detailing on the sleeves adds a playful and feminine touch to the overall look. Whether you're a bridesmaid or attending a black tie event, this pink dress is the perfect choice for making a statement. Its floor-sweeping length gives it that classic maxi look, while the lightweight fabric ensures you'll stay comfortable all night long. So why settle for anything less when you can have the best? Choose our Chiffon Off The Shoulder Maxi with Cape Sleeves and feel like a true goddess at your next special occasion!",Dresses,38,Goddiva,24726,Women's Dresses & Skirts,198,https://images2.productserve.com/?w=200&h=200&bg=white&trim=5&t=letterbox&url=ssl%3Acdn.shopify.com%2Fs%2Ffiles%2F1%2F0487%2F8834%2F0899%2Ffiles%2FDR3780-HOTPINK_16668_dt_1774006288.jpg&feedId=62769&k=f832f07d1f3abf79671d8417808e59b1c6396a5a,USD,,"Over $120 - Free Delivery, Less than $120 - $12",https://goddiva.us/products/goddiva-chiffon-off-the-shoulder-maxi-with-cape-sleeves-hot-pink,,,USD116,62769,Goddiva,1,,,,,,Womens,Dresses
https://www.awin1.com/pclick.php?p=34734555775&a=2771700&m=24726,Goddiva Bardot Crossover Maxi Dress - Vividemerald,34734555775,DR2006-VIVIDEMERALD-8,https://cdn.shopify.com/s/files/1/0487/8834/0899/products/vJoggcNp-13883.jpg,"Be ready to say yes to the occasion this season with this draped off-the-shoulder chiffon maxi dress. This classic Goddiva chiffon design is the perfect pick for the upcoming season and the events it holds. In its uniquely jewelled emerald color, this chiffon evening maxi dress will have you standing out like a diamond in the rough. This stunner is a great choice for bridesmaids, prom, wedding guests, evening occasions and black tie events. With its ocean-like green color, this evening dress will set the standards high for any formal occasion. With its off-the-shoulder design, draped sleeve detailing and floor-length chiffon skirt, this design is elegant and classy. While its thigh front split and open back bring a fun and flirty side to such a modest style. This long evening dress is definitely something you need to add to your collection of evening wear, with this dress in your possession, anything is possible.",Dresses,34,Goddiva,24726,Women's Dresses & Skirts,198,https://images2.productserve.com/?w=200&h=200&bg=white&trim=5&t=letterbox&url=ssl%3Acdn.shopify.com%2Fs%2Ffiles%2F1%2F0487%2F8834%2F0899%2Fproducts%2FvJoggcNp-13883.jpg&feedId=62769&k=e6c30d4c5d079f44b2a3e9f6d8325db5297274d9,USD,,"Over $120 - Free Delivery, Less than $120 - $12",https://goddiva.us/products/goddiva-bardot-crossover-maxi-dress-vividemerald,,,USD120,62769,Goddiva,1,,,,,,Womens,Dresses
https://www.awin1.com/pclick.php?p=33948207939&a=2771700&m=24726,Goddiva Chiffon Layered Flutter Sleeve Midi Dress - Navy,33948207939,DR3590QZ-NAVY-8,https://cdn.shopify.com/s/files/1/0487/8834/0899/files/DR3590QZ_NAVYBLUE2978_20_2811_29_front_1750089217.jpg,"Step out in style this season in this fun and flirty navy blue number. The chiffon layered flutter sleeve midi by Goddiva is the dress that will take you from day to night this season. With its classic v-neckline teamed with its short flutter sleeves and finished with a fun tiered skirt makes this dark blue dress a winning pick for dinner dates, wedding guests, christenings, christmas parties and all other occasions this season. Designed with its delicate and sparkling lurex chiffon, this short occasion dress is ticking the boxes for you this season. Team with some heels and a small clutch to complete the look.",Dresses,45,Goddiva,24726,Women's Dresses & Skirts,198,https://images2.productserve.com/?w=200&h=200&bg=white&trim=5&t=letterbox&url=ssl%3Acdn.shopify.com%2Fs%2Ffiles%2F1%2F0487%2F8834%2F0899%2Ffiles%2FDR3590QZ_NAVYBLUE2978_20_2811_29_front_1750089217.jpg&feedId=62769&k=e16f3abfd2a9999a8781a9107698f1894a8a6ac5,USD,,"Over $120 - Free Delivery, Less than $120 - $12",https://goddiva.us/products/goddiva-chiffon-layered-flutter-sleeve-midi-dress-navy,,,USD90,62769,Goddiva,1,,,,,,Womens,Dresses
https://www.awin1.com/pclick.php?p=35126807341&a=2771700&m=24726,Goddiva One Shoulder Front Split Scuba Maxi - Emerald Green,35126807341,DR3518-EMERALD-12,https://cdn.shopify.com/s/files/1/0487/8834/0899/files/37039_1726648741.jpg,"A stunning and versatile evening dress, the Goddiva One Shoulder Front Split Scuba Maxi Dress is perfect for any special occasion, be it a cocktail party, prom or even a wedding. This fabulous emerald green maxi dress features a front thigh split, one shoulder, v-neck wrap style bust and a back zipper closure. It is made of scuba crepe fabric that gives it a classy look. This elegant dark green dress has an amazing scuba fabric with a firm texture and moderate stretch, which creates smooth lines around the body. Its front thigh split creates sex appeal and movement while walking or dancing. Style this evening dress with minimal accessories to highlight your curves and flaunt your feminine charm.",Dresses,30,Goddiva,24726,Women's Dresses & Skirts,198,https://images2.productserve.com/?w=200&h=200&bg=white&trim=5&t=letterbox&url=ssl%3Acdn.shopify.com%2Fs%2Ffiles%2F1%2F0487%2F8834%2F0899%2Ffiles%2F37039_1726648741.jpg&feedId=62769&k=063a81ec739aa418160da38aa9606a5c99ee432f,USD,,"Over $120 - Free Delivery, Less than $120 - $12",https://goddiva.us/products/goddiva-one-shoulder-front-split-scuba-maxi-emerald-green,,,USD96,62769,Goddiva,1,,,,,,Womens,Dresses
https://www.awin1.com/pclick.php?p=33948212179&a=2771700&m=24726,Goddiva Printed Batwing Wrap Midi Dress - Brown,33948212179,DR3575-BROWN-10,https://cdn.shopify.com/s/files/1/0487/8834/0899/products/URjAj9zN-10570.jpg,"The Goddiva printed batwing wrap midi is the ultimate summer dress - it is sure to wow at any occasion this season. Whether you are attending a BBQ, garden party, or cocktail reception, even weddings, you will be sure to turn heads wearing this brown tropical print dress. It's perfect for any season and can be worn casually or formally. It is a great gift anyone would love to receive. This summer dress is perfect for those days where you want to look great but feel comfortable. Pair it with some cute sandals for a classic summer holiday look or team with some tanned wedges for a gorgeous summer evening look and you're ready to go!",Dresses,14,Goddiva,24726,Women's Dresses & Skirts,198,https://images2.productserve.com/?w=200&h=200&bg=white&trim=5&t=letterbox&url=ssl%3Acdn.shopify.com%2Fs%2Ffiles%2F1%2F0487%2F8834%2F0899%2Fproducts%2FURjAj9zN-10570.jpg&feedId=62769&k=c531c487f926fa11408ace37a01c33bdf60ad46b,USD,,"Over $120 - Free Delivery, Less than $120 - $12",https://goddiva.us/products/goddiva-printed-batwing-wrap-midi-dress-brown,,,USD110,62769,Goddiva,1,,,,,,Womens,Dresses
https://www.awin1.com/pclick.php?p=35726192777&a=2771700&m=24726,Goddiva Satin Pleated Skirt Wrap Midi Dress - Red,35726192777,DR3921-RED-10,https://cdn.shopify.com/s/files/1/0487/8834/0899/products/C64jTIDO-15535.jpg,"This satin pleated skirt wrap midi dress is the perfect choice for any occasion, whether it's a wedding, christening, or semi-formal event. With its elegant midi length and beautiful pleated skirt, this red dress is both flattering and comfortable to wear. With its luxurious feel and its subtle sheen, you will stand out in any crowd. The wrap-style bodice and cinched waist create a flattering silhouette that will flatter your figure and make you feel confident and beautiful. Whether you're attending a formal event or a more casual gathering, this red satin dress is the perfect choice for any wedding guest or special occasion. So why wait? Add it to your wardrobe today and step out in style!",Dresses,36,Goddiva,24726,Women's Dresses & Skirts,198,https://images2.productserve.com/?w=200&h=200&bg=white&trim=5&t=letterbox&url=ssl%3Acdn.shopify.com%2Fs%2Ffiles%2F1%2F0487%2F8834%2F0899%2Fproducts%2FC64jTIDO-15535.jpg&feedId=62769&k=a6c79c15afbbe0750eecd5b2d9725a3ab2ac69bf,USD,,"Over $120 - Free Delivery, Less than $120 - $12",https://goddiva.us/products/goddiva-satin-pleated-skirt-wrap-midi-dress-red,,,USD138,62769,Goddiva,1,,,,,,Womens,Dresses
https://www.awin1.com/pclick.php?p=35063607107&a=2771700&m=24726,Goddiva Pleated Bardot Scuba Maxi Dress - Wine,35063607107,DR3648-WINE-8,https://cdn.shopify.com/s/files/1/0487/8834/0899/files/25903_1717430493.jpg,"Get your hands on this fabulous Pleated Bardot Scuba Maxi from the latest collection by Goddiva! With pleated detail on bust, fitted style and scuba crepe material, this dark red maxi dress is perfect for bridesmaids, evening dress, prom or black tie occasions. Make a powerful style statement in this wine maxi. This figure flattering evening dress is one for keeps, with its classic style and outstanding color, this long dress will be your go to for all occasions!",Dresses,38,Goddiva,24726,Women's Dresses & Skirts,198,https://images2.productserve.com/?w=200&h=200&bg=white&trim=5&t=letterbox&url=ssl%3Acdn.shopify.com%2Fs%2Ffiles%2F1%2F0487%2F8834%2F0899%2Ffiles%2F25903_1717430493.jpg&feedId=62769&k=674a6515ab815adde030e1fa7eb85670b883bef2,USD,,"Over $120 - Free Delivery, Less than $120 - $12",https://goddiva.us/products/goddiva-pleated-bardot-scuba-maxi-dress-wine,,,USD116,62769,Goddiva,1,,,,,,Womens,Dresses
https://www.awin1.com/pclick.php?p=35655990207&a=2771700&m=24726,Goddiva Printed Crossover Midi - Black,35655990207,DR3603-BLACK-8,https://cdn.shopify.com/s/files/1/0487/8834/0899/files/DR3603_RED_FRONT1_1744719317.jpg,"This Printed Crossover Midi dress is a stylish and comfortable choice for any casual summer occasion, such as a garden party or a holiday getaway. This black dress is designed in a flattering midi length that falls below the knee, making it both elegant and practical. The dress features a halter neck design that adds a touch of sophistication to the overall look. The crossover detail of this black dress is both stylish and trendy, making it a perfect choice for any fashion-forward individual, while the printed pattern of the dress is vibrant and playful, making it an excellent choice for any summer occasion. This black printed dress is designed to fit your body perfectly, with a crossover design that flatters your figure and accentuates your curves in all the right places. This dress is perfect for any casual summer occasion, whether you're attending a garden party or a holiday. Its stylish design and comfortable fit make it an excellent choice for anyone looking for a trendy and fashionable dress.",Dresses,36,Goddiva,24726,Women's Dresses & Skirts,198,https://images2.productserve.com/?w=200&h=200&bg=white&trim=5&t=letterbox&url=ssl%3Acdn.shopify.com%2Fs%2Ffiles%2F1%2F0487%2F8834%2F0899%2Ffiles%2FDR3603_RED_FRONT1_1744719317.jpg&feedId=62769&k=f150319a6dd5bed595705c673a4093751289ac3d,USD,,"Over $120 - Free Delivery, Less than $120 - $12",https://goddiva.us/products/goddiva-printed-crossover-midi-black,,,USD94,62769,Goddiva,1,,,,,,Womens,Dresses
https://www.awin1.com/pclick.php?p=33948212177&a=2771700&m=24726,Goddiva Printed Batwing Wrap Midi Dress - Brown,33948212177,DR3575-BROWN-8,https://cdn.shopify.com/s/files/1/0487/8834/0899/products/URjAj9zN-10570.jpg,"The Goddiva printed batwing wrap midi is the ultimate summer dress - it is sure to wow at any occasion this season. Whether you are attending a BBQ, garden party, or cocktail reception, even weddings, you will be sure to turn heads wearing this brown tropical print dress. It's perfect for any season and can be worn casually or formally. It is a great gift anyone would love to receive. This summer dress is perfect for those days where you want to look great but feel comfortable. Pair it with some cute sandals for a classic summer holiday look or team with some tanned wedges for a gorgeous summer evening look and you're ready to go!",Dresses,14,Goddiva,24726,Women's Dresses & Skirts,198,https://images2.productserve.com/?w=200&h=200&bg=white&trim=5&t=letterbox&url=ssl%3Acdn.shopify.com%2Fs%2Ffiles%2F1%2F0487%2F8834%2F0899%2Fproducts%2FURjAj9zN-10570.jpg&feedId=62769&k=c531c487f926fa11408ace37a01c33bdf60ad46b,USD,,"Over $120 - Free Delivery, Less than $120 - $12",https://goddiva.us/products/goddiva-printed-batwing-wrap-midi-dress-brown,,,USD110,62769,Goddiva,1,,,,,,Womens,Dresses
https://www.awin1.com/pclick.php?p=35655990212&a=2771700&m=24726,Goddiva Printed Crossover Midi - Green,35655990212,DR3603-GREEN-8,https://cdn.shopify.com/s/files/1/0487/8834/0899/files/DR3603_GREEN_FRONT1_1744719246.jpg,"This Printed Crossover Midi dress is a stylish and comfortable choice for any casual summer occasion, such as a garden party or a holiday getaway. This green dress is designed in a flattering midi length that falls below the knee, making it both elegant and practical. The dress features a halter neck design that adds a touch of sophistication to the overall look. The crossover detail of this green dress is both stylish and trendy, making it a perfect choice for any fashion-forward individual, while the printed pattern of the dress is vibrant and playful, making it an excellent choice for any summer occasion. This green printed dress is designed to fit your body perfectly, with a crossover design that flatters your figure and accentuates your curves in all the right places. This dress is perfect for any casual summer occasion, whether you're attending a garden party or a holiday. Its stylish design and comfortable fit make it an excellent choice for anyone looking for a trendy and fashionable dress.",Dresses,36,Goddiva,24726,Women's Dresses & Skirts,198,https://images2.productserve.com/?w=200&h=200&bg=white&trim=5&t=letterbox&url=ssl%3Acdn.shopify.com%2Fs%2Ffiles%2F1%2F0487%2F8834%2F0899%2Ffiles%2FDR3603_GREEN_FRONT1_1744719246.jpg&feedId=62769&k=d7ab54e248a1208274bfff39069fd1143fe8ea07,USD,,"Over $120 - Free Delivery, Less than $120 - $12",https://goddiva.us/products/goddiva-printed-crossover-midi-green,,,USD94,62769,Goddiva,1,,,,,,Womens,Dresses
https://www.awin1.com/pclick.php?p=35726192778&a=2771700&m=24726,Goddiva Satin Pleated Skirt Wrap Midi Dress - Red,35726192778,DR3921-RED-12,https://cdn.shopify.com/s/files/1/0487/8834/0899/products/C64jTIDO-15535.jpg,"This satin pleated skirt wrap midi dress is the perfect choice for any occasion, whether it's a wedding, christening, or semi-formal event. With its elegant midi length and beautiful pleated skirt, this red dress is both flattering and comfortable to wear. With its luxurious feel and its subtle sheen, you will stand out in any crowd. The wrap-style bodice and cinched waist create a flattering silhouette that will flatter your figure and make you feel confident and beautiful. Whether you're attending a formal event or a more casual gathering, this red satin dress is the perfect choice for any wedding guest or special occasion. So why wait? Add it to your wardrobe today and step out in style!",Dresses,36,Goddiva,24726,Women's Dresses & Skirts,198,https://images2.productserve.com/?w=200&h=200&bg=white&trim=5&t=letterbox&url=ssl%3Acdn.shopify.com%2Fs%2Ffiles%2F1%2F0487%2F8834%2F0899%2Fproducts%2FC64jTIDO-15535.jpg&feedId=62769&k=a6c79c15afbbe0750eecd5b2d9725a3ab2ac69bf,USD,,"Over $120 - Free Delivery, Less than $120 - $12",https://goddiva.us/products/goddiva-satin-pleated-skirt-wrap-midi-dress-red,,,USD138,62769,Goddiva,1,,,,,,Womens,Dresses
https://www.awin1.com/pclick.php?p=35510317416&a=2771700&m=24726,Goddiva Satin Bandeau Maxi Dress - Blush,35510317416,DR3772-BLUSH-8,https://cdn.shopify.com/s/files/1/0487/8834/0899/products/DR3772_blush_front_l_1695224928.jpg,"This fitted satin maxi dress is the perfect pick for you if you want to look sexy and classy at your next formal occasion. This sensational pink satin bandeau maxi dress from Goddiva is this seasons hottest piece. In its sultry smooth satin material, this sleeveless number is screaming BUY ME!.  Whether you're attending a gala, prom, wedding or black tie event, this blush maxi dress will make you look and feel like a million bucks! Go for a bold look with this maxi dress and team it with strappy heels and a glamorous clutch for an unforgettable night.",Dresses,38,Goddiva,24726,Women's Dresses & Skirts,198,https://images2.productserve.com/?w=200&h=200&bg=white&trim=5&t=letterbox&url=ssl%3Acdn.shopify.com%2Fs%2Ffiles%2F1%2F0487%2F8834%2F0899%2Fproducts%2FDR3772_blush_front_l_1695224928.jpg&feedId=62769&k=7dd2ed89db07e37e9edce65da39fb6d549e511a0,USD,,"Over $120 - Free Delivery, Less than $120 - $12",https://goddiva.us/products/goddiva-satin-bandeau-maxi-dress-blush,,,USD72,62769,Goddiva,1,,,,,,Womens,Dresses
https://www.awin1.com/pclick.php?p=34671132781&a=2771700&m=24726,Goddiva Wrap Style Sequin Midi Dress - Emerald,34671132781,DR3644-EMERALD-14,https://cdn.shopify.com/s/files/1/0487/8834/0899/products/DR3644_emerald_front_l_1690474358.jpg,"This long sleeve wrap style sequin dress is the perfect addition to your closet. The V-neckline and wrap style accentuate your figure and make you look sophisticated, while the sequin embellishment adds oodles of glamour. You can wear this sparkly emerald number as a night out dress or an elegant date night outfit, but this dress will give you an instant chic look wherever you go! The long sleeves are adorned with beautiful sequins that catch the light and make you shine bright in an elegant way. This stunning number is finished off with a detachable belt at the waist to accentuate your tiny waist. Wear this green dress with your favourite pair of heels for the ultimate chic look!",Dresses,38,Goddiva,24726,Women's Dresses & Skirts,198,https://images2.productserve.com/?w=200&h=200&bg=white&trim=5&t=letterbox&url=ssl%3Acdn.shopify.com%2Fs%2Ffiles%2F1%2F0487%2F8834%2F0899%2Fproducts%2FDR3644_emerald_front_l_1690474358.jpg&feedId=62769&k=11b7ebbaf5fdba2566076483a44bb33fa0db0327,USD,,"Over $120 - Free Delivery, Less than $120 - $12",https://goddiva.us/products/goddiva-wrap-style-sequin-midi-dress-emerald,,,USD150,62769,Goddiva,1,,,,,,Womens,Dresses
https://www.awin1.com/pclick.php?p=34734555779&a=2771700&m=24726,Goddiva Bardot Crossover Maxi Dress - Vividemerald,34734555779,DR2006-VIVIDEMERALD-12,https://cdn.shopify.com/s/files/1/0487/8834/0899/products/vJoggcNp-13883.jpg,"Be ready to say yes to the occasion this season with this draped off-the-shoulder chiffon maxi dress. This classic Goddiva chiffon design is the perfect pick for the upcoming season and the events it holds. In its uniquely jewelled emerald color, this chiffon evening maxi dress will have you standing out like a diamond in the rough. This stunner is a great choice for bridesmaids, prom, wedding guests, evening occasions and black tie events. With its ocean-like green color, this evening dress will set the standards high for any formal occasion. With its off-the-shoulder design, draped sleeve detailing and floor-length chiffon skirt, this design is elegant and classy. While its thigh front split and open back bring a fun and flirty side to such a modest style. This long evening dress is definitely something you need to add to your collection of evening wear, with this dress in your possession, anything is possible.",Dresses,34,Goddiva,24726,Women's Dresses & Skirts,198,https://images2.productserve.com/?w=200&h=200&bg=white&trim=5&t=letterbox&url=ssl%3Acdn.shopify.com%2Fs%2Ffiles%2F1%2F0487%2F8834%2F0899%2Fproducts%2FvJoggcNp-13883.jpg&feedId=62769&k=e6c30d4c5d079f44b2a3e9f6d8325db5297274d9,USD,,"Over $120 - Free Delivery, Less than $120 - $12",https://goddiva.us/products/goddiva-bardot-crossover-maxi-dress-vividemerald,,,USD120,62769,Goddiva,1,,,,,,Womens,Dresses
https://www.awin1.com/pclick.php?p=35831417868&a=2771700&m=24726,Goddiva Chiffon Off The Shoulder Maxi With Cape Sleeves  - Navy,35831417868,DR3780-NAVY-12,https://cdn.shopify.com/s/files/1/0487/8834/0899/products/aKdcKQ27-15757.jpg,"Our stunning Chiffon Off The Shoulder Maxi with Cape Sleeves - a show-stopping style that's perfect for any special occasion! With its flowy and ethereal chiffon fabric, this dress exudes a sense of effortless elegance that's sure to turn heads. This navy dress drapes beautifully to create a flowing silhouette that flatters every body type. The off-the-shoulder neckline adds a touch of romance and sophistication, while the cape detailing on the sleeves adds a playful and feminine touch to the overall look. Whether you're a bridesmaid or attending a black tie event, this dark blue dress is the perfect choice for making a statement. Its floor-sweeping length gives it that classic maxi look, while the lightweight fabric ensures you'll stay comfortable all night long. So why settle for anything less when you can have the best? Choose our Chiffon Off The Shoulder Maxi with Cape Sleeves and feel like a true goddess at your next special occasion!",Dresses,38,Goddiva,24726,Women's Dresses & Skirts,198,https://images2.productserve.com/?w=200&h=200&bg=white&trim=5&t=letterbox&url=ssl%3Acdn.shopify.com%2Fs%2Ffiles%2F1%2F0487%2F8834%2F0899%2Fproducts%2FaKdcKQ27-15757.jpg&feedId=62769&k=52079b6fe4b78b716eb4eb86319b43044773ee84,USD,,"Over $120 - Free Delivery, Less than $120 - $12",https://goddiva.us/products/goddiva-chiffon-off-the-shoulder-maxi-with-cape-sleeves-navy,,,USD116,62769,Goddiva,1,,,,,,Womens,Dresses
https://www.awin1.com/pclick.php?p=34734555777&a=2771700&m=24726,Goddiva Bardot Crossover Maxi Dress - Vividemerald,34734555777,DR2006-VIVIDEMERALD-10,https://cdn.shopify.com/s/files/1/0487/8834/0899/products/vJoggcNp-13883.jpg,"Be ready to say yes to the occasion this season with this draped off-the-shoulder chiffon maxi dress. This classic Goddiva chiffon design is the perfect pick for the upcoming season and the events it holds. In its uniquely jewelled emerald color, this chiffon evening maxi dress will have you standing out like a diamond in the rough. This stunner is a great choice for bridesmaids, prom, wedding guests, evening occasions and black tie events. With its ocean-like green color, this evening dress will set the standards high for any formal occasion. With its off-the-shoulder design, draped sleeve detailing and floor-length chiffon skirt, this design is elegant and classy. While its thigh front split and open back bring a fun and flirty side to such a modest style. This long evening dress is definitely something you need to add to your collection of evening wear, with this dress in your possession, anything is possible.",Dresses,34,Goddiva,24726,Women's Dresses & Skirts,198,https://images2.productserve.com/?w=200&h=200&bg=white&trim=5&t=letterbox&url=ssl%3Acdn.shopify.com%2Fs%2Ffiles%2F1%2F0487%2F8834%2F0899%2Fproducts%2FvJoggcNp-13883.jpg&feedId=62769&k=e6c30d4c5d079f44b2a3e9f6d8325db5297274d9,USD,,"Over $120 - Free Delivery, Less than $120 - $12",https://goddiva.us/products/goddiva-bardot-crossover-maxi-dress-vividemerald,,,USD120,62769,Goddiva,1,,,,,,Womens,Dresses
https://www.awin1.com/pclick.php?p=36159671862&a=2771700&m=24726,Goddiva Bridesmaids Chiffon Maxi Dress - Hot Pink,36159671862,DR3777-HOTPINK-14,https://cdn.shopify.com/s/files/1/0487/8834/0899/files/DR3777_hot-pink_front_l__20_281_29_1729678088.jpg,"The Chiffon bandeau maxi dress with a feather detail can be a great choice for bridesmaids and prom. The delicate chiffon fabric gives the dress a luxurious and elegant look, while the bandeau style adds a modern touch to this ravishing hot pink. The feather detail can also add a touch of glamour and give you more of a statement piece to wear, allowing for spotlight moments. Whether for bridesmaids or prom, this type of dress can make a statement and help you stand out from the crowd. This cerise pink chiffon occasion dress can be a versatile and elegant choice for any season. Make sure to pair it with the right accessories, such as high heels and statement jewellery, to complete the look",Dresses,38,Goddiva,24726,Women's Dresses & Skirts,198,https://images2.productserve.com/?w=200&h=200&bg=white&trim=5&t=letterbox&url=ssl%3Acdn.shopify.com%2Fs%2Ffiles%2F1%2F0487%2F8834%2F0899%2Ffiles%2FDR3777_hot-pink_front_l__20_281_29_1729678088.jpg&feedId=62769&k=e8419311577dd1c298a3ed337e45ae8da4e53498,USD,,"Over $120 - Free Delivery, Less than $120 - $12",https://goddiva.us/products/goddiva-bridesmaids-chiffon-maxi-dress-pink,,,USD76,62769,Goddiva,1,,,,,,Womens,Dresses
https://www.awin1.com/pclick.php?p=35009102021&a=2771700&m=24726,Goddiva Cowl Neck With Strappy Back Satin Maxi - Emerald,35009102021,DR2113-EMERALD-12,https://cdn.shopify.com/s/files/1/0487/8834/0899/files/dr2113_emerald_back__281_29_1760701741999_1761207854.png,"Dare to be fabulous and fierce in this fun & flirty cowl neck with strappy back satin maxi evening dress by Goddiva. This lively designed long emerald gown, is the crowning choice for your upcoming special occasion events. This sexy satin styled maxi dress has fancy detailing throughout, like its upward pleating detail on the bodice, its flattering cowl neck line and its delicate pleated skirt. Wearing this outstanding and affordable green/dark blue/aubergine/red/ blue silk gown will show off your shapely figure and give you the ultimate WOW factor! Its mermaid hem line brings a magical feel to such a beautiful dress; making this the best choice for weddings, proms, bridesmaids and every other extra special event you can possibly think of. Get the full look by finishing off this look with some stunning metallic heels, matching metallic clutch bag and accessories with minimal jewellery to have the spotlight on you!",Dresses,38,Goddiva,24726,Women's Dresses & Skirts,198,https://images2.productserve.com/?w=200&h=200&bg=white&trim=5&t=letterbox&url=ssl%3Acdn.shopify.com%2Fs%2Ffiles%2F1%2F0487%2F8834%2F0899%2Ffiles%2Fdr2113_emerald_back__281_29_1760701741999_1761207854.png&feedId=62769&k=6d2df6c520054103d5cac9f4ec639270a35c436d,USD,,"Over $120 - Free Delivery, Less than $120 - $12",https://goddiva.us/products/goddiva-cowl-neck-with-strappy-back-satin-maxi-emerald,,,USD78,62769,Goddiva,1,,,,,,Womens,Dresses
https://www.awin1.com/pclick.php?p=36108716607&a=2771700&m=24726,Goddiva Batwing Sleeve Midi Dress - Navy,36108716607,DR3647-NAVY-12,https://cdn.shopify.com/s/files/1/0487/8834/0899/files/DR3647-NAVY_20BLUE_1744894126.jpg,"This batwing sleeve midi from Goddiva is a perfect addition to your Autumn Winter wardrobe. This three-quarter sleeve midi dress is sure to add extra glamour to any special occasion or look great for a casual lunch date with the girls. The navy color makes it a great piece that can be thrown on for any occasion this season. With its classic simple yet chic style, this short dress is one not to skip out on. A great pick for wedding guests, dinner dates, cocktails with friends and all other semi formal occasions, no matter the season. Dresses always look great, and when the weather is hot, you can make a good dress even better in the cold, with its stunning navy color. Team with heels to complete the look.",Dresses,28,Goddiva,24726,Women's Dresses & Skirts,198,https://images2.productserve.com/?w=200&h=200&bg=white&trim=5&t=letterbox&url=ssl%3Acdn.shopify.com%2Fs%2Ffiles%2F1%2F0487%2F8834%2F0899%2Ffiles%2FDR3647-NAVY_20BLUE_1744894126.jpg&feedId=62769&k=899ca1a676f415f29c061d77fd049145999f53a3,USD,,"Over $120 - Free Delivery, Less than $120 - $12",https://goddiva.us/products/goddiva-batwing-sleeve-midi-dress-navy,,,USD56,62769,Goddiva,1,,,,,,Womens,Dresses
https://www.awin1.com/pclick.php?p=35009102019&a=2771700&m=24726,Goddiva Cowl Neck With Strappy Back Satin Maxi - Emerald,35009102019,DR2113-EMERALD-10,https://cdn.shopify.com/s/files/1/0487/8834/0899/files/dr2113_emerald_back__281_29_1760701741999_1761207854.png,"Dare to be fabulous and fierce in this fun & flirty cowl neck with strappy back satin maxi evening dress by Goddiva. This lively designed long emerald gown, is the crowning choice for your upcoming special occasion events. This sexy satin styled maxi dress has fancy detailing throughout, like its upward pleating detail on the bodice, its flattering cowl neck line and its delicate pleated skirt. Wearing this outstanding and affordable green/dark blue/aubergine/red/ blue silk gown will show off your shapely figure and give you the ultimate WOW factor! Its mermaid hem line brings a magical feel to such a beautiful dress; making this the best choice for weddings, proms, bridesmaids and every other extra special event you can possibly think of. Get the full look by finishing off this look with some stunning metallic heels, matching metallic clutch bag and accessories with minimal jewellery to have the spotlight on you!",Dresses,38,Goddiva,24726,Women's Dresses & Skirts,198,https://images2.productserve.com/?w=200&h=200&bg=white&trim=5&t=letterbox&url=ssl%3Acdn.shopify.com%2Fs%2Ffiles%2F1%2F0487%2F8834%2F0899%2Ffiles%2Fdr2113_emerald_back__281_29_1760701741999_1761207854.png&feedId=62769&k=6d2df6c520054103d5cac9f4ec639270a35c436d,USD,,"Over $120 - Free Delivery, Less than $120 - $12",https://goddiva.us/products/goddiva-cowl-neck-with-strappy-back-satin-maxi-emerald,,,USD78,62769,Goddiva,1,,,,,,Womens,Dresses
https://www.awin1.com/pclick.php?p=36159671861&a=2771700&m=24726,Goddiva Bridesmaids Chiffon Maxi Dress - Hot Pink,36159671861,DR3777-HOTPINK-12,https://cdn.shopify.com/s/files/1/0487/8834/0899/files/DR3777_hot-pink_front_l__20_281_29_1729678088.jpg,"The Chiffon bandeau maxi dress with a feather detail can be a great choice for bridesmaids and prom. The delicate chiffon fabric gives the dress a luxurious and elegant look, while the bandeau style adds a modern touch to this ravishing hot pink. The feather detail can also add a touch of glamour and give you more of a statement piece to wear, allowing for spotlight moments. Whether for bridesmaids or prom, this type of dress can make a statement and help you stand out from the crowd. This cerise pink chiffon occasion dress can be a versatile and elegant choice for any season. Make sure to pair it with the right accessories, such as high heels and statement jewellery, to complete the look",Dresses,38,Goddiva,24726,Women's Dresses & Skirts,198,https://images2.productserve.com/?w=200&h=200&bg=white&trim=5&t=letterbox&url=ssl%3Acdn.shopify.com%2Fs%2Ffiles%2F1%2F0487%2F8834%2F0899%2Ffiles%2FDR3777_hot-pink_front_l__20_281_29_1729678088.jpg&feedId=62769&k=e8419311577dd1c298a3ed337e45ae8da4e53498,USD,,"Over $120 - Free Delivery, Less than $120 - $12",https://goddiva.us/products/goddiva-bridesmaids-chiffon-maxi-dress-pink,,,USD76,62769,Goddiva,1,,,,,,Womens,Dresses
https://www.awin1.com/pclick.php?p=36108716605&a=2771700&m=24726,Goddiva Batwing Sleeve Midi Dress - Navy,36108716605,DR3647-NAVY-8,https://cdn.shopify.com/s/files/1/0487/8834/0899/files/DR3647-NAVY_20BLUE_1744894126.jpg,"This batwing sleeve midi from Goddiva is a perfect addition to your Autumn Winter wardrobe. This three-quarter sleeve midi dress is sure to add extra glamour to any special occasion or look great for a casual lunch date with the girls. The navy color makes it a great piece that can be thrown on for any occasion this season. With its classic simple yet chic style, this short dress is one not to skip out on. A great pick for wedding guests, dinner dates, cocktails with friends and all other semi formal occasions, no matter the season. Dresses always look great, and when the weather is hot, you can make a good dress even better in the cold, with its stunning navy color. Team with heels to complete the look.",Dresses,28,Goddiva,24726,Women's Dresses & Skirts,198,https://images2.productserve.com/?w=200&h=200&bg=white&trim=5&t=letterbox&url=ssl%3Acdn.shopify.com%2Fs%2Ffiles%2F1%2F0487%2F8834%2F0899%2Ffiles%2FDR3647-NAVY_20BLUE_1744894126.jpg&feedId=62769&k=899ca1a676f415f29c061d77fd049145999f53a3,USD,,"Over $120 - Free Delivery, Less than $120 - $12",https://goddiva.us/products/goddiva-batwing-sleeve-midi-dress-navy,,,USD56,62769,Goddiva,1,,,,,,Womens,Dresses
https://www.awin1.com/pclick.php?p=33948208013&a=2771700&m=24726,Goddiva Cold Shoulder Lurex Maxi With Thigh Split - Silver,33948208013,DR3632-SILVER-8,https://cdn.shopify.com/s/files/1/0487/8834/0899/files/DR3632_silver_front_1734424862.jpg,"This cold shoulder lurex maxi with thigh split dress from Goddiva is a perfect choice for your evening parties. The fitted silhouette teamed with a cold shoulder design and thigh-split style gives it a gorgeous look that will enhance your curves. It's crafted from a soft stretch fabric that has a hint of shine and is adorned with glitzy lurex thread. This silver dress will make you feel glamorous, confident, and super sexy. With its soft and stretchy fabric, this long occasion dress is perfect for evening occasions, black tie events, wedding guests and any other formal soirees you have planned. Team up this gorgeous silver maxi with stilettos and statement earrings to complete your glamorous look.",Dresses,34,Goddiva,24726,Women's Dresses & Skirts,198,https://images2.productserve.com/?w=200&h=200&bg=white&trim=5&t=letterbox&url=ssl%3Acdn.shopify.com%2Fs%2Ffiles%2F1%2F0487%2F8834%2F0899%2Ffiles%2FDR3632_silver_front_1734424862.jpg&feedId=62769&k=f898cb05835173d9a54ba867ab59a2ae684ab51c,USD,,"Over $120 - Free Delivery, Less than $120 - $12",https://goddiva.us/products/goddiva-cold-shoulder-lurex-maxi-with-thigh-split-silver,,,USD138,62769,Goddiva,1,,,,,,Womens,Dresses
https://www.awin1.com/pclick.php?p=36108716606&a=2771700&m=24726,Goddiva Batwing Sleeve Midi Dress - Navy,36108716606,DR3647-NAVY-10,https://cdn.shopify.com/s/files/1/0487/8834/0899/files/DR3647-NAVY_20BLUE_1744894126.jpg,"This batwing sleeve midi from Goddiva is a perfect addition to your Autumn Winter wardrobe. This three-quarter sleeve midi dress is sure to add extra glamour to any special occasion or look great for a casual lunch date with the girls. The navy color makes it a great piece that can be thrown on for any occasion this season. With its classic simple yet chic style, this short dress is one not to skip out on. A great pick for wedding guests, dinner dates, cocktails with friends and all other semi formal occasions, no matter the season. Dresses always look great, and when the weather is hot, you can make a good dress even better in the cold, with its stunning navy color. Team with heels to complete the look.",Dresses,28,Goddiva,24726,Women's Dresses & Skirts,198,https://images2.productserve.com/?w=200&h=200&bg=white&trim=5&t=letterbox&url=ssl%3Acdn.shopify.com%2Fs%2Ffiles%2F1%2F0487%2F8834%2F0899%2Ffiles%2FDR3647-NAVY_20BLUE_1744894126.jpg&feedId=62769&k=899ca1a676f415f29c061d77fd049145999f53a3,USD,,"Over $120 - Free Delivery, Less than $120 - $12",https://goddiva.us/products/goddiva-batwing-sleeve-midi-dress-navy,,,USD56,62769,Goddiva,1,,,,,,Womens,Dresses
https://www.awin1.com/pclick.php?p=35009102007&a=2771700&m=24726,Goddiva Cowl Neck With Strappy Back Satin Maxi - Blush,35009102007,DR2113-BLUSH-10,https://cdn.shopify.com/s/files/1/0487/8834/0899/files/36954_1728295432.jpg,"Dare to be fabulous and fierce in this fun & flirty cowl neck with strappy back satin maxi evening dress by Goddiva. This lively designed long blush gown, is the crowning choice for your upcoming special occasion events. This sexy satin styled maxi dress has fancy detailing throughout, like its upward pleating detail on the bodice, its flattering cowl neck line and its delicate pleated skirt. Wearing this outstanding and affordable pink silk gown will show off your shapely figure and give you the ultimate WOW factor! Its mermaid hem line brings a magical feel to such a beautiful dress; making this the best choice for weddings, proms, bridesmaids and every other extra special event you can possibly think of. Get the full look by finishing off this look with some stunning metallic heels, matching metallic clutch bag and accessories with minimal jewellery to have the spotlight on you!",Dresses,38,Goddiva,24726,Women's Dresses & Skirts,198,https://images2.productserve.com/?w=200&h=200&bg=white&trim=5&t=letterbox&url=ssl%3Acdn.shopify.com%2Fs%2Ffiles%2F1%2F0487%2F8834%2F0899%2Ffiles%2F36954_1728295432.jpg&feedId=62769&k=16d214552b2b80d1ea2c1328d7ff43da7a9ff7bf,USD,,"Over $120 - Free Delivery, Less than $120 - $12",https://goddiva.us/products/goddiva-cowl-neck-with-strappy-back-satin-maxi-blush,,,USD78,62769,Goddiva,1,,,,,,Womens,Dresses
https://www.awin1.com/pclick.php?p=35126807337&a=2771700&m=24726,Goddiva One Shoulder Front Split Scuba Maxi - Emerald Green,35126807337,DR3518-EMERALD-8,https://cdn.shopify.com/s/files/1/0487/8834/0899/files/37039_1726648741.jpg,"A stunning and versatile evening dress, the Goddiva One Shoulder Front Split Scuba Maxi Dress is perfect for any special occasion, be it a cocktail party, prom or even a wedding. This fabulous emerald green maxi dress features a front thigh split, one shoulder, v-neck wrap style bust and a back zipper closure. It is made of scuba crepe fabric that gives it a classy look. This elegant dark green dress has an amazing scuba fabric with a firm texture and moderate stretch, which creates smooth lines around the body. Its front thigh split creates sex appeal and movement while walking or dancing. Style this evening dress with minimal accessories to highlight your curves and flaunt your feminine charm.",Dresses,30,Goddiva,24726,Women's Dresses & Skirts,198,https://images2.productserve.com/?w=200&h=200&bg=white&trim=5&t=letterbox&url=ssl%3Acdn.shopify.com%2Fs%2Ffiles%2F1%2F0487%2F8834%2F0899%2Ffiles%2F37039_1726648741.jpg&feedId=62769&k=063a81ec739aa418160da38aa9606a5c99ee432f,USD,,"Over $120 - Free Delivery, Less than $120 - $12",https://goddiva.us/products/goddiva-one-shoulder-front-split-scuba-maxi-emerald-green,,,USD96,62769,Goddiva,1,,,,,,Womens,Dresses
https://www.awin1.com/pclick.php?p=35009102017&a=2771700&m=24726,Goddiva Cowl Neck With Strappy Back Satin Maxi - Emerald,35009102017,DR2113-EMERALD-8,https://cdn.shopify.com/s/files/1/0487/8834/0899/files/dr2113_emerald_back__281_29_1760701741999_1761207854.png,"Dare to be fabulous and fierce in this fun & flirty cowl neck with strappy back satin maxi evening dress by Goddiva. This lively designed long emerald gown, is the crowning choice for your upcoming special occasion events. This sexy satin styled maxi dress has fancy detailing throughout, like its upward pleating detail on the bodice, its flattering cowl neck line and its delicate pleated skirt. Wearing this outstanding and affordable green/dark blue/aubergine/red/ blue silk gown will show off your shapely figure and give you the ultimate WOW factor! Its mermaid hem line brings a magical feel to such a beautiful dress; making this the best choice for weddings, proms, bridesmaids and every other extra special event you can possibly think of. Get the full look by finishing off this look with some stunning metallic heels, matching metallic clutch bag and accessories with minimal jewellery to have the spotlight on you!",Dresses,38,Goddiva,24726,Women's Dresses & Skirts,198,https://images2.productserve.com/?w=200&h=200&bg=white&trim=5&t=letterbox&url=ssl%3Acdn.shopify.com%2Fs%2Ffiles%2F1%2F0487%2F8834%2F0899%2Ffiles%2Fdr2113_emerald_back__281_29_1760701741999_1761207854.png&feedId=62769&k=6d2df6c520054103d5cac9f4ec639270a35c436d,USD,,"Over $120 - Free Delivery, Less than $120 - $12",https://goddiva.us/products/goddiva-cowl-neck-with-strappy-back-satin-maxi-emerald,,,USD78,62769,Goddiva,1,,,,,,Womens,Dresses
https://www.awin1.com/pclick.php?p=33948208015&a=2771700&m=24726,Goddiva Cold Shoulder Lurex Maxi With Thigh Split - Silver,33948208015,DR3632-SILVER-10,https://cdn.shopify.com/s/files/1/0487/8834/0899/files/DR3632_silver_front_1734424862.jpg,"This cold shoulder lurex maxi with thigh split dress from Goddiva is a perfect choice for your evening parties. The fitted silhouette teamed with a cold shoulder design and thigh-split style gives it a gorgeous look that will enhance your curves. It's crafted from a soft stretch fabric that has a hint of shine and is adorned with glitzy lurex thread. This silver dress will make you feel glamorous, confident, and super sexy. With its soft and stretchy fabric, this long occasion dress is perfect for evening occasions, black tie events, wedding guests and any other formal soirees you have planned. Team up this gorgeous silver maxi with stilettos and statement earrings to complete your glamorous look.",Dresses,34,Goddiva,24726,Women's Dresses & Skirts,198,https://images2.productserve.com/?w=200&h=200&bg=white&trim=5&t=letterbox&url=ssl%3Acdn.shopify.com%2Fs%2Ffiles%2F1%2F0487%2F8834%2F0899%2Ffiles%2FDR3632_silver_front_1734424862.jpg&feedId=62769&k=f898cb05835173d9a54ba867ab59a2ae684ab51c,USD,,"Over $120 - Free Delivery, Less than $120 - $12",https://goddiva.us/products/goddiva-cold-shoulder-lurex-maxi-with-thigh-split-silver,,,USD138,62769,Goddiva,1,,,,,,Womens,Dresses
https://www.awin1.com/pclick.php?p=35009102005&a=2771700&m=24726,Goddiva Cowl Neck With Strappy Back Satin Maxi - Blush,35009102005,DR2113-BLUSH-8,https://cdn.shopify.com/s/files/1/0487/8834/0899/files/36954_1728295432.jpg,"Dare to be fabulous and fierce in this fun & flirty cowl neck with strappy back satin maxi evening dress by Goddiva. This lively designed long blush gown, is the crowning choice for your upcoming special occasion events. This sexy satin styled maxi dress has fancy detailing throughout, like its upward pleating detail on the bodice, its flattering cowl neck line and its delicate pleated skirt. Wearing this outstanding and affordable pink silk gown will show off your shapely figure and give you the ultimate WOW factor! Its mermaid hem line brings a magical feel to such a beautiful dress; making this the best choice for weddings, proms, bridesmaids and every other extra special event you can possibly think of. Get the full look by finishing off this look with some stunning metallic heels, matching metallic clutch bag and accessories with minimal jewellery to have the spotlight on you!",Dresses,38,Goddiva,24726,Women's Dresses & Skirts,198,https://images2.productserve.com/?w=200&h=200&bg=white&trim=5&t=letterbox&url=ssl%3Acdn.shopify.com%2Fs%2Ffiles%2F1%2F0487%2F8834%2F0899%2Ffiles%2F36954_1728295432.jpg&feedId=62769&k=16d214552b2b80d1ea2c1328d7ff43da7a9ff7bf,USD,,"Over $120 - Free Delivery, Less than $120 - $12",https://goddiva.us/products/goddiva-cowl-neck-with-strappy-back-satin-maxi-blush,,,USD78,62769,Goddiva,1,,,,,,Womens,Dresses
https://www.awin1.com/pclick.php?p=35831417863&a=2771700&m=24726,Goddiva Chiffon Off The Shoulder Maxi With Cape Sleeves  - Hot Pink,35831417863,DR3780-HOTPINK-12,https://cdn.shopify.com/s/files/1/0487/8834/0899/files/DR3780-HOTPINK_16668_dt_1774006288.jpg,"Our stunning Chiffon Off The Shoulder Maxi with Cape Sleeves - a show-stopping style that's perfect for any special occasion! With its flowy and ethereal chiffon fabric, this dress exudes a sense of effortless elegance that's sure to turn heads. This pink dress drapes beautifully to create a flowing silhouette that flatters every body type. The off-the-shoulder neckline adds a touch of romance and sophistication, while the cape detailing on the sleeves adds a playful and feminine touch to the overall look. Whether you're a bridesmaid or attending a black tie event, this pink dress is the perfect choice for making a statement. Its floor-sweeping length gives it that classic maxi look, while the lightweight fabric ensures you'll stay comfortable all night long. So why settle for anything less when you can have the best? Choose our Chiffon Off The Shoulder Maxi with Cape Sleeves and feel like a true goddess at your next special occasion!",Dresses,38,Goddiva,24726,Women's Dresses & Skirts,198,https://images2.productserve.com/?w=200&h=200&bg=white&trim=5&t=letterbox&url=ssl%3Acdn.shopify.com%2Fs%2Ffiles%2F1%2F0487%2F8834%2F0899%2Ffiles%2FDR3780-HOTPINK_16668_dt_1774006288.jpg&feedId=62769&k=f832f07d1f3abf79671d8417808e59b1c6396a5a,USD,,"Over $120 - Free Delivery, Less than $120 - $12",https://goddiva.us/products/goddiva-chiffon-off-the-shoulder-maxi-with-cape-sleeves-hot-pink,,,USD116,62769,Goddiva,1,,,,,,Womens,Dresses
https://www.awin1.com/pclick.php?p=35063607109&a=2771700&m=24726,Goddiva Pleated Bardot Scuba Maxi Dress - Wine,35063607109,DR3648-WINE-10,https://cdn.shopify.com/s/files/1/0487/8834/0899/files/25903_1717430493.jpg,"Get your hands on this fabulous Pleated Bardot Scuba Maxi from the latest collection by Goddiva! With pleated detail on bust, fitted style and scuba crepe material, this dark red maxi dress is perfect for bridesmaids, evening dress, prom or black tie occasions. Make a powerful style statement in this wine maxi. This figure flattering evening dress is one for keeps, with its classic style and outstanding color, this long dress will be your go to for all occasions!",Dresses,38,Goddiva,24726,Women's Dresses & Skirts,198,https://images2.productserve.com/?w=200&h=200&bg=white&trim=5&t=letterbox&url=ssl%3Acdn.shopify.com%2Fs%2Ffiles%2F1%2F0487%2F8834%2F0899%2Ffiles%2F25903_1717430493.jpg&feedId=62769&k=674a6515ab815adde030e1fa7eb85670b883bef2,USD,,"Over $120 - Free Delivery, Less than $120 - $12",https://goddiva.us/products/goddiva-pleated-bardot-scuba-maxi-dress-wine,,,USD116,62769,Goddiva,1,,,,,,Womens,Dresses
https://www.awin1.com/pclick.php?p=36129720976&a=2771700&m=24726,Goddiva Printed Tie Back Midi Dress - Black,36129720976,DR3576-BLACK-6,https://cdn.shopify.com/s/files/1/0487/8834/0899/files/DR3576-BLACK_20_281_29_1745575985.jpg,"Get ready to turn heads this summer with our printed tie back midi dress! Perfect for those fun and casual holiday occasions, this black dress is made to impress. Crafted with a gorgeous printed design, this midi dress is sure to make you stand out in any crowd. The tie-back feature adds a touch of fun and flirtiness to this black dress, making it perfect for any summer occasion. Whether you're going out with friends or simply enjoying a day out in the sun, this printed tie back midi dress is the perfect choice. The lightweight fabric ensures that you stay comfortable and cool, no matter how high the temperatures rise. So why wait? Embrace the summer season in style with our Printed Tie Back Midi dress. Order yours today and get ready to make a statement wherever you go!",Dresses,20,Goddiva,24726,Women's Dresses & Skirts,198,https://images2.productserve.com/?w=200&h=200&bg=white&trim=5&t=letterbox&url=ssl%3Acdn.shopify.com%2Fs%2Ffiles%2F1%2F0487%2F8834%2F0899%2Ffiles%2FDR3576-BLACK_20_281_29_1745575985.jpg&feedId=62769&k=85d80bb05987b30282d6cac81ddcec211a1850cf,USD,,"Over $120 - Free Delivery, Less than $120 - $12",https://goddiva.us/products/goddiva-printed-tie-back-midi-dress-black,,,USD76,62769,Goddiva,1,,,,,,Womens,Dresses
https://www.awin1.com/pclick.php?p=33269902329&a=2771700&m=24726,Goddiva Ring Detail One Shoulder Ruched Midi - Purple,33269902329,DR3548-PURPLE-8,https://cdn.shopify.com/s/files/1/0487/8834/0899/files/DR3548_purple_front_1729611401.jpg,"Let the games begin this summer with this super sexy ring detail one shoulder ruched midi dress. This one shoulder ruched midi dress is a highly versatile piece that you can easily transform from your usual evening look to a glam club night look. Pair this champagne party dress with heels for date night or throw on your favourite jewellery and accessories and rock this look at parties, wedding receptions, night time events, summer festivals, girls' nights out or just a fun night in with friends. Its one shoulder style teamed with its bodycon fit make it perfect for ladies who are looking to make a bold statement in any party. The ruched bodice adds an attractive appeal and the eye-catching champagne color will compliment your looks well.",Dresses,28,Goddiva,24726,Women's Dresses & Skirts,198,https://images2.productserve.com/?w=200&h=200&bg=white&trim=5&t=letterbox&url=ssl%3Acdn.shopify.com%2Fs%2Ffiles%2F1%2F0487%2F8834%2F0899%2Ffiles%2FDR3548_purple_front_1729611401.jpg&feedId=62769&k=3c7fa00cbb07d591bb0597a695aed178a9fe1937,USD,,"Over $120 - Free Delivery, Less than $120 - $12",https://goddiva.us/products/goddiva-ring-detail-one-shoulder-ruched-midi-purple,,,USD56,62769,Goddiva,1,,,,,,Womens,Dresses
https://www.awin1.com/pclick.php?p=34384615679&a=2771700&m=24726,Goddiva Satin Drape Shoulder Wrap Maxi Dress - Navy,34384615679,DR3450-NAVY-10,https://cdn.shopify.com/s/files/1/0487/8834/0899/products/qRRwynDD-13410.jpg,"Dress to impress this season with this sensational satin drape shoulder wrap maxi from Goddiva. Wear this navy satin dress for any special event or occasion, including formal events such as black tie, prom, galas, evening cocktail parties and weddings. A traditional evening dress for weddings or precious events, with a beautiful satin fabric that flows by the breeze and shows off your feminine curves., and a lovely neckline with elegant draping with the front thigh split makes this dark blue silky style an amazing design to give you freedom of movement while still looking gorgeous. This drape maxi is a must have for every woman this season. a chic evening gown that will make you look stunning at any event. The satin finish accentuates the design and complements your curves making it an elegant evening choice, while the shoulder wrap gives off an effortless feel while still looking elegant, perfect to complement your special occasion dress or just when you want to feel fabulous. Team with your fave heels, sparkly clutch and dainty but sparkling jewellery to get the perfect finish.",Dresses,36,Goddiva,24726,Women's Dresses & Skirts,198,https://images2.productserve.com/?w=200&h=200&bg=white&trim=5&t=letterbox&url=ssl%3Acdn.shopify.com%2Fs%2Ffiles%2F1%2F0487%2F8834%2F0899%2Fproducts%2FqRRwynDD-13410.jpg&feedId=62769&k=59b7b2879b58d22aa3fe80e96fe514415c83a3b5,USD,,"Over $120 - Free Delivery, Less than $120 - $12",https://goddiva.us/products/goddiva-satin-drape-shoulder-wrap-maxi-dress-navy,,,USD98,62769,Goddiva,1,,,,,,Womens,Dresses
https://www.awin1.com/pclick.php?p=35726192761&a=2771700&m=24726,Goddiva Satin Pleated Skirt Wrap Midi Dress - Black,35726192761,DR3921-BLACK-8,https://cdn.shopify.com/s/files/1/0487/8834/0899/files/DR3921-BLACK_1744893441.jpg,"This satin pleated skirt wrap midi dress is the perfect choice for any occasion, whether it's a wedding, christening, or semi-formal event. With its elegant midi length and beautiful pleated skirt, this black dress is both flattering and comfortable to wear. With its luxurious feel and its subtle sheen, you will stand out in any crowd. The wrap-style bodice and cinched waist create a flattering silhouette that will flatter your figure and make you feel confident and beautiful. Whether you're attending a formal event or a more casual gathering, this black satin dress is the perfect choice for any wedding guest or special occasion. So why wait? Add it to your wardrobe today and step out in style!",Dresses,36,Goddiva,24726,Women's Dresses & Skirts,198,https://images2.productserve.com/?w=200&h=200&bg=white&trim=5&t=letterbox&url=ssl%3Acdn.shopify.com%2Fs%2Ffiles%2F1%2F0487%2F8834%2F0899%2Ffiles%2FDR3921-BLACK_1744893441.jpg&feedId=62769&k=0208e3d4bdca30c991b9233639347c07f640393f,USD,,"Over $120 - Free Delivery, Less than $120 - $12",https://goddiva.us/products/goddiva-satin-pleated-skirt-wrap-midi-dress-black,,,USD138,62769,Goddiva,1,,,,,,Womens,Dresses
https://www.awin1.com/pclick.php?p=36129720977&a=2771700&m=24726,Goddiva Printed Tie Back Midi Dress - Black,36129720977,DR3576-BLACK-8,https://cdn.shopify.com/s/files/1/0487/8834/0899/files/DR3576-BLACK_20_281_29_1745575985.jpg,"Get ready to turn heads this summer with our printed tie back midi dress! Perfect for those fun and casual holiday occasions, this black dress is made to impress. Crafted with a gorgeous printed design, this midi dress is sure to make you stand out in any crowd. The tie-back feature adds a touch of fun and flirtiness to this black dress, making it perfect for any summer occasion. Whether you're going out with friends or simply enjoying a day out in the sun, this printed tie back midi dress is the perfect choice. The lightweight fabric ensures that you stay comfortable and cool, no matter how high the temperatures rise. So why wait? Embrace the summer season in style with our Printed Tie Back Midi dress. Order yours today and get ready to make a statement wherever you go!",Dresses,20,Goddiva,24726,Women's Dresses & Skirts,198,https://images2.productserve.com/?w=200&h=200&bg=white&trim=5&t=letterbox&url=ssl%3Acdn.shopify.com%2Fs%2Ffiles%2F1%2F0487%2F8834%2F0899%2Ffiles%2FDR3576-BLACK_20_281_29_1745575985.jpg&feedId=62769&k=85d80bb05987b30282d6cac81ddcec211a1850cf,USD,,"Over $120 - Free Delivery, Less than $120 - $12",https://goddiva.us/products/goddiva-printed-tie-back-midi-dress-black,,,USD76,62769,Goddiva,1,,,,,,Womens,Dresses
https://www.awin1.com/pclick.php?p=33269902333&a=2771700&m=24726,Goddiva Ring Detail One Shoulder Ruched Midi - Purple,33269902333,DR3548-PURPLE-12,https://cdn.shopify.com/s/files/1/0487/8834/0899/files/DR3548_purple_front_1729611401.jpg,"Let the games begin this summer with this super sexy ring detail one shoulder ruched midi dress. This one shoulder ruched midi dress is a highly versatile piece that you can easily transform from your usual evening look to a glam club night look. Pair this champagne party dress with heels for date night or throw on your favourite jewellery and accessories and rock this look at parties, wedding receptions, night time events, summer festivals, girls' nights out or just a fun night in with friends. Its one shoulder style teamed with its bodycon fit make it perfect for ladies who are looking to make a bold statement in any party. The ruched bodice adds an attractive appeal and the eye-catching champagne color will compliment your looks well.",Dresses,28,Goddiva,24726,Women's Dresses & Skirts,198,https://images2.productserve.com/?w=200&h=200&bg=white&trim=5&t=letterbox&url=ssl%3Acdn.shopify.com%2Fs%2Ffiles%2F1%2F0487%2F8834%2F0899%2Ffiles%2FDR3548_purple_front_1729611401.jpg&feedId=62769&k=3c7fa00cbb07d591bb0597a695aed178a9fe1937,USD,,"Over $120 - Free Delivery, Less than $120 - $12",https://goddiva.us/products/goddiva-ring-detail-one-shoulder-ruched-midi-purple,,,USD56,62769,Goddiva,1,,,,,,Womens,Dresses
https://www.awin1.com/pclick.php?p=35655990202&a=2771700&m=24726,Goddiva Printed Crossover Maxi Dress - Black,35655990202,DR3602-BLACK-8,https://cdn.shopify.com/s/files/1/0487/8834/0899/files/DR3602_BLACK_FRONT_1715268280.jpg,"This brown printed maxi dress is the perfect outfit for your next lunch date. The halter neck, open back and relaxed fit will make you feel comfortable and confident. This charming summer dress is perfect for all casual occasions, from brunch with the girls to holidays with your lover. With its stunning design and light fabric, this maxi dress will make you feel comfortable, stylish and flatter your figure! It's the perfect day-to-night outfit. It looks great with a pair of sandals or wedges and sunnies. So add to cart and live your best life in this stunner of a summer dress.",Dresses,38,Goddiva,24726,Women's Dresses & Skirts,198,https://images2.productserve.com/?w=200&h=200&bg=white&trim=5&t=letterbox&url=ssl%3Acdn.shopify.com%2Fs%2Ffiles%2F1%2F0487%2F8834%2F0899%2Ffiles%2FDR3602_BLACK_FRONT_1715268280.jpg&feedId=62769&k=9e990e7c6321d946c9320a71a8dc5de47180d2b8,USD,,"Over $120 - Free Delivery, Less than $120 - $12",https://goddiva.us/products/goddiva-printed-crossover-maxi-black,,,USD98,62769,Goddiva,1,,,,,,Womens,Dresses
https://www.awin1.com/pclick.php?p=35655990204&a=2771700&m=24726,Goddiva Printed Crossover Maxi Dress - Black,35655990204,DR3602-BLACK-12,https://cdn.shopify.com/s/files/1/0487/8834/0899/files/DR3602_BLACK_FRONT_1715268280.jpg,"This brown printed maxi dress is the perfect outfit for your next lunch date. The halter neck, open back and relaxed fit will make you feel comfortable and confident. This charming summer dress is perfect for all casual occasions, from brunch with the girls to holidays with your lover. With its stunning design and light fabric, this maxi dress will make you feel comfortable, stylish and flatter your figure! It's the perfect day-to-night outfit. It looks great with a pair of sandals or wedges and sunnies. So add to cart and live your best life in this stunner of a summer dress.",Dresses,38,Goddiva,24726,Women's Dresses & Skirts,198,https://images2.productserve.com/?w=200&h=200&bg=white&trim=5&t=letterbox&url=ssl%3Acdn.shopify.com%2Fs%2Ffiles%2F1%2F0487%2F8834%2F0899%2Ffiles%2FDR3602_BLACK_FRONT_1715268280.jpg&feedId=62769&k=9e990e7c6321d946c9320a71a8dc5de47180d2b8,USD,,"Over $120 - Free Delivery, Less than $120 - $12",https://goddiva.us/products/goddiva-printed-crossover-maxi-black,,,USD98,62769,Goddiva,1,,,,,,Womens,Dresses
https://www.awin1.com/pclick.php?p=35655990209&a=2771700&m=24726,Goddiva Printed Crossover Midi - Black,35655990209,DR3603-BLACK-12,https://cdn.shopify.com/s/files/1/0487/8834/0899/files/DR3603_RED_FRONT1_1744719317.jpg,"This Printed Crossover Midi dress is a stylish and comfortable choice for any casual summer occasion, such as a garden party or a holiday getaway. This black dress is designed in a flattering midi length that falls below the knee, making it both elegant and practical. The dress features a halter neck design that adds a touch of sophistication to the overall look. The crossover detail of this black dress is both stylish and trendy, making it a perfect choice for any fashion-forward individual, while the printed pattern of the dress is vibrant and playful, making it an excellent choice for any summer occasion. This black printed dress is designed to fit your body perfectly, with a crossover design that flatters your figure and accentuates your curves in all the right places. This dress is perfect for any casual summer occasion, whether you're attending a garden party or a holiday. Its stylish design and comfortable fit make it an excellent choice for anyone looking for a trendy and fashionable dress.",Dresses,36,Goddiva,24726,Women's Dresses & Skirts,198,https://images2.productserve.com/?w=200&h=200&bg=white&trim=5&t=letterbox&url=ssl%3Acdn.shopify.com%2Fs%2Ffiles%2F1%2F0487%2F8834%2F0899%2Ffiles%2FDR3603_RED_FRONT1_1744719317.jpg&feedId=62769&k=f150319a6dd5bed595705c673a4093751289ac3d,USD,,"Over $120 - Free Delivery, Less than $120 - $12",https://goddiva.us/products/goddiva-printed-crossover-midi-black,,,USD94,62769,Goddiva,1,,,,,,Womens,Dresses
https://www.awin1.com/pclick.php?p=35510317470&a=2771700&m=24726,Goddiva Satin Bandeau Maxi Dress - Royal Blue,35510317470,DR3772-ROYALBLUE-14,https://cdn.shopify.com/s/files/1/0487/8834/0899/files/DR3772_ROYALBLUE_FRONT_1713172061.jpg,"This fitted satin maxi dress is the perfect pick for you if you want to look sexy and classy at your next formal occasion. This sensational bold blue satin bandeau maxi dress from Goddiva is this seasons hottest piece. In its sultry smooth satin material, this sleeveless number is screaming BUY ME!.  Whether you're attending a gala, prom, wedding or black tie event, this royal blue maxi dress will make you look and feel like a million bucks! Go for a bold look with this maxi dress and team it with strappy heels and a glamorous clutch for an unforgettable night.",Dresses,38,Goddiva,24726,Women's Dresses & Skirts,198,https://images2.productserve.com/?w=200&h=200&bg=white&trim=5&t=letterbox&url=ssl%3Acdn.shopify.com%2Fs%2Ffiles%2F1%2F0487%2F8834%2F0899%2Ffiles%2FDR3772_ROYALBLUE_FRONT_1713172061.jpg&feedId=62769&k=b2adf0c5f8a9c69b21a07396cf1cd7481eed85e8,USD,,"Over $120 - Free Delivery, Less than $120 - $12",https://goddiva.us/products/goddiva-satin-bandeau-maxi-dress-royal-blue,,,USD72,62769,Goddiva,1,,,,,,Womens,Dresses
https://www.awin1.com/pclick.php?p=36129720978&a=2771700&m=24726,Goddiva Printed Tie Back Midi Dress - Black,36129720978,DR3576-BLACK-10,https://cdn.shopify.com/s/files/1/0487/8834/0899/files/DR3576-BLACK_20_281_29_1745575985.jpg,"Get ready to turn heads this summer with our printed tie back midi dress! Perfect for those fun and casual holiday occasions, this black dress is made to impress. Crafted with a gorgeous printed design, this midi dress is sure to make you stand out in any crowd. The tie-back feature adds a touch of fun and flirtiness to this black dress, making it perfect for any summer occasion. Whether you're going out with friends or simply enjoying a day out in the sun, this printed tie back midi dress is the perfect choice. The lightweight fabric ensures that you stay comfortable and cool, no matter how high the temperatures rise. So why wait? Embrace the summer season in style with our Printed Tie Back Midi dress. Order yours today and get ready to make a statement wherever you go!",Dresses,20,Goddiva,24726,Women's Dresses & Skirts,198,https://images2.productserve.com/?w=200&h=200&bg=white&trim=5&t=letterbox&url=ssl%3Acdn.shopify.com%2Fs%2Ffiles%2F1%2F0487%2F8834%2F0899%2Ffiles%2FDR3576-BLACK_20_281_29_1745575985.jpg&feedId=62769&k=85d80bb05987b30282d6cac81ddcec211a1850cf,USD,,"Over $120 - Free Delivery, Less than $120 - $12",https://goddiva.us/products/goddiva-printed-tie-back-midi-dress-black,,,USD76,62769,Goddiva,1,,,,,,Womens,Dresses
https://www.awin1.com/pclick.php?p=34384615683&a=2771700&m=24726,Goddiva Satin Drape Shoulder Wrap Maxi Dress - Navy,34384615683,DR3450-NAVY-14,https://cdn.shopify.com/s/files/1/0487/8834/0899/products/qRRwynDD-13410.jpg,"Dress to impress this season with this sensational satin drape shoulder wrap maxi from Goddiva. Wear this navy satin dress for any special event or occasion, including formal events such as black tie, prom, galas, evening cocktail parties and weddings. A traditional evening dress for weddings or precious events, with a beautiful satin fabric that flows by the breeze and shows off your feminine curves., and a lovely neckline with elegant draping with the front thigh split makes this dark blue silky style an amazing design to give you freedom of movement while still looking gorgeous. This drape maxi is a must have for every woman this season. a chic evening gown that will make you look stunning at any event. The satin finish accentuates the design and complements your curves making it an elegant evening choice, while the shoulder wrap gives off an effortless feel while still looking elegant, perfect to complement your special occasion dress or just when you want to feel fabulous. Team with your fave heels, sparkly clutch and dainty but sparkling jewellery to get the perfect finish.",Dresses,36,Goddiva,24726,Women's Dresses & Skirts,198,https://images2.productserve.com/?w=200&h=200&bg=white&trim=5&t=letterbox&url=ssl%3Acdn.shopify.com%2Fs%2Ffiles%2F1%2F0487%2F8834%2F0899%2Fproducts%2FqRRwynDD-13410.jpg&feedId=62769&k=59b7b2879b58d22aa3fe80e96fe514415c83a3b5,USD,,"Over $120 - Free Delivery, Less than $120 - $12",https://goddiva.us/products/goddiva-satin-drape-shoulder-wrap-maxi-dress-navy,,,USD98,62769,Goddiva,1,,,,,,Womens,Dresses
https://www.awin1.com/pclick.php?p=34734555773&a=2771700&m=24726,Goddiva Bardot Crossover Maxi Dress - Vividemerald,34734555773,DR2006-VIVIDEMERALD-6,https://cdn.shopify.com/s/files/1/0487/8834/0899/products/vJoggcNp-13883.jpg,"Be ready to say yes to the occasion this season with this draped off-the-shoulder chiffon maxi dress. This classic Goddiva chiffon design is the perfect pick for the upcoming season and the events it holds. In its uniquely jewelled emerald color, this chiffon evening maxi dress will have you standing out like a diamond in the rough. This stunner is a great choice for bridesmaids, prom, wedding guests, evening occasions and black tie events. With its ocean-like green color, this evening dress will set the standards high for any formal occasion. With its off-the-shoulder design, draped sleeve detailing and floor-length chiffon skirt, this design is elegant and classy. While its thigh front split and open back bring a fun and flirty side to such a modest style. This long evening dress is definitely something you need to add to your collection of evening wear, with this dress in your possession, anything is possible.",Dresses,34,Goddiva,24726,Women's Dresses & Skirts,198,https://images2.productserve.com/?w=200&h=200&bg=white&trim=5&t=letterbox&url=ssl%3Acdn.shopify.com%2Fs%2Ffiles%2F1%2F0487%2F8834%2F0899%2Fproducts%2FvJoggcNp-13883.jpg&feedId=62769&k=e6c30d4c5d079f44b2a3e9f6d8325db5297274d9,USD,,"Over $120 - Free Delivery, Less than $120 - $12",https://goddiva.us/products/goddiva-bardot-crossover-maxi-dress-vividemerald,,,USD120,62769,Goddiva,1,,,,,,Womens,Dresses
https://www.awin1.com/pclick.php?p=35979289265&a=2771700&m=24726,Goddiva Chiffon Off The Shoulder Maxi With Cape Sleeves  - Blush,35979289265,DR3780-BLUSH-10,https://cdn.shopify.com/s/files/1/0487/8834/0899/files/DR3780-BLUSH_16678_front_1774006343.jpg,"Our stunning Chiffon Off The Shoulder Maxi with Cape Sleeves - a show-stopping style that's perfect for any special occasion! With its flowy and ethereal chiffon fabric, this dress exudes a sense of effortless elegance that's sure to turn heads. This blush dress drapes beautifully to create a flowing silhouette that flatters every body type. The off-the-shoulder neckline adds a touch of romance and sophistication, while the cape detailing on the sleeves adds a playful and feminine touch to the overall look. Whether you're a bridesmaid or attending a black tie event, this light pink dress is the perfect choice for making a statement. Its floor-sweeping length gives it that classic maxi look, while the lightweight fabric ensures you'll stay comfortable all night long. So why settle for anything less when you can have the best? Choose our Chiffon Off The Shoulder Maxi with Cape Sleeves and feel like a true goddess at your next special occasion!",Dresses,38,Goddiva,24726,Women's Dresses & Skirts,198,https://images2.productserve.com/?w=200&h=200&bg=white&trim=5&t=letterbox&url=ssl%3Acdn.shopify.com%2Fs%2Ffiles%2F1%2F0487%2F8834%2F0899%2Ffiles%2FDR3780-BLUSH_16678_front_1774006343.jpg&feedId=62769&k=816b3f571eace560553e2a8aff7313607d3b1d9f,USD,,"Over $120 - Free Delivery, Less than $120 - $12",https://goddiva.us/products/goddiva-chiffon-off-the-shoulder-maxi-with-cape-sleeves-blush,,,USD116,62769,Goddiva,1,,,,,,Womens,Dresses
https://www.awin1.com/pclick.php?p=33269902331&a=2771700&m=24726,Goddiva Ring Detail One Shoulder Ruched Midi - Purple,33269902331,DR3548-PURPLE-10,https://cdn.shopify.com/s/files/1/0487/8834/0899/files/DR3548_purple_front_1729611401.jpg,"Let the games begin this summer with this super sexy ring detail one shoulder ruched midi dress. This one shoulder ruched midi dress is a highly versatile piece that you can easily transform from your usual evening look to a glam club night look. Pair this champagne party dress with heels for date night or throw on your favourite jewellery and accessories and rock this look at parties, wedding receptions, night time events, summer festivals, girls' nights out or just a fun night in with friends. Its one shoulder style teamed with its bodycon fit make it perfect for ladies who are looking to make a bold statement in any party. The ruched bodice adds an attractive appeal and the eye-catching champagne color will compliment your looks well.",Dresses,28,Goddiva,24726,Women's Dresses & Skirts,198,https://images2.productserve.com/?w=200&h=200&bg=white&trim=5&t=letterbox&url=ssl%3Acdn.shopify.com%2Fs%2Ffiles%2F1%2F0487%2F8834%2F0899%2Ffiles%2FDR3548_purple_front_1729611401.jpg&feedId=62769&k=3c7fa00cbb07d591bb0597a695aed178a9fe1937,USD,,"Over $120 - Free Delivery, Less than $120 - $12",https://goddiva.us/products/goddiva-ring-detail-one-shoulder-ruched-midi-purple,,,USD56,62769,Goddiva,1,,,,,,Womens,Dresses
https://www.awin1.com/pclick.php?p=36062236842&a=2771700&m=24726,Goddiva Chiffon Layered Flutter Sleeve Midi Dress - Pink,36062236842,DR3590QZ-PINK-14,https://cdn.shopify.com/s/files/1/0487/8834/0899/files/DR3590QZ_pink_front__1729611941.jpg,"Step out in style this season in this fun and flirty pink number. The chiffon layered flutter sleeve midi by Goddiva is the dress that will take you from day to night this season. With its classic v-neckline teamed with its short flutter sleeves and finished with a fun tiered skirt makes this pink dress a winning pick for dinner dates, wedding guests, christenings, Christmas parties and all other occasions this season. Designed with its delicate and sparkling lurex chiffon, this short occasion dress is ticking the boxes for you this season. Team with some heels and a small clutch to complete the look.",Dresses,38,Goddiva,24726,Women's Dresses & Skirts,198,https://images2.productserve.com/?w=200&h=200&bg=white&trim=5&t=letterbox&url=ssl%3Acdn.shopify.com%2Fs%2Ffiles%2F1%2F0487%2F8834%2F0899%2Ffiles%2FDR3590QZ_pink_front__1729611941.jpg&feedId=62769&k=ff97446b3fcf065a17ad7b453fd344d1486ba8ba,USD,,"Over $120 - Free Delivery, Less than $120 - $12",https://goddiva.us/products/goddiva-chiffon-layered-flutter-sleeve-midi-dress-pink,,,USD90,62769,Goddiva,1,,,,,,Womens,Dresses
https://www.awin1.com/pclick.php?p=35510317420&a=2771700&m=24726,Goddiva Satin Bandeau Maxi Dress - Blush,35510317420,DR3772-BLUSH-12,https://cdn.shopify.com/s/files/1/0487/8834/0899/products/DR3772_blush_front_l_1695224928.jpg,"This fitted satin maxi dress is the perfect pick for you if you want to look sexy and classy at your next formal occasion. This sensational pink satin bandeau maxi dress from Goddiva is this seasons hottest piece. In its sultry smooth satin material, this sleeveless number is screaming BUY ME!.  Whether you're attending a gala, prom, wedding or black tie event, this blush maxi dress will make you look and feel like a million bucks! Go for a bold look with this maxi dress and team it with strappy heels and a glamorous clutch for an unforgettable night.",Dresses,38,Goddiva,24726,Women's Dresses & Skirts,198,https://images2.productserve.com/?w=200&h=200&bg=white&trim=5&t=letterbox&url=ssl%3Acdn.shopify.com%2Fs%2Ffiles%2F1%2F0487%2F8834%2F0899%2Fproducts%2FDR3772_blush_front_l_1695224928.jpg&feedId=62769&k=7dd2ed89db07e37e9edce65da39fb6d549e511a0,USD,,"Over $120 - Free Delivery, Less than $120 - $12",https://goddiva.us/products/goddiva-satin-bandeau-maxi-dress-blush,,,USD72,62769,Goddiva,1,,,,,,Womens,Dresses
https://www.awin1.com/pclick.php?p=35726192762&a=2771700&m=24726,Goddiva Satin Pleated Skirt Wrap Midi Dress - Black,35726192762,DR3921-BLACK-10,https://cdn.shopify.com/s/files/1/0487/8834/0899/files/DR3921-BLACK_1744893441.jpg,"This satin pleated skirt wrap midi dress is the perfect choice for any occasion, whether it's a wedding, christening, or semi-formal event. With its elegant midi length and beautiful pleated skirt, this black dress is both flattering and comfortable to wear. With its luxurious feel and its subtle sheen, you will stand out in any crowd. The wrap-style bodice and cinched waist create a flattering silhouette that will flatter your figure and make you feel confident and beautiful. Whether you're attending a formal event or a more casual gathering, this black satin dress is the perfect choice for any wedding guest or special occasion. So why wait? Add it to your wardrobe today and step out in style!",Dresses,36,Goddiva,24726,Women's Dresses & Skirts,198,https://images2.productserve.com/?w=200&h=200&bg=white&trim=5&t=letterbox&url=ssl%3Acdn.shopify.com%2Fs%2Ffiles%2F1%2F0487%2F8834%2F0899%2Ffiles%2FDR3921-BLACK_1744893441.jpg&feedId=62769&k=0208e3d4bdca30c991b9233639347c07f640393f,USD,,"Over $120 - Free Delivery, Less than $120 - $12",https://goddiva.us/products/goddiva-satin-pleated-skirt-wrap-midi-dress-black,,,USD138,62769,Goddiva,1,,,,,,Womens,Dresses
https://www.awin1.com/pclick.php?p=33948208017&a=2771700&m=24726,Goddiva Cold Shoulder Lurex Maxi With Thigh Split - Silver,33948208017,DR3632-SILVER-12,https://cdn.shopify.com/s/files/1/0487/8834/0899/files/DR3632_silver_front_1734424862.jpg,"This cold shoulder lurex maxi with thigh split dress from Goddiva is a perfect choice for your evening parties. The fitted silhouette teamed with a cold shoulder design and thigh-split style gives it a gorgeous look that will enhance your curves. It's crafted from a soft stretch fabric that has a hint of shine and is adorned with glitzy lurex thread. This silver dress will make you feel glamorous, confident, and super sexy. With its soft and stretchy fabric, this long occasion dress is perfect for evening occasions, black tie events, wedding guests and any other formal soirees you have planned. Team up this gorgeous silver maxi with stilettos and statement earrings to complete your glamorous look.",Dresses,34,Goddiva,24726,Women's Dresses & Skirts,198,https://images2.productserve.com/?w=200&h=200&bg=white&trim=5&t=letterbox&url=ssl%3Acdn.shopify.com%2Fs%2Ffiles%2F1%2F0487%2F8834%2F0899%2Ffiles%2FDR3632_silver_front_1734424862.jpg&feedId=62769&k=f898cb05835173d9a54ba867ab59a2ae684ab51c,USD,,"Over $120 - Free Delivery, Less than $120 - $12",https://goddiva.us/products/goddiva-cold-shoulder-lurex-maxi-with-thigh-split-silver,,,USD138,62769,Goddiva,1,,,,,,Womens,Dresses
https://www.awin1.com/pclick.php?p=35655990203&a=2771700&m=24726,Goddiva Printed Crossover Maxi Dress - Black,35655990203,DR3602-BLACK-10,https://cdn.shopify.com/s/files/1/0487/8834/0899/files/DR3602_BLACK_FRONT_1715268280.jpg,"This brown printed maxi dress is the perfect outfit for your next lunch date. The halter neck, open back and relaxed fit will make you feel comfortable and confident. This charming summer dress is perfect for all casual occasions, from brunch with the girls to holidays with your lover. With its stunning design and light fabric, this maxi dress will make you feel comfortable, stylish and flatter your figure! It's the perfect day-to-night outfit. It looks great with a pair of sandals or wedges and sunnies. So add to cart and live your best life in this stunner of a summer dress.",Dresses,38,Goddiva,24726,Women's Dresses & Skirts,198,https://images2.productserve.com/?w=200&h=200&bg=white&trim=5&t=letterbox&url=ssl%3Acdn.shopify.com%2Fs%2Ffiles%2F1%2F0487%2F8834%2F0899%2Ffiles%2FDR3602_BLACK_FRONT_1715268280.jpg&feedId=62769&k=9e990e7c6321d946c9320a71a8dc5de47180d2b8,USD,,"Over $120 - Free Delivery, Less than $120 - $12",https://goddiva.us/products/goddiva-printed-crossover-maxi-black,,,USD98,62769,Goddiva,1,,,,,,Womens,Dresses
https://www.awin1.com/pclick.php?p=35979289264&a=2771700&m=24726,Goddiva Chiffon Off The Shoulder Maxi With Cape Sleeves  - Blush,35979289264,DR3780-BLUSH-8,https://cdn.shopify.com/s/files/1/0487/8834/0899/files/DR3780-BLUSH_16678_front_1774006343.jpg,"Our stunning Chiffon Off The Shoulder Maxi with Cape Sleeves - a show-stopping style that's perfect for any special occasion! With its flowy and ethereal chiffon fabric, this dress exudes a sense of effortless elegance that's sure to turn heads. This blush dress drapes beautifully to create a flowing silhouette that flatters every body type. The off-the-shoulder neckline adds a touch of romance and sophistication, while the cape detailing on the sleeves adds a playful and feminine touch to the overall look. Whether you're a bridesmaid or attending a black tie event, this light pink dress is the perfect choice for making a statement. Its floor-sweeping length gives it that classic maxi look, while the lightweight fabric ensures you'll stay comfortable all night long. So why settle for anything less when you can have the best? Choose our Chiffon Off The Shoulder Maxi with Cape Sleeves and feel like a true goddess at your next special occasion!",Dresses,38,Goddiva,24726,Women's Dresses & Skirts,198,https://images2.productserve.com/?w=200&h=200&bg=white&trim=5&t=letterbox&url=ssl%3Acdn.shopify.com%2Fs%2Ffiles%2F1%2F0487%2F8834%2F0899%2Ffiles%2FDR3780-BLUSH_16678_front_1774006343.jpg&feedId=62769&k=816b3f571eace560553e2a8aff7313607d3b1d9f,USD,,"Over $120 - Free Delivery, Less than $120 - $12",https://goddiva.us/products/goddiva-chiffon-off-the-shoulder-maxi-with-cape-sleeves-blush,,,USD116,62769,Goddiva,1,,,,,,Womens,Dresses
https://www.awin1.com/pclick.php?p=35009102009&a=2771700&m=24726,Goddiva Cowl Neck With Strappy Back Satin Maxi - Blush,35009102009,DR2113-BLUSH-12,https://cdn.shopify.com/s/files/1/0487/8834/0899/files/36954_1728295432.jpg,"Dare to be fabulous and fierce in this fun & flirty cowl neck with strappy back satin maxi evening dress by Goddiva. This lively designed long blush gown, is the crowning choice for your upcoming special occasion events. This sexy satin styled maxi dress has fancy detailing throughout, like its upward pleating detail on the bodice, its flattering cowl neck line and its delicate pleated skirt. Wearing this outstanding and affordable pink silk gown will show off your shapely figure and give you the ultimate WOW factor! Its mermaid hem line brings a magical feel to such a beautiful dress; making this the best choice for weddings, proms, bridesmaids and every other extra special event you can possibly think of. Get the full look by finishing off this look with some stunning metallic heels, matching metallic clutch bag and accessories with minimal jewellery to have the spotlight on you!",Dresses,38,Goddiva,24726,Women's Dresses & Skirts,198,https://images2.productserve.com/?w=200&h=200&bg=white&trim=5&t=letterbox&url=ssl%3Acdn.shopify.com%2Fs%2Ffiles%2F1%2F0487%2F8834%2F0899%2Ffiles%2F36954_1728295432.jpg&feedId=62769&k=16d214552b2b80d1ea2c1328d7ff43da7a9ff7bf,USD,,"Over $120 - Free Delivery, Less than $120 - $12",https://goddiva.us/products/goddiva-cowl-neck-with-strappy-back-satin-maxi-blush,,,USD78,62769,Goddiva,1,,,,,,Womens,Dresses
https://www.awin1.com/pclick.php?p=35009102023&a=2771700&m=24726,Goddiva Cowl Neck With Strappy Back Satin Maxi - Emerald,35009102023,DR2113-EMERALD-14,https://cdn.shopify.com/s/files/1/0487/8834/0899/files/dr2113_emerald_back__281_29_1760701741999_1761207854.png,"Dare to be fabulous and fierce in this fun & flirty cowl neck with strappy back satin maxi evening dress by Goddiva. This lively designed long emerald gown, is the crowning choice for your upcoming special occasion events. This sexy satin styled maxi dress has fancy detailing throughout, like its upward pleating detail on the bodice, its flattering cowl neck line and its delicate pleated skirt. Wearing this outstanding and affordable green/dark blue/aubergine/red/ blue silk gown will show off your shapely figure and give you the ultimate WOW factor! Its mermaid hem line brings a magical feel to such a beautiful dress; making this the best choice for weddings, proms, bridesmaids and every other extra special event you can possibly think of. Get the full look by finishing off this look with some stunning metallic heels, matching metallic clutch bag and accessories with minimal jewellery to have the spotlight on you!",Dresses,38,Goddiva,24726,Women's Dresses & Skirts,198,https://images2.productserve.com/?w=200&h=200&bg=white&trim=5&t=letterbox&url=ssl%3Acdn.shopify.com%2Fs%2Ffiles%2F1%2F0487%2F8834%2F0899%2Ffiles%2Fdr2113_emerald_back__281_29_1760701741999_1761207854.png&feedId=62769&k=6d2df6c520054103d5cac9f4ec639270a35c436d,USD,,"Over $120 - Free Delivery, Less than $120 - $12",https://goddiva.us/products/goddiva-cowl-neck-with-strappy-back-satin-maxi-emerald,,,USD78,62769,Goddiva,1,,,,,,Womens,Dresses
https://www.awin1.com/pclick.php?p=34384615677&a=2771700&m=24726,Goddiva Satin Drape Shoulder Wrap Maxi Dress - Navy,34384615677,DR3450-NAVY-8,https://cdn.shopify.com/s/files/1/0487/8834/0899/products/qRRwynDD-13410.jpg,"Dress to impress this season with this sensational satin drape shoulder wrap maxi from Goddiva. Wear this navy satin dress for any special event or occasion, including formal events such as black tie, prom, galas, evening cocktail parties and weddings. A traditional evening dress for weddings or precious events, with a beautiful satin fabric that flows by the breeze and shows off your feminine curves., and a lovely neckline with elegant draping with the front thigh split makes this dark blue silky style an amazing design to give you freedom of movement while still looking gorgeous. This drape maxi is a must have for every woman this season. a chic evening gown that will make you look stunning at any event. The satin finish accentuates the design and complements your curves making it an elegant evening choice, while the shoulder wrap gives off an effortless feel while still looking elegant, perfect to complement your special occasion dress or just when you want to feel fabulous. Team with your fave heels, sparkly clutch and dainty but sparkling jewellery to get the perfect finish.",Dresses,36,Goddiva,24726,Women's Dresses & Skirts,198,https://images2.productserve.com/?w=200&h=200&bg=white&trim=5&t=letterbox&url=ssl%3Acdn.shopify.com%2Fs%2Ffiles%2F1%2F0487%2F8834%2F0899%2Fproducts%2FqRRwynDD-13410.jpg&feedId=62769&k=59b7b2879b58d22aa3fe80e96fe514415c83a3b5,USD,,"Over $120 - Free Delivery, Less than $120 - $12",https://goddiva.us/products/goddiva-satin-drape-shoulder-wrap-maxi-dress-navy,,,USD98,62769,Goddiva,1,,,,,,Womens,Dresses
https://www.awin1.com/pclick.php?p=36159671860&a=2771700&m=24726,Goddiva Bridesmaids Chiffon Maxi Dress - Hot Pink,36159671860,DR3777-HOTPINK-10,https://cdn.shopify.com/s/files/1/0487/8834/0899/files/DR3777_hot-pink_front_l__20_281_29_1729678088.jpg,"The Chiffon bandeau maxi dress with a feather detail can be a great choice for bridesmaids and prom. The delicate chiffon fabric gives the dress a luxurious and elegant look, while the bandeau style adds a modern touch to this ravishing hot pink. The feather detail can also add a touch of glamour and give you more of a statement piece to wear, allowing for spotlight moments. Whether for bridesmaids or prom, this type of dress can make a statement and help you stand out from the crowd. This cerise pink chiffon occasion dress can be a versatile and elegant choice for any season. Make sure to pair it with the right accessories, such as high heels and statement jewellery, to complete the look",Dresses,38,Goddiva,24726,Women's Dresses & Skirts,198,https://images2.productserve.com/?w=200&h=200&bg=white&trim=5&t=letterbox&url=ssl%3Acdn.shopify.com%2Fs%2Ffiles%2F1%2F0487%2F8834%2F0899%2Ffiles%2FDR3777_hot-pink_front_l__20_281_29_1729678088.jpg&feedId=62769&k=e8419311577dd1c298a3ed337e45ae8da4e53498,USD,,"Over $120 - Free Delivery, Less than $120 - $12",https://goddiva.us/products/goddiva-bridesmaids-chiffon-maxi-dress-pink,,,USD76,62769,Goddiva,1,,,,,,Womens,Dresses
https://www.awin1.com/pclick.php?p=35510317464&a=2771700&m=24726,Goddiva Satin Bandeau Maxi Dress - Royal Blue,35510317464,DR3772-ROYALBLUE-8,https://cdn.shopify.com/s/files/1/0487/8834/0899/files/DR3772_ROYALBLUE_FRONT_1713172061.jpg,"This fitted satin maxi dress is the perfect pick for you if you want to look sexy and classy at your next formal occasion. This sensational bold blue satin bandeau maxi dress from Goddiva is this seasons hottest piece. In its sultry smooth satin material, this sleeveless number is screaming BUY ME!.  Whether you're attending a gala, prom, wedding or black tie event, this royal blue maxi dress will make you look and feel like a million bucks! Go for a bold look with this maxi dress and team it with strappy heels and a glamorous clutch for an unforgettable night.",Dresses,38,Goddiva,24726,Women's Dresses & Skirts,198,https://images2.productserve.com/?w=200&h=200&bg=white&trim=5&t=letterbox&url=ssl%3Acdn.shopify.com%2Fs%2Ffiles%2F1%2F0487%2F8834%2F0899%2Ffiles%2FDR3772_ROYALBLUE_FRONT_1713172061.jpg&feedId=62769&k=b2adf0c5f8a9c69b21a07396cf1cd7481eed85e8,USD,,"Over $120 - Free Delivery, Less than $120 - $12",https://goddiva.us/products/goddiva-satin-bandeau-maxi-dress-royal-blue,,,USD72,62769,Goddiva,1,,,,,,Womens,Dresses
https://www.awin1.com/pclick.php?p=35655990214&a=2771700&m=24726,Goddiva Printed Crossover Midi - Green,35655990214,DR3603-GREEN-12,https://cdn.shopify.com/s/files/1/0487/8834/0899/files/DR3603_GREEN_FRONT1_1744719246.jpg,"This Printed Crossover Midi dress is a stylish and comfortable choice for any casual summer occasion, such as a garden party or a holiday getaway. This green dress is designed in a flattering midi length that falls below the knee, making it both elegant and practical. The dress features a halter neck design that adds a touch of sophistication to the overall look. The crossover detail of this green dress is both stylish and trendy, making it a perfect choice for any fashion-forward individual, while the printed pattern of the dress is vibrant and playful, making it an excellent choice for any summer occasion. This green printed dress is designed to fit your body perfectly, with a crossover design that flatters your figure and accentuates your curves in all the right places. This dress is perfect for any casual summer occasion, whether you're attending a garden party or a holiday. Its stylish design and comfortable fit make it an excellent choice for anyone looking for a trendy and fashionable dress.",Dresses,36,Goddiva,24726,Women's Dresses & Skirts,198,https://images2.productserve.com/?w=200&h=200&bg=white&trim=5&t=letterbox&url=ssl%3Acdn.shopify.com%2Fs%2Ffiles%2F1%2F0487%2F8834%2F0899%2Ffiles%2FDR3603_GREEN_FRONT1_1744719246.jpg&feedId=62769&k=d7ab54e248a1208274bfff39069fd1143fe8ea07,USD,,"Over $120 - Free Delivery, Less than $120 - $12",https://goddiva.us/products/goddiva-printed-crossover-midi-green,,,USD94,62769,Goddiva,1,,,,,,Womens,Dresses
https://www.awin1.com/pclick.php?p=35726192763&a=2771700&m=24726,Goddiva Satin Pleated Skirt Wrap Midi Dress - Black,35726192763,DR3921-BLACK-12,https://cdn.shopify.com/s/files/1/0487/8834/0899/files/DR3921-BLACK_1744893441.jpg,"This satin pleated skirt wrap midi dress is the perfect choice for any occasion, whether it's a wedding, christening, or semi-formal event. With its elegant midi length and beautiful pleated skirt, this black dress is both flattering and comfortable to wear. With its luxurious feel and its subtle sheen, you will stand out in any crowd. The wrap-style bodice and cinched waist create a flattering silhouette that will flatter your figure and make you feel confident and beautiful. Whether you're attending a formal event or a more casual gathering, this black satin dress is the perfect choice for any wedding guest or special occasion. So why wait? Add it to your wardrobe today and step out in style!",Dresses,36,Goddiva,24726,Women's Dresses & Skirts,198,https://images2.productserve.com/?w=200&h=200&bg=white&trim=5&t=letterbox&url=ssl%3Acdn.shopify.com%2Fs%2Ffiles%2F1%2F0487%2F8834%2F0899%2Ffiles%2FDR3921-BLACK_1744893441.jpg&feedId=62769&k=0208e3d4bdca30c991b9233639347c07f640393f,USD,,"Over $120 - Free Delivery, Less than $120 - $12",https://goddiva.us/products/goddiva-satin-pleated-skirt-wrap-midi-dress-black,,,USD138,62769,Goddiva,1,,,,,,Womens,Dresses
https://www.awin1.com/pclick.php?p=35726192776&a=2771700&m=24726,Goddiva Satin Pleated Skirt Wrap Midi Dress - Red,35726192776,DR3921-RED-8,https://cdn.shopify.com/s/files/1/0487/8834/0899/products/C64jTIDO-15535.jpg,"This satin pleated skirt wrap midi dress is the perfect choice for any occasion, whether it's a wedding, christening, or semi-formal event. With its elegant midi length and beautiful pleated skirt, this red dress is both flattering and comfortable to wear. With its luxurious feel and its subtle sheen, you will stand out in any crowd. The wrap-style bodice and cinched waist create a flattering silhouette that will flatter your figure and make you feel confident and beautiful. Whether you're attending a formal event or a more casual gathering, this red satin dress is the perfect choice for any wedding guest or special occasion. So why wait? Add it to your wardrobe today and step out in style!",Dresses,36,Goddiva,24726,Women's Dresses & Skirts,198,https://images2.productserve.com/?w=200&h=200&bg=white&trim=5&t=letterbox&url=ssl%3Acdn.shopify.com%2Fs%2Ffiles%2F1%2F0487%2F8834%2F0899%2Fproducts%2FC64jTIDO-15535.jpg&feedId=62769&k=a6c79c15afbbe0750eecd5b2d9725a3ab2ac69bf,USD,,"Over $120 - Free Delivery, Less than $120 - $12",https://goddiva.us/products/goddiva-satin-pleated-skirt-wrap-midi-dress-red,,,USD138,62769,Goddiva,1,,,,,,Womens,Dresses
https://www.awin1.com/pclick.php?p=35510317466&a=2771700&m=24726,Goddiva Satin Bandeau Maxi Dress - Royal Blue,35510317466,DR3772-ROYALBLUE-10,https://cdn.shopify.com/s/files/1/0487/8834/0899/files/DR3772_ROYALBLUE_FRONT_1713172061.jpg,"This fitted satin maxi dress is the perfect pick for you if you want to look sexy and classy at your next formal occasion. This sensational bold blue satin bandeau maxi dress from Goddiva is this seasons hottest piece. In its sultry smooth satin material, this sleeveless number is screaming BUY ME!.  Whether you're attending a gala, prom, wedding or black tie event, this royal blue maxi dress will make you look and feel like a million bucks! Go for a bold look with this maxi dress and team it with strappy heels and a glamorous clutch for an unforgettable night.",Dresses,38,Goddiva,24726,Women's Dresses & Skirts,198,https://images2.productserve.com/?w=200&h=200&bg=white&trim=5&t=letterbox&url=ssl%3Acdn.shopify.com%2Fs%2Ffiles%2F1%2F0487%2F8834%2F0899%2Ffiles%2FDR3772_ROYALBLUE_FRONT_1713172061.jpg&feedId=62769&k=b2adf0c5f8a9c69b21a07396cf1cd7481eed85e8,USD,,"Over $120 - Free Delivery, Less than $120 - $12",https://goddiva.us/products/goddiva-satin-bandeau-maxi-dress-royal-blue,,,USD72,62769,Goddiva,1,,,,,,Womens,Dresses
https://www.awin1.com/pclick.php?p=34671132775&a=2771700&m=24726,Goddiva Wrap Style Sequin Midi Dress - Emerald,34671132775,DR3644-EMERALD-8,https://cdn.shopify.com/s/files/1/0487/8834/0899/products/DR3644_emerald_front_l_1690474358.jpg,"This long sleeve wrap style sequin dress is the perfect addition to your closet. The V-neckline and wrap style accentuate your figure and make you look sophisticated, while the sequin embellishment adds oodles of glamour. You can wear this sparkly emerald number as a night out dress or an elegant date night outfit, but this dress will give you an instant chic look wherever you go! The long sleeves are adorned with beautiful sequins that catch the light and make you shine bright in an elegant way. This stunning number is finished off with a detachable belt at the waist to accentuate your tiny waist. Wear this green dress with your favourite pair of heels for the ultimate chic look!",Dresses,38,Goddiva,24726,Women's Dresses & Skirts,198,https://images2.productserve.com/?w=200&h=200&bg=white&trim=5&t=letterbox&url=ssl%3Acdn.shopify.com%2Fs%2Ffiles%2F1%2F0487%2F8834%2F0899%2Fproducts%2FDR3644_emerald_front_l_1690474358.jpg&feedId=62769&k=11b7ebbaf5fdba2566076483a44bb33fa0db0327,USD,,"Over $120 - Free Delivery, Less than $120 - $12",https://goddiva.us/products/goddiva-wrap-style-sequin-midi-dress-emerald,,,USD150,62769,Goddiva,1,,,,,,Womens,Dresses
https://www.awin1.com/pclick.php?p=35510317422&a=2771700&m=24726,Goddiva Satin Bandeau Maxi Dress - Blush,35510317422,DR3772-BLUSH-14,https://cdn.shopify.com/s/files/1/0487/8834/0899/products/DR3772_blush_front_l_1695224928.jpg,"This fitted satin maxi dress is the perfect pick for you if you want to look sexy and classy at your next formal occasion. This sensational pink satin bandeau maxi dress from Goddiva is this seasons hottest piece. In its sultry smooth satin material, this sleeveless number is screaming BUY ME!.  Whether you're attending a gala, prom, wedding or black tie event, this blush maxi dress will make you look and feel like a million bucks! Go for a bold look with this maxi dress and team it with strappy heels and a glamorous clutch for an unforgettable night.",Dresses,38,Goddiva,24726,Women's Dresses & Skirts,198,https://images2.productserve.com/?w=200&h=200&bg=white&trim=5&t=letterbox&url=ssl%3Acdn.shopify.com%2Fs%2Ffiles%2F1%2F0487%2F8834%2F0899%2Fproducts%2FDR3772_blush_front_l_1695224928.jpg&feedId=62769&k=7dd2ed89db07e37e9edce65da39fb6d549e511a0,USD,,"Over $120 - Free Delivery, Less than $120 - $12",https://goddiva.us/products/goddiva-satin-bandeau-maxi-dress-blush,,,USD72,62769,Goddiva,1,,,,,,Womens,Dresses
https://www.awin1.com/pclick.php?p=34384615681&a=2771700&m=24726,Goddiva Satin Drape Shoulder Wrap Maxi Dress - Navy,34384615681,DR3450-NAVY-12,https://cdn.shopify.com/s/files/1/0487/8834/0899/products/qRRwynDD-13410.jpg,"Dress to impress this season with this sensational satin drape shoulder wrap maxi from Goddiva. Wear this navy satin dress for any special event or occasion, including formal events such as black tie, prom, galas, evening cocktail parties and weddings. A traditional evening dress for weddings or precious events, with a beautiful satin fabric that flows by the breeze and shows off your feminine curves., and a lovely neckline with elegant draping with the front thigh split makes this dark blue silky style an amazing design to give you freedom of movement while still looking gorgeous. This drape maxi is a must have for every woman this season. a chic evening gown that will make you look stunning at any event. The satin finish accentuates the design and complements your curves making it an elegant evening choice, while the shoulder wrap gives off an effortless feel while still looking elegant, perfect to complement your special occasion dress or just when you want to feel fabulous. Team with your fave heels, sparkly clutch and dainty but sparkling jewellery to get the perfect finish.",Dresses,36,Goddiva,24726,Women's Dresses & Skirts,198,https://images2.productserve.com/?w=200&h=200&bg=white&trim=5&t=letterbox&url=ssl%3Acdn.shopify.com%2Fs%2Ffiles%2F1%2F0487%2F8834%2F0899%2Fproducts%2FqRRwynDD-13410.jpg&feedId=62769&k=59b7b2879b58d22aa3fe80e96fe514415c83a3b5,USD,,"Over $120 - Free Delivery, Less than $120 - $12",https://goddiva.us/products/goddiva-satin-drape-shoulder-wrap-maxi-dress-navy,,,USD98,62769,Goddiva,1,,,,,,Womens,Dresses
https://www.awin1.com/pclick.php?p=35655990208&a=2771700&m=24726,Goddiva Printed Crossover Midi - Black,35655990208,DR3603-BLACK-10,https://cdn.shopify.com/s/files/1/0487/8834/0899/files/DR3603_RED_FRONT1_1744719317.jpg,"This Printed Crossover Midi dress is a stylish and comfortable choice for any casual summer occasion, such as a garden party or a holiday getaway. This black dress is designed in a flattering midi length that falls below the knee, making it both elegant and practical. The dress features a halter neck design that adds a touch of sophistication to the overall look. The crossover detail of this black dress is both stylish and trendy, making it a perfect choice for any fashion-forward individual, while the printed pattern of the dress is vibrant and playful, making it an excellent choice for any summer occasion. This black printed dress is designed to fit your body perfectly, with a crossover design that flatters your figure and accentuates your curves in all the right places. This dress is perfect for any casual summer occasion, whether you're attending a garden party or a holiday. Its stylish design and comfortable fit make it an excellent choice for anyone looking for a trendy and fashionable dress.",Dresses,36,Goddiva,24726,Women's Dresses & Skirts,198,https://images2.productserve.com/?w=200&h=200&bg=white&trim=5&t=letterbox&url=ssl%3Acdn.shopify.com%2Fs%2Ffiles%2F1%2F0487%2F8834%2F0899%2Ffiles%2FDR3603_RED_FRONT1_1744719317.jpg&feedId=62769&k=f150319a6dd5bed595705c673a4093751289ac3d,USD,,"Over $120 - Free Delivery, Less than $120 - $12",https://goddiva.us/products/goddiva-printed-crossover-midi-black,,,USD94,62769,Goddiva,1,,,,,,Womens,Dresses
https://www.awin1.com/pclick.php?p=34671132779&a=2771700&m=24726,Goddiva Wrap Style Sequin Midi Dress - Emerald,34671132779,DR3644-EMERALD-12,https://cdn.shopify.com/s/files/1/0487/8834/0899/products/DR3644_emerald_front_l_1690474358.jpg,"This long sleeve wrap style sequin dress is the perfect addition to your closet. The V-neckline and wrap style accentuate your figure and make you look sophisticated, while the sequin embellishment adds oodles of glamour. You can wear this sparkly emerald number as a night out dress or an elegant date night outfit, but this dress will give you an instant chic look wherever you go! The long sleeves are adorned with beautiful sequins that catch the light and make you shine bright in an elegant way. This stunning number is finished off with a detachable belt at the waist to accentuate your tiny waist. Wear this green dress with your favourite pair of heels for the ultimate chic look!",Dresses,38,Goddiva,24726,Women's Dresses & Skirts,198,https://images2.productserve.com/?w=200&h=200&bg=white&trim=5&t=letterbox&url=ssl%3Acdn.shopify.com%2Fs%2Ffiles%2F1%2F0487%2F8834%2F0899%2Fproducts%2FDR3644_emerald_front_l_1690474358.jpg&feedId=62769&k=11b7ebbaf5fdba2566076483a44bb33fa0db0327,USD,,"Over $120 - Free Delivery, Less than $120 - $12",https://goddiva.us/products/goddiva-wrap-style-sequin-midi-dress-emerald,,,USD150,62769,Goddiva,1,,,,,,Womens,Dresses
https://www.awin1.com/pclick.php?p=35655990213&a=2771700&m=24726,Goddiva Printed Crossover Midi - Green,35655990213,DR3603-GREEN-10,https://cdn.shopify.com/s/files/1/0487/8834/0899/files/DR3603_GREEN_FRONT1_1744719246.jpg,"This Printed Crossover Midi dress is a stylish and comfortable choice for any casual summer occasion, such as a garden party or a holiday getaway. This green dress is designed in a flattering midi length that falls below the knee, making it both elegant and practical. The dress features a halter neck design that adds a touch of sophistication to the overall look. The crossover detail of this green dress is both stylish and trendy, making it a perfect choice for any fashion-forward individual, while the printed pattern of the dress is vibrant and playful, making it an excellent choice for any summer occasion. This green printed dress is designed to fit your body perfectly, with a crossover design that flatters your figure and accentuates your curves in all the right places. This dress is perfect for any casual summer occasion, whether you're attending a garden party or a holiday. Its stylish design and comfortable fit make it an excellent choice for anyone looking for a trendy and fashionable dress.",Dresses,36,Goddiva,24726,Women's Dresses & Skirts,198,https://images2.productserve.com/?w=200&h=200&bg=white&trim=5&t=letterbox&url=ssl%3Acdn.shopify.com%2Fs%2Ffiles%2F1%2F0487%2F8834%2F0899%2Ffiles%2FDR3603_GREEN_FRONT1_1744719246.jpg&feedId=62769&k=d7ab54e248a1208274bfff39069fd1143fe8ea07,USD,,"Over $120 - Free Delivery, Less than $120 - $12",https://goddiva.us/products/goddiva-printed-crossover-midi-green,,,USD94,62769,Goddiva,1,,,,,,Womens,Dresses
https://www.awin1.com/pclick.php?p=33948212181&a=2771700&m=24726,Goddiva Printed Batwing Wrap Midi Dress - Brown,33948212181,DR3575-BROWN-12,https://cdn.shopify.com/s/files/1/0487/8834/0899/products/URjAj9zN-10570.jpg,"The Goddiva printed batwing wrap midi is the ultimate summer dress - it is sure to wow at any occasion this season. Whether you are attending a BBQ, garden party, or cocktail reception, even weddings, you will be sure to turn heads wearing this brown tropical print dress. It's perfect for any season and can be worn casually or formally. It is a great gift anyone would love to receive. This summer dress is perfect for those days where you want to look great but feel comfortable. Pair it with some cute sandals for a classic summer holiday look or team with some tanned wedges for a gorgeous summer evening look and you're ready to go!",Dresses,14,Goddiva,24726,Women's Dresses & Skirts,198,https://images2.productserve.com/?w=200&h=200&bg=white&trim=5&t=letterbox&url=ssl%3Acdn.shopify.com%2Fs%2Ffiles%2F1%2F0487%2F8834%2F0899%2Fproducts%2FURjAj9zN-10570.jpg&feedId=62769&k=c531c487f926fa11408ace37a01c33bdf60ad46b,USD,,"Over $120 - Free Delivery, Less than $120 - $12",https://goddiva.us/products/goddiva-printed-batwing-wrap-midi-dress-brown,,,USD110,62769,Goddiva,1,,,,,,Womens,Dresses
https://www.awin1.com/pclick.php?p=35510317418&a=2771700&m=24726,Goddiva Satin Bandeau Maxi Dress - Blush,35510317418,DR3772-BLUSH-10,https://cdn.shopify.com/s/files/1/0487/8834/0899/products/DR3772_blush_front_l_1695224928.jpg,"This fitted satin maxi dress is the perfect pick for you if you want to look sexy and classy at your next formal occasion. This sensational pink satin bandeau maxi dress from Goddiva is this seasons hottest piece. In its sultry smooth satin material, this sleeveless number is screaming BUY ME!.  Whether you're attending a gala, prom, wedding or black tie event, this blush maxi dress will make you look and feel like a million bucks! Go for a bold look with this maxi dress and team it with strappy heels and a glamorous clutch for an unforgettable night.",Dresses,38,Goddiva,24726,Women's Dresses & Skirts,198,https://images2.productserve.com/?w=200&h=200&bg=white&trim=5&t=letterbox&url=ssl%3Acdn.shopify.com%2Fs%2Ffiles%2F1%2F0487%2F8834%2F0899%2Fproducts%2FDR3772_blush_front_l_1695224928.jpg&feedId=62769&k=7dd2ed89db07e37e9edce65da39fb6d549e511a0,USD,,"Over $120 - Free Delivery, Less than $120 - $12",https://goddiva.us/products/goddiva-satin-bandeau-maxi-dress-blush,,,USD72,62769,Goddiva,1,,,,,,Womens,Dresses